{"type":"FeatureCollection","features":[{"type":"Feature","geometry":{"type":"Point","coordinates":[-84.22875,33.90202]},"properties":{"probability":0.099,"inBuffer":false,"facType":"unknown"}},{"type":"Feature","geometry":{"type":"Point","coordinates":[-84.22335,33.90189]},"properties":{"probability":0.09,"inBuffer":false,"facType":"unknown"}},{"type":"Feature","geometry":{"type":"Point","coordinates":[-84.21795,33.90177]},"properties":{"probability":0.09,"inBuffer":false,"facType":"unknown"}},{"type":"Feature","geometry":{"type":"Point","coordinates":[-84.21255,33.90165]},"properties":{"probability":0.094,"inBuffer":false,"facType":"unknown"}},{"type":"Feature","geometry":{"type":"Point","coordinates":[-84.43958,33.90207]},"properties":{"probability":0.055,"inBuffer":false,"facType":"unknown"}},{"type":"Feature","geometry":{"type":"Point","coordinates":[-84.43418,33.90196]},"properties":{"probability":0.055,"inBuffer":false,"facType":"unknown"}},{"type":"Feature","geometry":{"type":"Point","coordinates":[-84.41797,33.90162]},"properties":{"probability":0.149,"inBuffer":false,"facType":"unknown"}},{"type":"Feature","geometry":{"type":"Point","coordinates":[-84.38556,33.90094]},"properties":{"probability":0.058,"inBuffer":false,"facType":"unknown"}},{"type":"Feature","geometry":{"type":"Point","coordinates":[-84.38015,33.90082]},"properties":{"probability":0.111,"inBuffer":false,"facType":"unknown"}},{"type":"Feature","geometry":{"type":"Point","coordinates":[-84.37475,33.90071]},"properties":{"probability":0.069,"inBuffer":false,"facType":"unknown"}},{"type":"Feature","geometry":{"type":"Point","coordinates":[-84.36935,33.90059]},"properties":{"probability":0.062,"inBuffer":false,"facType":"unknown"}},{"type":"Feature","geometry":{"type":"Point","coordinates":[-84.36395,33.90048]},"properties":{"probability":0.093,"inBuffer":false,"facType":"unknown"}},{"type":"Feature","geometry":{"type":"Point","coordinates":[-84.35855,33.90036]},"properties":{"probability":0.103,"inBuffer":false,"facType":"unknown"}},{"type":"Feature","geometry":{"type":"Point","coordinates":[-84.35314,33.90025]},"properties":{"probability":0.155,"inBuffer":false,"facType":"unknown"}},{"type":"Feature","geometry":{"type":"Point","coordinates":[-84.34774,33.90013]},"properties":{"probability":0.113,"inBuffer":false,"facType":"unknown"}},{"type":"Feature","geometry":{"type":"Point","coordinates":[-84.34234,33.90001]},"properties":{"probability":0.063,"inBuffer":false,"facType":"unknown"}},{"type":"Feature","geometry":{"type":"Point","coordinates":[-84.33694,33.8999]},"properties":{"probability":0.069,"inBuffer":false,"facType":"unknown"}},{"type":"Feature","geometry":{"type":"Point","coordinates":[-84.33153,33.89978]},"properties":{"probability":0.419,"inBuffer":false,"facType":"unknown"}},{"type":"Feature","geometry":{"type":"Point","coordinates":[-84.32613,33.89966]},"properties":{"probability":0.914,"inBuffer":false,"facType":"unknown"}},{"type":"Feature","geometry":{"type":"Point","coordinates":[-84.32073,33.89954]},"properties":{"probability":0.314,"inBuffer":false,"facType":"unknown"}},{"type":"Feature","geometry":{"type":"Point","coordinates":[-84.31533,33.89943]},"properties":{"probability":0.245,"inBuffer":false,"facType":"unknown"}},{"type":"Feature","geometry":{"type":"Point","coordinates":[-84.30993,33.89931]},"properties":{"probability":0.167,"inBuffer":false,"facType":"unknown"}},{"type":"Feature","geometry":{"type":"Point","coordinates":[-84.30452,33.89919]},"properties":{"probability":0.956,"inBuffer":false,"facType":"unknown"}},{"type":"Feature","geometry":{"type":"Point","coordinates":[-84.29912,33.89907]},"properties":{"probability":0.959,"inBuffer":false,"facType":"unknown"}},{"type":"Feature","geometry":{"type":"Point","coordinates":[-84.29372,33.89895]},"properties":{"probability":0.956,"inBuffer":false,"facType":"unknown"}},{"type":"Feature","geometry":{"type":"Point","coordinates":[-84.28832,33.89884]},"properties":{"probability":0.282,"inBuffer":false,"facType":"unknown"}},{"type":"Feature","geometry":{"type":"Point","coordinates":[-84.28292,33.89872]},"properties":{"probability":0.258,"inBuffer":false,"facType":"unknown"}},{"type":"Feature","geometry":{"type":"Point","coordinates":[-84.27752,33.8986]},"properties":{"probability":0.171,"inBuffer":false,"facType":"unknown"}},{"type":"Feature","geometry":{"type":"Point","coordinates":[-84.27211,33.89848]},"properties":{"probability":0.162,"inBuffer":false,"facType":"unknown"}},{"type":"Feature","geometry":{"type":"Point","coordinates":[-84.26671,33.89836]},"properties":{"probability":0.114,"inBuffer":false,"facType":"unknown"}},{"type":"Feature","geometry":{"type":"Point","coordinates":[-84.26131,33.89824]},"properties":{"probability":0.153,"inBuffer":false,"facType":"unknown"}},{"type":"Feature","geometry":{"type":"Point","coordinates":[-84.25591,33.89812]},"properties":{"probability":0.165,"inBuffer":false,"facType":"unknown"}},{"type":"Feature","geometry":{"type":"Point","coordinates":[-84.25051,33.898]},"properties":{"probability":0.165,"inBuffer":false,"facType":"unknown"}},{"type":"Feature","geometry":{"type":"Point","coordinates":[-84.24511,33.89788]},"properties":{"probability":0.171,"inBuffer":false,"facType":"unknown"}},{"type":"Feature","geometry":{"type":"Point","coordinates":[-84.2397,33.89775]},"properties":{"probability":0.16,"inBuffer":false,"facType":"unknown"}},{"type":"Feature","geometry":{"type":"Point","coordinates":[-84.2343,33.89763]},"properties":{"probability":0.084,"inBuffer":false,"facType":"unknown"}},{"type":"Feature","geometry":{"type":"Point","coordinates":[-84.2181,33.89727]},"properties":{"probability":0.059,"inBuffer":false,"facType":"unknown"}},{"type":"Feature","geometry":{"type":"Point","coordinates":[-84.2127,33.89715]},"properties":{"probability":0.119,"inBuffer":false,"facType":"unknown"}},{"type":"Feature","geometry":{"type":"Point","coordinates":[-84.56398,33.90009]},"properties":{"probability":0.062,"inBuffer":false,"facType":"unknown"}},{"type":"Feature","geometry":{"type":"Point","coordinates":[-84.54777,33.89977]},"properties":{"probability":0.105,"inBuffer":false,"facType":"unknown"}},{"type":"Feature","geometry":{"type":"Point","coordinates":[-84.54237,33.89966]},"properties":{"probability":0.587,"inBuffer":false,"facType":"unknown"}},{"type":"Feature","geometry":{"type":"Point","coordinates":[-84.53697,33.89955]},"properties":{"probability":0.445,"inBuffer":false,"facType":"unknown"}},{"type":"Feature","geometry":{"type":"Point","coordinates":[-84.52616,33.89934]},"properties":{"probability":0.24,"inBuffer":false,"facType":"unknown"}},{"type":"Feature","geometry":{"type":"Point","coordinates":[-84.52076,33.89923]},"properties":{"probability":0.253,"inBuffer":false,"facType":"unknown"}},{"type":"Feature","geometry":{"type":"Point","coordinates":[-84.51535,33.89912]},"properties":{"probability":0.201,"inBuffer":false,"facType":"unknown"}},{"type":"Feature","geometry":{"type":"Point","coordinates":[-84.50995,33.89901]},"properties":{"probability":0.12,"inBuffer":false,"facType":"unknown"}},{"type":"Feature","geometry":{"type":"Point","coordinates":[-84.49915,33.89879]},"properties":{"probability":0.1,"inBuffer":false,"facType":"unknown"}},{"type":"Feature","geometry":{"type":"Point","coordinates":[-84.49374,33.89868]},"properties":{"probability":0.568,"inBuffer":false,"facType":"unknown"}},{"type":"Feature","geometry":{"type":"Point","coordinates":[-84.48834,33.89857]},"properties":{"probability":0.655,"inBuffer":false,"facType":"unknown"}},{"type":"Feature","geometry":{"type":"Point","coordinates":[-84.48294,33.89846]},"properties":{"probability":0.957,"inBuffer":false,"facType":"unknown"}},{"type":"Feature","geometry":{"type":"Point","coordinates":[-84.47753,33.89835]},"properties":{"probability":0.956,"inBuffer":false,"facType":"unknown"}},{"type":"Feature","geometry":{"type":"Point","coordinates":[-84.47213,33.89824]},"properties":{"probability":0.38,"inBuffer":false,"facType":"unknown"}},{"type":"Feature","geometry":{"type":"Point","coordinates":[-84.46673,33.89813]},"properties":{"probability":0.297,"inBuffer":false,"facType":"unknown"}},{"type":"Feature","geometry":{"type":"Point","coordinates":[-84.46133,33.89802]},"properties":{"probability":0.161,"inBuffer":false,"facType":"unknown"}},{"type":"Feature","geometry":{"type":"Point","coordinates":[-84.45592,33.89791]},"properties":{"probability":0.13,"inBuffer":false,"facType":"unknown"}},{"type":"Feature","geometry":{"type":"Point","coordinates":[-84.45052,33.89779]},"properties":{"probability":0.134,"inBuffer":false,"facType":"unknown"}},{"type":"Feature","geometry":{"type":"Point","coordinates":[-84.44512,33.89768]},"properties":{"probability":0.083,"inBuffer":false,"facType":"unknown"}},{"type":"Feature","geometry":{"type":"Point","coordinates":[-84.42351,33.89723]},"properties":{"probability":0.133,"inBuffer":false,"facType":"unknown"}},{"type":"Feature","geometry":{"type":"Point","coordinates":[-84.41811,33.89712]},"properties":{"probability":0.133,"inBuffer":false,"facType":"unknown"}},{"type":"Feature","geometry":{"type":"Point","coordinates":[-84.41271,33.897]},"properties":{"probability":0.123,"inBuffer":false,"facType":"unknown"}},{"type":"Feature","geometry":{"type":"Point","coordinates":[-84.38569,33.89643]},"properties":{"probability":0.255,"inBuffer":false,"facType":"unknown"}},{"type":"Feature","geometry":{"type":"Point","coordinates":[-84.38029,33.89632]},"properties":{"probability":0.39,"inBuffer":false,"facType":"unknown"}},{"type":"Feature","geometry":{"type":"Point","coordinates":[-84.37489,33.8962]},"properties":{"probability":0.175,"inBuffer":false,"facType":"unknown"}},{"type":"Feature","geometry":{"type":"Point","coordinates":[-84.33708,33.89539]},"properties":{"probability":0.405,"inBuffer":false,"facType":"unknown"}},{"type":"Feature","geometry":{"type":"Point","coordinates":[-84.33167,33.89527]},"properties":{"probability":0.501,"inBuffer":false,"facType":"unknown"}},{"type":"Feature","geometry":{"type":"Point","coordinates":[-84.32627,33.89516]},"properties":{"probability":0.937,"inBuffer":false,"facType":"unknown"}},{"type":"Feature","geometry":{"type":"Point","coordinates":[-84.32087,33.89504]},"properties":{"probability":0.93,"inBuffer":false,"facType":"unknown"}},{"type":"Feature","geometry":{"type":"Point","coordinates":[-84.31547,33.89492]},"properties":{"probability":0.35,"inBuffer":false,"facType":"unknown"}},{"type":"Feature","geometry":{"type":"Point","coordinates":[-84.31007,33.8948]},"properties":{"probability":0.182,"inBuffer":false,"facType":"unknown"}},{"type":"Feature","geometry":{"type":"Point","coordinates":[-84.30467,33.89469]},"properties":{"probability":0.661,"inBuffer":false,"facType":"unknown"}},{"type":"Feature","geometry":{"type":"Point","coordinates":[-84.29926,33.89457]},"properties":{"probability":0.658,"inBuffer":false,"facType":"unknown"}},{"type":"Feature","geometry":{"type":"Point","coordinates":[-84.29386,33.89445]},"properties":{"probability":0.957,"inBuffer":false,"facType":"unknown"}},{"type":"Feature","geometry":{"type":"Point","coordinates":[-84.28846,33.89433]},"properties":{"probability":0.284,"inBuffer":false,"facType":"unknown"}},{"type":"Feature","geometry":{"type":"Point","coordinates":[-84.28306,33.89421]},"properties":{"probability":0.165,"inBuffer":false,"facType":"unknown"}},{"type":"Feature","geometry":{"type":"Point","coordinates":[-84.27766,33.89409]},"properties":{"probability":0.108,"inBuffer":false,"facType":"unknown"}},{"type":"Feature","geometry":{"type":"Point","coordinates":[-84.27226,33.89397]},"properties":{"probability":0.064,"inBuffer":false,"facType":"unknown"}},{"type":"Feature","geometry":{"type":"Point","coordinates":[-84.26686,33.89385]},"properties":{"probability":0.132,"inBuffer":false,"facType":"unknown"}},{"type":"Feature","geometry":{"type":"Point","coordinates":[-84.26145,33.89373]},"properties":{"probability":0.158,"inBuffer":false,"facType":"unknown"}},{"type":"Feature","geometry":{"type":"Point","coordinates":[-84.25605,33.89361]},"properties":{"probability":0.155,"inBuffer":false,"facType":"unknown"}},{"type":"Feature","geometry":{"type":"Point","coordinates":[-84.25065,33.89349]},"properties":{"probability":0.161,"inBuffer":false,"facType":"unknown"}},{"type":"Feature","geometry":{"type":"Point","coordinates":[-84.24525,33.89337]},"properties":{"probability":0.168,"inBuffer":false,"facType":"unknown"}},{"type":"Feature","geometry":{"type":"Point","coordinates":[-84.23985,33.89325]},"properties":{"probability":0.163,"inBuffer":false,"facType":"unknown"}},{"type":"Feature","geometry":{"type":"Point","coordinates":[-84.23445,33.89313]},"properties":{"probability":0.084,"inBuffer":false,"facType":"unknown"}},{"type":"Feature","geometry":{"type":"Point","coordinates":[-84.21824,33.89276]},"properties":{"probability":0.059,"inBuffer":false,"facType":"unknown"}},{"type":"Feature","geometry":{"type":"Point","coordinates":[-84.21284,33.89264]},"properties":{"probability":0.101,"inBuffer":false,"facType":"unknown"}},{"type":"Feature","geometry":{"type":"Point","coordinates":[-84.56411,33.89559]},"properties":{"probability":0.062,"inBuffer":false,"facType":"unknown"}},{"type":"Feature","geometry":{"type":"Point","coordinates":[-84.5479,33.89526]},"properties":{"probability":0.312,"inBuffer":false,"facType":"unknown"}},{"type":"Feature","geometry":{"type":"Point","coordinates":[-84.5425,33.89516]},"properties":{"probability":0.582,"inBuffer":false,"facType":"unknown"}},{"type":"Feature","geometry":{"type":"Point","coordinates":[-84.5371,33.89505]},"properties":{"probability":0.545,"inBuffer":false,"facType":"unknown"}},{"type":"Feature","geometry":{"type":"Point","coordinates":[-84.53169,33.89494]},"properties":{"probability":0.094,"inBuffer":false,"facType":"unknown"}},{"type":"Feature","geometry":{"type":"Point","coordinates":[-84.52629,33.89483]},"properties":{"probability":0.265,"inBuffer":false,"facType":"unknown"}},{"type":"Feature","geometry":{"type":"Point","coordinates":[-84.52089,33.89472]},"properties":{"probability":0.956,"inBuffer":false,"facType":"unknown"}},{"type":"Feature","geometry":{"type":"Point","coordinates":[-84.51548,33.89461]},"properties":{"probability":0.932,"inBuffer":false,"facType":"unknown"}},{"type":"Feature","geometry":{"type":"Point","coordinates":[-84.51008,33.8945]},"properties":{"probability":0.187,"inBuffer":false,"facType":"unknown"}},{"type":"Feature","geometry":{"type":"Point","coordinates":[-84.50468,33.8944]},"properties":{"probability":0.171,"inBuffer":false,"facType":"unknown"}},{"type":"Feature","geometry":{"type":"Point","coordinates":[-84.49928,33.89429]},"properties":{"probability":0.087,"inBuffer":false,"facType":"unknown"}},{"type":"Feature","geometry":{"type":"Point","coordinates":[-84.49387,33.89418]},"properties":{"probability":0.11,"inBuffer":false,"facType":"unknown"}},{"type":"Feature","geometry":{"type":"Point","coordinates":[-84.48847,33.89407]},"properties":{"probability":0.28,"inBuffer":false,"facType":"unknown"}},{"type":"Feature","geometry":{"type":"Point","coordinates":[-84.48307,33.89396]},"properties":{"probability":0.952,"inBuffer":false,"facType":"unknown"}},{"type":"Feature","geometry":{"type":"Point","coordinates":[-84.47767,33.89384]},"properties":{"probability":0.954,"inBuffer":false,"facType":"unknown"}},{"type":"Feature","geometry":{"type":"Point","coordinates":[-84.47227,33.89373]},"properties":{"probability":0.184,"inBuffer":false,"facType":"unknown"}},{"type":"Feature","geometry":{"type":"Point","coordinates":[-84.46686,33.89362]},"properties":{"probability":0.196,"inBuffer":false,"facType":"unknown"}},{"type":"Feature","geometry":{"type":"Point","coordinates":[-84.46146,33.89351]},"properties":{"probability":0.165,"inBuffer":false,"facType":"unknown"}},{"type":"Feature","geometry":{"type":"Point","coordinates":[-84.45606,33.8934]},"properties":{"probability":0.465,"inBuffer":false,"facType":"unknown"}},{"type":"Feature","geometry":{"type":"Point","coordinates":[-84.45066,33.89329]},"properties":{"probability":0.114,"inBuffer":false,"facType":"unknown"}},{"type":"Feature","geometry":{"type":"Point","coordinates":[-84.44525,33.89318]},"properties":{"probability":0.059,"inBuffer":false,"facType":"unknown"}},{"type":"Feature","geometry":{"type":"Point","coordinates":[-84.42365,33.89273]},"properties":{"probability":0.123,"inBuffer":false,"facType":"unknown"}},{"type":"Feature","geometry":{"type":"Point","coordinates":[-84.41824,33.89261]},"properties":{"probability":0.121,"inBuffer":false,"facType":"unknown"}},{"type":"Feature","geometry":{"type":"Point","coordinates":[-84.41284,33.8925]},"properties":{"probability":0.123,"inBuffer":false,"facType":"unknown"}},{"type":"Feature","geometry":{"type":"Point","coordinates":[-84.40744,33.89239]},"properties":{"probability":0.124,"inBuffer":false,"facType":"unknown"}},{"type":"Feature","geometry":{"type":"Point","coordinates":[-84.38583,33.89193]},"properties":{"probability":0.402,"inBuffer":false,"facType":"unknown"}},{"type":"Feature","geometry":{"type":"Point","coordinates":[-84.38043,33.89181]},"properties":{"probability":0.468,"inBuffer":false,"facType":"unknown"}},{"type":"Feature","geometry":{"type":"Point","coordinates":[-84.37503,33.8917]},"properties":{"probability":0.325,"inBuffer":false,"facType":"unknown"}},{"type":"Feature","geometry":{"type":"Point","coordinates":[-84.33722,33.89089]},"properties":{"probability":0.291,"inBuffer":false,"facType":"unknown"}},{"type":"Feature","geometry":{"type":"Point","coordinates":[-84.33182,33.89077]},"properties":{"probability":0.404,"inBuffer":false,"facType":"unknown"}},{"type":"Feature","geometry":{"type":"Point","coordinates":[-84.32641,33.89065]},"properties":{"probability":0.928,"inBuffer":false,"facType":"unknown"}},{"type":"Feature","geometry":{"type":"Point","coordinates":[-84.32101,33.89054]},"properties":{"probability":0.387,"inBuffer":false,"facType":"unknown"}},{"type":"Feature","geometry":{"type":"Point","coordinates":[-84.31561,33.89042]},"properties":{"probability":0.306,"inBuffer":false,"facType":"unknown"}},{"type":"Feature","geometry":{"type":"Point","coordinates":[-84.31021,33.8903]},"properties":{"probability":0.273,"inBuffer":false,"facType":"unknown"}},{"type":"Feature","geometry":{"type":"Point","coordinates":[-84.30481,33.89018]},"properties":{"probability":0.958,"inBuffer":false,"facType":"unknown"}},{"type":"Feature","geometry":{"type":"Point","coordinates":[-84.29941,33.89006]},"properties":{"probability":0.596,"inBuffer":false,"facType":"unknown"}},{"type":"Feature","geometry":{"type":"Point","coordinates":[-84.29401,33.88995]},"properties":{"probability":0.38,"inBuffer":false,"facType":"unknown"}},{"type":"Feature","geometry":{"type":"Point","coordinates":[-84.2886,33.88983]},"properties":{"probability":0.183,"inBuffer":false,"facType":"unknown"}},{"type":"Feature","geometry":{"type":"Point","coordinates":[-84.2832,33.88971]},"properties":{"probability":0.154,"inBuffer":false,"facType":"unknown"}},{"type":"Feature","geometry":{"type":"Point","coordinates":[-84.2778,33.88959]},"properties":{"probability":0.05,"inBuffer":false,"facType":"unknown"}},{"type":"Feature","geometry":{"type":"Point","coordinates":[-84.2724,33.88947]},"properties":{"probability":0.659,"inBuffer":false,"facType":"unknown"}},{"type":"Feature","geometry":{"type":"Point","coordinates":[-84.267,33.88935]},"properties":{"probability":0.61,"inBuffer":false,"facType":"unknown"}},{"type":"Feature","geometry":{"type":"Point","coordinates":[-84.2616,33.88923]},"properties":{"probability":0.145,"inBuffer":false,"facType":"unknown"}},{"type":"Feature","geometry":{"type":"Point","coordinates":[-84.2562,33.88911]},"properties":{"probability":0.144,"inBuffer":false,"facType":"unknown"}},{"type":"Feature","geometry":{"type":"Point","coordinates":[-84.2508,33.88899]},"properties":{"probability":0.318,"inBuffer":false,"facType":"unknown"}},{"type":"Feature","geometry":{"type":"Point","coordinates":[-84.2454,33.88887]},"properties":{"probability":0.466,"inBuffer":false,"facType":"unknown"}},{"type":"Feature","geometry":{"type":"Point","coordinates":[-84.23999,33.88875]},"properties":{"probability":0.443,"inBuffer":false,"facType":"unknown"}},{"type":"Feature","geometry":{"type":"Point","coordinates":[-84.21299,33.88814]},"properties":{"probability":0.057,"inBuffer":false,"facType":"unknown"}},{"type":"Feature","geometry":{"type":"Point","coordinates":[-84.56424,33.89108]},"properties":{"probability":0.084,"inBuffer":false,"facType":"unknown"}},{"type":"Feature","geometry":{"type":"Point","coordinates":[-84.54803,33.89076]},"properties":{"probability":0.068,"inBuffer":false,"facType":"unknown"}},{"type":"Feature","geometry":{"type":"Point","coordinates":[-84.54263,33.89065]},"properties":{"probability":0.483,"inBuffer":false,"facType":"unknown"}},{"type":"Feature","geometry":{"type":"Point","coordinates":[-84.53722,33.89054]},"properties":{"probability":0.503,"inBuffer":false,"facType":"unknown"}},{"type":"Feature","geometry":{"type":"Point","coordinates":[-84.53182,33.89043]},"properties":{"probability":0.091,"inBuffer":false,"facType":"unknown"}},{"type":"Feature","geometry":{"type":"Point","coordinates":[-84.52642,33.89033]},"properties":{"probability":0.253,"inBuffer":false,"facType":"unknown"}},{"type":"Feature","geometry":{"type":"Point","coordinates":[-84.52102,33.89022]},"properties":{"probability":0.947,"inBuffer":false,"facType":"unknown"}},{"type":"Feature","geometry":{"type":"Point","coordinates":[-84.51562,33.89011]},"properties":{"probability":0.945,"inBuffer":false,"facType":"unknown"}},{"type":"Feature","geometry":{"type":"Point","coordinates":[-84.51021,33.89]},"properties":{"probability":0.921,"inBuffer":false,"facType":"unknown"}},{"type":"Feature","geometry":{"type":"Point","coordinates":[-84.50481,33.88989]},"properties":{"probability":0.235,"inBuffer":false,"facType":"unknown"}},{"type":"Feature","geometry":{"type":"Point","coordinates":[-84.49941,33.88978]},"properties":{"probability":0.063,"inBuffer":false,"facType":"unknown"}},{"type":"Feature","geometry":{"type":"Point","coordinates":[-84.49401,33.88967]},"properties":{"probability":0.214,"inBuffer":false,"facType":"unknown"}},{"type":"Feature","geometry":{"type":"Point","coordinates":[-84.4886,33.88956]},"properties":{"probability":0.244,"inBuffer":false,"facType":"unknown"}},{"type":"Feature","geometry":{"type":"Point","coordinates":[-84.4832,33.88945]},"properties":{"probability":0.955,"inBuffer":false,"facType":"unknown"}},{"type":"Feature","geometry":{"type":"Point","coordinates":[-84.4778,33.88934]},"properties":{"probability":0.187,"inBuffer":false,"facType":"unknown"}},{"type":"Feature","geometry":{"type":"Point","coordinates":[-84.4724,33.88923]},"properties":{"probability":0.712,"inBuffer":false,"facType":"unknown"}},{"type":"Feature","geometry":{"type":"Point","coordinates":[-84.467,33.88912]},"properties":{"probability":0.728,"inBuffer":false,"facType":"unknown"}},{"type":"Feature","geometry":{"type":"Point","coordinates":[-84.46159,33.88901]},"properties":{"probability":0.643,"inBuffer":false,"facType":"unknown"}},{"type":"Feature","geometry":{"type":"Point","coordinates":[-84.45619,33.88889]},"properties":{"probability":0.495,"inBuffer":false,"facType":"unknown"}},{"type":"Feature","geometry":{"type":"Point","coordinates":[-84.45079,33.88878]},"properties":{"probability":0.447,"inBuffer":false,"facType":"unknown"}},{"type":"Feature","geometry":{"type":"Point","coordinates":[-84.42378,33.88822]},"properties":{"probability":0.123,"inBuffer":false,"facType":"unknown"}},{"type":"Feature","geometry":{"type":"Point","coordinates":[-84.41838,33.88811]},"properties":{"probability":0.124,"inBuffer":false,"facType":"unknown"}},{"type":"Feature","geometry":{"type":"Point","coordinates":[-84.41298,33.88799]},"properties":{"probability":0.123,"inBuffer":false,"facType":"unknown"}},{"type":"Feature","geometry":{"type":"Point","coordinates":[-84.40758,33.88788]},"properties":{"probability":0.129,"inBuffer":false,"facType":"unknown"}},{"type":"Feature","geometry":{"type":"Point","coordinates":[-84.40217,33.88777]},"properties":{"probability":0.131,"inBuffer":false,"facType":"unknown"}},{"type":"Feature","geometry":{"type":"Point","coordinates":[-84.38597,33.88742]},"properties":{"probability":0.29,"inBuffer":false,"facType":"unknown"}},{"type":"Feature","geometry":{"type":"Point","coordinates":[-84.38057,33.88731]},"properties":{"probability":0.548,"inBuffer":false,"facType":"unknown"}},{"type":"Feature","geometry":{"type":"Point","coordinates":[-84.37517,33.88719]},"properties":{"probability":0.098,"inBuffer":false,"facType":"unknown"}},{"type":"Feature","geometry":{"type":"Point","coordinates":[-84.32655,33.88615]},"properties":{"probability":0.326,"inBuffer":false,"facType":"unknown"}},{"type":"Feature","geometry":{"type":"Point","coordinates":[-84.32115,33.88603]},"properties":{"probability":0.388,"inBuffer":false,"facType":"unknown"}},{"type":"Feature","geometry":{"type":"Point","coordinates":[-84.31575,33.88591]},"properties":{"probability":0.248,"inBuffer":false,"facType":"unknown"}},{"type":"Feature","geometry":{"type":"Point","coordinates":[-84.31035,33.8858]},"properties":{"probability":0.27,"inBuffer":false,"facType":"unknown"}},{"type":"Feature","geometry":{"type":"Point","coordinates":[-84.30495,33.88568]},"properties":{"probability":0.955,"inBuffer":false,"facType":"unknown"}},{"type":"Feature","geometry":{"type":"Point","coordinates":[-84.29955,33.88556]},"properties":{"probability":0.948,"inBuffer":false,"facType":"unknown"}},{"type":"Feature","geometry":{"type":"Point","coordinates":[-84.29415,33.88544]},"properties":{"probability":0.65,"inBuffer":false,"facType":"unknown"}},{"type":"Feature","geometry":{"type":"Point","coordinates":[-84.28875,33.88532]},"properties":{"probability":0.659,"inBuffer":false,"facType":"unknown"}},{"type":"Feature","geometry":{"type":"Point","coordinates":[-84.28335,33.8852]},"properties":{"probability":0.179,"inBuffer":false,"facType":"unknown"}},{"type":"Feature","geometry":{"type":"Point","coordinates":[-84.27794,33.88508]},"properties":{"probability":0.363,"inBuffer":false,"facType":"unknown"}},{"type":"Feature","geometry":{"type":"Point","coordinates":[-84.27254,33.88496]},"properties":{"probability":0.65,"inBuffer":false,"facType":"unknown"}},{"type":"Feature","geometry":{"type":"Point","coordinates":[-84.26714,33.88484]},"properties":{"probability":0.653,"inBuffer":false,"facType":"unknown"}},{"type":"Feature","geometry":{"type":"Point","coordinates":[-84.26174,33.88472]},"properties":{"probability":0.134,"inBuffer":false,"facType":"unknown"}},{"type":"Feature","geometry":{"type":"Point","coordinates":[-84.25634,33.8846]},"properties":{"probability":0.268,"inBuffer":false,"facType":"unknown"}},{"type":"Feature","geometry":{"type":"Point","coordinates":[-84.25094,33.88448]},"properties":{"probability":0.579,"inBuffer":false,"facType":"unknown"}},{"type":"Feature","geometry":{"type":"Point","coordinates":[-84.24554,33.88436]},"properties":{"probability":0.492,"inBuffer":false,"facType":"unknown"}},{"type":"Feature","geometry":{"type":"Point","coordinates":[-84.24014,33.88424]},"properties":{"probability":0.469,"inBuffer":false,"facType":"unknown"}},{"type":"Feature","geometry":{"type":"Point","coordinates":[-84.22394,33.88388]},"properties":{"probability":0.092,"inBuffer":false,"facType":"unknown"}},{"type":"Feature","geometry":{"type":"Point","coordinates":[-84.21854,33.88376]},"properties":{"probability":0.092,"inBuffer":false,"facType":"unknown"}},{"type":"Feature","geometry":{"type":"Point","coordinates":[-84.21314,33.88363]},"properties":{"probability":0.078,"inBuffer":false,"facType":"unknown"}},{"type":"Feature","geometry":{"type":"Point","coordinates":[-84.53735,33.88604]},"properties":{"probability":0.1,"inBuffer":false,"facType":"unknown"}},{"type":"Feature","geometry":{"type":"Point","coordinates":[-84.53195,33.88593]},"properties":{"probability":0.062,"inBuffer":false,"facType":"unknown"}},{"type":"Feature","geometry":{"type":"Point","coordinates":[-84.52655,33.88582]},"properties":{"probability":0.057,"inBuffer":false,"facType":"unknown"}},{"type":"Feature","geometry":{"type":"Point","coordinates":[-84.52115,33.88571]},"properties":{"probability":0.509,"inBuffer":false,"facType":"unknown"}},{"type":"Feature","geometry":{"type":"Point","coordinates":[-84.51575,33.8856]},"properties":{"probability":0.655,"inBuffer":false,"facType":"unknown"}},{"type":"Feature","geometry":{"type":"Point","coordinates":[-84.51034,33.88549]},"properties":{"probability":0.565,"inBuffer":false,"facType":"unknown"}},{"type":"Feature","geometry":{"type":"Point","coordinates":[-84.50494,33.88538]},"properties":{"probability":0.109,"inBuffer":false,"facType":"unknown"}},{"type":"Feature","geometry":{"type":"Point","coordinates":[-84.49954,33.88527]},"properties":{"probability":0.058,"inBuffer":false,"facType":"unknown"}},{"type":"Feature","geometry":{"type":"Point","coordinates":[-84.49414,33.88517]},"properties":{"probability":0.205,"inBuffer":false,"facType":"unknown"}},{"type":"Feature","geometry":{"type":"Point","coordinates":[-84.48874,33.88506]},"properties":{"probability":0.922,"inBuffer":false,"facType":"unknown"}},{"type":"Feature","geometry":{"type":"Point","coordinates":[-84.48333,33.88494]},"properties":{"probability":0.944,"inBuffer":false,"facType":"unknown"}},{"type":"Feature","geometry":{"type":"Point","coordinates":[-84.47793,33.88483]},"properties":{"probability":0.705,"inBuffer":false,"facType":"unknown"}},{"type":"Feature","geometry":{"type":"Point","coordinates":[-84.47253,33.88472]},"properties":{"probability":0.74,"inBuffer":false,"facType":"unknown"}},{"type":"Feature","geometry":{"type":"Point","coordinates":[-84.46713,33.88461]},"properties":{"probability":0.739,"inBuffer":false,"facType":"unknown"}},{"type":"Feature","geometry":{"type":"Point","coordinates":[-84.46173,33.8845]},"properties":{"probability":0.6,"inBuffer":false,"facType":"unknown"}},{"type":"Feature","geometry":{"type":"Point","coordinates":[-84.45633,33.88439]},"properties":{"probability":0.647,"inBuffer":false,"facType":"unknown"}},{"type":"Feature","geometry":{"type":"Point","coordinates":[-84.45092,33.88428]},"properties":{"probability":0.401,"inBuffer":false,"facType":"unknown"}},{"type":"Feature","geometry":{"type":"Point","coordinates":[-84.42932,33.88383]},"properties":{"probability":0.123,"inBuffer":false,"facType":"unknown"}},{"type":"Feature","geometry":{"type":"Point","coordinates":[-84.42392,33.88372]},"properties":{"probability":0.125,"inBuffer":false,"facType":"unknown"}},{"type":"Feature","geometry":{"type":"Point","coordinates":[-84.41852,33.8836]},"properties":{"probability":0.125,"inBuffer":false,"facType":"unknown"}},{"type":"Feature","geometry":{"type":"Point","coordinates":[-84.41311,33.88349]},"properties":{"probability":0.124,"inBuffer":false,"facType":"unknown"}},{"type":"Feature","geometry":{"type":"Point","coordinates":[-84.40771,33.88338]},"properties":{"probability":0.124,"inBuffer":false,"facType":"unknown"}},{"type":"Feature","geometry":{"type":"Point","coordinates":[-84.40231,33.88326]},"properties":{"probability":0.132,"inBuffer":false,"facType":"unknown"}},{"type":"Feature","geometry":{"type":"Point","coordinates":[-84.39691,33.88315]},"properties":{"probability":0.133,"inBuffer":false,"facType":"unknown"}},{"type":"Feature","geometry":{"type":"Point","coordinates":[-84.39151,33.88303]},"properties":{"probability":0.183,"inBuffer":false,"facType":"unknown"}},{"type":"Feature","geometry":{"type":"Point","coordinates":[-84.38611,33.88292]},"properties":{"probability":0.256,"inBuffer":false,"facType":"unknown"}},{"type":"Feature","geometry":{"type":"Point","coordinates":[-84.38071,33.8828]},"properties":{"probability":0.4,"inBuffer":false,"facType":"unknown"}},{"type":"Feature","geometry":{"type":"Point","coordinates":[-84.3753,33.88269]},"properties":{"probability":0.144,"inBuffer":false,"facType":"unknown"}},{"type":"Feature","geometry":{"type":"Point","coordinates":[-84.32129,33.88153]},"properties":{"probability":0.288,"inBuffer":false,"facType":"unknown"}},{"type":"Feature","geometry":{"type":"Point","coordinates":[-84.31589,33.88141]},"properties":{"probability":0.25,"inBuffer":false,"facType":"unknown"}},{"type":"Feature","geometry":{"type":"Point","coordinates":[-84.31049,33.88129]},"properties":{"probability":0.271,"inBuffer":false,"facType":"unknown"}},{"type":"Feature","geometry":{"type":"Point","coordinates":[-84.30509,33.88117]},"properties":{"probability":0.945,"inBuffer":false,"facType":"unknown"}},{"type":"Feature","geometry":{"type":"Point","coordinates":[-84.29969,33.88105]},"properties":{"probability":0.947,"inBuffer":false,"facType":"unknown"}},{"type":"Feature","geometry":{"type":"Point","coordinates":[-84.29429,33.88094]},"properties":{"probability":0.65,"inBuffer":false,"facType":"unknown"}},{"type":"Feature","geometry":{"type":"Point","coordinates":[-84.28889,33.88082]},"properties":{"probability":0.652,"inBuffer":false,"facType":"unknown"}},{"type":"Feature","geometry":{"type":"Point","coordinates":[-84.28349,33.8807]},"properties":{"probability":0.583,"inBuffer":false,"facType":"unknown"}},{"type":"Feature","geometry":{"type":"Point","coordinates":[-84.27809,33.88058]},"properties":{"probability":0.623,"inBuffer":false,"facType":"unknown"}},{"type":"Feature","geometry":{"type":"Point","coordinates":[-84.27269,33.88046]},"properties":{"probability":0.646,"inBuffer":false,"facType":"unknown"}},{"type":"Feature","geometry":{"type":"Point","coordinates":[-84.26729,33.88034]},"properties":{"probability":0.596,"inBuffer":false,"facType":"unknown"}},{"type":"Feature","geometry":{"type":"Point","coordinates":[-84.26189,33.88022]},"properties":{"probability":0.906,"inBuffer":false,"facType":"unknown"}},{"type":"Feature","geometry":{"type":"Point","coordinates":[-84.25649,33.8801]},"properties":{"probability":0.918,"inBuffer":false,"facType":"unknown"}},{"type":"Feature","geometry":{"type":"Point","coordinates":[-84.25109,33.87998]},"properties":{"probability":0.934,"inBuffer":false,"facType":"unknown"}},{"type":"Feature","geometry":{"type":"Point","coordinates":[-84.24568,33.87986]},"properties":{"probability":0.532,"inBuffer":false,"facType":"unknown"}},{"type":"Feature","geometry":{"type":"Point","coordinates":[-84.24028,33.87974]},"properties":{"probability":0.272,"inBuffer":false,"facType":"unknown"}},{"type":"Feature","geometry":{"type":"Point","coordinates":[-84.22408,33.87937]},"properties":{"probability":0.092,"inBuffer":false,"facType":"unknown"}},{"type":"Feature","geometry":{"type":"Point","coordinates":[-84.21868,33.87925]},"properties":{"probability":0.098,"inBuffer":false,"facType":"unknown"}},{"type":"Feature","geometry":{"type":"Point","coordinates":[-84.54289,33.88164]},"properties":{"probability":0.134,"inBuffer":false,"facType":"unknown"}},{"type":"Feature","geometry":{"type":"Point","coordinates":[-84.53748,33.88153]},"properties":{"probability":0.254,"inBuffer":false,"facType":"unknown"}},{"type":"Feature","geometry":{"type":"Point","coordinates":[-84.53208,33.88142]},"properties":{"probability":0.256,"inBuffer":false,"facType":"unknown"}},{"type":"Feature","geometry":{"type":"Point","coordinates":[-84.52668,33.88132]},"properties":{"probability":0.098,"inBuffer":false,"facType":"unknown"}},{"type":"Feature","geometry":{"type":"Point","coordinates":[-84.52128,33.88121]},"properties":{"probability":0.51,"inBuffer":false,"facType":"unknown"}},{"type":"Feature","geometry":{"type":"Point","coordinates":[-84.51588,33.8811]},"properties":{"probability":0.659,"inBuffer":false,"facType":"unknown"}},{"type":"Feature","geometry":{"type":"Point","coordinates":[-84.51047,33.88099]},"properties":{"probability":0.5,"inBuffer":false,"facType":"unknown"}},{"type":"Feature","geometry":{"type":"Point","coordinates":[-84.50507,33.88088]},"properties":{"probability":0.408,"inBuffer":false,"facType":"unknown"}},{"type":"Feature","geometry":{"type":"Point","coordinates":[-84.49967,33.88077]},"properties":{"probability":0.062,"inBuffer":false,"facType":"unknown"}},{"type":"Feature","geometry":{"type":"Point","coordinates":[-84.49427,33.88066]},"properties":{"probability":0.201,"inBuffer":false,"facType":"unknown"}},{"type":"Feature","geometry":{"type":"Point","coordinates":[-84.48887,33.88055]},"properties":{"probability":0.931,"inBuffer":false,"facType":"unknown"}},{"type":"Feature","geometry":{"type":"Point","coordinates":[-84.48347,33.88044]},"properties":{"probability":0.939,"inBuffer":false,"facType":"unknown"}},{"type":"Feature","geometry":{"type":"Point","coordinates":[-84.47807,33.88033]},"properties":{"probability":0.65,"inBuffer":false,"facType":"unknown"}},{"type":"Feature","geometry":{"type":"Point","coordinates":[-84.47266,33.88022]},"properties":{"probability":0.956,"inBuffer":false,"facType":"unknown"}},{"type":"Feature","geometry":{"type":"Point","coordinates":[-84.46726,33.88011]},"properties":{"probability":0.958,"inBuffer":false,"facType":"unknown"}},{"type":"Feature","geometry":{"type":"Point","coordinates":[-84.46186,33.88]},"properties":{"probability":0.286,"inBuffer":false,"facType":"unknown"}},{"type":"Feature","geometry":{"type":"Point","coordinates":[-84.45646,33.87988]},"properties":{"probability":0.176,"inBuffer":false,"facType":"unknown"}},{"type":"Feature","geometry":{"type":"Point","coordinates":[-84.45106,33.87977]},"properties":{"probability":0.16,"inBuffer":false,"facType":"unknown"}},{"type":"Feature","geometry":{"type":"Point","coordinates":[-84.42945,33.87932]},"properties":{"probability":0.122,"inBuffer":false,"facType":"unknown"}},{"type":"Feature","geometry":{"type":"Point","coordinates":[-84.42405,33.87921]},"properties":{"probability":0.129,"inBuffer":false,"facType":"unknown"}},{"type":"Feature","geometry":{"type":"Point","coordinates":[-84.41865,33.8791]},"properties":{"probability":0.124,"inBuffer":false,"facType":"unknown"}},{"type":"Feature","geometry":{"type":"Point","coordinates":[-84.41325,33.87898]},"properties":{"probability":0.146,"inBuffer":false,"facType":"unknown"}},{"type":"Feature","geometry":{"type":"Point","coordinates":[-84.40785,33.87887]},"properties":{"probability":0.147,"inBuffer":false,"facType":"unknown"}},{"type":"Feature","geometry":{"type":"Point","coordinates":[-84.40245,33.87876]},"properties":{"probability":0.164,"inBuffer":false,"facType":"unknown"}},{"type":"Feature","geometry":{"type":"Point","coordinates":[-84.39705,33.87864]},"properties":{"probability":0.191,"inBuffer":false,"facType":"unknown"}},{"type":"Feature","geometry":{"type":"Point","coordinates":[-84.39165,33.87853]},"properties":{"probability":0.206,"inBuffer":false,"facType":"unknown"}},{"type":"Feature","geometry":{"type":"Point","coordinates":[-84.38624,33.87841]},"properties":{"probability":0.946,"inBuffer":false,"facType":"unknown"}},{"type":"Feature","geometry":{"type":"Point","coordinates":[-84.38084,33.8783]},"properties":{"probability":0.65,"inBuffer":false,"facType":"unknown"}},{"type":"Feature","geometry":{"type":"Point","coordinates":[-84.37544,33.87818]},"properties":{"probability":0.596,"inBuffer":false,"facType":"unknown"}},{"type":"Feature","geometry":{"type":"Point","coordinates":[-84.34304,33.87749]},"properties":{"probability":0.058,"inBuffer":false,"facType":"unknown"}},{"type":"Feature","geometry":{"type":"Point","coordinates":[-84.33764,33.87737]},"properties":{"probability":0.103,"inBuffer":false,"facType":"unknown"}},{"type":"Feature","geometry":{"type":"Point","coordinates":[-84.33224,33.87726]},"properties":{"probability":0.113,"inBuffer":false,"facType":"unknown"}},{"type":"Feature","geometry":{"type":"Point","coordinates":[-84.32684,33.87714]},"properties":{"probability":0.063,"inBuffer":false,"facType":"unknown"}},{"type":"Feature","geometry":{"type":"Point","coordinates":[-84.31603,33.8769]},"properties":{"probability":0.247,"inBuffer":false,"facType":"unknown"}},{"type":"Feature","geometry":{"type":"Point","coordinates":[-84.31063,33.87679]},"properties":{"probability":0.388,"inBuffer":false,"facType":"unknown"}},{"type":"Feature","geometry":{"type":"Point","coordinates":[-84.30523,33.87667]},"properties":{"probability":0.953,"inBuffer":false,"facType":"unknown"}},{"type":"Feature","geometry":{"type":"Point","coordinates":[-84.29983,33.87655]},"properties":{"probability":0.939,"inBuffer":false,"facType":"unknown"}},{"type":"Feature","geometry":{"type":"Point","coordinates":[-84.29443,33.87643]},"properties":{"probability":0.945,"inBuffer":false,"facType":"unknown"}},{"type":"Feature","geometry":{"type":"Point","coordinates":[-84.28903,33.87631]},"properties":{"probability":0.164,"inBuffer":false,"facType":"unknown"}},{"type":"Feature","geometry":{"type":"Point","coordinates":[-84.28363,33.87619]},"properties":{"probability":0.466,"inBuffer":false,"facType":"unknown"}},{"type":"Feature","geometry":{"type":"Point","coordinates":[-84.27823,33.87607]},"properties":{"probability":0.611,"inBuffer":false,"facType":"unknown"}},{"type":"Feature","geometry":{"type":"Point","coordinates":[-84.27283,33.87596]},"properties":{"probability":0.63,"inBuffer":false,"facType":"unknown"}},{"type":"Feature","geometry":{"type":"Point","coordinates":[-84.26743,33.87584]},"properties":{"probability":0.644,"inBuffer":false,"facType":"unknown"}},{"type":"Feature","geometry":{"type":"Point","coordinates":[-84.26203,33.87572]},"properties":{"probability":0.907,"inBuffer":false,"facType":"unknown"}},{"type":"Feature","geometry":{"type":"Point","coordinates":[-84.25663,33.8756]},"properties":{"probability":0.895,"inBuffer":false,"facType":"unknown"}},{"type":"Feature","geometry":{"type":"Point","coordinates":[-84.25123,33.87547]},"properties":{"probability":0.899,"inBuffer":false,"facType":"unknown"}},{"type":"Feature","geometry":{"type":"Point","coordinates":[-84.24583,33.87535]},"properties":{"probability":0.254,"inBuffer":false,"facType":"unknown"}},{"type":"Feature","geometry":{"type":"Point","coordinates":[-84.56462,33.87756]},"properties":{"probability":0.123,"inBuffer":false,"facType":"unknown"}},{"type":"Feature","geometry":{"type":"Point","coordinates":[-84.55922,33.87746]},"properties":{"probability":0.123,"inBuffer":false,"facType":"unknown"}},{"type":"Feature","geometry":{"type":"Point","coordinates":[-84.55382,33.87735]},"properties":{"probability":0.132,"inBuffer":false,"facType":"unknown"}},{"type":"Feature","geometry":{"type":"Point","coordinates":[-84.54842,33.87724]},"properties":{"probability":0.146,"inBuffer":false,"facType":"unknown"}},{"type":"Feature","geometry":{"type":"Point","coordinates":[-84.54301,33.87713]},"properties":{"probability":0.166,"inBuffer":false,"facType":"unknown"}},{"type":"Feature","geometry":{"type":"Point","coordinates":[-84.53761,33.87703]},"properties":{"probability":0.916,"inBuffer":false,"facType":"unknown"}},{"type":"Feature","geometry":{"type":"Point","coordinates":[-84.53221,33.87692]},"properties":{"probability":0.955,"inBuffer":false,"facType":"unknown"}},{"type":"Feature","geometry":{"type":"Point","coordinates":[-84.52681,33.87681]},"properties":{"probability":0.27,"inBuffer":false,"facType":"unknown"}},{"type":"Feature","geometry":{"type":"Point","coordinates":[-84.52141,33.8767]},"properties":{"probability":0.123,"inBuffer":false,"facType":"unknown"}},{"type":"Feature","geometry":{"type":"Point","coordinates":[-84.51601,33.87659]},"properties":{"probability":0.166,"inBuffer":false,"facType":"unknown"}},{"type":"Feature","geometry":{"type":"Point","coordinates":[-84.51061,33.87648]},"properties":{"probability":0.611,"inBuffer":false,"facType":"unknown"}},{"type":"Feature","geometry":{"type":"Point","coordinates":[-84.5052,33.87637]},"properties":{"probability":0.501,"inBuffer":false,"facType":"unknown"}},{"type":"Feature","geometry":{"type":"Point","coordinates":[-84.4998,33.87626]},"properties":{"probability":0.2,"inBuffer":false,"facType":"unknown"}},{"type":"Feature","geometry":{"type":"Point","coordinates":[-84.489,33.87604]},"properties":{"probability":0.188,"inBuffer":false,"facType":"unknown"}},{"type":"Feature","geometry":{"type":"Point","coordinates":[-84.4836,33.87593]},"properties":{"probability":0.206,"inBuffer":false,"facType":"unknown"}},{"type":"Feature","geometry":{"type":"Point","coordinates":[-84.4782,33.87582]},"properties":{"probability":0.455,"inBuffer":false,"facType":"unknown"}},{"type":"Feature","geometry":{"type":"Point","coordinates":[-84.4728,33.87571]},"properties":{"probability":0.955,"inBuffer":false,"facType":"unknown"}},{"type":"Feature","geometry":{"type":"Point","coordinates":[-84.4674,33.8756]},"properties":{"probability":0.957,"inBuffer":false,"facType":"unknown"}},{"type":"Feature","geometry":{"type":"Point","coordinates":[-84.46199,33.87549]},"properties":{"probability":0.284,"inBuffer":false,"facType":"unknown"}},{"type":"Feature","geometry":{"type":"Point","coordinates":[-84.45659,33.87538]},"properties":{"probability":0.259,"inBuffer":false,"facType":"unknown"}},{"type":"Feature","geometry":{"type":"Point","coordinates":[-84.45119,33.87527]},"properties":{"probability":0.154,"inBuffer":false,"facType":"unknown"}},{"type":"Feature","geometry":{"type":"Point","coordinates":[-84.42959,33.87482]},"properties":{"probability":0.124,"inBuffer":false,"facType":"unknown"}},{"type":"Feature","geometry":{"type":"Point","coordinates":[-84.42419,33.87471]},"properties":{"probability":0.155,"inBuffer":false,"facType":"unknown"}},{"type":"Feature","geometry":{"type":"Point","coordinates":[-84.41879,33.87459]},"properties":{"probability":0.153,"inBuffer":false,"facType":"unknown"}},{"type":"Feature","geometry":{"type":"Point","coordinates":[-84.41339,33.87448]},"properties":{"probability":0.843,"inBuffer":false,"facType":"unknown"}},{"type":"Feature","geometry":{"type":"Point","coordinates":[-84.40798,33.87437]},"properties":{"probability":0.843,"inBuffer":false,"facType":"unknown"}},{"type":"Feature","geometry":{"type":"Point","coordinates":[-84.40258,33.87425]},"properties":{"probability":0.855,"inBuffer":false,"facType":"unknown"}},{"type":"Feature","geometry":{"type":"Point","coordinates":[-84.39718,33.87414]},"properties":{"probability":0.2,"inBuffer":false,"facType":"unknown"}},{"type":"Feature","geometry":{"type":"Point","coordinates":[-84.39178,33.87402]},"properties":{"probability":0.203,"inBuffer":false,"facType":"unknown"}},{"type":"Feature","geometry":{"type":"Point","coordinates":[-84.38638,33.87391]},"properties":{"probability":0.945,"inBuffer":false,"facType":"unknown"}},{"type":"Feature","geometry":{"type":"Point","coordinates":[-84.38098,33.87379]},"properties":{"probability":0.956,"inBuffer":false,"facType":"unknown"}},{"type":"Feature","geometry":{"type":"Point","coordinates":[-84.37558,33.87368]},"properties":{"probability":0.589,"inBuffer":false,"facType":"unknown"}},{"type":"Feature","geometry":{"type":"Point","coordinates":[-84.34318,33.87299]},"properties":{"probability":0.067,"inBuffer":false,"facType":"unknown"}},{"type":"Feature","geometry":{"type":"Point","coordinates":[-84.33778,33.87287]},"properties":{"probability":0.638,"inBuffer":false,"facType":"unknown"}},{"type":"Feature","geometry":{"type":"Point","coordinates":[-84.33238,33.87275]},"properties":{"probability":0.618,"inBuffer":false,"facType":"unknown"}},{"type":"Feature","geometry":{"type":"Point","coordinates":[-84.32698,33.87263]},"properties":{"probability":0.311,"inBuffer":false,"facType":"unknown"}},{"type":"Feature","geometry":{"type":"Point","coordinates":[-84.31618,33.8724]},"properties":{"probability":0.268,"inBuffer":false,"facType":"unknown"}},{"type":"Feature","geometry":{"type":"Point","coordinates":[-84.31078,33.87228]},"properties":{"probability":0.388,"inBuffer":false,"facType":"unknown"}},{"type":"Feature","geometry":{"type":"Point","coordinates":[-84.30537,33.87216]},"properties":{"probability":0.947,"inBuffer":false,"facType":"unknown"}},{"type":"Feature","geometry":{"type":"Point","coordinates":[-84.29997,33.87205]},"properties":{"probability":0.931,"inBuffer":false,"facType":"unknown"}},{"type":"Feature","geometry":{"type":"Point","coordinates":[-84.29457,33.87193]},"properties":{"probability":0.926,"inBuffer":false,"facType":"unknown"}},{"type":"Feature","geometry":{"type":"Point","coordinates":[-84.28917,33.87181]},"properties":{"probability":0.906,"inBuffer":false,"facType":"unknown"}},{"type":"Feature","geometry":{"type":"Point","coordinates":[-84.28377,33.87169]},"properties":{"probability":0.099,"inBuffer":false,"facType":"unknown"}},{"type":"Feature","geometry":{"type":"Point","coordinates":[-84.27837,33.87157]},"properties":{"probability":0.113,"inBuffer":false,"facType":"unknown"}},{"type":"Feature","geometry":{"type":"Point","coordinates":[-84.27297,33.87145]},"properties":{"probability":0.578,"inBuffer":false,"facType":"unknown"}},{"type":"Feature","geometry":{"type":"Point","coordinates":[-84.26757,33.87133]},"properties":{"probability":0.517,"inBuffer":false,"facType":"unknown"}},{"type":"Feature","geometry":{"type":"Point","coordinates":[-84.26217,33.87121]},"properties":{"probability":0.449,"inBuffer":false,"facType":"unknown"}},{"type":"Feature","geometry":{"type":"Point","coordinates":[-84.25677,33.87109]},"properties":{"probability":0.899,"inBuffer":false,"facType":"unknown"}},{"type":"Feature","geometry":{"type":"Point","coordinates":[-84.25137,33.87097]},"properties":{"probability":0.885,"inBuffer":false,"facType":"unknown"}},{"type":"Feature","geometry":{"type":"Point","coordinates":[-84.24597,33.87085]},"properties":{"probability":0.196,"inBuffer":false,"facType":"unknown"}},{"type":"Feature","geometry":{"type":"Point","coordinates":[-84.24057,33.87073]},"properties":{"probability":0.123,"inBuffer":false,"facType":"unknown"}},{"type":"Feature","geometry":{"type":"Point","coordinates":[-84.56475,33.87306]},"properties":{"probability":0.123,"inBuffer":false,"facType":"unknown"}},{"type":"Feature","geometry":{"type":"Point","coordinates":[-84.55935,33.87295]},"properties":{"probability":0.124,"inBuffer":false,"facType":"unknown"}},{"type":"Feature","geometry":{"type":"Point","coordinates":[-84.55395,33.87284]},"properties":{"probability":0.121,"inBuffer":false,"facType":"unknown"}},{"type":"Feature","geometry":{"type":"Point","coordinates":[-84.54855,33.87274]},"properties":{"probability":0.126,"inBuffer":false,"facType":"unknown"}},{"type":"Feature","geometry":{"type":"Point","coordinates":[-84.54314,33.87263]},"properties":{"probability":0.179,"inBuffer":false,"facType":"unknown"}},{"type":"Feature","geometry":{"type":"Point","coordinates":[-84.53774,33.87252]},"properties":{"probability":0.926,"inBuffer":false,"facType":"unknown"}},{"type":"Feature","geometry":{"type":"Point","coordinates":[-84.53234,33.87241]},"properties":{"probability":0.956,"inBuffer":false,"facType":"unknown"}},{"type":"Feature","geometry":{"type":"Point","coordinates":[-84.52694,33.8723]},"properties":{"probability":0.955,"inBuffer":false,"facType":"unknown"}},{"type":"Feature","geometry":{"type":"Point","coordinates":[-84.52154,33.8722]},"properties":{"probability":0.214,"inBuffer":false,"facType":"unknown"}},{"type":"Feature","geometry":{"type":"Point","coordinates":[-84.51074,33.87198]},"properties":{"probability":0.401,"inBuffer":false,"facType":"unknown"}},{"type":"Feature","geometry":{"type":"Point","coordinates":[-84.50534,33.87187]},"properties":{"probability":0.472,"inBuffer":false,"facType":"unknown"}},{"type":"Feature","geometry":{"type":"Point","coordinates":[-84.49993,33.87176]},"properties":{"probability":0.093,"inBuffer":false,"facType":"unknown"}},{"type":"Feature","geometry":{"type":"Point","coordinates":[-84.48913,33.87154]},"properties":{"probability":0.167,"inBuffer":false,"facType":"unknown"}},{"type":"Feature","geometry":{"type":"Point","coordinates":[-84.47833,33.87132]},"properties":{"probability":0.095,"inBuffer":false,"facType":"unknown"}},{"type":"Feature","geometry":{"type":"Point","coordinates":[-84.47293,33.87121]},"properties":{"probability":0.171,"inBuffer":false,"facType":"unknown"}},{"type":"Feature","geometry":{"type":"Point","coordinates":[-84.46753,33.8711]},"properties":{"probability":0.948,"inBuffer":false,"facType":"unknown"}},{"type":"Feature","geometry":{"type":"Point","coordinates":[-84.46213,33.87099]},"properties":{"probability":0.956,"inBuffer":false,"facType":"unknown"}},{"type":"Feature","geometry":{"type":"Point","coordinates":[-84.45673,33.87087]},"properties":{"probability":0.266,"inBuffer":false,"facType":"unknown"}},{"type":"Feature","geometry":{"type":"Point","coordinates":[-84.45133,33.87076]},"properties":{"probability":0.19,"inBuffer":false,"facType":"unknown"}},{"type":"Feature","geometry":{"type":"Point","coordinates":[-84.44593,33.87065]},"properties":{"probability":0.193,"inBuffer":false,"facType":"unknown"}},{"type":"Feature","geometry":{"type":"Point","coordinates":[-84.44052,33.87054]},"properties":{"probability":0.152,"inBuffer":false,"facType":"unknown"}},{"type":"Feature","geometry":{"type":"Point","coordinates":[-84.43512,33.87043]},"properties":{"probability":0.133,"inBuffer":false,"facType":"unknown"}},{"type":"Feature","geometry":{"type":"Point","coordinates":[-84.42972,33.87031]},"properties":{"probability":0.129,"inBuffer":false,"facType":"unknown"}},{"type":"Feature","geometry":{"type":"Point","coordinates":[-84.42432,33.8702]},"properties":{"probability":0.141,"inBuffer":false,"facType":"unknown"}},{"type":"Feature","geometry":{"type":"Point","coordinates":[-84.41892,33.87009]},"properties":{"probability":0.155,"inBuffer":false,"facType":"unknown"}},{"type":"Feature","geometry":{"type":"Point","coordinates":[-84.41352,33.86997]},"properties":{"probability":0.843,"inBuffer":false,"facType":"unknown"}},{"type":"Feature","geometry":{"type":"Point","coordinates":[-84.40812,33.86986]},"properties":{"probability":0.844,"inBuffer":false,"facType":"unknown"}},{"type":"Feature","geometry":{"type":"Point","coordinates":[-84.40272,33.86975]},"properties":{"probability":0.845,"inBuffer":false,"facType":"unknown"}},{"type":"Feature","geometry":{"type":"Point","coordinates":[-84.39732,33.86963]},"properties":{"probability":0.146,"inBuffer":false,"facType":"unknown"}},{"type":"Feature","geometry":{"type":"Point","coordinates":[-84.39192,33.86952]},"properties":{"probability":0.147,"inBuffer":false,"facType":"unknown"}},{"type":"Feature","geometry":{"type":"Point","coordinates":[-84.38652,33.8694]},"properties":{"probability":0.209,"inBuffer":false,"facType":"unknown"}},{"type":"Feature","geometry":{"type":"Point","coordinates":[-84.38112,33.86929]},"properties":{"probability":0.26,"inBuffer":false,"facType":"unknown"}},{"type":"Feature","geometry":{"type":"Point","coordinates":[-84.37572,33.86918]},"properties":{"probability":0.162,"inBuffer":false,"facType":"unknown"}},{"type":"Feature","geometry":{"type":"Point","coordinates":[-84.35952,33.86883]},"properties":{"probability":0.134,"inBuffer":false,"facType":"unknown"}},{"type":"Feature","geometry":{"type":"Point","coordinates":[-84.34332,33.86848]},"properties":{"probability":0.066,"inBuffer":false,"facType":"unknown"}},{"type":"Feature","geometry":{"type":"Point","coordinates":[-84.33792,33.86836]},"properties":{"probability":0.626,"inBuffer":false,"facType":"unknown"}},{"type":"Feature","geometry":{"type":"Point","coordinates":[-84.33252,33.86825]},"properties":{"probability":0.518,"inBuffer":false,"facType":"unknown"}},{"type":"Feature","geometry":{"type":"Point","coordinates":[-84.32712,33.86813]},"properties":{"probability":0.221,"inBuffer":false,"facType":"unknown"}},{"type":"Feature","geometry":{"type":"Point","coordinates":[-84.31632,33.8679]},"properties":{"probability":0.065,"inBuffer":false,"facType":"unknown"}},{"type":"Feature","geometry":{"type":"Point","coordinates":[-84.31092,33.86778]},"properties":{"probability":0.379,"inBuffer":false,"facType":"unknown"}},{"type":"Feature","geometry":{"type":"Point","coordinates":[-84.30552,33.86766]},"properties":{"probability":0.272,"inBuffer":false,"facType":"unknown"}},{"type":"Feature","geometry":{"type":"Point","coordinates":[-84.30012,33.86754]},"properties":{"probability":0.944,"inBuffer":false,"facType":"unknown"}},{"type":"Feature","geometry":{"type":"Point","coordinates":[-84.29472,33.86742]},"properties":{"probability":0.937,"inBuffer":false,"facType":"unknown"}},{"type":"Feature","geometry":{"type":"Point","coordinates":[-84.28932,33.8673]},"properties":{"probability":0.263,"inBuffer":false,"facType":"unknown"}},{"type":"Feature","geometry":{"type":"Point","coordinates":[-84.28392,33.86718]},"properties":{"probability":0.246,"inBuffer":false,"facType":"unknown"}},{"type":"Feature","geometry":{"type":"Point","coordinates":[-84.27852,33.86707]},"properties":{"probability":0.062,"inBuffer":false,"facType":"unknown"}},{"type":"Feature","geometry":{"type":"Point","coordinates":[-84.27312,33.86695]},"properties":{"probability":0.059,"inBuffer":false,"facType":"unknown"}},{"type":"Feature","geometry":{"type":"Point","coordinates":[-84.26772,33.86683]},"properties":{"probability":0.261,"inBuffer":false,"facType":"unknown"}},{"type":"Feature","geometry":{"type":"Point","coordinates":[-84.25692,33.86659]},"properties":{"probability":0.165,"inBuffer":false,"facType":"unknown"}},{"type":"Feature","geometry":{"type":"Point","coordinates":[-84.25152,33.86647]},"properties":{"probability":0.177,"inBuffer":false,"facType":"unknown"}},{"type":"Feature","geometry":{"type":"Point","coordinates":[-84.24612,33.86635]},"properties":{"probability":0.133,"inBuffer":false,"facType":"unknown"}},{"type":"Feature","geometry":{"type":"Point","coordinates":[-84.24072,33.86622]},"properties":{"probability":0.123,"inBuffer":false,"facType":"unknown"}},{"type":"Feature","geometry":{"type":"Point","coordinates":[-84.56488,33.86855]},"properties":{"probability":0.123,"inBuffer":false,"facType":"unknown"}},{"type":"Feature","geometry":{"type":"Point","coordinates":[-84.55948,33.86845]},"properties":{"probability":0.122,"inBuffer":false,"facType":"unknown"}},{"type":"Feature","geometry":{"type":"Point","coordinates":[-84.55408,33.86834]},"properties":{"probability":0.121,"inBuffer":false,"facType":"unknown"}},{"type":"Feature","geometry":{"type":"Point","coordinates":[-84.54867,33.86823]},"properties":{"probability":0.125,"inBuffer":false,"facType":"unknown"}},{"type":"Feature","geometry":{"type":"Point","coordinates":[-84.54327,33.86812]},"properties":{"probability":0.187,"inBuffer":false,"facType":"unknown"}},{"type":"Feature","geometry":{"type":"Point","coordinates":[-84.53787,33.86802]},"properties":{"probability":0.913,"inBuffer":false,"facType":"unknown"}},{"type":"Feature","geometry":{"type":"Point","coordinates":[-84.53247,33.86791]},"properties":{"probability":0.956,"inBuffer":false,"facType":"unknown"}},{"type":"Feature","geometry":{"type":"Point","coordinates":[-84.52707,33.8678]},"properties":{"probability":0.256,"inBuffer":false,"facType":"unknown"}},{"type":"Feature","geometry":{"type":"Point","coordinates":[-84.50007,33.86725]},"properties":{"probability":0.05,"inBuffer":false,"facType":"unknown"}},{"type":"Feature","geometry":{"type":"Point","coordinates":[-84.49467,33.86714]},"properties":{"probability":0.059,"inBuffer":false,"facType":"unknown"}},{"type":"Feature","geometry":{"type":"Point","coordinates":[-84.47846,33.86681]},"properties":{"probability":0.183,"inBuffer":false,"facType":"unknown"}},{"type":"Feature","geometry":{"type":"Point","coordinates":[-84.47306,33.8667]},"properties":{"probability":0.661,"inBuffer":false,"facType":"unknown"}},{"type":"Feature","geometry":{"type":"Point","coordinates":[-84.46766,33.86659]},"properties":{"probability":0.955,"inBuffer":false,"facType":"unknown"}},{"type":"Feature","geometry":{"type":"Point","coordinates":[-84.46226,33.86648]},"properties":{"probability":0.879,"inBuffer":false,"facType":"unknown"}},{"type":"Feature","geometry":{"type":"Point","coordinates":[-84.45686,33.86637]},"properties":{"probability":0.194,"inBuffer":false,"facType":"unknown"}},{"type":"Feature","geometry":{"type":"Point","coordinates":[-84.45146,33.86626]},"properties":{"probability":0.242,"inBuffer":false,"facType":"unknown"}},{"type":"Feature","geometry":{"type":"Point","coordinates":[-84.44606,33.86615]},"properties":{"probability":0.198,"inBuffer":false,"facType":"unknown"}},{"type":"Feature","geometry":{"type":"Point","coordinates":[-84.44066,33.86603]},"properties":{"probability":0.188,"inBuffer":false,"facType":"unknown"}},{"type":"Feature","geometry":{"type":"Point","coordinates":[-84.42986,33.86581]},"properties":{"probability":0.127,"inBuffer":false,"facType":"unknown"}},{"type":"Feature","geometry":{"type":"Point","coordinates":[-84.42446,33.8657]},"properties":{"probability":0.132,"inBuffer":false,"facType":"unknown"}},{"type":"Feature","geometry":{"type":"Point","coordinates":[-84.41906,33.86558]},"properties":{"probability":0.14,"inBuffer":false,"facType":"unknown"}},{"type":"Feature","geometry":{"type":"Point","coordinates":[-84.41366,33.86547]},"properties":{"probability":0.148,"inBuffer":false,"facType":"unknown"}},{"type":"Feature","geometry":{"type":"Point","coordinates":[-84.40826,33.86536]},"properties":{"probability":0.846,"inBuffer":false,"facType":"unknown"}},{"type":"Feature","geometry":{"type":"Point","coordinates":[-84.40286,33.86524]},"properties":{"probability":0.149,"inBuffer":false,"facType":"unknown"}},{"type":"Feature","geometry":{"type":"Point","coordinates":[-84.39746,33.86513]},"properties":{"probability":0.147,"inBuffer":false,"facType":"unknown"}},{"type":"Feature","geometry":{"type":"Point","coordinates":[-84.38666,33.8649]},"properties":{"probability":0.099,"inBuffer":false,"facType":"unknown"}},{"type":"Feature","geometry":{"type":"Point","coordinates":[-84.38126,33.86479]},"properties":{"probability":0.091,"inBuffer":false,"facType":"unknown"}},{"type":"Feature","geometry":{"type":"Point","coordinates":[-84.37046,33.86456]},"properties":{"probability":0.149,"inBuffer":false,"facType":"unknown"}},{"type":"Feature","geometry":{"type":"Point","coordinates":[-84.36506,33.86444]},"properties":{"probability":0.148,"inBuffer":false,"facType":"unknown"}},{"type":"Feature","geometry":{"type":"Point","coordinates":[-84.35966,33.86432]},"properties":{"probability":0.145,"inBuffer":false,"facType":"unknown"}},{"type":"Feature","geometry":{"type":"Point","coordinates":[-84.35426,33.86421]},"properties":{"probability":0.151,"inBuffer":false,"facType":"unknown"}},{"type":"Feature","geometry":{"type":"Point","coordinates":[-84.34346,33.86398]},"properties":{"probability":0.407,"inBuffer":false,"facType":"unknown"}},{"type":"Feature","geometry":{"type":"Point","coordinates":[-84.33806,33.86386]},"properties":{"probability":0.945,"inBuffer":false,"facType":"unknown"}},{"type":"Feature","geometry":{"type":"Point","coordinates":[-84.33266,33.86374]},"properties":{"probability":0.934,"inBuffer":false,"facType":"unknown"}},{"type":"Feature","geometry":{"type":"Point","coordinates":[-84.32726,33.86363]},"properties":{"probability":0.191,"inBuffer":false,"facType":"unknown"}},{"type":"Feature","geometry":{"type":"Point","coordinates":[-84.32186,33.86351]},"properties":{"probability":0.161,"inBuffer":false,"facType":"unknown"}},{"type":"Feature","geometry":{"type":"Point","coordinates":[-84.31646,33.86339]},"properties":{"probability":0.123,"inBuffer":false,"facType":"unknown"}},{"type":"Feature","geometry":{"type":"Point","coordinates":[-84.31106,33.86327]},"properties":{"probability":0.161,"inBuffer":false,"facType":"unknown"}},{"type":"Feature","geometry":{"type":"Point","coordinates":[-84.30566,33.86315]},"properties":{"probability":0.601,"inBuffer":false,"facType":"unknown"}},{"type":"Feature","geometry":{"type":"Point","coordinates":[-84.30026,33.86304]},"properties":{"probability":0.555,"inBuffer":false,"facType":"unknown"}},{"type":"Feature","geometry":{"type":"Point","coordinates":[-84.29486,33.86292]},"properties":{"probability":0.165,"inBuffer":false,"facType":"unknown"}},{"type":"Feature","geometry":{"type":"Point","coordinates":[-84.28946,33.8628]},"properties":{"probability":0.285,"inBuffer":false,"facType":"unknown"}},{"type":"Feature","geometry":{"type":"Point","coordinates":[-84.28406,33.86268]},"properties":{"probability":0.247,"inBuffer":false,"facType":"unknown"}},{"type":"Feature","geometry":{"type":"Point","coordinates":[-84.21927,33.86123]},"properties":{"probability":0.059,"inBuffer":false,"facType":"unknown"}},{"type":"Feature","geometry":{"type":"Point","coordinates":[-84.21387,33.86111]},"properties":{"probability":0.089,"inBuffer":false,"facType":"unknown"}},{"type":"Feature","geometry":{"type":"Point","coordinates":[-84.56501,33.86405]},"properties":{"probability":0.124,"inBuffer":false,"facType":"unknown"}},{"type":"Feature","geometry":{"type":"Point","coordinates":[-84.5596,33.86394]},"properties":{"probability":0.125,"inBuffer":false,"facType":"unknown"}},{"type":"Feature","geometry":{"type":"Point","coordinates":[-84.5542,33.86383]},"properties":{"probability":0.121,"inBuffer":false,"facType":"unknown"}},{"type":"Feature","geometry":{"type":"Point","coordinates":[-84.5488,33.86373]},"properties":{"probability":0.126,"inBuffer":false,"facType":"unknown"}},{"type":"Feature","geometry":{"type":"Point","coordinates":[-84.5434,33.86362]},"properties":{"probability":0.156,"inBuffer":false,"facType":"unknown"}},{"type":"Feature","geometry":{"type":"Point","coordinates":[-84.538,33.86351]},"properties":{"probability":0.185,"inBuffer":false,"facType":"unknown"}},{"type":"Feature","geometry":{"type":"Point","coordinates":[-84.5326,33.8634]},"properties":{"probability":0.178,"inBuffer":false,"facType":"unknown"}},{"type":"Feature","geometry":{"type":"Point","coordinates":[-84.5272,33.86329]},"properties":{"probability":0.166,"inBuffer":false,"facType":"unknown"}},{"type":"Feature","geometry":{"type":"Point","coordinates":[-84.5218,33.86319]},"properties":{"probability":0.057,"inBuffer":false,"facType":"unknown"}},{"type":"Feature","geometry":{"type":"Point","coordinates":[-84.5164,33.86308]},"properties":{"probability":0.314,"inBuffer":false,"facType":"unknown"}},{"type":"Feature","geometry":{"type":"Point","coordinates":[-84.511,33.86297]},"properties":{"probability":0.859,"inBuffer":false,"facType":"unknown"}},{"type":"Feature","geometry":{"type":"Point","coordinates":[-84.5056,33.86286]},"properties":{"probability":0.301,"inBuffer":false,"facType":"unknown"}},{"type":"Feature","geometry":{"type":"Point","coordinates":[-84.5002,33.86275]},"properties":{"probability":0.3,"inBuffer":false,"facType":"unknown"}},{"type":"Feature","geometry":{"type":"Point","coordinates":[-84.4948,33.86264]},"properties":{"probability":0.189,"inBuffer":false,"facType":"unknown"}},{"type":"Feature","geometry":{"type":"Point","coordinates":[-84.4894,33.86253]},"properties":{"probability":0.201,"inBuffer":false,"facType":"unknown"}},{"type":"Feature","geometry":{"type":"Point","coordinates":[-84.484,33.86242]},"properties":{"probability":0.099,"inBuffer":false,"facType":"unknown"}},{"type":"Feature","geometry":{"type":"Point","coordinates":[-84.4786,33.86231]},"properties":{"probability":0.132,"inBuffer":false,"facType":"unknown"}},{"type":"Feature","geometry":{"type":"Point","coordinates":[-84.4732,33.8622]},"properties":{"probability":0.591,"inBuffer":false,"facType":"unknown"}},{"type":"Feature","geometry":{"type":"Point","coordinates":[-84.4678,33.86209]},"properties":{"probability":0.486,"inBuffer":false,"facType":"unknown"}},{"type":"Feature","geometry":{"type":"Point","coordinates":[-84.46239,33.86198]},"properties":{"probability":0.863,"inBuffer":false,"facType":"unknown"}},{"type":"Feature","geometry":{"type":"Point","coordinates":[-84.45699,33.86186]},"properties":{"probability":0.178,"inBuffer":false,"facType":"unknown"}},{"type":"Feature","geometry":{"type":"Point","coordinates":[-84.45159,33.86175]},"properties":{"probability":0.183,"inBuffer":false,"facType":"unknown"}},{"type":"Feature","geometry":{"type":"Point","coordinates":[-84.44619,33.86164]},"properties":{"probability":0.163,"inBuffer":false,"facType":"unknown"}},{"type":"Feature","geometry":{"type":"Point","coordinates":[-84.41919,33.86108]},"properties":{"probability":0.123,"inBuffer":false,"facType":"unknown"}},{"type":"Feature","geometry":{"type":"Point","coordinates":[-84.41379,33.86096]},"properties":{"probability":0.138,"inBuffer":false,"facType":"unknown"}},{"type":"Feature","geometry":{"type":"Point","coordinates":[-84.40839,33.86085]},"properties":{"probability":0.142,"inBuffer":false,"facType":"unknown"}},{"type":"Feature","geometry":{"type":"Point","coordinates":[-84.40299,33.86074]},"properties":{"probability":0.134,"inBuffer":false,"facType":"unknown"}},{"type":"Feature","geometry":{"type":"Point","coordinates":[-84.38679,33.8604]},"properties":{"probability":0.548,"inBuffer":false,"facType":"unknown"}},{"type":"Feature","geometry":{"type":"Point","coordinates":[-84.38139,33.86028]},"properties":{"probability":0.605,"inBuffer":false,"facType":"unknown"}},{"type":"Feature","geometry":{"type":"Point","coordinates":[-84.37599,33.86017]},"properties":{"probability":0.069,"inBuffer":false,"facType":"unknown"}},{"type":"Feature","geometry":{"type":"Point","coordinates":[-84.37059,33.86005]},"properties":{"probability":0.198,"inBuffer":false,"facType":"unknown"}},{"type":"Feature","geometry":{"type":"Point","coordinates":[-84.36519,33.85993]},"properties":{"probability":0.209,"inBuffer":false,"facType":"unknown"}},{"type":"Feature","geometry":{"type":"Point","coordinates":[-84.3598,33.85982]},"properties":{"probability":0.889,"inBuffer":false,"facType":"unknown"}},{"type":"Feature","geometry":{"type":"Point","coordinates":[-84.3544,33.8597]},"properties":{"probability":0.205,"inBuffer":false,"facType":"unknown"}},{"type":"Feature","geometry":{"type":"Point","coordinates":[-84.349,33.85959]},"properties":{"probability":0.133,"inBuffer":false,"facType":"unknown"}},{"type":"Feature","geometry":{"type":"Point","coordinates":[-84.3436,33.85947]},"properties":{"probability":0.649,"inBuffer":false,"facType":"unknown"}},{"type":"Feature","geometry":{"type":"Point","coordinates":[-84.3382,33.85935]},"properties":{"probability":0.65,"inBuffer":false,"facType":"unknown"}},{"type":"Feature","geometry":{"type":"Point","coordinates":[-84.3328,33.85924]},"properties":{"probability":0.916,"inBuffer":false,"facType":"unknown"}},{"type":"Feature","geometry":{"type":"Point","coordinates":[-84.3274,33.85912]},"properties":{"probability":0.887,"inBuffer":false,"facType":"unknown"}},{"type":"Feature","geometry":{"type":"Point","coordinates":[-84.322,33.859]},"properties":{"probability":0.172,"inBuffer":false,"facType":"unknown"}},{"type":"Feature","geometry":{"type":"Point","coordinates":[-84.3166,33.85889]},"properties":{"probability":0.153,"inBuffer":false,"facType":"unknown"}},{"type":"Feature","geometry":{"type":"Point","coordinates":[-84.3112,33.85877]},"properties":{"probability":0.42,"inBuffer":false,"facType":"unknown"}},{"type":"Feature","geometry":{"type":"Point","coordinates":[-84.3058,33.85865]},"properties":{"probability":0.632,"inBuffer":false,"facType":"unknown"}},{"type":"Feature","geometry":{"type":"Point","coordinates":[-84.3004,33.85853]},"properties":{"probability":0.486,"inBuffer":false,"facType":"unknown"}},{"type":"Feature","geometry":{"type":"Point","coordinates":[-84.295,33.85841]},"properties":{"probability":0.39,"inBuffer":false,"facType":"unknown"}},{"type":"Feature","geometry":{"type":"Point","coordinates":[-84.2896,33.85829]},"properties":{"probability":0.106,"inBuffer":false,"facType":"unknown"}},{"type":"Feature","geometry":{"type":"Point","coordinates":[-84.25721,33.85758]},"properties":{"probability":0.177,"inBuffer":false,"facType":"unknown"}},{"type":"Feature","geometry":{"type":"Point","coordinates":[-84.25181,33.85746]},"properties":{"probability":0.092,"inBuffer":false,"facType":"unknown"}},{"type":"Feature","geometry":{"type":"Point","coordinates":[-84.24641,33.85734]},"properties":{"probability":0.067,"inBuffer":false,"facType":"unknown"}},{"type":"Feature","geometry":{"type":"Point","coordinates":[-84.22481,33.85685]},"properties":{"probability":0.093,"inBuffer":false,"facType":"unknown"}},{"type":"Feature","geometry":{"type":"Point","coordinates":[-84.21941,33.85673]},"properties":{"probability":0.461,"inBuffer":false,"facType":"unknown"}},{"type":"Feature","geometry":{"type":"Point","coordinates":[-84.21401,33.85661]},"properties":{"probability":0.367,"inBuffer":false,"facType":"unknown"}},{"type":"Feature","geometry":{"type":"Point","coordinates":[-84.56513,33.85954]},"properties":{"probability":0.123,"inBuffer":false,"facType":"unknown"}},{"type":"Feature","geometry":{"type":"Point","coordinates":[-84.55973,33.85943]},"properties":{"probability":0.123,"inBuffer":false,"facType":"unknown"}},{"type":"Feature","geometry":{"type":"Point","coordinates":[-84.55433,33.85933]},"properties":{"probability":0.122,"inBuffer":false,"facType":"unknown"}},{"type":"Feature","geometry":{"type":"Point","coordinates":[-84.54893,33.85922]},"properties":{"probability":0.132,"inBuffer":false,"facType":"unknown"}},{"type":"Feature","geometry":{"type":"Point","coordinates":[-84.54353,33.85911]},"properties":{"probability":0.124,"inBuffer":false,"facType":"unknown"}},{"type":"Feature","geometry":{"type":"Point","coordinates":[-84.53813,33.859]},"properties":{"probability":0.123,"inBuffer":false,"facType":"unknown"}},{"type":"Feature","geometry":{"type":"Point","coordinates":[-84.53273,33.8589]},"properties":{"probability":0.122,"inBuffer":false,"facType":"unknown"}},{"type":"Feature","geometry":{"type":"Point","coordinates":[-84.52193,33.85868]},"properties":{"probability":0.423,"inBuffer":false,"facType":"unknown"}},{"type":"Feature","geometry":{"type":"Point","coordinates":[-84.51653,33.85857]},"properties":{"probability":0.463,"inBuffer":false,"facType":"unknown"}},{"type":"Feature","geometry":{"type":"Point","coordinates":[-84.51113,33.85846]},"properties":{"probability":0.895,"inBuffer":false,"facType":"unknown"}},{"type":"Feature","geometry":{"type":"Point","coordinates":[-84.50573,33.85835]},"properties":{"probability":0.859,"inBuffer":false,"facType":"unknown"}},{"type":"Feature","geometry":{"type":"Point","coordinates":[-84.50033,33.85824]},"properties":{"probability":0.313,"inBuffer":false,"facType":"unknown"}},{"type":"Feature","geometry":{"type":"Point","coordinates":[-84.49493,33.85813]},"properties":{"probability":0.204,"inBuffer":false,"facType":"unknown"}},{"type":"Feature","geometry":{"type":"Point","coordinates":[-84.48953,33.85802]},"properties":{"probability":0.2,"inBuffer":false,"facType":"unknown"}},{"type":"Feature","geometry":{"type":"Point","coordinates":[-84.48413,33.85791]},"properties":{"probability":0.203,"inBuffer":false,"facType":"unknown"}},{"type":"Feature","geometry":{"type":"Point","coordinates":[-84.47873,33.8578]},"properties":{"probability":0.097,"inBuffer":false,"facType":"unknown"}},{"type":"Feature","geometry":{"type":"Point","coordinates":[-84.46253,33.85747]},"properties":{"probability":0.145,"inBuffer":false,"facType":"unknown"}},{"type":"Feature","geometry":{"type":"Point","coordinates":[-84.45713,33.85736]},"properties":{"probability":0.124,"inBuffer":false,"facType":"unknown"}},{"type":"Feature","geometry":{"type":"Point","coordinates":[-84.45173,33.85725]},"properties":{"probability":0.123,"inBuffer":false,"facType":"unknown"}},{"type":"Feature","geometry":{"type":"Point","coordinates":[-84.41393,33.85646]},"properties":{"probability":0.123,"inBuffer":false,"facType":"unknown"}},{"type":"Feature","geometry":{"type":"Point","coordinates":[-84.38693,33.85589]},"properties":{"probability":0.645,"inBuffer":false,"facType":"unknown"}},{"type":"Feature","geometry":{"type":"Point","coordinates":[-84.38153,33.85578]},"properties":{"probability":0.65,"inBuffer":false,"facType":"unknown"}},{"type":"Feature","geometry":{"type":"Point","coordinates":[-84.37613,33.85566]},"properties":{"probability":0.329,"inBuffer":false,"facType":"unknown"}},{"type":"Feature","geometry":{"type":"Point","coordinates":[-84.37073,33.85555]},"properties":{"probability":0.261,"inBuffer":false,"facType":"unknown"}},{"type":"Feature","geometry":{"type":"Point","coordinates":[-84.36533,33.85543]},"properties":{"probability":0.956,"inBuffer":false,"facType":"unknown"}},{"type":"Feature","geometry":{"type":"Point","coordinates":[-84.35993,33.85531]},"properties":{"probability":0.958,"inBuffer":false,"facType":"unknown"}},{"type":"Feature","geometry":{"type":"Point","coordinates":[-84.35453,33.8552]},"properties":{"probability":0.953,"inBuffer":false,"facType":"unknown"}},{"type":"Feature","geometry":{"type":"Point","coordinates":[-84.34914,33.85508]},"properties":{"probability":0.146,"inBuffer":false,"facType":"unknown"}},{"type":"Feature","geometry":{"type":"Point","coordinates":[-84.34374,33.85497]},"properties":{"probability":0.623,"inBuffer":false,"facType":"unknown"}},{"type":"Feature","geometry":{"type":"Point","coordinates":[-84.33834,33.85485]},"properties":{"probability":0.644,"inBuffer":false,"facType":"unknown"}},{"type":"Feature","geometry":{"type":"Point","coordinates":[-84.33294,33.85473]},"properties":{"probability":0.914,"inBuffer":false,"facType":"unknown"}},{"type":"Feature","geometry":{"type":"Point","coordinates":[-84.32754,33.85462]},"properties":{"probability":0.222,"inBuffer":false,"facType":"unknown"}},{"type":"Feature","geometry":{"type":"Point","coordinates":[-84.31674,33.85438]},"properties":{"probability":0.161,"inBuffer":false,"facType":"unknown"}},{"type":"Feature","geometry":{"type":"Point","coordinates":[-84.31134,33.85426]},"properties":{"probability":0.169,"inBuffer":false,"facType":"unknown"}},{"type":"Feature","geometry":{"type":"Point","coordinates":[-84.30594,33.85415]},"properties":{"probability":0.378,"inBuffer":false,"facType":"unknown"}},{"type":"Feature","geometry":{"type":"Point","coordinates":[-84.30054,33.85403]},"properties":{"probability":0.374,"inBuffer":false,"facType":"unknown"}},{"type":"Feature","geometry":{"type":"Point","coordinates":[-84.26275,33.85319]},"properties":{"probability":0.331,"inBuffer":false,"facType":"unknown"}},{"type":"Feature","geometry":{"type":"Point","coordinates":[-84.25735,33.85307]},"properties":{"probability":0.635,"inBuffer":false,"facType":"unknown"}},{"type":"Feature","geometry":{"type":"Point","coordinates":[-84.25195,33.85295]},"properties":{"probability":0.596,"inBuffer":false,"facType":"unknown"}},{"type":"Feature","geometry":{"type":"Point","coordinates":[-84.24655,33.85283]},"properties":{"probability":0.592,"inBuffer":false,"facType":"unknown"}},{"type":"Feature","geometry":{"type":"Point","coordinates":[-84.24115,33.85271]},"properties":{"probability":0.087,"inBuffer":false,"facType":"unknown"}},{"type":"Feature","geometry":{"type":"Point","coordinates":[-84.22496,33.85235]},"properties":{"probability":0.599,"inBuffer":false,"facType":"unknown"}},{"type":"Feature","geometry":{"type":"Point","coordinates":[-84.21956,33.85223]},"properties":{"probability":0.638,"inBuffer":false,"facType":"unknown"}},{"type":"Feature","geometry":{"type":"Point","coordinates":[-84.21416,33.8521]},"properties":{"probability":0.956,"inBuffer":false,"facType":"unknown"}},{"type":"Feature","geometry":{"type":"Point","coordinates":[-84.55446,33.85482]},"properties":{"probability":0.123,"inBuffer":false,"facType":"unknown"}},{"type":"Feature","geometry":{"type":"Point","coordinates":[-84.54906,33.85471]},"properties":{"probability":0.124,"inBuffer":false,"facType":"unknown"}},{"type":"Feature","geometry":{"type":"Point","coordinates":[-84.54366,33.85461]},"properties":{"probability":0.123,"inBuffer":false,"facType":"unknown"}},{"type":"Feature","geometry":{"type":"Point","coordinates":[-84.53826,33.8545]},"properties":{"probability":0.124,"inBuffer":false,"facType":"unknown"}},{"type":"Feature","geometry":{"type":"Point","coordinates":[-84.52206,33.85417]},"properties":{"probability":0.1,"inBuffer":false,"facType":"unknown"}},{"type":"Feature","geometry":{"type":"Point","coordinates":[-84.51666,33.85407]},"properties":{"probability":0.306,"inBuffer":false,"facType":"unknown"}},{"type":"Feature","geometry":{"type":"Point","coordinates":[-84.51126,33.85396]},"properties":{"probability":0.887,"inBuffer":false,"facType":"unknown"}},{"type":"Feature","geometry":{"type":"Point","coordinates":[-84.50586,33.85385]},"properties":{"probability":0.895,"inBuffer":false,"facType":"unknown"}},{"type":"Feature","geometry":{"type":"Point","coordinates":[-84.50046,33.85374]},"properties":{"probability":0.209,"inBuffer":false,"facType":"unknown"}},{"type":"Feature","geometry":{"type":"Point","coordinates":[-84.49506,33.85363]},"properties":{"probability":0.917,"inBuffer":false,"facType":"unknown"}},{"type":"Feature","geometry":{"type":"Point","coordinates":[-84.48966,33.85352]},"properties":{"probability":0.916,"inBuffer":false,"facType":"unknown"}},{"type":"Feature","geometry":{"type":"Point","coordinates":[-84.48426,33.85341]},"properties":{"probability":0.904,"inBuffer":false,"facType":"unknown"}},{"type":"Feature","geometry":{"type":"Point","coordinates":[-84.47886,33.8533]},"properties":{"probability":0.874,"inBuffer":false,"facType":"unknown"}},{"type":"Feature","geometry":{"type":"Point","coordinates":[-84.47346,33.85319]},"properties":{"probability":0.147,"inBuffer":false,"facType":"unknown"}},{"type":"Feature","geometry":{"type":"Point","coordinates":[-84.45726,33.85285]},"properties":{"probability":0.124,"inBuffer":false,"facType":"unknown"}},{"type":"Feature","geometry":{"type":"Point","coordinates":[-84.45186,33.85274]},"properties":{"probability":0.121,"inBuffer":false,"facType":"unknown"}},{"type":"Feature","geometry":{"type":"Point","coordinates":[-84.43566,33.85241]},"properties":{"probability":0.102,"inBuffer":false,"facType":"unknown"}},{"type":"Feature","geometry":{"type":"Point","coordinates":[-84.43026,33.85229]},"properties":{"probability":0.519,"inBuffer":false,"facType":"unknown"}},{"type":"Feature","geometry":{"type":"Point","coordinates":[-84.42486,33.85218]},"properties":{"probability":0.152,"inBuffer":false,"facType":"unknown"}},{"type":"Feature","geometry":{"type":"Point","coordinates":[-84.40327,33.85173]},"properties":{"probability":0.155,"inBuffer":false,"facType":"unknown"}},{"type":"Feature","geometry":{"type":"Point","coordinates":[-84.39787,33.85161]},"properties":{"probability":0.293,"inBuffer":false,"facType":"unknown"}},{"type":"Feature","geometry":{"type":"Point","coordinates":[-84.38707,33.85139]},"properties":{"probability":0.521,"inBuffer":false,"facType":"unknown"}},{"type":"Feature","geometry":{"type":"Point","coordinates":[-84.38167,33.85127]},"properties":{"probability":0.595,"inBuffer":false,"facType":"unknown"}},{"type":"Feature","geometry":{"type":"Point","coordinates":[-84.37627,33.85116]},"properties":{"probability":0.182,"inBuffer":false,"facType":"unknown"}},{"type":"Feature","geometry":{"type":"Point","coordinates":[-84.37087,33.85104]},"properties":{"probability":0.956,"inBuffer":false,"facType":"unknown"}},{"type":"Feature","geometry":{"type":"Point","coordinates":[-84.36547,33.85093]},"properties":{"probability":0.958,"inBuffer":false,"facType":"unknown"}},{"type":"Feature","geometry":{"type":"Point","coordinates":[-84.36007,33.85081]},"properties":{"probability":0.958,"inBuffer":false,"facType":"unknown"}},{"type":"Feature","geometry":{"type":"Point","coordinates":[-84.35467,33.85069]},"properties":{"probability":0.276,"inBuffer":false,"facType":"unknown"}},{"type":"Feature","geometry":{"type":"Point","coordinates":[-84.34927,33.85058]},"properties":{"probability":0.111,"inBuffer":false,"facType":"unknown"}},{"type":"Feature","geometry":{"type":"Point","coordinates":[-84.34388,33.85046]},"properties":{"probability":0.122,"inBuffer":false,"facType":"unknown"}},{"type":"Feature","geometry":{"type":"Point","coordinates":[-84.33848,33.85035]},"properties":{"probability":0.112,"inBuffer":false,"facType":"unknown"}},{"type":"Feature","geometry":{"type":"Point","coordinates":[-84.33308,33.85023]},"properties":{"probability":0.132,"inBuffer":false,"facType":"unknown"}},{"type":"Feature","geometry":{"type":"Point","coordinates":[-84.32768,33.85011]},"properties":{"probability":0.238,"inBuffer":false,"facType":"unknown"}},{"type":"Feature","geometry":{"type":"Point","coordinates":[-84.32228,33.84999]},"properties":{"probability":0.171,"inBuffer":false,"facType":"unknown"}},{"type":"Feature","geometry":{"type":"Point","coordinates":[-84.31688,33.84988]},"properties":{"probability":0.513,"inBuffer":false,"facType":"unknown"}},{"type":"Feature","geometry":{"type":"Point","coordinates":[-84.31148,33.84976]},"properties":{"probability":0.533,"inBuffer":false,"facType":"unknown"}},{"type":"Feature","geometry":{"type":"Point","coordinates":[-84.30608,33.84964]},"properties":{"probability":0.208,"inBuffer":false,"facType":"unknown"}},{"type":"Feature","geometry":{"type":"Point","coordinates":[-84.26289,33.84869]},"properties":{"probability":0.475,"inBuffer":false,"facType":"unknown"}},{"type":"Feature","geometry":{"type":"Point","coordinates":[-84.25749,33.84857]},"properties":{"probability":0.683,"inBuffer":false,"facType":"unknown"}},{"type":"Feature","geometry":{"type":"Point","coordinates":[-84.2521,33.84845]},"properties":{"probability":0.702,"inBuffer":false,"facType":"unknown"}},{"type":"Feature","geometry":{"type":"Point","coordinates":[-84.2467,33.84833]},"properties":{"probability":0.662,"inBuffer":false,"facType":"unknown"}},{"type":"Feature","geometry":{"type":"Point","coordinates":[-84.2413,33.84821]},"properties":{"probability":0.558,"inBuffer":false,"facType":"unknown"}},{"type":"Feature","geometry":{"type":"Point","coordinates":[-84.2359,33.84809]},"properties":{"probability":0.224,"inBuffer":false,"facType":"unknown"}},{"type":"Feature","geometry":{"type":"Point","coordinates":[-84.2305,33.84797]},"properties":{"probability":0.099,"inBuffer":false,"facType":"unknown"}},{"type":"Feature","geometry":{"type":"Point","coordinates":[-84.2251,33.84784]},"properties":{"probability":0.383,"inBuffer":false,"facType":"unknown"}},{"type":"Feature","geometry":{"type":"Point","coordinates":[-84.21971,33.84772]},"properties":{"probability":0.947,"inBuffer":false,"facType":"unknown"}},{"type":"Feature","geometry":{"type":"Point","coordinates":[-84.21431,33.8476]},"properties":{"probability":0.952,"inBuffer":false,"facType":"unknown"}},{"type":"Feature","geometry":{"type":"Point","coordinates":[-84.54379,33.8501]},"properties":{"probability":0.122,"inBuffer":false,"facType":"unknown"}},{"type":"Feature","geometry":{"type":"Point","coordinates":[-84.51679,33.84956]},"properties":{"probability":0.323,"inBuffer":false,"facType":"unknown"}},{"type":"Feature","geometry":{"type":"Point","coordinates":[-84.51139,33.84945]},"properties":{"probability":0.325,"inBuffer":false,"facType":"unknown"}},{"type":"Feature","geometry":{"type":"Point","coordinates":[-84.50599,33.84934]},"properties":{"probability":0.381,"inBuffer":false,"facType":"unknown"}},{"type":"Feature","geometry":{"type":"Point","coordinates":[-84.50059,33.84923]},"properties":{"probability":0.935,"inBuffer":false,"facType":"unknown"}},{"type":"Feature","geometry":{"type":"Point","coordinates":[-84.49519,33.84912]},"properties":{"probability":0.943,"inBuffer":false,"facType":"unknown"}},{"type":"Feature","geometry":{"type":"Point","coordinates":[-84.48979,33.84901]},"properties":{"probability":0.946,"inBuffer":false,"facType":"unknown"}},{"type":"Feature","geometry":{"type":"Point","coordinates":[-84.48439,33.8489]},"properties":{"probability":0.935,"inBuffer":false,"facType":"unknown"}},{"type":"Feature","geometry":{"type":"Point","coordinates":[-84.47899,33.84879]},"properties":{"probability":0.867,"inBuffer":false,"facType":"unknown"}},{"type":"Feature","geometry":{"type":"Point","coordinates":[-84.47359,33.84868]},"properties":{"probability":0.163,"inBuffer":false,"facType":"unknown"}},{"type":"Feature","geometry":{"type":"Point","coordinates":[-84.46819,33.84857]},"properties":{"probability":0.135,"inBuffer":false,"facType":"unknown"}},{"type":"Feature","geometry":{"type":"Point","coordinates":[-84.4358,33.8479]},"properties":{"probability":0.459,"inBuffer":false,"facType":"unknown"}},{"type":"Feature","geometry":{"type":"Point","coordinates":[-84.4304,33.84779]},"properties":{"probability":0.649,"inBuffer":false,"facType":"unknown"}},{"type":"Feature","geometry":{"type":"Point","coordinates":[-84.425,33.84768]},"properties":{"probability":0.51,"inBuffer":false,"facType":"unknown"}},{"type":"Feature","geometry":{"type":"Point","coordinates":[-84.4142,33.84745]},"properties":{"probability":0.159,"inBuffer":false,"facType":"unknown"}},{"type":"Feature","geometry":{"type":"Point","coordinates":[-84.4034,33.84722]},"properties":{"probability":0.313,"inBuffer":false,"facType":"unknown"}},{"type":"Feature","geometry":{"type":"Point","coordinates":[-84.398,33.84711]},"properties":{"probability":0.337,"inBuffer":false,"facType":"unknown"}},{"type":"Feature","geometry":{"type":"Point","coordinates":[-84.3926,33.84699]},"properties":{"probability":0.308,"inBuffer":false,"facType":"unknown"}},{"type":"Feature","geometry":{"type":"Point","coordinates":[-84.38721,33.84688]},"properties":{"probability":0.271,"inBuffer":false,"facType":"unknown"}},{"type":"Feature","geometry":{"type":"Point","coordinates":[-84.38181,33.84677]},"properties":{"probability":0.956,"inBuffer":false,"facType":"unknown"}},{"type":"Feature","geometry":{"type":"Point","coordinates":[-84.37641,33.84665]},"properties":{"probability":0.958,"inBuffer":false,"facType":"unknown"}},{"type":"Feature","geometry":{"type":"Point","coordinates":[-84.37101,33.84654]},"properties":{"probability":0.959,"inBuffer":false,"facType":"unknown"}},{"type":"Feature","geometry":{"type":"Point","coordinates":[-84.36561,33.84642]},"properties":{"probability":0.959,"inBuffer":false,"facType":"unknown"}},{"type":"Feature","geometry":{"type":"Point","coordinates":[-84.36021,33.84631]},"properties":{"probability":0.957,"inBuffer":false,"facType":"unknown"}},{"type":"Feature","geometry":{"type":"Point","coordinates":[-84.35481,33.84619]},"properties":{"probability":0.275,"inBuffer":false,"facType":"unknown"}},{"type":"Feature","geometry":{"type":"Point","coordinates":[-84.34941,33.84607]},"properties":{"probability":0.235,"inBuffer":false,"facType":"unknown"}},{"type":"Feature","geometry":{"type":"Point","coordinates":[-84.34401,33.84596]},"properties":{"probability":0.093,"inBuffer":false,"facType":"unknown"}},{"type":"Feature","geometry":{"type":"Point","coordinates":[-84.33862,33.84584]},"properties":{"probability":0.082,"inBuffer":false,"facType":"unknown"}},{"type":"Feature","geometry":{"type":"Point","coordinates":[-84.33322,33.84572]},"properties":{"probability":0.175,"inBuffer":false,"facType":"unknown"}},{"type":"Feature","geometry":{"type":"Point","coordinates":[-84.32782,33.84561]},"properties":{"probability":0.377,"inBuffer":false,"facType":"unknown"}},{"type":"Feature","geometry":{"type":"Point","coordinates":[-84.32242,33.84549]},"properties":{"probability":0.169,"inBuffer":false,"facType":"unknown"}},{"type":"Feature","geometry":{"type":"Point","coordinates":[-84.31702,33.84537]},"properties":{"probability":0.569,"inBuffer":false,"facType":"unknown"}},{"type":"Feature","geometry":{"type":"Point","coordinates":[-84.31162,33.84525]},"properties":{"probability":0.576,"inBuffer":false,"facType":"unknown"}},{"type":"Feature","geometry":{"type":"Point","coordinates":[-84.30622,33.84514]},"properties":{"probability":0.429,"inBuffer":false,"facType":"unknown"}},{"type":"Feature","geometry":{"type":"Point","coordinates":[-84.26304,33.84418]},"properties":{"probability":0.164,"inBuffer":false,"facType":"unknown"}},{"type":"Feature","geometry":{"type":"Point","coordinates":[-84.25764,33.84406]},"properties":{"probability":0.276,"inBuffer":false,"facType":"unknown"}},{"type":"Feature","geometry":{"type":"Point","coordinates":[-84.25224,33.84394]},"properties":{"probability":0.645,"inBuffer":false,"facType":"unknown"}},{"type":"Feature","geometry":{"type":"Point","coordinates":[-84.24684,33.84382]},"properties":{"probability":0.658,"inBuffer":false,"facType":"unknown"}},{"type":"Feature","geometry":{"type":"Point","coordinates":[-84.24144,33.8437]},"properties":{"probability":0.65,"inBuffer":false,"facType":"unknown"}},{"type":"Feature","geometry":{"type":"Point","coordinates":[-84.23605,33.84358]},"properties":{"probability":0.642,"inBuffer":false,"facType":"unknown"}},{"type":"Feature","geometry":{"type":"Point","coordinates":[-84.23065,33.84346]},"properties":{"probability":0.123,"inBuffer":false,"facType":"unknown"}},{"type":"Feature","geometry":{"type":"Point","coordinates":[-84.22525,33.84334]},"properties":{"probability":0.242,"inBuffer":false,"facType":"unknown"}},{"type":"Feature","geometry":{"type":"Point","coordinates":[-84.21985,33.84322]},"properties":{"probability":0.212,"inBuffer":false,"facType":"unknown"}},{"type":"Feature","geometry":{"type":"Point","coordinates":[-84.21445,33.8431]},"properties":{"probability":0.221,"inBuffer":false,"facType":"unknown"}},{"type":"Feature","geometry":{"type":"Point","coordinates":[-84.53312,33.84538]},"properties":{"probability":0.083,"inBuffer":false,"facType":"unknown"}},{"type":"Feature","geometry":{"type":"Point","coordinates":[-84.52772,33.84527]},"properties":{"probability":0.101,"inBuffer":false,"facType":"unknown"}},{"type":"Feature","geometry":{"type":"Point","coordinates":[-84.52232,33.84516]},"properties":{"probability":0.094,"inBuffer":false,"facType":"unknown"}},{"type":"Feature","geometry":{"type":"Point","coordinates":[-84.51692,33.84506]},"properties":{"probability":0.263,"inBuffer":false,"facType":"unknown"}},{"type":"Feature","geometry":{"type":"Point","coordinates":[-84.51152,33.84495]},"properties":{"probability":0.263,"inBuffer":false,"facType":"unknown"}},{"type":"Feature","geometry":{"type":"Point","coordinates":[-84.50612,33.84484]},"properties":{"probability":0.27,"inBuffer":false,"facType":"unknown"}},{"type":"Feature","geometry":{"type":"Point","coordinates":[-84.50072,33.84473]},"properties":{"probability":0.95,"inBuffer":false,"facType":"unknown"}},{"type":"Feature","geometry":{"type":"Point","coordinates":[-84.49532,33.84462]},"properties":{"probability":0.947,"inBuffer":false,"facType":"unknown"}},{"type":"Feature","geometry":{"type":"Point","coordinates":[-84.48992,33.84451]},"properties":{"probability":0.949,"inBuffer":false,"facType":"unknown"}},{"type":"Feature","geometry":{"type":"Point","coordinates":[-84.48452,33.8444]},"properties":{"probability":0.944,"inBuffer":false,"facType":"unknown"}},{"type":"Feature","geometry":{"type":"Point","coordinates":[-84.47913,33.84429]},"properties":{"probability":0.903,"inBuffer":false,"facType":"unknown"}},{"type":"Feature","geometry":{"type":"Point","coordinates":[-84.47373,33.84418]},"properties":{"probability":0.166,"inBuffer":false,"facType":"unknown"}},{"type":"Feature","geometry":{"type":"Point","coordinates":[-84.46833,33.84407]},"properties":{"probability":0.135,"inBuffer":false,"facType":"unknown"}},{"type":"Feature","geometry":{"type":"Point","coordinates":[-84.43593,33.8434]},"properties":{"probability":0.298,"inBuffer":false,"facType":"unknown"}},{"type":"Feature","geometry":{"type":"Point","coordinates":[-84.43053,33.84328]},"properties":{"probability":0.644,"inBuffer":false,"facType":"unknown"}},{"type":"Feature","geometry":{"type":"Point","coordinates":[-84.42513,33.84317]},"properties":{"probability":0.588,"inBuffer":false,"facType":"unknown"}},{"type":"Feature","geometry":{"type":"Point","coordinates":[-84.41974,33.84306]},"properties":{"probability":0.881,"inBuffer":false,"facType":"unknown"}},{"type":"Feature","geometry":{"type":"Point","coordinates":[-84.41434,33.84295]},"properties":{"probability":0.157,"inBuffer":false,"facType":"unknown"}},{"type":"Feature","geometry":{"type":"Point","coordinates":[-84.40354,33.84272]},"properties":{"probability":0.301,"inBuffer":false,"facType":"unknown"}},{"type":"Feature","geometry":{"type":"Point","coordinates":[-84.39814,33.8426]},"properties":{"probability":0.335,"inBuffer":false,"facType":"unknown"}},{"type":"Feature","geometry":{"type":"Point","coordinates":[-84.39274,33.84249]},"properties":{"probability":0.161,"inBuffer":false,"facType":"unknown"}},{"type":"Feature","geometry":{"type":"Point","coordinates":[-84.38734,33.84238]},"properties":{"probability":0.275,"inBuffer":false,"facType":"unknown"}},{"type":"Feature","geometry":{"type":"Point","coordinates":[-84.38194,33.84226]},"properties":{"probability":0.958,"inBuffer":false,"facType":"unknown"}},{"type":"Feature","geometry":{"type":"Point","coordinates":[-84.37655,33.84215]},"properties":{"probability":0.958,"inBuffer":false,"facType":"unknown"}},{"type":"Feature","geometry":{"type":"Point","coordinates":[-84.37115,33.84203]},"properties":{"probability":0.961,"inBuffer":false,"facType":"unknown"}},{"type":"Feature","geometry":{"type":"Point","coordinates":[-84.36575,33.84192]},"properties":{"probability":0.66,"inBuffer":false,"facType":"unknown"}},{"type":"Feature","geometry":{"type":"Point","coordinates":[-84.36035,33.8418]},"properties":{"probability":0.186,"inBuffer":false,"facType":"unknown"}},{"type":"Feature","geometry":{"type":"Point","coordinates":[-84.35495,33.84168]},"properties":{"probability":0.347,"inBuffer":false,"facType":"unknown"}},{"type":"Feature","geometry":{"type":"Point","coordinates":[-84.34955,33.84157]},"properties":{"probability":0.243,"inBuffer":false,"facType":"unknown"}},{"type":"Feature","geometry":{"type":"Point","coordinates":[-84.34415,33.84145]},"properties":{"probability":0.11,"inBuffer":false,"facType":"unknown"}},{"type":"Feature","geometry":{"type":"Point","coordinates":[-84.33876,33.84134]},"properties":{"probability":0.168,"inBuffer":false,"facType":"unknown"}},{"type":"Feature","geometry":{"type":"Point","coordinates":[-84.33336,33.84122]},"properties":{"probability":0.407,"inBuffer":false,"facType":"unknown"}},{"type":"Feature","geometry":{"type":"Point","coordinates":[-84.32796,33.8411]},"properties":{"probability":0.954,"inBuffer":false,"facType":"unknown"}},{"type":"Feature","geometry":{"type":"Point","coordinates":[-84.32256,33.84098]},"properties":{"probability":0.372,"inBuffer":false,"facType":"unknown"}},{"type":"Feature","geometry":{"type":"Point","coordinates":[-84.31716,33.84087]},"properties":{"probability":0.41,"inBuffer":false,"facType":"unknown"}},{"type":"Feature","geometry":{"type":"Point","coordinates":[-84.31176,33.84075]},"properties":{"probability":0.946,"inBuffer":false,"facType":"unknown"}},{"type":"Feature","geometry":{"type":"Point","coordinates":[-84.30637,33.84063]},"properties":{"probability":0.879,"inBuffer":false,"facType":"unknown"}},{"type":"Feature","geometry":{"type":"Point","coordinates":[-84.30097,33.84051]},"properties":{"probability":0.145,"inBuffer":false,"facType":"unknown"}},{"type":"Feature","geometry":{"type":"Point","coordinates":[-84.29557,33.8404]},"properties":{"probability":0.127,"inBuffer":false,"facType":"unknown"}},{"type":"Feature","geometry":{"type":"Point","coordinates":[-84.29017,33.84028]},"properties":{"probability":0.127,"inBuffer":false,"facType":"unknown"}},{"type":"Feature","geometry":{"type":"Point","coordinates":[-84.28477,33.84016]},"properties":{"probability":0.126,"inBuffer":false,"facType":"unknown"}},{"type":"Feature","geometry":{"type":"Point","coordinates":[-84.27937,33.84004]},"properties":{"probability":0.123,"inBuffer":false,"facType":"unknown"}},{"type":"Feature","geometry":{"type":"Point","coordinates":[-84.27398,33.83992]},"properties":{"probability":0.121,"inBuffer":false,"facType":"unknown"}},{"type":"Feature","geometry":{"type":"Point","coordinates":[-84.26858,33.8398]},"properties":{"probability":0.152,"inBuffer":false,"facType":"unknown"}},{"type":"Feature","geometry":{"type":"Point","coordinates":[-84.26318,33.83968]},"properties":{"probability":0.945,"inBuffer":false,"facType":"unknown"}},{"type":"Feature","geometry":{"type":"Point","coordinates":[-84.25778,33.83956]},"properties":{"probability":0.956,"inBuffer":false,"facType":"unknown"}},{"type":"Feature","geometry":{"type":"Point","coordinates":[-84.25238,33.83944]},"properties":{"probability":0.956,"inBuffer":false,"facType":"unknown"}},{"type":"Feature","geometry":{"type":"Point","coordinates":[-84.24699,33.83932]},"properties":{"probability":0.947,"inBuffer":false,"facType":"unknown"}},{"type":"Feature","geometry":{"type":"Point","coordinates":[-84.24159,33.8392]},"properties":{"probability":0.647,"inBuffer":false,"facType":"unknown"}},{"type":"Feature","geometry":{"type":"Point","coordinates":[-84.23619,33.83908]},"properties":{"probability":0.618,"inBuffer":false,"facType":"unknown"}},{"type":"Feature","geometry":{"type":"Point","coordinates":[-84.23079,33.83896]},"properties":{"probability":0.06,"inBuffer":false,"facType":"unknown"}},{"type":"Feature","geometry":{"type":"Point","coordinates":[-84.22,33.83871]},"properties":{"probability":0.136,"inBuffer":false,"facType":"unknown"}},{"type":"Feature","geometry":{"type":"Point","coordinates":[-84.2146,33.83859]},"properties":{"probability":0.206,"inBuffer":false,"facType":"unknown"}},{"type":"Feature","geometry":{"type":"Point","coordinates":[-84.53325,33.84088]},"properties":{"probability":0.088,"inBuffer":false,"facType":"unknown"}},{"type":"Feature","geometry":{"type":"Point","coordinates":[-84.52785,33.84077]},"properties":{"probability":0.123,"inBuffer":false,"facType":"unknown"}},{"type":"Feature","geometry":{"type":"Point","coordinates":[-84.52245,33.84066]},"properties":{"probability":0.297,"inBuffer":false,"facType":"unknown"}},{"type":"Feature","geometry":{"type":"Point","coordinates":[-84.51705,33.84055]},"properties":{"probability":0.223,"inBuffer":false,"facType":"unknown"}},{"type":"Feature","geometry":{"type":"Point","coordinates":[-84.51165,33.84044]},"properties":{"probability":0.188,"inBuffer":false,"facType":"unknown"}},{"type":"Feature","geometry":{"type":"Point","coordinates":[-84.50625,33.84033]},"properties":{"probability":0.265,"inBuffer":false,"facType":"unknown"}},{"type":"Feature","geometry":{"type":"Point","coordinates":[-84.50085,33.84022]},"properties":{"probability":0.946,"inBuffer":false,"facType":"unknown"}},{"type":"Feature","geometry":{"type":"Point","coordinates":[-84.49545,33.84011]},"properties":{"probability":0.945,"inBuffer":false,"facType":"unknown"}},{"type":"Feature","geometry":{"type":"Point","coordinates":[-84.49006,33.84]},"properties":{"probability":0.266,"inBuffer":false,"facType":"unknown"}},{"type":"Feature","geometry":{"type":"Point","coordinates":[-84.48466,33.83989]},"properties":{"probability":0.286,"inBuffer":false,"facType":"unknown"}},{"type":"Feature","geometry":{"type":"Point","coordinates":[-84.47926,33.83978]},"properties":{"probability":0.285,"inBuffer":false,"facType":"unknown"}},{"type":"Feature","geometry":{"type":"Point","coordinates":[-84.47386,33.83967]},"properties":{"probability":0.084,"inBuffer":false,"facType":"unknown"}},{"type":"Feature","geometry":{"type":"Point","coordinates":[-84.43607,33.83889]},"properties":{"probability":0.104,"inBuffer":false,"facType":"unknown"}},{"type":"Feature","geometry":{"type":"Point","coordinates":[-84.43067,33.83878]},"properties":{"probability":0.126,"inBuffer":false,"facType":"unknown"}},{"type":"Feature","geometry":{"type":"Point","coordinates":[-84.42527,33.83867]},"properties":{"probability":0.937,"inBuffer":false,"facType":"unknown"}},{"type":"Feature","geometry":{"type":"Point","coordinates":[-84.41987,33.83855]},"properties":{"probability":0.88,"inBuffer":false,"facType":"unknown"}},{"type":"Feature","geometry":{"type":"Point","coordinates":[-84.41447,33.83844]},"properties":{"probability":0.86,"inBuffer":false,"facType":"unknown"}},{"type":"Feature","geometry":{"type":"Point","coordinates":[-84.40907,33.83833]},"properties":{"probability":0.148,"inBuffer":false,"facType":"unknown"}},{"type":"Feature","geometry":{"type":"Point","coordinates":[-84.38748,33.83787]},"properties":{"probability":0.273,"inBuffer":false,"facType":"unknown"}},{"type":"Feature","geometry":{"type":"Point","coordinates":[-84.38208,33.83776]},"properties":{"probability":0.958,"inBuffer":false,"facType":"unknown"}},{"type":"Feature","geometry":{"type":"Point","coordinates":[-84.37668,33.83764]},"properties":{"probability":0.961,"inBuffer":false,"facType":"unknown"}},{"type":"Feature","geometry":{"type":"Point","coordinates":[-84.37129,33.83753]},"properties":{"probability":0.739,"inBuffer":false,"facType":"unknown"}},{"type":"Feature","geometry":{"type":"Point","coordinates":[-84.36589,33.83741]},"properties":{"probability":0.644,"inBuffer":false,"facType":"unknown"}},{"type":"Feature","geometry":{"type":"Point","coordinates":[-84.36049,33.8373]},"properties":{"probability":0.282,"inBuffer":false,"facType":"unknown"}},{"type":"Feature","geometry":{"type":"Point","coordinates":[-84.35509,33.83718]},"properties":{"probability":0.059,"inBuffer":false,"facType":"unknown"}},{"type":"Feature","geometry":{"type":"Point","coordinates":[-84.34969,33.83706]},"properties":{"probability":0.297,"inBuffer":false,"facType":"unknown"}},{"type":"Feature","geometry":{"type":"Point","coordinates":[-84.34429,33.83695]},"properties":{"probability":0.17,"inBuffer":false,"facType":"unknown"}},{"type":"Feature","geometry":{"type":"Point","coordinates":[-84.3389,33.83683]},"properties":{"probability":0.409,"inBuffer":false,"facType":"unknown"}},{"type":"Feature","geometry":{"type":"Point","coordinates":[-84.3335,33.83671]},"properties":{"probability":0.661,"inBuffer":false,"facType":"unknown"}},{"type":"Feature","geometry":{"type":"Point","coordinates":[-84.3281,33.8366]},"properties":{"probability":0.955,"inBuffer":false,"facType":"unknown"}},{"type":"Feature","geometry":{"type":"Point","coordinates":[-84.3227,33.83648]},"properties":{"probability":0.946,"inBuffer":false,"facType":"unknown"}},{"type":"Feature","geometry":{"type":"Point","coordinates":[-84.3173,33.83636]},"properties":{"probability":0.942,"inBuffer":false,"facType":"unknown"}},{"type":"Feature","geometry":{"type":"Point","coordinates":[-84.31191,33.83625]},"properties":{"probability":0.945,"inBuffer":false,"facType":"unknown"}},{"type":"Feature","geometry":{"type":"Point","coordinates":[-84.30651,33.83613]},"properties":{"probability":0.89,"inBuffer":false,"facType":"unknown"}},{"type":"Feature","geometry":{"type":"Point","coordinates":[-84.30111,33.83601]},"properties":{"probability":0.145,"inBuffer":false,"facType":"unknown"}},{"type":"Feature","geometry":{"type":"Point","coordinates":[-84.29571,33.83589]},"properties":{"probability":0.127,"inBuffer":false,"facType":"unknown"}},{"type":"Feature","geometry":{"type":"Point","coordinates":[-84.29031,33.83577]},"properties":{"probability":0.136,"inBuffer":false,"facType":"unknown"}},{"type":"Feature","geometry":{"type":"Point","coordinates":[-84.28492,33.83565]},"properties":{"probability":0.129,"inBuffer":false,"facType":"unknown"}},{"type":"Feature","geometry":{"type":"Point","coordinates":[-84.27952,33.83553]},"properties":{"probability":0.124,"inBuffer":false,"facType":"unknown"}},{"type":"Feature","geometry":{"type":"Point","coordinates":[-84.27412,33.83542]},"properties":{"probability":0.126,"inBuffer":false,"facType":"unknown"}},{"type":"Feature","geometry":{"type":"Point","coordinates":[-84.26872,33.8353]},"properties":{"probability":0.19,"inBuffer":false,"facType":"unknown"}},{"type":"Feature","geometry":{"type":"Point","coordinates":[-84.26332,33.83518]},"properties":{"probability":0.917,"inBuffer":false,"facType":"unknown"}},{"type":"Feature","geometry":{"type":"Point","coordinates":[-84.25793,33.83506]},"properties":{"probability":0.946,"inBuffer":false,"facType":"unknown"}},{"type":"Feature","geometry":{"type":"Point","coordinates":[-84.25253,33.83494]},"properties":{"probability":0.941,"inBuffer":false,"facType":"unknown"}},{"type":"Feature","geometry":{"type":"Point","coordinates":[-84.24713,33.83482]},"properties":{"probability":0.934,"inBuffer":false,"facType":"unknown"}},{"type":"Feature","geometry":{"type":"Point","coordinates":[-84.24173,33.83469]},"properties":{"probability":0.256,"inBuffer":false,"facType":"unknown"}},{"type":"Feature","geometry":{"type":"Point","coordinates":[-84.23634,33.83457]},"properties":{"probability":0.099,"inBuffer":false,"facType":"unknown"}},{"type":"Feature","geometry":{"type":"Point","coordinates":[-84.22014,33.83421]},"properties":{"probability":0.152,"inBuffer":false,"facType":"unknown"}},{"type":"Feature","geometry":{"type":"Point","coordinates":[-84.21475,33.83409]},"properties":{"probability":0.205,"inBuffer":false,"facType":"unknown"}},{"type":"Feature","geometry":{"type":"Point","coordinates":[-84.52798,33.83626]},"properties":{"probability":0.062,"inBuffer":false,"facType":"unknown"}},{"type":"Feature","geometry":{"type":"Point","coordinates":[-84.52258,33.83615]},"properties":{"probability":0.211,"inBuffer":false,"facType":"unknown"}},{"type":"Feature","geometry":{"type":"Point","coordinates":[-84.51718,33.83604]},"properties":{"probability":0.222,"inBuffer":false,"facType":"unknown"}},{"type":"Feature","geometry":{"type":"Point","coordinates":[-84.51178,33.83594]},"properties":{"probability":0.191,"inBuffer":false,"facType":"unknown"}},{"type":"Feature","geometry":{"type":"Point","coordinates":[-84.50638,33.83583]},"properties":{"probability":0.216,"inBuffer":false,"facType":"unknown"}},{"type":"Feature","geometry":{"type":"Point","coordinates":[-84.50099,33.83572]},"properties":{"probability":0.246,"inBuffer":false,"facType":"unknown"}},{"type":"Feature","geometry":{"type":"Point","coordinates":[-84.49559,33.83561]},"properties":{"probability":0.261,"inBuffer":false,"facType":"unknown"}},{"type":"Feature","geometry":{"type":"Point","coordinates":[-84.49019,33.8355]},"properties":{"probability":0.255,"inBuffer":false,"facType":"unknown"}},{"type":"Feature","geometry":{"type":"Point","coordinates":[-84.48479,33.83539]},"properties":{"probability":0.15,"inBuffer":false,"facType":"unknown"}},{"type":"Feature","geometry":{"type":"Point","coordinates":[-84.47939,33.83528]},"properties":{"probability":0.161,"inBuffer":false,"facType":"unknown"}},{"type":"Feature","geometry":{"type":"Point","coordinates":[-84.47399,33.83517]},"properties":{"probability":0.102,"inBuffer":false,"facType":"unknown"}},{"type":"Feature","geometry":{"type":"Point","coordinates":[-84.46859,33.83506]},"properties":{"probability":0.197,"inBuffer":false,"facType":"unknown"}},{"type":"Feature","geometry":{"type":"Point","coordinates":[-84.46319,33.83494]},"properties":{"probability":0.329,"inBuffer":false,"facType":"unknown"}},{"type":"Feature","geometry":{"type":"Point","coordinates":[-84.4578,33.83483]},"properties":{"probability":0.31,"inBuffer":false,"facType":"unknown"}},{"type":"Feature","geometry":{"type":"Point","coordinates":[-84.4524,33.83472]},"properties":{"probability":0.148,"inBuffer":false,"facType":"unknown"}},{"type":"Feature","geometry":{"type":"Point","coordinates":[-84.4362,33.83439]},"properties":{"probability":0.159,"inBuffer":false,"facType":"unknown"}},{"type":"Feature","geometry":{"type":"Point","coordinates":[-84.4308,33.83427]},"properties":{"probability":0.204,"inBuffer":false,"facType":"unknown"}},{"type":"Feature","geometry":{"type":"Point","coordinates":[-84.42541,33.83416]},"properties":{"probability":0.893,"inBuffer":false,"facType":"unknown"}},{"type":"Feature","geometry":{"type":"Point","coordinates":[-84.42001,33.83405]},"properties":{"probability":0.853,"inBuffer":false,"facType":"unknown"}},{"type":"Feature","geometry":{"type":"Point","coordinates":[-84.41461,33.83394]},"properties":{"probability":0.847,"inBuffer":false,"facType":"unknown"}},{"type":"Feature","geometry":{"type":"Point","coordinates":[-84.40921,33.83382]},"properties":{"probability":0.148,"inBuffer":false,"facType":"unknown"}},{"type":"Feature","geometry":{"type":"Point","coordinates":[-84.38762,33.83337]},"properties":{"probability":0.253,"inBuffer":false,"facType":"unknown"}},{"type":"Feature","geometry":{"type":"Point","coordinates":[-84.38222,33.83325]},"properties":{"probability":0.266,"inBuffer":false,"facType":"unknown"}},{"type":"Feature","geometry":{"type":"Point","coordinates":[-84.37682,33.83314]},"properties":{"probability":0.273,"inBuffer":false,"facType":"unknown"}},{"type":"Feature","geometry":{"type":"Point","coordinates":[-84.37142,33.83302]},"properties":{"probability":0.629,"inBuffer":false,"facType":"unknown"}},{"type":"Feature","geometry":{"type":"Point","coordinates":[-84.36603,33.83291]},"properties":{"probability":0.636,"inBuffer":false,"facType":"unknown"}},{"type":"Feature","geometry":{"type":"Point","coordinates":[-84.36063,33.83279]},"properties":{"probability":0.459,"inBuffer":false,"facType":"unknown"}},{"type":"Feature","geometry":{"type":"Point","coordinates":[-84.35523,33.83267]},"properties":{"probability":0.106,"inBuffer":false,"facType":"unknown"}},{"type":"Feature","geometry":{"type":"Point","coordinates":[-84.34983,33.83256]},"properties":{"probability":0.296,"inBuffer":false,"facType":"unknown"}},{"type":"Feature","geometry":{"type":"Point","coordinates":[-84.34443,33.83244]},"properties":{"probability":0.375,"inBuffer":false,"facType":"unknown"}},{"type":"Feature","geometry":{"type":"Point","coordinates":[-84.33904,33.83233]},"properties":{"probability":0.956,"inBuffer":false,"facType":"unknown"}},{"type":"Feature","geometry":{"type":"Point","coordinates":[-84.33364,33.83221]},"properties":{"probability":0.956,"inBuffer":false,"facType":"unknown"}},{"type":"Feature","geometry":{"type":"Point","coordinates":[-84.32824,33.83209]},"properties":{"probability":0.945,"inBuffer":false,"facType":"unknown"}},{"type":"Feature","geometry":{"type":"Point","coordinates":[-84.32284,33.83198]},"properties":{"probability":0.928,"inBuffer":false,"facType":"unknown"}},{"type":"Feature","geometry":{"type":"Point","coordinates":[-84.31744,33.83186]},"properties":{"probability":0.207,"inBuffer":false,"facType":"unknown"}},{"type":"Feature","geometry":{"type":"Point","coordinates":[-84.31205,33.83174]},"properties":{"probability":0.898,"inBuffer":false,"facType":"unknown"}},{"type":"Feature","geometry":{"type":"Point","coordinates":[-84.30665,33.83162]},"properties":{"probability":0.873,"inBuffer":false,"facType":"unknown"}},{"type":"Feature","geometry":{"type":"Point","coordinates":[-84.30125,33.8315]},"properties":{"probability":0.143,"inBuffer":false,"facType":"unknown"}},{"type":"Feature","geometry":{"type":"Point","coordinates":[-84.29585,33.83139]},"properties":{"probability":0.122,"inBuffer":false,"facType":"unknown"}},{"type":"Feature","geometry":{"type":"Point","coordinates":[-84.29046,33.83127]},"properties":{"probability":0.156,"inBuffer":false,"facType":"unknown"}},{"type":"Feature","geometry":{"type":"Point","coordinates":[-84.28506,33.83115]},"properties":{"probability":0.136,"inBuffer":false,"facType":"unknown"}},{"type":"Feature","geometry":{"type":"Point","coordinates":[-84.25807,33.83055]},"properties":{"probability":0.497,"inBuffer":false,"facType":"unknown"}},{"type":"Feature","geometry":{"type":"Point","coordinates":[-84.25267,33.83043]},"properties":{"probability":0.463,"inBuffer":false,"facType":"unknown"}},{"type":"Feature","geometry":{"type":"Point","coordinates":[-84.24728,33.83031]},"properties":{"probability":0.903,"inBuffer":false,"facType":"unknown"}},{"type":"Feature","geometry":{"type":"Point","coordinates":[-84.24188,33.83019]},"properties":{"probability":0.874,"inBuffer":false,"facType":"unknown"}},{"type":"Feature","geometry":{"type":"Point","coordinates":[-84.23648,33.83007]},"properties":{"probability":0.311,"inBuffer":false,"facType":"unknown"}},{"type":"Feature","geometry":{"type":"Point","coordinates":[-84.23108,33.82995]},"properties":{"probability":0.143,"inBuffer":false,"facType":"unknown"}},{"type":"Feature","geometry":{"type":"Point","coordinates":[-84.22569,33.82983]},"properties":{"probability":0.14,"inBuffer":false,"facType":"unknown"}},{"type":"Feature","geometry":{"type":"Point","coordinates":[-84.22029,33.8297]},"properties":{"probability":0.156,"inBuffer":false,"facType":"unknown"}},{"type":"Feature","geometry":{"type":"Point","coordinates":[-84.21489,33.82958]},"properties":{"probability":0.206,"inBuffer":false,"facType":"unknown"}},{"type":"Feature","geometry":{"type":"Point","coordinates":[-84.5605,33.8324]},"properties":{"probability":0.275,"inBuffer":false,"facType":"unknown"}},{"type":"Feature","geometry":{"type":"Point","coordinates":[-84.5551,33.83229]},"properties":{"probability":0.283,"inBuffer":false,"facType":"unknown"}},{"type":"Feature","geometry":{"type":"Point","coordinates":[-84.5497,33.83219]},"properties":{"probability":0.135,"inBuffer":false,"facType":"unknown"}},{"type":"Feature","geometry":{"type":"Point","coordinates":[-84.52271,33.83165]},"properties":{"probability":0.126,"inBuffer":false,"facType":"unknown"}},{"type":"Feature","geometry":{"type":"Point","coordinates":[-84.51731,33.83154]},"properties":{"probability":0.178,"inBuffer":false,"facType":"unknown"}},{"type":"Feature","geometry":{"type":"Point","coordinates":[-84.51191,33.83143]},"properties":{"probability":0.205,"inBuffer":false,"facType":"unknown"}},{"type":"Feature","geometry":{"type":"Point","coordinates":[-84.50651,33.83132]},"properties":{"probability":0.202,"inBuffer":false,"facType":"unknown"}},{"type":"Feature","geometry":{"type":"Point","coordinates":[-84.50112,33.83121]},"properties":{"probability":0.201,"inBuffer":false,"facType":"unknown"}},{"type":"Feature","geometry":{"type":"Point","coordinates":[-84.49572,33.8311]},"properties":{"probability":0.259,"inBuffer":false,"facType":"unknown"}},{"type":"Feature","geometry":{"type":"Point","coordinates":[-84.49032,33.83099]},"properties":{"probability":0.157,"inBuffer":false,"facType":"unknown"}},{"type":"Feature","geometry":{"type":"Point","coordinates":[-84.48492,33.83088]},"properties":{"probability":0.157,"inBuffer":false,"facType":"unknown"}},{"type":"Feature","geometry":{"type":"Point","coordinates":[-84.47952,33.83077]},"properties":{"probability":0.477,"inBuffer":false,"facType":"unknown"}},{"type":"Feature","geometry":{"type":"Point","coordinates":[-84.47412,33.83066]},"properties":{"probability":0.524,"inBuffer":false,"facType":"unknown"}},{"type":"Feature","geometry":{"type":"Point","coordinates":[-84.46873,33.83055]},"properties":{"probability":0.572,"inBuffer":false,"facType":"unknown"}},{"type":"Feature","geometry":{"type":"Point","coordinates":[-84.46333,33.83044]},"properties":{"probability":0.516,"inBuffer":false,"facType":"unknown"}},{"type":"Feature","geometry":{"type":"Point","coordinates":[-84.45793,33.83033]},"properties":{"probability":0.414,"inBuffer":false,"facType":"unknown"}},{"type":"Feature","geometry":{"type":"Point","coordinates":[-84.45253,33.83022]},"properties":{"probability":0.3,"inBuffer":false,"facType":"unknown"}},{"type":"Feature","geometry":{"type":"Point","coordinates":[-84.43634,33.82988]},"properties":{"probability":0.124,"inBuffer":false,"facType":"unknown"}},{"type":"Feature","geometry":{"type":"Point","coordinates":[-84.43094,33.82977]},"properties":{"probability":0.165,"inBuffer":false,"facType":"unknown"}},{"type":"Feature","geometry":{"type":"Point","coordinates":[-84.42554,33.82966]},"properties":{"probability":0.206,"inBuffer":false,"facType":"unknown"}},{"type":"Feature","geometry":{"type":"Point","coordinates":[-84.42014,33.82954]},"properties":{"probability":0.154,"inBuffer":false,"facType":"unknown"}},{"type":"Feature","geometry":{"type":"Point","coordinates":[-84.41474,33.82943]},"properties":{"probability":0.146,"inBuffer":false,"facType":"unknown"}},{"type":"Feature","geometry":{"type":"Point","coordinates":[-84.40935,33.82932]},"properties":{"probability":0.134,"inBuffer":false,"facType":"unknown"}},{"type":"Feature","geometry":{"type":"Point","coordinates":[-84.40395,33.8292]},"properties":{"probability":0.135,"inBuffer":false,"facType":"unknown"}},{"type":"Feature","geometry":{"type":"Point","coordinates":[-84.38775,33.82886]},"properties":{"probability":0.242,"inBuffer":false,"facType":"unknown"}},{"type":"Feature","geometry":{"type":"Point","coordinates":[-84.38236,33.82875]},"properties":{"probability":0.099,"inBuffer":false,"facType":"unknown"}},{"type":"Feature","geometry":{"type":"Point","coordinates":[-84.37156,33.82852]},"properties":{"probability":0.624,"inBuffer":false,"facType":"unknown"}},{"type":"Feature","geometry":{"type":"Point","coordinates":[-84.36616,33.8284]},"properties":{"probability":0.668,"inBuffer":false,"facType":"unknown"}},{"type":"Feature","geometry":{"type":"Point","coordinates":[-84.36077,33.82829]},"properties":{"probability":0.957,"inBuffer":false,"facType":"unknown"}},{"type":"Feature","geometry":{"type":"Point","coordinates":[-84.35537,33.82817]},"properties":{"probability":0.284,"inBuffer":false,"facType":"unknown"}},{"type":"Feature","geometry":{"type":"Point","coordinates":[-84.34997,33.82805]},"properties":{"probability":0.277,"inBuffer":false,"facType":"unknown"}},{"type":"Feature","geometry":{"type":"Point","coordinates":[-84.34457,33.82794]},"properties":{"probability":0.372,"inBuffer":false,"facType":"unknown"}},{"type":"Feature","geometry":{"type":"Point","coordinates":[-84.33917,33.82782]},"properties":{"probability":0.954,"inBuffer":false,"facType":"unknown"}},{"type":"Feature","geometry":{"type":"Point","coordinates":[-84.33378,33.8277]},"properties":{"probability":0.955,"inBuffer":false,"facType":"unknown"}},{"type":"Feature","geometry":{"type":"Point","coordinates":[-84.32838,33.82759]},"properties":{"probability":0.941,"inBuffer":false,"facType":"unknown"}},{"type":"Feature","geometry":{"type":"Point","coordinates":[-84.32298,33.82747]},"properties":{"probability":0.344,"inBuffer":false,"facType":"unknown"}},{"type":"Feature","geometry":{"type":"Point","coordinates":[-84.31758,33.82735]},"properties":{"probability":0.198,"inBuffer":false,"facType":"unknown"}},{"type":"Feature","geometry":{"type":"Point","coordinates":[-84.31219,33.82724]},"properties":{"probability":0.188,"inBuffer":false,"facType":"unknown"}},{"type":"Feature","geometry":{"type":"Point","coordinates":[-84.30679,33.82712]},"properties":{"probability":0.156,"inBuffer":false,"facType":"unknown"}},{"type":"Feature","geometry":{"type":"Point","coordinates":[-84.30139,33.827]},"properties":{"probability":0.121,"inBuffer":false,"facType":"unknown"}},{"type":"Feature","geometry":{"type":"Point","coordinates":[-84.2906,33.82676]},"properties":{"probability":0.057,"inBuffer":false,"facType":"unknown"}},{"type":"Feature","geometry":{"type":"Point","coordinates":[-84.2852,33.82664]},"properties":{"probability":0.18,"inBuffer":false,"facType":"unknown"}},{"type":"Feature","geometry":{"type":"Point","coordinates":[-84.2798,33.82653]},"properties":{"probability":0.126,"inBuffer":false,"facType":"unknown"}},{"type":"Feature","geometry":{"type":"Point","coordinates":[-84.26361,33.82617]},"properties":{"probability":0.292,"inBuffer":false,"facType":"unknown"}},{"type":"Feature","geometry":{"type":"Point","coordinates":[-84.25821,33.82605]},"properties":{"probability":0.494,"inBuffer":false,"facType":"unknown"}},{"type":"Feature","geometry":{"type":"Point","coordinates":[-84.25282,33.82593]},"properties":{"probability":0.515,"inBuffer":false,"facType":"unknown"}},{"type":"Feature","geometry":{"type":"Point","coordinates":[-84.24742,33.82581]},"properties":{"probability":0.931,"inBuffer":false,"facType":"unknown"}},{"type":"Feature","geometry":{"type":"Point","coordinates":[-84.24202,33.82569]},"properties":{"probability":0.87,"inBuffer":false,"facType":"unknown"}},{"type":"Feature","geometry":{"type":"Point","coordinates":[-84.23663,33.82556]},"properties":{"probability":0.223,"inBuffer":false,"facType":"unknown"}},{"type":"Feature","geometry":{"type":"Point","coordinates":[-84.23123,33.82544]},"properties":{"probability":0.932,"inBuffer":false,"facType":"unknown"}},{"type":"Feature","geometry":{"type":"Point","coordinates":[-84.22583,33.82532]},"properties":{"probability":0.889,"inBuffer":false,"facType":"unknown"}},{"type":"Feature","geometry":{"type":"Point","coordinates":[-84.22044,33.8252]},"properties":{"probability":0.139,"inBuffer":false,"facType":"unknown"}},{"type":"Feature","geometry":{"type":"Point","coordinates":[-84.21504,33.82508]},"properties":{"probability":0.182,"inBuffer":false,"facType":"unknown"}},{"type":"Feature","geometry":{"type":"Point","coordinates":[-84.56063,33.8279]},"properties":{"probability":0.273,"inBuffer":false,"facType":"unknown"}},{"type":"Feature","geometry":{"type":"Point","coordinates":[-84.55523,33.82779]},"properties":{"probability":0.271,"inBuffer":false,"facType":"unknown"}},{"type":"Feature","geometry":{"type":"Point","coordinates":[-84.54983,33.82768]},"properties":{"probability":0.135,"inBuffer":false,"facType":"unknown"}},{"type":"Feature","geometry":{"type":"Point","coordinates":[-84.52284,33.82714]},"properties":{"probability":0.14,"inBuffer":false,"facType":"unknown"}},{"type":"Feature","geometry":{"type":"Point","coordinates":[-84.51744,33.82703]},"properties":{"probability":0.145,"inBuffer":false,"facType":"unknown"}},{"type":"Feature","geometry":{"type":"Point","coordinates":[-84.51204,33.82692]},"properties":{"probability":0.191,"inBuffer":false,"facType":"unknown"}},{"type":"Feature","geometry":{"type":"Point","coordinates":[-84.50665,33.82682]},"properties":{"probability":0.084,"inBuffer":false,"facType":"unknown"}},{"type":"Feature","geometry":{"type":"Point","coordinates":[-84.50125,33.82671]},"properties":{"probability":0.092,"inBuffer":false,"facType":"unknown"}},{"type":"Feature","geometry":{"type":"Point","coordinates":[-84.49585,33.8266]},"properties":{"probability":0.165,"inBuffer":false,"facType":"unknown"}},{"type":"Feature","geometry":{"type":"Point","coordinates":[-84.49045,33.82649]},"properties":{"probability":0.175,"inBuffer":false,"facType":"unknown"}},{"type":"Feature","geometry":{"type":"Point","coordinates":[-84.48505,33.82638]},"properties":{"probability":0.544,"inBuffer":false,"facType":"unknown"}},{"type":"Feature","geometry":{"type":"Point","coordinates":[-84.47965,33.82627]},"properties":{"probability":0.465,"inBuffer":false,"facType":"unknown"}},{"type":"Feature","geometry":{"type":"Point","coordinates":[-84.47426,33.82616]},"properties":{"probability":0.531,"inBuffer":false,"facType":"unknown"}},{"type":"Feature","geometry":{"type":"Point","coordinates":[-84.46886,33.82605]},"properties":{"probability":0.559,"inBuffer":false,"facType":"unknown"}},{"type":"Feature","geometry":{"type":"Point","coordinates":[-84.46346,33.82593]},"properties":{"probability":0.479,"inBuffer":false,"facType":"unknown"}},{"type":"Feature","geometry":{"type":"Point","coordinates":[-84.45806,33.82582]},"properties":{"probability":0.561,"inBuffer":false,"facType":"unknown"}},{"type":"Feature","geometry":{"type":"Point","coordinates":[-84.45266,33.82571]},"properties":{"probability":0.583,"inBuffer":false,"facType":"unknown"}},{"type":"Feature","geometry":{"type":"Point","coordinates":[-84.44727,33.8256]},"properties":{"probability":0.308,"inBuffer":false,"facType":"unknown"}},{"type":"Feature","geometry":{"type":"Point","coordinates":[-84.43107,33.82526]},"properties":{"probability":0.127,"inBuffer":false,"facType":"unknown"}},{"type":"Feature","geometry":{"type":"Point","coordinates":[-84.42568,33.82515]},"properties":{"probability":0.149,"inBuffer":false,"facType":"unknown"}},{"type":"Feature","geometry":{"type":"Point","coordinates":[-84.42028,33.82504]},"properties":{"probability":0.132,"inBuffer":false,"facType":"unknown"}},{"type":"Feature","geometry":{"type":"Point","coordinates":[-84.41488,33.82493]},"properties":{"probability":0.126,"inBuffer":false,"facType":"unknown"}},{"type":"Feature","geometry":{"type":"Point","coordinates":[-84.40948,33.82481]},"properties":{"probability":0.126,"inBuffer":false,"facType":"unknown"}},{"type":"Feature","geometry":{"type":"Point","coordinates":[-84.39329,33.82447]},"properties":{"probability":0.056,"inBuffer":false,"facType":"unknown"}},{"type":"Feature","geometry":{"type":"Point","coordinates":[-84.38789,33.82436]},"properties":{"probability":0.107,"inBuffer":false,"facType":"unknown"}},{"type":"Feature","geometry":{"type":"Point","coordinates":[-84.38249,33.82424]},"properties":{"probability":0.084,"inBuffer":false,"facType":"unknown"}},{"type":"Feature","geometry":{"type":"Point","coordinates":[-84.3771,33.82413]},"properties":{"probability":0.101,"inBuffer":false,"facType":"unknown"}},{"type":"Feature","geometry":{"type":"Point","coordinates":[-84.3717,33.82401]},"properties":{"probability":0.66,"inBuffer":false,"facType":"unknown"}},{"type":"Feature","geometry":{"type":"Point","coordinates":[-84.3663,33.8239]},"properties":{"probability":0.701,"inBuffer":false,"facType":"unknown"}},{"type":"Feature","geometry":{"type":"Point","coordinates":[-84.3609,33.82378]},"properties":{"probability":0.958,"inBuffer":false,"facType":"unknown"}},{"type":"Feature","geometry":{"type":"Point","coordinates":[-84.35551,33.82367]},"properties":{"probability":0.956,"inBuffer":false,"facType":"unknown"}},{"type":"Feature","geometry":{"type":"Point","coordinates":[-84.35011,33.82355]},"properties":{"probability":0.281,"inBuffer":false,"facType":"unknown"}},{"type":"Feature","geometry":{"type":"Point","coordinates":[-84.34471,33.82343]},"properties":{"probability":0.391,"inBuffer":false,"facType":"unknown"}},{"type":"Feature","geometry":{"type":"Point","coordinates":[-84.33931,33.82332]},"properties":{"probability":0.931,"inBuffer":false,"facType":"unknown"}},{"type":"Feature","geometry":{"type":"Point","coordinates":[-84.33392,33.8232]},"properties":{"probability":0.938,"inBuffer":false,"facType":"unknown"}},{"type":"Feature","geometry":{"type":"Point","coordinates":[-84.32852,33.82308]},"properties":{"probability":0.401,"inBuffer":false,"facType":"unknown"}},{"type":"Feature","geometry":{"type":"Point","coordinates":[-84.32312,33.82297]},"properties":{"probability":0.34,"inBuffer":false,"facType":"unknown"}},{"type":"Feature","geometry":{"type":"Point","coordinates":[-84.31773,33.82285]},"properties":{"probability":0.243,"inBuffer":false,"facType":"unknown"}},{"type":"Feature","geometry":{"type":"Point","coordinates":[-84.31233,33.82273]},"properties":{"probability":0.17,"inBuffer":false,"facType":"unknown"}},{"type":"Feature","geometry":{"type":"Point","coordinates":[-84.30693,33.82261]},"properties":{"probability":0.138,"inBuffer":false,"facType":"unknown"}},{"type":"Feature","geometry":{"type":"Point","coordinates":[-84.28534,33.82214]},"properties":{"probability":0.145,"inBuffer":false,"facType":"unknown"}},{"type":"Feature","geometry":{"type":"Point","coordinates":[-84.27995,33.82202]},"properties":{"probability":0.149,"inBuffer":false,"facType":"unknown"}},{"type":"Feature","geometry":{"type":"Point","coordinates":[-84.27455,33.8219]},"properties":{"probability":0.189,"inBuffer":false,"facType":"unknown"}},{"type":"Feature","geometry":{"type":"Point","coordinates":[-84.26376,33.82166]},"properties":{"probability":0.095,"inBuffer":false,"facType":"unknown"}},{"type":"Feature","geometry":{"type":"Point","coordinates":[-84.25836,33.82154]},"properties":{"probability":0.45,"inBuffer":false,"facType":"unknown"}},{"type":"Feature","geometry":{"type":"Point","coordinates":[-84.25296,33.82142]},"properties":{"probability":0.389,"inBuffer":false,"facType":"unknown"}},{"type":"Feature","geometry":{"type":"Point","coordinates":[-84.24756,33.8213]},"properties":{"probability":0.903,"inBuffer":false,"facType":"unknown"}},{"type":"Feature","geometry":{"type":"Point","coordinates":[-84.24217,33.82118]},"properties":{"probability":0.315,"inBuffer":false,"facType":"unknown"}},{"type":"Feature","geometry":{"type":"Point","coordinates":[-84.23677,33.82106]},"properties":{"probability":0.944,"inBuffer":false,"facType":"unknown"}},{"type":"Feature","geometry":{"type":"Point","coordinates":[-84.23137,33.82094]},"properties":{"probability":0.949,"inBuffer":false,"facType":"unknown"}},{"type":"Feature","geometry":{"type":"Point","coordinates":[-84.22598,33.82082]},"properties":{"probability":0.943,"inBuffer":false,"facType":"unknown"}},{"type":"Feature","geometry":{"type":"Point","coordinates":[-84.22058,33.8207]},"properties":{"probability":0.144,"inBuffer":false,"facType":"unknown"}},{"type":"Feature","geometry":{"type":"Point","coordinates":[-84.21518,33.82057]},"properties":{"probability":0.149,"inBuffer":false,"facType":"unknown"}},{"type":"Feature","geometry":{"type":"Point","coordinates":[-84.50138,33.8222]},"properties":{"probability":0.115,"inBuffer":false,"facType":"unknown"}},{"type":"Feature","geometry":{"type":"Point","coordinates":[-84.49598,33.82209]},"properties":{"probability":0.16,"inBuffer":false,"facType":"unknown"}},{"type":"Feature","geometry":{"type":"Point","coordinates":[-84.49058,33.82198]},"properties":{"probability":0.526,"inBuffer":false,"facType":"unknown"}},{"type":"Feature","geometry":{"type":"Point","coordinates":[-84.48518,33.82187]},"properties":{"probability":0.485,"inBuffer":false,"facType":"unknown"}},{"type":"Feature","geometry":{"type":"Point","coordinates":[-84.47979,33.82176]},"properties":{"probability":0.468,"inBuffer":false,"facType":"unknown"}},{"type":"Feature","geometry":{"type":"Point","coordinates":[-84.47439,33.82165]},"properties":{"probability":0.476,"inBuffer":false,"facType":"unknown"}},{"type":"Feature","geometry":{"type":"Point","coordinates":[-84.46899,33.82154]},"properties":{"probability":0.468,"inBuffer":false,"facType":"unknown"}},{"type":"Feature","geometry":{"type":"Point","coordinates":[-84.46359,33.82143]},"properties":{"probability":0.419,"inBuffer":false,"facType":"unknown"}},{"type":"Feature","geometry":{"type":"Point","coordinates":[-84.4582,33.82132]},"properties":{"probability":0.653,"inBuffer":false,"facType":"unknown"}},{"type":"Feature","geometry":{"type":"Point","coordinates":[-84.4528,33.82121]},"properties":{"probability":0.652,"inBuffer":false,"facType":"unknown"}},{"type":"Feature","geometry":{"type":"Point","coordinates":[-84.4474,33.8211]},"properties":{"probability":0.373,"inBuffer":false,"facType":"unknown"}},{"type":"Feature","geometry":{"type":"Point","coordinates":[-84.442,33.82098]},"properties":{"probability":0.094,"inBuffer":false,"facType":"unknown"}},{"type":"Feature","geometry":{"type":"Point","coordinates":[-84.41502,33.82042]},"properties":{"probability":0.164,"inBuffer":false,"facType":"unknown"}},{"type":"Feature","geometry":{"type":"Point","coordinates":[-84.39882,33.82008]},"properties":{"probability":0.086,"inBuffer":false,"facType":"unknown"}},{"type":"Feature","geometry":{"type":"Point","coordinates":[-84.39343,33.81997]},"properties":{"probability":0.107,"inBuffer":false,"facType":"unknown"}},{"type":"Feature","geometry":{"type":"Point","coordinates":[-84.38803,33.81985]},"properties":{"probability":0.162,"inBuffer":false,"facType":"unknown"}},{"type":"Feature","geometry":{"type":"Point","coordinates":[-84.38263,33.81974]},"properties":{"probability":0.104,"inBuffer":false,"facType":"unknown"}},{"type":"Feature","geometry":{"type":"Point","coordinates":[-84.37723,33.81962]},"properties":{"probability":0.157,"inBuffer":false,"facType":"unknown"}},{"type":"Feature","geometry":{"type":"Point","coordinates":[-84.37184,33.81951]},"properties":{"probability":0.619,"inBuffer":false,"facType":"unknown"}},{"type":"Feature","geometry":{"type":"Point","coordinates":[-84.36644,33.81939]},"properties":{"probability":0.617,"inBuffer":false,"facType":"unknown"}},{"type":"Feature","geometry":{"type":"Point","coordinates":[-84.36104,33.81928]},"properties":{"probability":0.957,"inBuffer":false,"facType":"unknown"}},{"type":"Feature","geometry":{"type":"Point","coordinates":[-84.35565,33.81916]},"properties":{"probability":0.957,"inBuffer":false,"facType":"unknown"}},{"type":"Feature","geometry":{"type":"Point","coordinates":[-84.35025,33.81904]},"properties":{"probability":0.176,"inBuffer":false,"facType":"unknown"}},{"type":"Feature","geometry":{"type":"Point","coordinates":[-84.34485,33.81893]},"properties":{"probability":0.064,"inBuffer":false,"facType":"unknown"}},{"type":"Feature","geometry":{"type":"Point","coordinates":[-84.33945,33.81881]},"properties":{"probability":0.338,"inBuffer":false,"facType":"unknown"}},{"type":"Feature","geometry":{"type":"Point","coordinates":[-84.33406,33.8187]},"properties":{"probability":0.352,"inBuffer":false,"facType":"unknown"}},{"type":"Feature","geometry":{"type":"Point","coordinates":[-84.32866,33.81858]},"properties":{"probability":0.241,"inBuffer":false,"facType":"unknown"}},{"type":"Feature","geometry":{"type":"Point","coordinates":[-84.32326,33.81846]},"properties":{"probability":0.235,"inBuffer":false,"facType":"unknown"}},{"type":"Feature","geometry":{"type":"Point","coordinates":[-84.31787,33.81834]},"properties":{"probability":0.292,"inBuffer":false,"facType":"unknown"}},{"type":"Feature","geometry":{"type":"Point","coordinates":[-84.31247,33.81823]},"properties":{"probability":0.153,"inBuffer":false,"facType":"unknown"}},{"type":"Feature","geometry":{"type":"Point","coordinates":[-84.30707,33.81811]},"properties":{"probability":0.06,"inBuffer":false,"facType":"unknown"}},{"type":"Feature","geometry":{"type":"Point","coordinates":[-84.29628,33.81787]},"properties":{"probability":0.261,"inBuffer":false,"facType":"unknown"}},{"type":"Feature","geometry":{"type":"Point","coordinates":[-84.28549,33.81764]},"properties":{"probability":0.139,"inBuffer":false,"facType":"unknown"}},{"type":"Feature","geometry":{"type":"Point","coordinates":[-84.28009,33.81752]},"properties":{"probability":0.144,"inBuffer":false,"facType":"unknown"}},{"type":"Feature","geometry":{"type":"Point","coordinates":[-84.27469,33.8174]},"properties":{"probability":0.903,"inBuffer":false,"facType":"unknown"}},{"type":"Feature","geometry":{"type":"Point","coordinates":[-84.2693,33.81728]},"properties":{"probability":0.216,"inBuffer":false,"facType":"unknown"}},{"type":"Feature","geometry":{"type":"Point","coordinates":[-84.2639,33.81716]},"properties":{"probability":0.085,"inBuffer":false,"facType":"unknown"}},{"type":"Feature","geometry":{"type":"Point","coordinates":[-84.2585,33.81704]},"properties":{"probability":0.067,"inBuffer":false,"facType":"unknown"}},{"type":"Feature","geometry":{"type":"Point","coordinates":[-84.24771,33.8168]},"properties":{"probability":0.339,"inBuffer":false,"facType":"unknown"}},{"type":"Feature","geometry":{"type":"Point","coordinates":[-84.24231,33.81668]},"properties":{"probability":0.093,"inBuffer":false,"facType":"unknown"}},{"type":"Feature","geometry":{"type":"Point","coordinates":[-84.23692,33.81656]},"properties":{"probability":0.933,"inBuffer":false,"facType":"unknown"}},{"type":"Feature","geometry":{"type":"Point","coordinates":[-84.23152,33.81643]},"properties":{"probability":0.904,"inBuffer":false,"facType":"unknown"}},{"type":"Feature","geometry":{"type":"Point","coordinates":[-84.22612,33.81631]},"properties":{"probability":0.879,"inBuffer":false,"facType":"unknown"}},{"type":"Feature","geometry":{"type":"Point","coordinates":[-84.22073,33.81619]},"properties":{"probability":0.145,"inBuffer":false,"facType":"unknown"}},{"type":"Feature","geometry":{"type":"Point","coordinates":[-84.21533,33.81607]},"properties":{"probability":0.122,"inBuffer":false,"facType":"unknown"}},{"type":"Feature","geometry":{"type":"Point","coordinates":[-84.50151,33.8177]},"properties":{"probability":0.101,"inBuffer":false,"facType":"unknown"}},{"type":"Feature","geometry":{"type":"Point","coordinates":[-84.49611,33.81759]},"properties":{"probability":0.495,"inBuffer":false,"facType":"unknown"}},{"type":"Feature","geometry":{"type":"Point","coordinates":[-84.49071,33.81748]},"properties":{"probability":0.407,"inBuffer":false,"facType":"unknown"}},{"type":"Feature","geometry":{"type":"Point","coordinates":[-84.48532,33.81737]},"properties":{"probability":0.319,"inBuffer":false,"facType":"unknown"}},{"type":"Feature","geometry":{"type":"Point","coordinates":[-84.47992,33.81726]},"properties":{"probability":0.361,"inBuffer":false,"facType":"unknown"}},{"type":"Feature","geometry":{"type":"Point","coordinates":[-84.47452,33.81715]},"properties":{"probability":0.294,"inBuffer":false,"facType":"unknown"}},{"type":"Feature","geometry":{"type":"Point","coordinates":[-84.46912,33.81704]},"properties":{"probability":0.395,"inBuffer":false,"facType":"unknown"}},{"type":"Feature","geometry":{"type":"Point","coordinates":[-84.46373,33.81692]},"properties":{"probability":0.407,"inBuffer":false,"facType":"unknown"}},{"type":"Feature","geometry":{"type":"Point","coordinates":[-84.45833,33.81681]},"properties":{"probability":0.559,"inBuffer":false,"facType":"unknown"}},{"type":"Feature","geometry":{"type":"Point","coordinates":[-84.45293,33.8167]},"properties":{"probability":0.174,"inBuffer":false,"facType":"unknown"}},{"type":"Feature","geometry":{"type":"Point","coordinates":[-84.44753,33.81659]},"properties":{"probability":0.145,"inBuffer":false,"facType":"unknown"}},{"type":"Feature","geometry":{"type":"Point","coordinates":[-84.44214,33.81648]},"properties":{"probability":0.131,"inBuffer":false,"facType":"unknown"}},{"type":"Feature","geometry":{"type":"Point","coordinates":[-84.43674,33.81637]},"properties":{"probability":0.115,"inBuffer":false,"facType":"unknown"}},{"type":"Feature","geometry":{"type":"Point","coordinates":[-84.43134,33.81625]},"properties":{"probability":0.3,"inBuffer":false,"facType":"unknown"}},{"type":"Feature","geometry":{"type":"Point","coordinates":[-84.42595,33.81614]},"properties":{"probability":0.115,"inBuffer":false,"facType":"unknown"}},{"type":"Feature","geometry":{"type":"Point","coordinates":[-84.42055,33.81603]},"properties":{"probability":0.089,"inBuffer":false,"facType":"unknown"}},{"type":"Feature","geometry":{"type":"Point","coordinates":[-84.41515,33.81592]},"properties":{"probability":0.057,"inBuffer":false,"facType":"unknown"}},{"type":"Feature","geometry":{"type":"Point","coordinates":[-84.39896,33.81557]},"properties":{"probability":0.48,"inBuffer":false,"facType":"unknown"}},{"type":"Feature","geometry":{"type":"Point","coordinates":[-84.39356,33.81546]},"properties":{"probability":0.63,"inBuffer":false,"facType":"unknown"}},{"type":"Feature","geometry":{"type":"Point","coordinates":[-84.38817,33.81535]},"properties":{"probability":0.378,"inBuffer":false,"facType":"unknown"}},{"type":"Feature","geometry":{"type":"Point","coordinates":[-84.38277,33.81523]},"properties":{"probability":0.145,"inBuffer":false,"facType":"unknown"}},{"type":"Feature","geometry":{"type":"Point","coordinates":[-84.37737,33.81512]},"properties":{"probability":0.266,"inBuffer":false,"facType":"unknown"}},{"type":"Feature","geometry":{"type":"Point","coordinates":[-84.37197,33.815]},"properties":{"probability":0.959,"inBuffer":false,"facType":"unknown"}},{"type":"Feature","geometry":{"type":"Point","coordinates":[-84.36658,33.81489]},"properties":{"probability":0.958,"inBuffer":false,"facType":"unknown"}},{"type":"Feature","geometry":{"type":"Point","coordinates":[-84.36118,33.81477]},"properties":{"probability":0.267,"inBuffer":false,"facType":"unknown"}},{"type":"Feature","geometry":{"type":"Point","coordinates":[-84.35578,33.81466]},"properties":{"probability":0.589,"inBuffer":false,"facType":"unknown"}},{"type":"Feature","geometry":{"type":"Point","coordinates":[-84.35039,33.81454]},"properties":{"probability":0.59,"inBuffer":false,"facType":"unknown"}},{"type":"Feature","geometry":{"type":"Point","coordinates":[-84.34499,33.81442]},"properties":{"probability":0.068,"inBuffer":false,"facType":"unknown"}},{"type":"Feature","geometry":{"type":"Point","coordinates":[-84.33959,33.81431]},"properties":{"probability":0.243,"inBuffer":false,"facType":"unknown"}},{"type":"Feature","geometry":{"type":"Point","coordinates":[-84.3342,33.81419]},"properties":{"probability":0.356,"inBuffer":false,"facType":"unknown"}},{"type":"Feature","geometry":{"type":"Point","coordinates":[-84.3288,33.81407]},"properties":{"probability":0.337,"inBuffer":false,"facType":"unknown"}},{"type":"Feature","geometry":{"type":"Point","coordinates":[-84.3234,33.81396]},"properties":{"probability":0.271,"inBuffer":false,"facType":"unknown"}},{"type":"Feature","geometry":{"type":"Point","coordinates":[-84.31801,33.81384]},"properties":{"probability":0.297,"inBuffer":false,"facType":"unknown"}},{"type":"Feature","geometry":{"type":"Point","coordinates":[-84.31261,33.81372]},"properties":{"probability":0.296,"inBuffer":false,"facType":"unknown"}},{"type":"Feature","geometry":{"type":"Point","coordinates":[-84.30721,33.8136]},"properties":{"probability":0.126,"inBuffer":false,"facType":"unknown"}},{"type":"Feature","geometry":{"type":"Point","coordinates":[-84.30182,33.81349]},"properties":{"probability":0.312,"inBuffer":false,"facType":"unknown"}},{"type":"Feature","geometry":{"type":"Point","coordinates":[-84.29642,33.81337]},"properties":{"probability":0.313,"inBuffer":false,"facType":"unknown"}},{"type":"Feature","geometry":{"type":"Point","coordinates":[-84.29102,33.81325]},"properties":{"probability":0.299,"inBuffer":false,"facType":"unknown"}},{"type":"Feature","geometry":{"type":"Point","coordinates":[-84.28563,33.81313]},"properties":{"probability":0.149,"inBuffer":false,"facType":"unknown"}},{"type":"Feature","geometry":{"type":"Point","coordinates":[-84.28023,33.81301]},"properties":{"probability":0.882,"inBuffer":false,"facType":"unknown"}},{"type":"Feature","geometry":{"type":"Point","coordinates":[-84.27484,33.81289]},"properties":{"probability":0.939,"inBuffer":false,"facType":"unknown"}},{"type":"Feature","geometry":{"type":"Point","coordinates":[-84.26944,33.81277]},"properties":{"probability":0.946,"inBuffer":false,"facType":"unknown"}},{"type":"Feature","geometry":{"type":"Point","coordinates":[-84.26404,33.81265]},"properties":{"probability":0.201,"inBuffer":false,"facType":"unknown"}},{"type":"Feature","geometry":{"type":"Point","coordinates":[-84.25325,33.81241]},"properties":{"probability":0.215,"inBuffer":false,"facType":"unknown"}},{"type":"Feature","geometry":{"type":"Point","coordinates":[-84.24785,33.81229]},"properties":{"probability":0.234,"inBuffer":false,"facType":"unknown"}},{"type":"Feature","geometry":{"type":"Point","coordinates":[-84.24246,33.81217]},"properties":{"probability":0.933,"inBuffer":false,"facType":"unknown"}},{"type":"Feature","geometry":{"type":"Point","coordinates":[-84.23706,33.81205]},"properties":{"probability":0.333,"inBuffer":false,"facType":"unknown"}},{"type":"Feature","geometry":{"type":"Point","coordinates":[-84.23167,33.81193]},"properties":{"probability":0.28,"inBuffer":false,"facType":"unknown"}},{"type":"Feature","geometry":{"type":"Point","coordinates":[-84.22627,33.81181]},"properties":{"probability":0.144,"inBuffer":false,"facType":"unknown"}},{"type":"Feature","geometry":{"type":"Point","coordinates":[-84.22087,33.81169]},"properties":{"probability":0.121,"inBuffer":false,"facType":"unknown"}},{"type":"Feature","geometry":{"type":"Point","coordinates":[-84.21548,33.81157]},"properties":{"probability":0.121,"inBuffer":false,"facType":"unknown"}},{"type":"Feature","geometry":{"type":"Point","coordinates":[-84.56641,33.81449]},"properties":{"probability":0.083,"inBuffer":false,"facType":"unknown"}},{"type":"Feature","geometry":{"type":"Point","coordinates":[-84.56101,33.81438]},"properties":{"probability":0.083,"inBuffer":false,"facType":"unknown"}},{"type":"Feature","geometry":{"type":"Point","coordinates":[-84.55562,33.81427]},"properties":{"probability":0.079,"inBuffer":false,"facType":"unknown"}},{"type":"Feature","geometry":{"type":"Point","coordinates":[-84.54482,33.81406]},"properties":{"probability":0.054,"inBuffer":false,"facType":"unknown"}},{"type":"Feature","geometry":{"type":"Point","coordinates":[-84.50704,33.8133]},"properties":{"probability":0.059,"inBuffer":false,"facType":"unknown"}},{"type":"Feature","geometry":{"type":"Point","coordinates":[-84.50164,33.81319]},"properties":{"probability":0.119,"inBuffer":false,"facType":"unknown"}},{"type":"Feature","geometry":{"type":"Point","coordinates":[-84.49624,33.81308]},"properties":{"probability":0.52,"inBuffer":false,"facType":"unknown"}},{"type":"Feature","geometry":{"type":"Point","coordinates":[-84.49085,33.81297]},"properties":{"probability":0.32,"inBuffer":false,"facType":"unknown"}},{"type":"Feature","geometry":{"type":"Point","coordinates":[-84.48545,33.81286]},"properties":{"probability":0.154,"inBuffer":false,"facType":"unknown"}},{"type":"Feature","geometry":{"type":"Point","coordinates":[-84.48005,33.81275]},"properties":{"probability":0.2,"inBuffer":false,"facType":"unknown"}},{"type":"Feature","geometry":{"type":"Point","coordinates":[-84.47465,33.81264]},"properties":{"probability":0.886,"inBuffer":false,"facType":"unknown"}},{"type":"Feature","geometry":{"type":"Point","coordinates":[-84.46926,33.81253]},"properties":{"probability":0.889,"inBuffer":false,"facType":"unknown"}},{"type":"Feature","geometry":{"type":"Point","coordinates":[-84.46386,33.81242]},"properties":{"probability":0.152,"inBuffer":false,"facType":"unknown"}},{"type":"Feature","geometry":{"type":"Point","coordinates":[-84.45307,33.8122]},"properties":{"probability":0.079,"inBuffer":false,"facType":"unknown"}},{"type":"Feature","geometry":{"type":"Point","coordinates":[-84.44767,33.81208]},"properties":{"probability":0.056,"inBuffer":false,"facType":"unknown"}},{"type":"Feature","geometry":{"type":"Point","coordinates":[-84.44227,33.81197]},"properties":{"probability":0.107,"inBuffer":false,"facType":"unknown"}},{"type":"Feature","geometry":{"type":"Point","coordinates":[-84.43687,33.81186]},"properties":{"probability":0.648,"inBuffer":false,"facType":"unknown"}},{"type":"Feature","geometry":{"type":"Point","coordinates":[-84.43148,33.81175]},"properties":{"probability":0.65,"inBuffer":false,"facType":"unknown"}},{"type":"Feature","geometry":{"type":"Point","coordinates":[-84.42608,33.81164]},"properties":{"probability":0.421,"inBuffer":false,"facType":"unknown"}},{"type":"Feature","geometry":{"type":"Point","coordinates":[-84.42068,33.81152]},"properties":{"probability":0.154,"inBuffer":false,"facType":"unknown"}},{"type":"Feature","geometry":{"type":"Point","coordinates":[-84.41529,33.81141]},"properties":{"probability":0.251,"inBuffer":false,"facType":"unknown"}},{"type":"Feature","geometry":{"type":"Point","coordinates":[-84.40989,33.8113]},"properties":{"probability":0.296,"inBuffer":false,"facType":"unknown"}},{"type":"Feature","geometry":{"type":"Point","coordinates":[-84.40449,33.81118]},"properties":{"probability":0.341,"inBuffer":false,"facType":"unknown"}},{"type":"Feature","geometry":{"type":"Point","coordinates":[-84.3991,33.81107]},"properties":{"probability":0.956,"inBuffer":false,"facType":"unknown"}},{"type":"Feature","geometry":{"type":"Point","coordinates":[-84.3937,33.81096]},"properties":{"probability":0.66,"inBuffer":false,"facType":"unknown"}},{"type":"Feature","geometry":{"type":"Point","coordinates":[-84.3883,33.81084]},"properties":{"probability":0.599,"inBuffer":false,"facType":"unknown"}},{"type":"Feature","geometry":{"type":"Point","coordinates":[-84.38291,33.81073]},"properties":{"probability":0.169,"inBuffer":false,"facType":"unknown"}},{"type":"Feature","geometry":{"type":"Point","coordinates":[-84.37751,33.81061]},"properties":{"probability":0.273,"inBuffer":false,"facType":"unknown"}},{"type":"Feature","geometry":{"type":"Point","coordinates":[-84.37211,33.8105]},"properties":{"probability":0.958,"inBuffer":false,"facType":"unknown"}},{"type":"Feature","geometry":{"type":"Point","coordinates":[-84.36672,33.81038]},"properties":{"probability":0.958,"inBuffer":false,"facType":"unknown"}},{"type":"Feature","geometry":{"type":"Point","coordinates":[-84.36132,33.81027]},"properties":{"probability":0.956,"inBuffer":false,"facType":"unknown"}},{"type":"Feature","geometry":{"type":"Point","coordinates":[-84.35592,33.81015]},"properties":{"probability":0.65,"inBuffer":false,"facType":"unknown"}},{"type":"Feature","geometry":{"type":"Point","coordinates":[-84.35053,33.81004]},"properties":{"probability":0.585,"inBuffer":false,"facType":"unknown"}},{"type":"Feature","geometry":{"type":"Point","coordinates":[-84.34513,33.80992]},"properties":{"probability":0.272,"inBuffer":false,"facType":"unknown"}},{"type":"Feature","geometry":{"type":"Point","coordinates":[-84.33973,33.8098]},"properties":{"probability":0.34,"inBuffer":false,"facType":"unknown"}},{"type":"Feature","geometry":{"type":"Point","coordinates":[-84.33434,33.80969]},"properties":{"probability":0.914,"inBuffer":false,"facType":"unknown"}},{"type":"Feature","geometry":{"type":"Point","coordinates":[-84.32894,33.80957]},"properties":{"probability":0.869,"inBuffer":false,"facType":"unknown"}},{"type":"Feature","geometry":{"type":"Point","coordinates":[-84.32354,33.80945]},"properties":{"probability":0.301,"inBuffer":false,"facType":"unknown"}},{"type":"Feature","geometry":{"type":"Point","coordinates":[-84.31815,33.80934]},"properties":{"probability":0.302,"inBuffer":false,"facType":"unknown"}},{"type":"Feature","geometry":{"type":"Point","coordinates":[-84.31275,33.80922]},"properties":{"probability":0.385,"inBuffer":false,"facType":"unknown"}},{"type":"Feature","geometry":{"type":"Point","coordinates":[-84.30736,33.8091]},"properties":{"probability":0.392,"inBuffer":false,"facType":"unknown"}},{"type":"Feature","geometry":{"type":"Point","coordinates":[-84.30196,33.80898]},"properties":{"probability":0.298,"inBuffer":false,"facType":"unknown"}},{"type":"Feature","geometry":{"type":"Point","coordinates":[-84.29656,33.80886]},"properties":{"probability":0.315,"inBuffer":false,"facType":"unknown"}},{"type":"Feature","geometry":{"type":"Point","coordinates":[-84.29117,33.80875]},"properties":{"probability":0.295,"inBuffer":false,"facType":"unknown"}},{"type":"Feature","geometry":{"type":"Point","coordinates":[-84.28577,33.80863]},"properties":{"probability":0.179,"inBuffer":false,"facType":"unknown"}},{"type":"Feature","geometry":{"type":"Point","coordinates":[-84.28037,33.80851]},"properties":{"probability":0.942,"inBuffer":false,"facType":"unknown"}},{"type":"Feature","geometry":{"type":"Point","coordinates":[-84.27498,33.80839]},"properties":{"probability":0.956,"inBuffer":false,"facType":"unknown"}},{"type":"Feature","geometry":{"type":"Point","coordinates":[-84.26958,33.80827]},"properties":{"probability":0.905,"inBuffer":false,"facType":"unknown"}},{"type":"Feature","geometry":{"type":"Point","coordinates":[-84.26419,33.80815]},"properties":{"probability":0.192,"inBuffer":false,"facType":"unknown"}},{"type":"Feature","geometry":{"type":"Point","coordinates":[-84.25879,33.80803]},"properties":{"probability":0.137,"inBuffer":false,"facType":"unknown"}},{"type":"Feature","geometry":{"type":"Point","coordinates":[-84.25339,33.80791]},"properties":{"probability":0.081,"inBuffer":false,"facType":"unknown"}},{"type":"Feature","geometry":{"type":"Point","coordinates":[-84.248,33.80779]},"properties":{"probability":0.099,"inBuffer":false,"facType":"unknown"}},{"type":"Feature","geometry":{"type":"Point","coordinates":[-84.2426,33.80767]},"properties":{"probability":0.479,"inBuffer":false,"facType":"unknown"}},{"type":"Feature","geometry":{"type":"Point","coordinates":[-84.23721,33.80755]},"properties":{"probability":0.334,"inBuffer":false,"facType":"unknown"}},{"type":"Feature","geometry":{"type":"Point","coordinates":[-84.23181,33.80743]},"properties":{"probability":0.279,"inBuffer":false,"facType":"unknown"}},{"type":"Feature","geometry":{"type":"Point","coordinates":[-84.21562,33.80706]},"properties":{"probability":0.187,"inBuffer":false,"facType":"unknown"}},{"type":"Feature","geometry":{"type":"Point","coordinates":[-84.56654,33.80998]},"properties":{"probability":0.067,"inBuffer":false,"facType":"unknown"}},{"type":"Feature","geometry":{"type":"Point","coordinates":[-84.56114,33.80987]},"properties":{"probability":0.059,"inBuffer":false,"facType":"unknown"}},{"type":"Feature","geometry":{"type":"Point","coordinates":[-84.55574,33.80977]},"properties":{"probability":0.08,"inBuffer":false,"facType":"unknown"}},{"type":"Feature","geometry":{"type":"Point","coordinates":[-84.53955,33.80945]},"properties":{"probability":0.055,"inBuffer":false,"facType":"unknown"}},{"type":"Feature","geometry":{"type":"Point","coordinates":[-84.53415,33.80934]},"properties":{"probability":0.077,"inBuffer":false,"facType":"unknown"}},{"type":"Feature","geometry":{"type":"Point","coordinates":[-84.52876,33.80923]},"properties":{"probability":0.062,"inBuffer":false,"facType":"unknown"}},{"type":"Feature","geometry":{"type":"Point","coordinates":[-84.52336,33.80912]},"properties":{"probability":0.056,"inBuffer":false,"facType":"unknown"}},{"type":"Feature","geometry":{"type":"Point","coordinates":[-84.50717,33.80879]},"properties":{"probability":0.088,"inBuffer":false,"facType":"unknown"}},{"type":"Feature","geometry":{"type":"Point","coordinates":[-84.50177,33.80869]},"properties":{"probability":0.095,"inBuffer":false,"facType":"unknown"}},{"type":"Feature","geometry":{"type":"Point","coordinates":[-84.49637,33.80858]},"properties":{"probability":0.128,"inBuffer":false,"facType":"unknown"}},{"type":"Feature","geometry":{"type":"Point","coordinates":[-84.48558,33.80836]},"properties":{"probability":0.066,"inBuffer":false,"facType":"unknown"}},{"type":"Feature","geometry":{"type":"Point","coordinates":[-84.48018,33.80825]},"properties":{"probability":0.364,"inBuffer":false,"facType":"unknown"}},{"type":"Feature","geometry":{"type":"Point","coordinates":[-84.47479,33.80814]},"properties":{"probability":0.935,"inBuffer":false,"facType":"unknown"}},{"type":"Feature","geometry":{"type":"Point","coordinates":[-84.46939,33.80802]},"properties":{"probability":0.914,"inBuffer":false,"facType":"unknown"}},{"type":"Feature","geometry":{"type":"Point","coordinates":[-84.46399,33.80791]},"properties":{"probability":0.906,"inBuffer":false,"facType":"unknown"}},{"type":"Feature","geometry":{"type":"Point","coordinates":[-84.4586,33.8078]},"properties":{"probability":0.198,"inBuffer":false,"facType":"unknown"}},{"type":"Feature","geometry":{"type":"Point","coordinates":[-84.4532,33.80769]},"properties":{"probability":0.182,"inBuffer":false,"facType":"unknown"}},{"type":"Feature","geometry":{"type":"Point","coordinates":[-84.4478,33.80758]},"properties":{"probability":0.162,"inBuffer":false,"facType":"unknown"}},{"type":"Feature","geometry":{"type":"Point","coordinates":[-84.44241,33.80747]},"properties":{"probability":0.242,"inBuffer":false,"facType":"unknown"}},{"type":"Feature","geometry":{"type":"Point","coordinates":[-84.43701,33.80736]},"properties":{"probability":0.644,"inBuffer":false,"facType":"unknown"}},{"type":"Feature","geometry":{"type":"Point","coordinates":[-84.43161,33.80724]},"properties":{"probability":0.653,"inBuffer":false,"facType":"unknown"}},{"type":"Feature","geometry":{"type":"Point","coordinates":[-84.42622,33.80713]},"properties":{"probability":0.387,"inBuffer":false,"facType":"unknown"}},{"type":"Feature","geometry":{"type":"Point","coordinates":[-84.42082,33.80702]},"properties":{"probability":0.264,"inBuffer":false,"facType":"unknown"}},{"type":"Feature","geometry":{"type":"Point","coordinates":[-84.41542,33.80691]},"properties":{"probability":0.268,"inBuffer":false,"facType":"unknown"}},{"type":"Feature","geometry":{"type":"Point","coordinates":[-84.41003,33.80679]},"properties":{"probability":0.264,"inBuffer":false,"facType":"unknown"}},{"type":"Feature","geometry":{"type":"Point","coordinates":[-84.40463,33.80668]},"properties":{"probability":0.39,"inBuffer":false,"facType":"unknown"}},{"type":"Feature","geometry":{"type":"Point","coordinates":[-84.39923,33.80656]},"properties":{"probability":0.954,"inBuffer":false,"facType":"unknown"}},{"type":"Feature","geometry":{"type":"Point","coordinates":[-84.39384,33.80645]},"properties":{"probability":0.956,"inBuffer":false,"facType":"unknown"}},{"type":"Feature","geometry":{"type":"Point","coordinates":[-84.38844,33.80634]},"properties":{"probability":0.954,"inBuffer":false,"facType":"unknown"}},{"type":"Feature","geometry":{"type":"Point","coordinates":[-84.38304,33.80622]},"properties":{"probability":0.37,"inBuffer":false,"facType":"unknown"}},{"type":"Feature","geometry":{"type":"Point","coordinates":[-84.37765,33.80611]},"properties":{"probability":0.27,"inBuffer":false,"facType":"unknown"}},{"type":"Feature","geometry":{"type":"Point","coordinates":[-84.37225,33.80599]},"properties":{"probability":0.955,"inBuffer":false,"facType":"unknown"}},{"type":"Feature","geometry":{"type":"Point","coordinates":[-84.36685,33.80588]},"properties":{"probability":0.955,"inBuffer":false,"facType":"unknown"}},{"type":"Feature","geometry":{"type":"Point","coordinates":[-84.36146,33.80576]},"properties":{"probability":0.263,"inBuffer":false,"facType":"unknown"}},{"type":"Feature","geometry":{"type":"Point","coordinates":[-84.35606,33.80565]},"properties":{"probability":0.461,"inBuffer":false,"facType":"unknown"}},{"type":"Feature","geometry":{"type":"Point","coordinates":[-84.35067,33.80553]},"properties":{"probability":0.306,"inBuffer":false,"facType":"unknown"}},{"type":"Feature","geometry":{"type":"Point","coordinates":[-84.34527,33.80541]},"properties":{"probability":0.11,"inBuffer":false,"facType":"unknown"}},{"type":"Feature","geometry":{"type":"Point","coordinates":[-84.33987,33.8053]},"properties":{"probability":0.385,"inBuffer":false,"facType":"unknown"}},{"type":"Feature","geometry":{"type":"Point","coordinates":[-84.33448,33.80518]},"properties":{"probability":0.938,"inBuffer":false,"facType":"unknown"}},{"type":"Feature","geometry":{"type":"Point","coordinates":[-84.32908,33.80506]},"properties":{"probability":0.895,"inBuffer":false,"facType":"unknown"}},{"type":"Feature","geometry":{"type":"Point","coordinates":[-84.32368,33.80495]},"properties":{"probability":0.886,"inBuffer":false,"facType":"unknown"}},{"type":"Feature","geometry":{"type":"Point","coordinates":[-84.31829,33.80483]},"properties":{"probability":0.907,"inBuffer":false,"facType":"unknown"}},{"type":"Feature","geometry":{"type":"Point","coordinates":[-84.31289,33.80471]},"properties":{"probability":0.934,"inBuffer":false,"facType":"unknown"}},{"type":"Feature","geometry":{"type":"Point","coordinates":[-84.3075,33.8046]},"properties":{"probability":0.925,"inBuffer":false,"facType":"unknown"}},{"type":"Feature","geometry":{"type":"Point","coordinates":[-84.3021,33.80448]},"properties":{"probability":0.31,"inBuffer":false,"facType":"unknown"}},{"type":"Feature","geometry":{"type":"Point","coordinates":[-84.28591,33.80412]},"properties":{"probability":0.215,"inBuffer":false,"facType":"unknown"}},{"type":"Feature","geometry":{"type":"Point","coordinates":[-84.28052,33.804]},"properties":{"probability":0.269,"inBuffer":false,"facType":"unknown"}},{"type":"Feature","geometry":{"type":"Point","coordinates":[-84.27512,33.80388]},"properties":{"probability":0.272,"inBuffer":false,"facType":"unknown"}},{"type":"Feature","geometry":{"type":"Point","coordinates":[-84.26973,33.80376]},"properties":{"probability":0.157,"inBuffer":false,"facType":"unknown"}},{"type":"Feature","geometry":{"type":"Point","coordinates":[-84.26433,33.80364]},"properties":{"probability":0.17,"inBuffer":false,"facType":"unknown"}},{"type":"Feature","geometry":{"type":"Point","coordinates":[-84.25893,33.80352]},"properties":{"probability":0.173,"inBuffer":false,"facType":"unknown"}},{"type":"Feature","geometry":{"type":"Point","coordinates":[-84.25354,33.8034]},"properties":{"probability":0.084,"inBuffer":false,"facType":"unknown"}},{"type":"Feature","geometry":{"type":"Point","coordinates":[-84.24814,33.80328]},"properties":{"probability":0.099,"inBuffer":false,"facType":"unknown"}},{"type":"Feature","geometry":{"type":"Point","coordinates":[-84.24275,33.80316]},"properties":{"probability":0.368,"inBuffer":false,"facType":"unknown"}},{"type":"Feature","geometry":{"type":"Point","coordinates":[-84.23735,33.80304]},"properties":{"probability":0.404,"inBuffer":false,"facType":"unknown"}},{"type":"Feature","geometry":{"type":"Point","coordinates":[-84.22656,33.8028]},"properties":{"probability":0.239,"inBuffer":false,"facType":"unknown"}},{"type":"Feature","geometry":{"type":"Point","coordinates":[-84.22116,33.80268]},"properties":{"probability":0.253,"inBuffer":false,"facType":"unknown"}},{"type":"Feature","geometry":{"type":"Point","coordinates":[-84.21577,33.80256]},"properties":{"probability":0.109,"inBuffer":false,"facType":"unknown"}},{"type":"Feature","geometry":{"type":"Point","coordinates":[-84.52889,33.80472]},"properties":{"probability":0.149,"inBuffer":false,"facType":"unknown"}},{"type":"Feature","geometry":{"type":"Point","coordinates":[-84.52349,33.80462]},"properties":{"probability":0.11,"inBuffer":false,"facType":"unknown"}},{"type":"Feature","geometry":{"type":"Point","coordinates":[-84.5127,33.8044]},"properties":{"probability":0.054,"inBuffer":false,"facType":"unknown"}},{"type":"Feature","geometry":{"type":"Point","coordinates":[-84.5073,33.80429]},"properties":{"probability":0.064,"inBuffer":false,"facType":"unknown"}},{"type":"Feature","geometry":{"type":"Point","coordinates":[-84.5019,33.80418]},"properties":{"probability":0.085,"inBuffer":false,"facType":"unknown"}},{"type":"Feature","geometry":{"type":"Point","coordinates":[-84.49651,33.80407]},"properties":{"probability":0.103,"inBuffer":false,"facType":"unknown"}},{"type":"Feature","geometry":{"type":"Point","coordinates":[-84.49111,33.80396]},"properties":{"probability":0.088,"inBuffer":false,"facType":"unknown"}},{"type":"Feature","geometry":{"type":"Point","coordinates":[-84.48571,33.80385]},"properties":{"probability":0.285,"inBuffer":false,"facType":"unknown"}},{"type":"Feature","geometry":{"type":"Point","coordinates":[-84.48032,33.80374]},"properties":{"probability":0.489,"inBuffer":false,"facType":"unknown"}},{"type":"Feature","geometry":{"type":"Point","coordinates":[-84.47492,33.80363]},"properties":{"probability":0.474,"inBuffer":false,"facType":"unknown"}},{"type":"Feature","geometry":{"type":"Point","coordinates":[-84.46952,33.80352]},"properties":{"probability":0.907,"inBuffer":false,"facType":"unknown"}},{"type":"Feature","geometry":{"type":"Point","coordinates":[-84.46413,33.80341]},"properties":{"probability":0.203,"inBuffer":false,"facType":"unknown"}},{"type":"Feature","geometry":{"type":"Point","coordinates":[-84.45873,33.8033]},"properties":{"probability":0.189,"inBuffer":false,"facType":"unknown"}},{"type":"Feature","geometry":{"type":"Point","coordinates":[-84.45333,33.80319]},"properties":{"probability":0.225,"inBuffer":false,"facType":"unknown"}},{"type":"Feature","geometry":{"type":"Point","coordinates":[-84.44794,33.80307]},"properties":{"probability":0.243,"inBuffer":false,"facType":"unknown"}},{"type":"Feature","geometry":{"type":"Point","coordinates":[-84.44254,33.80296]},"properties":{"probability":0.942,"inBuffer":false,"facType":"unknown"}},{"type":"Feature","geometry":{"type":"Point","coordinates":[-84.43714,33.80285]},"properties":{"probability":0.956,"inBuffer":false,"facType":"unknown"}},{"type":"Feature","geometry":{"type":"Point","coordinates":[-84.43175,33.80274]},"properties":{"probability":0.956,"inBuffer":false,"facType":"unknown"}},{"type":"Feature","geometry":{"type":"Point","coordinates":[-84.42635,33.80263]},"properties":{"probability":0.267,"inBuffer":false,"facType":"unknown"}},{"type":"Feature","geometry":{"type":"Point","coordinates":[-84.42095,33.80251]},"properties":{"probability":0.955,"inBuffer":false,"facType":"unknown"}},{"type":"Feature","geometry":{"type":"Point","coordinates":[-84.41556,33.8024]},"properties":{"probability":0.957,"inBuffer":false,"facType":"unknown"}},{"type":"Feature","geometry":{"type":"Point","coordinates":[-84.41016,33.80229]},"properties":{"probability":0.956,"inBuffer":false,"facType":"unknown"}},{"type":"Feature","geometry":{"type":"Point","coordinates":[-84.40477,33.80217]},"properties":{"probability":0.26,"inBuffer":false,"facType":"unknown"}},{"type":"Feature","geometry":{"type":"Point","coordinates":[-84.39937,33.80206]},"properties":{"probability":0.375,"inBuffer":false,"facType":"unknown"}},{"type":"Feature","geometry":{"type":"Point","coordinates":[-84.39397,33.80195]},"properties":{"probability":0.388,"inBuffer":false,"facType":"unknown"}},{"type":"Feature","geometry":{"type":"Point","coordinates":[-84.38858,33.80183]},"properties":{"probability":0.383,"inBuffer":false,"facType":"unknown"}},{"type":"Feature","geometry":{"type":"Point","coordinates":[-84.38318,33.80172]},"properties":{"probability":0.301,"inBuffer":false,"facType":"unknown"}},{"type":"Feature","geometry":{"type":"Point","coordinates":[-84.37778,33.8016]},"properties":{"probability":0.234,"inBuffer":false,"facType":"unknown"}},{"type":"Feature","geometry":{"type":"Point","coordinates":[-84.37239,33.80149]},"properties":{"probability":0.258,"inBuffer":false,"facType":"unknown"}},{"type":"Feature","geometry":{"type":"Point","coordinates":[-84.36699,33.80137]},"properties":{"probability":0.26,"inBuffer":false,"facType":"unknown"}},{"type":"Feature","geometry":{"type":"Point","coordinates":[-84.3616,33.80126]},"properties":{"probability":0.06,"inBuffer":false,"facType":"unknown"}},{"type":"Feature","geometry":{"type":"Point","coordinates":[-84.34541,33.80091]},"properties":{"probability":0.089,"inBuffer":false,"facType":"unknown"}},{"type":"Feature","geometry":{"type":"Point","coordinates":[-84.34001,33.80079]},"properties":{"probability":0.381,"inBuffer":false,"facType":"unknown"}},{"type":"Feature","geometry":{"type":"Point","coordinates":[-84.33462,33.80068]},"properties":{"probability":0.937,"inBuffer":false,"facType":"unknown"}},{"type":"Feature","geometry":{"type":"Point","coordinates":[-84.32922,33.80056]},"properties":{"probability":0.946,"inBuffer":false,"facType":"unknown"}},{"type":"Feature","geometry":{"type":"Point","coordinates":[-84.32382,33.80044]},"properties":{"probability":0.543,"inBuffer":false,"facType":"unknown"}},{"type":"Feature","geometry":{"type":"Point","coordinates":[-84.31843,33.80033]},"properties":{"probability":0.933,"inBuffer":false,"facType":"unknown"}},{"type":"Feature","geometry":{"type":"Point","coordinates":[-84.31303,33.80021]},"properties":{"probability":0.94,"inBuffer":false,"facType":"unknown"}},{"type":"Feature","geometry":{"type":"Point","coordinates":[-84.30764,33.80009]},"properties":{"probability":0.94,"inBuffer":false,"facType":"unknown"}},{"type":"Feature","geometry":{"type":"Point","coordinates":[-84.30224,33.79997]},"properties":{"probability":0.352,"inBuffer":false,"facType":"unknown"}},{"type":"Feature","geometry":{"type":"Point","coordinates":[-84.29685,33.79985]},"properties":{"probability":0.22,"inBuffer":false,"facType":"unknown"}},{"type":"Feature","geometry":{"type":"Point","coordinates":[-84.29145,33.79974]},"properties":{"probability":0.292,"inBuffer":false,"facType":"unknown"}},{"type":"Feature","geometry":{"type":"Point","coordinates":[-84.28605,33.79962]},"properties":{"probability":0.381,"inBuffer":false,"facType":"unknown"}},{"type":"Feature","geometry":{"type":"Point","coordinates":[-84.28066,33.7995]},"properties":{"probability":0.386,"inBuffer":false,"facType":"unknown"}},{"type":"Feature","geometry":{"type":"Point","coordinates":[-84.27526,33.79938]},"properties":{"probability":0.176,"inBuffer":false,"facType":"unknown"}},{"type":"Feature","geometry":{"type":"Point","coordinates":[-84.26987,33.79926]},"properties":{"probability":0.091,"inBuffer":false,"facType":"unknown"}},{"type":"Feature","geometry":{"type":"Point","coordinates":[-84.26447,33.79914]},"properties":{"probability":0.098,"inBuffer":false,"facType":"unknown"}},{"type":"Feature","geometry":{"type":"Point","coordinates":[-84.25908,33.79902]},"properties":{"probability":0.084,"inBuffer":false,"facType":"unknown"}},{"type":"Feature","geometry":{"type":"Point","coordinates":[-84.25368,33.7989]},"properties":{"probability":0.2,"inBuffer":false,"facType":"unknown"}},{"type":"Feature","geometry":{"type":"Point","coordinates":[-84.24829,33.79878]},"properties":{"probability":0.215,"inBuffer":false,"facType":"unknown"}},{"type":"Feature","geometry":{"type":"Point","coordinates":[-84.24289,33.79866]},"properties":{"probability":0.906,"inBuffer":false,"facType":"unknown"}},{"type":"Feature","geometry":{"type":"Point","coordinates":[-84.2375,33.79854]},"properties":{"probability":0.934,"inBuffer":false,"facType":"unknown"}},{"type":"Feature","geometry":{"type":"Point","coordinates":[-84.2321,33.79842]},"properties":{"probability":0.932,"inBuffer":false,"facType":"unknown"}},{"type":"Feature","geometry":{"type":"Point","coordinates":[-84.22671,33.7983]},"properties":{"probability":0.285,"inBuffer":false,"facType":"unknown"}},{"type":"Feature","geometry":{"type":"Point","coordinates":[-84.22131,33.79817]},"properties":{"probability":0.163,"inBuffer":false,"facType":"unknown"}},{"type":"Feature","geometry":{"type":"Point","coordinates":[-84.21591,33.79805]},"properties":{"probability":0.153,"inBuffer":false,"facType":"unknown"}},{"type":"Feature","geometry":{"type":"Point","coordinates":[-84.56679,33.80097]},"properties":{"probability":0.062,"inBuffer":false,"facType":"unknown"}},{"type":"Feature","geometry":{"type":"Point","coordinates":[-84.52902,33.80022]},"properties":{"probability":0.112,"inBuffer":false,"facType":"unknown"}},{"type":"Feature","geometry":{"type":"Point","coordinates":[-84.52362,33.80011]},"properties":{"probability":0.09,"inBuffer":false,"facType":"unknown"}},{"type":"Feature","geometry":{"type":"Point","coordinates":[-84.51822,33.8]},"properties":{"probability":0.083,"inBuffer":false,"facType":"unknown"}},{"type":"Feature","geometry":{"type":"Point","coordinates":[-84.51283,33.79989]},"properties":{"probability":0.109,"inBuffer":false,"facType":"unknown"}},{"type":"Feature","geometry":{"type":"Point","coordinates":[-84.50743,33.79978]},"properties":{"probability":0.09,"inBuffer":false,"facType":"unknown"}},{"type":"Feature","geometry":{"type":"Point","coordinates":[-84.50203,33.79967]},"properties":{"probability":0.101,"inBuffer":false,"facType":"unknown"}},{"type":"Feature","geometry":{"type":"Point","coordinates":[-84.49664,33.79957]},"properties":{"probability":0.102,"inBuffer":false,"facType":"unknown"}},{"type":"Feature","geometry":{"type":"Point","coordinates":[-84.49124,33.79946]},"properties":{"probability":0.086,"inBuffer":false,"facType":"unknown"}},{"type":"Feature","geometry":{"type":"Point","coordinates":[-84.48045,33.79924]},"properties":{"probability":0.316,"inBuffer":false,"facType":"unknown"}},{"type":"Feature","geometry":{"type":"Point","coordinates":[-84.47505,33.79913]},"properties":{"probability":0.308,"inBuffer":false,"facType":"unknown"}},{"type":"Feature","geometry":{"type":"Point","coordinates":[-84.46426,33.7989]},"properties":{"probability":0.149,"inBuffer":false,"facType":"unknown"}},{"type":"Feature","geometry":{"type":"Point","coordinates":[-84.45886,33.79879]},"properties":{"probability":0.162,"inBuffer":false,"facType":"unknown"}},{"type":"Feature","geometry":{"type":"Point","coordinates":[-84.45347,33.79868]},"properties":{"probability":0.251,"inBuffer":false,"facType":"unknown"}},{"type":"Feature","geometry":{"type":"Point","coordinates":[-84.44807,33.79857]},"properties":{"probability":0.264,"inBuffer":false,"facType":"unknown"}},{"type":"Feature","geometry":{"type":"Point","coordinates":[-84.44267,33.79846]},"properties":{"probability":0.277,"inBuffer":false,"facType":"unknown"}},{"type":"Feature","geometry":{"type":"Point","coordinates":[-84.43728,33.79835]},"properties":{"probability":0.956,"inBuffer":false,"facType":"unknown"}},{"type":"Feature","geometry":{"type":"Point","coordinates":[-84.43188,33.79823]},"properties":{"probability":0.956,"inBuffer":false,"facType":"unknown"}},{"type":"Feature","geometry":{"type":"Point","coordinates":[-84.42649,33.79812]},"properties":{"probability":0.268,"inBuffer":false,"facType":"unknown"}},{"type":"Feature","geometry":{"type":"Point","coordinates":[-84.42109,33.79801]},"properties":{"probability":0.955,"inBuffer":false,"facType":"unknown"}},{"type":"Feature","geometry":{"type":"Point","coordinates":[-84.41569,33.7979]},"properties":{"probability":0.956,"inBuffer":false,"facType":"unknown"}},{"type":"Feature","geometry":{"type":"Point","coordinates":[-84.4103,33.79778]},"properties":{"probability":0.956,"inBuffer":false,"facType":"unknown"}},{"type":"Feature","geometry":{"type":"Point","coordinates":[-84.4049,33.79767]},"properties":{"probability":0.265,"inBuffer":false,"facType":"unknown"}},{"type":"Feature","geometry":{"type":"Point","coordinates":[-84.39951,33.79755]},"properties":{"probability":0.269,"inBuffer":false,"facType":"unknown"}},{"type":"Feature","geometry":{"type":"Point","coordinates":[-84.39411,33.79744]},"properties":{"probability":0.278,"inBuffer":false,"facType":"unknown"}},{"type":"Feature","geometry":{"type":"Point","coordinates":[-84.38871,33.79733]},"properties":{"probability":0.274,"inBuffer":false,"facType":"unknown"}},{"type":"Feature","geometry":{"type":"Point","coordinates":[-84.38332,33.79721]},"properties":{"probability":0.248,"inBuffer":false,"facType":"unknown"}},{"type":"Feature","geometry":{"type":"Point","coordinates":[-84.37792,33.7971]},"properties":{"probability":0.105,"inBuffer":false,"facType":"unknown"}},{"type":"Feature","geometry":{"type":"Point","coordinates":[-84.37253,33.79698]},"properties":{"probability":0.162,"inBuffer":false,"facType":"unknown"}},{"type":"Feature","geometry":{"type":"Point","coordinates":[-84.36713,33.79687]},"properties":{"probability":0.528,"inBuffer":false,"facType":"unknown"}},{"type":"Feature","geometry":{"type":"Point","coordinates":[-84.34015,33.79629]},"properties":{"probability":0.188,"inBuffer":false,"facType":"unknown"}},{"type":"Feature","geometry":{"type":"Point","coordinates":[-84.33476,33.79617]},"properties":{"probability":0.222,"inBuffer":false,"facType":"unknown"}},{"type":"Feature","geometry":{"type":"Point","coordinates":[-84.32936,33.79606]},"properties":{"probability":0.644,"inBuffer":false,"facType":"unknown"}},{"type":"Feature","geometry":{"type":"Point","coordinates":[-84.32396,33.79594]},"properties":{"probability":0.956,"inBuffer":false,"facType":"unknown"}},{"type":"Feature","geometry":{"type":"Point","coordinates":[-84.31857,33.79582]},"properties":{"probability":0.636,"inBuffer":false,"facType":"unknown"}},{"type":"Feature","geometry":{"type":"Point","coordinates":[-84.31317,33.7957]},"properties":{"probability":0.516,"inBuffer":false,"facType":"unknown"}},{"type":"Feature","geometry":{"type":"Point","coordinates":[-84.30778,33.79559]},"properties":{"probability":0.943,"inBuffer":false,"facType":"unknown"}},{"type":"Feature","geometry":{"type":"Point","coordinates":[-84.30238,33.79547]},"properties":{"probability":0.34,"inBuffer":false,"facType":"unknown"}},{"type":"Feature","geometry":{"type":"Point","coordinates":[-84.29699,33.79535]},"properties":{"probability":0.228,"inBuffer":false,"facType":"unknown"}},{"type":"Feature","geometry":{"type":"Point","coordinates":[-84.29159,33.79523]},"properties":{"probability":0.385,"inBuffer":false,"facType":"unknown"}},{"type":"Feature","geometry":{"type":"Point","coordinates":[-84.2862,33.79511]},"properties":{"probability":0.958,"inBuffer":false,"facType":"unknown"}},{"type":"Feature","geometry":{"type":"Point","coordinates":[-84.2808,33.79499]},"properties":{"probability":0.958,"inBuffer":false,"facType":"unknown"}},{"type":"Feature","geometry":{"type":"Point","coordinates":[-84.27541,33.79487]},"properties":{"probability":0.604,"inBuffer":false,"facType":"unknown"}},{"type":"Feature","geometry":{"type":"Point","coordinates":[-84.27001,33.79476]},"properties":{"probability":0.502,"inBuffer":false,"facType":"unknown"}},{"type":"Feature","geometry":{"type":"Point","coordinates":[-84.26462,33.79464]},"properties":{"probability":0.138,"inBuffer":false,"facType":"unknown"}},{"type":"Feature","geometry":{"type":"Point","coordinates":[-84.25922,33.79452]},"properties":{"probability":0.098,"inBuffer":false,"facType":"unknown"}},{"type":"Feature","geometry":{"type":"Point","coordinates":[-84.25383,33.7944]},"properties":{"probability":0.194,"inBuffer":false,"facType":"unknown"}},{"type":"Feature","geometry":{"type":"Point","coordinates":[-84.24843,33.79428]},"properties":{"probability":0.202,"inBuffer":false,"facType":"unknown"}},{"type":"Feature","geometry":{"type":"Point","coordinates":[-84.24304,33.79416]},"properties":{"probability":0.892,"inBuffer":false,"facType":"unknown"}},{"type":"Feature","geometry":{"type":"Point","coordinates":[-84.23764,33.79403]},"properties":{"probability":0.931,"inBuffer":false,"facType":"unknown"}},{"type":"Feature","geometry":{"type":"Point","coordinates":[-84.23225,33.79391]},"properties":{"probability":0.956,"inBuffer":false,"facType":"unknown"}},{"type":"Feature","geometry":{"type":"Point","coordinates":[-84.22685,33.79379]},"properties":{"probability":0.466,"inBuffer":false,"facType":"unknown"}},{"type":"Feature","geometry":{"type":"Point","coordinates":[-84.22146,33.79367]},"properties":{"probability":0.115,"inBuffer":false,"facType":"unknown"}},{"type":"Feature","geometry":{"type":"Point","coordinates":[-84.21606,33.79355]},"properties":{"probability":0.102,"inBuffer":false,"facType":"unknown"}},{"type":"Feature","geometry":{"type":"Point","coordinates":[-84.55613,33.79625]},"properties":{"probability":0.145,"inBuffer":false,"facType":"unknown"}},{"type":"Feature","geometry":{"type":"Point","coordinates":[-84.55073,33.79614]},"properties":{"probability":0.286,"inBuffer":false,"facType":"unknown"}},{"type":"Feature","geometry":{"type":"Point","coordinates":[-84.54534,33.79604]},"properties":{"probability":0.188,"inBuffer":false,"facType":"unknown"}},{"type":"Feature","geometry":{"type":"Point","coordinates":[-84.51835,33.7955]},"properties":{"probability":0.058,"inBuffer":false,"facType":"unknown"}},{"type":"Feature","geometry":{"type":"Point","coordinates":[-84.51296,33.79539]},"properties":{"probability":0.307,"inBuffer":false,"facType":"unknown"}},{"type":"Feature","geometry":{"type":"Point","coordinates":[-84.50756,33.79528]},"properties":{"probability":0.552,"inBuffer":false,"facType":"unknown"}},{"type":"Feature","geometry":{"type":"Point","coordinates":[-84.50216,33.79517]},"properties":{"probability":0.567,"inBuffer":false,"facType":"unknown"}},{"type":"Feature","geometry":{"type":"Point","coordinates":[-84.49677,33.79506]},"properties":{"probability":0.13,"inBuffer":false,"facType":"unknown"}},{"type":"Feature","geometry":{"type":"Point","coordinates":[-84.49137,33.79495]},"properties":{"probability":0.086,"inBuffer":false,"facType":"unknown"}},{"type":"Feature","geometry":{"type":"Point","coordinates":[-84.459,33.79429]},"properties":{"probability":0.141,"inBuffer":false,"facType":"unknown"}},{"type":"Feature","geometry":{"type":"Point","coordinates":[-84.4536,33.79418]},"properties":{"probability":0.237,"inBuffer":false,"facType":"unknown"}},{"type":"Feature","geometry":{"type":"Point","coordinates":[-84.4482,33.79406]},"properties":{"probability":0.251,"inBuffer":false,"facType":"unknown"}},{"type":"Feature","geometry":{"type":"Point","coordinates":[-84.44281,33.79395]},"properties":{"probability":0.264,"inBuffer":false,"facType":"unknown"}},{"type":"Feature","geometry":{"type":"Point","coordinates":[-84.43741,33.79384]},"properties":{"probability":0.269,"inBuffer":false,"facType":"unknown"}},{"type":"Feature","geometry":{"type":"Point","coordinates":[-84.43202,33.79373]},"properties":{"probability":0.267,"inBuffer":false,"facType":"unknown"}},{"type":"Feature","geometry":{"type":"Point","coordinates":[-84.42662,33.79362]},"properties":{"probability":0.265,"inBuffer":false,"facType":"unknown"}},{"type":"Feature","geometry":{"type":"Point","coordinates":[-84.42122,33.7935]},"properties":{"probability":0.949,"inBuffer":false,"facType":"unknown"}},{"type":"Feature","geometry":{"type":"Point","coordinates":[-84.41583,33.79339]},"properties":{"probability":0.956,"inBuffer":false,"facType":"unknown"}},{"type":"Feature","geometry":{"type":"Point","coordinates":[-84.41043,33.79328]},"properties":{"probability":0.594,"inBuffer":false,"facType":"unknown"}},{"type":"Feature","geometry":{"type":"Point","coordinates":[-84.40504,33.79316]},"properties":{"probability":0.604,"inBuffer":false,"facType":"unknown"}},{"type":"Feature","geometry":{"type":"Point","coordinates":[-84.39964,33.79305]},"properties":{"probability":0.958,"inBuffer":false,"facType":"unknown"}},{"type":"Feature","geometry":{"type":"Point","coordinates":[-84.39425,33.79294]},"properties":{"probability":0.958,"inBuffer":false,"facType":"unknown"}},{"type":"Feature","geometry":{"type":"Point","coordinates":[-84.38885,33.79282]},"properties":{"probability":0.958,"inBuffer":false,"facType":"unknown"}},{"type":"Feature","geometry":{"type":"Point","coordinates":[-84.38345,33.79271]},"properties":{"probability":0.279,"inBuffer":false,"facType":"unknown"}},{"type":"Feature","geometry":{"type":"Point","coordinates":[-84.37806,33.79259]},"properties":{"probability":0.105,"inBuffer":false,"facType":"unknown"}},{"type":"Feature","geometry":{"type":"Point","coordinates":[-84.37266,33.79248]},"properties":{"probability":0.512,"inBuffer":false,"facType":"unknown"}},{"type":"Feature","geometry":{"type":"Point","coordinates":[-84.36727,33.79236]},"properties":{"probability":0.576,"inBuffer":false,"facType":"unknown"}},{"type":"Feature","geometry":{"type":"Point","coordinates":[-84.36187,33.79225]},"properties":{"probability":0.329,"inBuffer":false,"facType":"unknown"}},{"type":"Feature","geometry":{"type":"Point","coordinates":[-84.35108,33.79202]},"properties":{"probability":0.204,"inBuffer":false,"facType":"unknown"}},{"type":"Feature","geometry":{"type":"Point","coordinates":[-84.34569,33.7919]},"properties":{"probability":0.2,"inBuffer":false,"facType":"unknown"}},{"type":"Feature","geometry":{"type":"Point","coordinates":[-84.3349,33.79167]},"properties":{"probability":0.419,"inBuffer":false,"facType":"unknown"}},{"type":"Feature","geometry":{"type":"Point","coordinates":[-84.3295,33.79155]},"properties":{"probability":0.579,"inBuffer":false,"facType":"unknown"}},{"type":"Feature","geometry":{"type":"Point","coordinates":[-84.32411,33.79143]},"properties":{"probability":0.956,"inBuffer":false,"facType":"unknown"}},{"type":"Feature","geometry":{"type":"Point","coordinates":[-84.31871,33.79132]},"properties":{"probability":0.656,"inBuffer":false,"facType":"unknown"}},{"type":"Feature","geometry":{"type":"Point","coordinates":[-84.31331,33.7912]},"properties":{"probability":0.568,"inBuffer":false,"facType":"unknown"}},{"type":"Feature","geometry":{"type":"Point","coordinates":[-84.30792,33.79108]},"properties":{"probability":0.171,"inBuffer":false,"facType":"unknown"}},{"type":"Feature","geometry":{"type":"Point","coordinates":[-84.30252,33.79096]},"properties":{"probability":0.14,"inBuffer":false,"facType":"unknown"}},{"type":"Feature","geometry":{"type":"Point","coordinates":[-84.29713,33.79085]},"properties":{"probability":0.062,"inBuffer":false,"facType":"unknown"}},{"type":"Feature","geometry":{"type":"Point","coordinates":[-84.29173,33.79073]},"properties":{"probability":0.39,"inBuffer":false,"facType":"unknown"}},{"type":"Feature","geometry":{"type":"Point","coordinates":[-84.28634,33.79061]},"properties":{"probability":0.955,"inBuffer":false,"facType":"unknown"}},{"type":"Feature","geometry":{"type":"Point","coordinates":[-84.28094,33.79049]},"properties":{"probability":0.955,"inBuffer":false,"facType":"unknown"}},{"type":"Feature","geometry":{"type":"Point","coordinates":[-84.27555,33.79037]},"properties":{"probability":0.644,"inBuffer":false,"facType":"unknown"}},{"type":"Feature","geometry":{"type":"Point","coordinates":[-84.27015,33.79025]},"properties":{"probability":0.632,"inBuffer":false,"facType":"unknown"}},{"type":"Feature","geometry":{"type":"Point","coordinates":[-84.26476,33.79013]},"properties":{"probability":0.455,"inBuffer":false,"facType":"unknown"}},{"type":"Feature","geometry":{"type":"Point","coordinates":[-84.25936,33.79001]},"properties":{"probability":0.341,"inBuffer":false,"facType":"unknown"}},{"type":"Feature","geometry":{"type":"Point","coordinates":[-84.25397,33.78989]},"properties":{"probability":0.245,"inBuffer":false,"facType":"unknown"}},{"type":"Feature","geometry":{"type":"Point","coordinates":[-84.24857,33.78977]},"properties":{"probability":0.063,"inBuffer":false,"facType":"unknown"}},{"type":"Feature","geometry":{"type":"Point","coordinates":[-84.24318,33.78965]},"properties":{"probability":0.258,"inBuffer":false,"facType":"unknown"}},{"type":"Feature","geometry":{"type":"Point","coordinates":[-84.23779,33.78953]},"properties":{"probability":0.946,"inBuffer":false,"facType":"unknown"}},{"type":"Feature","geometry":{"type":"Point","coordinates":[-84.23239,33.78941]},"properties":{"probability":0.654,"inBuffer":false,"facType":"unknown"}},{"type":"Feature","geometry":{"type":"Point","coordinates":[-84.227,33.78929]},"properties":{"probability":0.601,"inBuffer":false,"facType":"unknown"}},{"type":"Feature","geometry":{"type":"Point","coordinates":[-84.2216,33.78917]},"properties":{"probability":0.092,"inBuffer":false,"facType":"unknown"}},{"type":"Feature","geometry":{"type":"Point","coordinates":[-84.21621,33.78904]},"properties":{"probability":0.054,"inBuffer":false,"facType":"unknown"}},{"type":"Feature","geometry":{"type":"Point","coordinates":[-84.55626,33.79175]},"properties":{"probability":0.299,"inBuffer":false,"facType":"unknown"}},{"type":"Feature","geometry":{"type":"Point","coordinates":[-84.55086,33.79164]},"properties":{"probability":0.318,"inBuffer":false,"facType":"unknown"}},{"type":"Feature","geometry":{"type":"Point","coordinates":[-84.54546,33.79153]},"properties":{"probability":0.301,"inBuffer":false,"facType":"unknown"}},{"type":"Feature","geometry":{"type":"Point","coordinates":[-84.53467,33.79132]},"properties":{"probability":0.051,"inBuffer":false,"facType":"unknown"}},{"type":"Feature","geometry":{"type":"Point","coordinates":[-84.52928,33.79121]},"properties":{"probability":0.29,"inBuffer":false,"facType":"unknown"}},{"type":"Feature","geometry":{"type":"Point","coordinates":[-84.51309,33.79088]},"properties":{"probability":0.596,"inBuffer":false,"facType":"unknown"}},{"type":"Feature","geometry":{"type":"Point","coordinates":[-84.50769,33.79077]},"properties":{"probability":0.689,"inBuffer":false,"facType":"unknown"}},{"type":"Feature","geometry":{"type":"Point","coordinates":[-84.5023,33.79066]},"properties":{"probability":0.652,"inBuffer":false,"facType":"unknown"}},{"type":"Feature","geometry":{"type":"Point","coordinates":[-84.4969,33.79055]},"properties":{"probability":0.172,"inBuffer":false,"facType":"unknown"}},{"type":"Feature","geometry":{"type":"Point","coordinates":[-84.4915,33.79045]},"properties":{"probability":0.265,"inBuffer":false,"facType":"unknown"}},{"type":"Feature","geometry":{"type":"Point","coordinates":[-84.48611,33.79034]},"properties":{"probability":0.22,"inBuffer":false,"facType":"unknown"}},{"type":"Feature","geometry":{"type":"Point","coordinates":[-84.48071,33.79023]},"properties":{"probability":0.191,"inBuffer":false,"facType":"unknown"}},{"type":"Feature","geometry":{"type":"Point","coordinates":[-84.47532,33.79011]},"properties":{"probability":0.198,"inBuffer":false,"facType":"unknown"}},{"type":"Feature","geometry":{"type":"Point","coordinates":[-84.46452,33.78989]},"properties":{"probability":0.135,"inBuffer":false,"facType":"unknown"}},{"type":"Feature","geometry":{"type":"Point","coordinates":[-84.45913,33.78978]},"properties":{"probability":0.169,"inBuffer":false,"facType":"unknown"}},{"type":"Feature","geometry":{"type":"Point","coordinates":[-84.45373,33.78967]},"properties":{"probability":0.192,"inBuffer":false,"facType":"unknown"}},{"type":"Feature","geometry":{"type":"Point","coordinates":[-84.44834,33.78956]},"properties":{"probability":0.249,"inBuffer":false,"facType":"unknown"}},{"type":"Feature","geometry":{"type":"Point","coordinates":[-84.44294,33.78945]},"properties":{"probability":0.175,"inBuffer":false,"facType":"unknown"}},{"type":"Feature","geometry":{"type":"Point","coordinates":[-84.43755,33.78934]},"properties":{"probability":0.176,"inBuffer":false,"facType":"unknown"}},{"type":"Feature","geometry":{"type":"Point","coordinates":[-84.43215,33.78922]},"properties":{"probability":0.173,"inBuffer":false,"facType":"unknown"}},{"type":"Feature","geometry":{"type":"Point","coordinates":[-84.42676,33.78911]},"properties":{"probability":0.172,"inBuffer":false,"facType":"unknown"}},{"type":"Feature","geometry":{"type":"Point","coordinates":[-84.42136,33.789]},"properties":{"probability":0.169,"inBuffer":false,"facType":"unknown"}},{"type":"Feature","geometry":{"type":"Point","coordinates":[-84.41596,33.78889]},"properties":{"probability":0.619,"inBuffer":false,"facType":"unknown"}},{"type":"Feature","geometry":{"type":"Point","coordinates":[-84.41057,33.78877]},"properties":{"probability":0.704,"inBuffer":false,"facType":"unknown"}},{"type":"Feature","geometry":{"type":"Point","coordinates":[-84.40517,33.78866]},"properties":{"probability":0.728,"inBuffer":false,"facType":"unknown"}},{"type":"Feature","geometry":{"type":"Point","coordinates":[-84.39978,33.78854]},"properties":{"probability":0.705,"inBuffer":false,"facType":"unknown"}},{"type":"Feature","geometry":{"type":"Point","coordinates":[-84.39438,33.78843]},"properties":{"probability":0.96,"inBuffer":false,"facType":"unknown"}},{"type":"Feature","geometry":{"type":"Point","coordinates":[-84.38899,33.78832]},"properties":{"probability":0.746,"inBuffer":false,"facType":"unknown"}},{"type":"Feature","geometry":{"type":"Point","coordinates":[-84.38359,33.7882]},"properties":{"probability":0.661,"inBuffer":false,"facType":"unknown"}},{"type":"Feature","geometry":{"type":"Point","coordinates":[-84.3782,33.78809]},"properties":{"probability":0.947,"inBuffer":false,"facType":"unknown"}},{"type":"Feature","geometry":{"type":"Point","coordinates":[-84.3728,33.78797]},"properties":{"probability":0.355,"inBuffer":false,"facType":"unknown"}},{"type":"Feature","geometry":{"type":"Point","coordinates":[-84.36741,33.78786]},"properties":{"probability":0.514,"inBuffer":false,"facType":"unknown"}},{"type":"Feature","geometry":{"type":"Point","coordinates":[-84.36201,33.78774]},"properties":{"probability":0.345,"inBuffer":false,"facType":"unknown"}},{"type":"Feature","geometry":{"type":"Point","coordinates":[-84.35662,33.78763]},"properties":{"probability":0.895,"inBuffer":false,"facType":"unknown"}},{"type":"Feature","geometry":{"type":"Point","coordinates":[-84.35122,33.78751]},"properties":{"probability":0.898,"inBuffer":false,"facType":"unknown"}},{"type":"Feature","geometry":{"type":"Point","coordinates":[-84.34583,33.7874]},"properties":{"probability":0.343,"inBuffer":false,"facType":"unknown"}},{"type":"Feature","geometry":{"type":"Point","coordinates":[-84.34043,33.78728]},"properties":{"probability":0.339,"inBuffer":false,"facType":"unknown"}},{"type":"Feature","geometry":{"type":"Point","coordinates":[-84.33504,33.78716]},"properties":{"probability":0.154,"inBuffer":false,"facType":"unknown"}},{"type":"Feature","geometry":{"type":"Point","coordinates":[-84.32964,33.78705]},"properties":{"probability":0.418,"inBuffer":false,"facType":"unknown"}},{"type":"Feature","geometry":{"type":"Point","coordinates":[-84.32425,33.78693]},"properties":{"probability":0.49,"inBuffer":false,"facType":"unknown"}},{"type":"Feature","geometry":{"type":"Point","coordinates":[-84.31885,33.78681]},"properties":{"probability":0.928,"inBuffer":false,"facType":"unknown"}},{"type":"Feature","geometry":{"type":"Point","coordinates":[-84.31346,33.78669]},"properties":{"probability":0.894,"inBuffer":false,"facType":"unknown"}},{"type":"Feature","geometry":{"type":"Point","coordinates":[-84.30806,33.78658]},"properties":{"probability":0.486,"inBuffer":false,"facType":"unknown"}},{"type":"Feature","geometry":{"type":"Point","coordinates":[-84.30267,33.78646]},"properties":{"probability":0.464,"inBuffer":false,"facType":"unknown"}},{"type":"Feature","geometry":{"type":"Point","coordinates":[-84.29188,33.78622]},"properties":{"probability":0.195,"inBuffer":false,"facType":"unknown"}},{"type":"Feature","geometry":{"type":"Point","coordinates":[-84.28648,33.7861]},"properties":{"probability":0.927,"inBuffer":false,"facType":"unknown"}},{"type":"Feature","geometry":{"type":"Point","coordinates":[-84.28109,33.78598]},"properties":{"probability":0.94,"inBuffer":false,"facType":"unknown"}},{"type":"Feature","geometry":{"type":"Point","coordinates":[-84.27569,33.78587]},"properties":{"probability":0.389,"inBuffer":false,"facType":"unknown"}},{"type":"Feature","geometry":{"type":"Point","coordinates":[-84.2703,33.78575]},"properties":{"probability":0.956,"inBuffer":false,"facType":"unknown"}},{"type":"Feature","geometry":{"type":"Point","coordinates":[-84.2649,33.78563]},"properties":{"probability":0.954,"inBuffer":false,"facType":"unknown"}},{"type":"Feature","geometry":{"type":"Point","coordinates":[-84.25951,33.78551]},"properties":{"probability":0.399,"inBuffer":false,"facType":"unknown"}},{"type":"Feature","geometry":{"type":"Point","coordinates":[-84.25411,33.78539]},"properties":{"probability":0.059,"inBuffer":false,"facType":"unknown"}},{"type":"Feature","geometry":{"type":"Point","coordinates":[-84.24872,33.78527]},"properties":{"probability":0.095,"inBuffer":false,"facType":"unknown"}},{"type":"Feature","geometry":{"type":"Point","coordinates":[-84.24332,33.78515]},"properties":{"probability":0.6,"inBuffer":false,"facType":"unknown"}},{"type":"Feature","geometry":{"type":"Point","coordinates":[-84.23793,33.78503]},"properties":{"probability":0.598,"inBuffer":false,"facType":"unknown"}},{"type":"Feature","geometry":{"type":"Point","coordinates":[-84.23254,33.7849]},"properties":{"probability":0.648,"inBuffer":false,"facType":"unknown"}},{"type":"Feature","geometry":{"type":"Point","coordinates":[-84.22714,33.78478]},"properties":{"probability":0.466,"inBuffer":false,"facType":"unknown"}},{"type":"Feature","geometry":{"type":"Point","coordinates":[-84.55638,33.78724]},"properties":{"probability":0.141,"inBuffer":false,"facType":"unknown"}},{"type":"Feature","geometry":{"type":"Point","coordinates":[-84.55099,33.78713]},"properties":{"probability":0.305,"inBuffer":false,"facType":"unknown"}},{"type":"Feature","geometry":{"type":"Point","coordinates":[-84.54559,33.78703]},"properties":{"probability":0.175,"inBuffer":false,"facType":"unknown"}},{"type":"Feature","geometry":{"type":"Point","coordinates":[-84.5402,33.78692]},"properties":{"probability":0.108,"inBuffer":false,"facType":"unknown"}},{"type":"Feature","geometry":{"type":"Point","coordinates":[-84.5348,33.78681]},"properties":{"probability":0.093,"inBuffer":false,"facType":"unknown"}},{"type":"Feature","geometry":{"type":"Point","coordinates":[-84.52941,33.7867]},"properties":{"probability":0.289,"inBuffer":false,"facType":"unknown"}},{"type":"Feature","geometry":{"type":"Point","coordinates":[-84.52401,33.78659]},"properties":{"probability":0.343,"inBuffer":false,"facType":"unknown"}},{"type":"Feature","geometry":{"type":"Point","coordinates":[-84.51861,33.78649]},"properties":{"probability":0.342,"inBuffer":false,"facType":"unknown"}},{"type":"Feature","geometry":{"type":"Point","coordinates":[-84.51322,33.78638]},"properties":{"probability":0.163,"inBuffer":false,"facType":"unknown"}},{"type":"Feature","geometry":{"type":"Point","coordinates":[-84.50782,33.78627]},"properties":{"probability":0.621,"inBuffer":false,"facType":"unknown"}},{"type":"Feature","geometry":{"type":"Point","coordinates":[-84.50243,33.78616]},"properties":{"probability":0.383,"inBuffer":false,"facType":"unknown"}},{"type":"Feature","geometry":{"type":"Point","coordinates":[-84.49703,33.78605]},"properties":{"probability":0.161,"inBuffer":false,"facType":"unknown"}},{"type":"Feature","geometry":{"type":"Point","coordinates":[-84.49164,33.78594]},"properties":{"probability":0.269,"inBuffer":false,"facType":"unknown"}},{"type":"Feature","geometry":{"type":"Point","coordinates":[-84.48624,33.78583]},"properties":{"probability":0.935,"inBuffer":false,"facType":"unknown"}},{"type":"Feature","geometry":{"type":"Point","coordinates":[-84.48084,33.78572]},"properties":{"probability":0.885,"inBuffer":false,"facType":"unknown"}},{"type":"Feature","geometry":{"type":"Point","coordinates":[-84.46466,33.78539]},"properties":{"probability":0.162,"inBuffer":false,"facType":"unknown"}},{"type":"Feature","geometry":{"type":"Point","coordinates":[-84.45926,33.78528]},"properties":{"probability":0.178,"inBuffer":false,"facType":"unknown"}},{"type":"Feature","geometry":{"type":"Point","coordinates":[-84.45387,33.78517]},"properties":{"probability":0.205,"inBuffer":false,"facType":"unknown"}},{"type":"Feature","geometry":{"type":"Point","coordinates":[-84.44847,33.78505]},"properties":{"probability":0.258,"inBuffer":false,"facType":"unknown"}},{"type":"Feature","geometry":{"type":"Point","coordinates":[-84.44308,33.78494]},"properties":{"probability":0.172,"inBuffer":false,"facType":"unknown"}},{"type":"Feature","geometry":{"type":"Point","coordinates":[-84.43768,33.78483]},"properties":{"probability":0.597,"inBuffer":false,"facType":"unknown"}},{"type":"Feature","geometry":{"type":"Point","coordinates":[-84.43229,33.78472]},"properties":{"probability":0.593,"inBuffer":false,"facType":"unknown"}},{"type":"Feature","geometry":{"type":"Point","coordinates":[-84.42689,33.78461]},"properties":{"probability":0.496,"inBuffer":false,"facType":"unknown"}},{"type":"Feature","geometry":{"type":"Point","coordinates":[-84.42149,33.78449]},"properties":{"probability":0.643,"inBuffer":false,"facType":"unknown"}},{"type":"Feature","geometry":{"type":"Point","coordinates":[-84.4161,33.78438]},"properties":{"probability":0.669,"inBuffer":false,"facType":"unknown"}},{"type":"Feature","geometry":{"type":"Point","coordinates":[-84.4107,33.78427]},"properties":{"probability":0.73,"inBuffer":false,"facType":"unknown"}},{"type":"Feature","geometry":{"type":"Point","coordinates":[-84.40531,33.78415]},"properties":{"probability":0.96,"inBuffer":false,"facType":"unknown"}},{"type":"Feature","geometry":{"type":"Point","coordinates":[-84.39991,33.78404]},"properties":{"probability":0.681,"inBuffer":false,"facType":"unknown"}},{"type":"Feature","geometry":{"type":"Point","coordinates":[-84.39452,33.78393]},"properties":{"probability":0.96,"inBuffer":false,"facType":"unknown"}},{"type":"Feature","geometry":{"type":"Point","coordinates":[-84.38912,33.78381]},"properties":{"probability":0.747,"inBuffer":false,"facType":"unknown"}},{"type":"Feature","geometry":{"type":"Point","coordinates":[-84.38373,33.7837]},"properties":{"probability":0.747,"inBuffer":false,"facType":"unknown"}},{"type":"Feature","geometry":{"type":"Point","coordinates":[-84.37833,33.78358]},"properties":{"probability":0.956,"inBuffer":false,"facType":"unknown"}},{"type":"Feature","geometry":{"type":"Point","coordinates":[-84.37294,33.78347]},"properties":{"probability":0.148,"inBuffer":false,"facType":"unknown"}},{"type":"Feature","geometry":{"type":"Point","coordinates":[-84.36754,33.78335]},"properties":{"probability":0.502,"inBuffer":false,"facType":"unknown"}},{"type":"Feature","geometry":{"type":"Point","coordinates":[-84.36215,33.78324]},"properties":{"probability":0.501,"inBuffer":false,"facType":"unknown"}},{"type":"Feature","geometry":{"type":"Point","coordinates":[-84.35675,33.78312]},"properties":{"probability":0.934,"inBuffer":false,"facType":"unknown"}},{"type":"Feature","geometry":{"type":"Point","coordinates":[-84.35136,33.78301]},"properties":{"probability":0.934,"inBuffer":false,"facType":"unknown"}},{"type":"Feature","geometry":{"type":"Point","coordinates":[-84.34596,33.78289]},"properties":{"probability":0.92,"inBuffer":false,"facType":"unknown"}},{"type":"Feature","geometry":{"type":"Point","coordinates":[-84.34057,33.78277]},"properties":{"probability":0.9,"inBuffer":false,"facType":"unknown"}},{"type":"Feature","geometry":{"type":"Point","coordinates":[-84.33518,33.78266]},"properties":{"probability":0.308,"inBuffer":false,"facType":"unknown"}},{"type":"Feature","geometry":{"type":"Point","coordinates":[-84.32978,33.78254]},"properties":{"probability":0.137,"inBuffer":false,"facType":"unknown"}},{"type":"Feature","geometry":{"type":"Point","coordinates":[-84.31899,33.78231]},"properties":{"probability":0.164,"inBuffer":false,"facType":"unknown"}},{"type":"Feature","geometry":{"type":"Point","coordinates":[-84.3136,33.78219]},"properties":{"probability":0.192,"inBuffer":false,"facType":"unknown"}},{"type":"Feature","geometry":{"type":"Point","coordinates":[-84.3082,33.78207]},"properties":{"probability":0.41,"inBuffer":false,"facType":"unknown"}},{"type":"Feature","geometry":{"type":"Point","coordinates":[-84.30281,33.78195]},"properties":{"probability":0.494,"inBuffer":false,"facType":"unknown"}},{"type":"Feature","geometry":{"type":"Point","coordinates":[-84.29741,33.78184]},"properties":{"probability":0.599,"inBuffer":false,"facType":"unknown"}},{"type":"Feature","geometry":{"type":"Point","coordinates":[-84.29202,33.78172]},"properties":{"probability":0.572,"inBuffer":false,"facType":"unknown"}},{"type":"Feature","geometry":{"type":"Point","coordinates":[-84.28662,33.7816]},"properties":{"probability":0.214,"inBuffer":false,"facType":"unknown"}},{"type":"Feature","geometry":{"type":"Point","coordinates":[-84.28123,33.78148]},"properties":{"probability":0.387,"inBuffer":false,"facType":"unknown"}},{"type":"Feature","geometry":{"type":"Point","coordinates":[-84.27583,33.78136]},"properties":{"probability":0.371,"inBuffer":false,"facType":"unknown"}},{"type":"Feature","geometry":{"type":"Point","coordinates":[-84.27044,33.78124]},"properties":{"probability":0.957,"inBuffer":false,"facType":"unknown"}},{"type":"Feature","geometry":{"type":"Point","coordinates":[-84.26505,33.78112]},"properties":{"probability":0.956,"inBuffer":false,"facType":"unknown"}},{"type":"Feature","geometry":{"type":"Point","coordinates":[-84.25965,33.781]},"properties":{"probability":0.923,"inBuffer":false,"facType":"unknown"}},{"type":"Feature","geometry":{"type":"Point","coordinates":[-84.25426,33.78088]},"properties":{"probability":0.071,"inBuffer":false,"facType":"unknown"}},{"type":"Feature","geometry":{"type":"Point","coordinates":[-84.24886,33.78076]},"properties":{"probability":0.585,"inBuffer":false,"facType":"unknown"}},{"type":"Feature","geometry":{"type":"Point","coordinates":[-84.24347,33.78064]},"properties":{"probability":0.653,"inBuffer":false,"facType":"unknown"}},{"type":"Feature","geometry":{"type":"Point","coordinates":[-84.23807,33.78052]},"properties":{"probability":0.657,"inBuffer":false,"facType":"unknown"}},{"type":"Feature","geometry":{"type":"Point","coordinates":[-84.23268,33.7804]},"properties":{"probability":0.101,"inBuffer":false,"facType":"unknown"}},{"type":"Feature","geometry":{"type":"Point","coordinates":[-84.5673,33.78295]},"properties":{"probability":0.057,"inBuffer":false,"facType":"unknown"}},{"type":"Feature","geometry":{"type":"Point","coordinates":[-84.54572,33.78252]},"properties":{"probability":0.106,"inBuffer":false,"facType":"unknown"}},{"type":"Feature","geometry":{"type":"Point","coordinates":[-84.54033,33.78241]},"properties":{"probability":0.139,"inBuffer":false,"facType":"unknown"}},{"type":"Feature","geometry":{"type":"Point","coordinates":[-84.53493,33.7823]},"properties":{"probability":0.115,"inBuffer":false,"facType":"unknown"}},{"type":"Feature","geometry":{"type":"Point","coordinates":[-84.52953,33.7822]},"properties":{"probability":0.364,"inBuffer":false,"facType":"unknown"}},{"type":"Feature","geometry":{"type":"Point","coordinates":[-84.52414,33.78209]},"properties":{"probability":0.869,"inBuffer":false,"facType":"unknown"}},{"type":"Feature","geometry":{"type":"Point","coordinates":[-84.51874,33.78198]},"properties":{"probability":0.887,"inBuffer":false,"facType":"unknown"}},{"type":"Feature","geometry":{"type":"Point","coordinates":[-84.51335,33.78187]},"properties":{"probability":0.258,"inBuffer":false,"facType":"unknown"}},{"type":"Feature","geometry":{"type":"Point","coordinates":[-84.50795,33.78176]},"properties":{"probability":0.177,"inBuffer":false,"facType":"unknown"}},{"type":"Feature","geometry":{"type":"Point","coordinates":[-84.50256,33.78165]},"properties":{"probability":0.062,"inBuffer":false,"facType":"unknown"}},{"type":"Feature","geometry":{"type":"Point","coordinates":[-84.49716,33.78154]},"properties":{"probability":0.201,"inBuffer":false,"facType":"unknown"}},{"type":"Feature","geometry":{"type":"Point","coordinates":[-84.49177,33.78143]},"properties":{"probability":0.259,"inBuffer":false,"facType":"unknown"}},{"type":"Feature","geometry":{"type":"Point","coordinates":[-84.48637,33.78132]},"properties":{"probability":0.936,"inBuffer":false,"facType":"unknown"}},{"type":"Feature","geometry":{"type":"Point","coordinates":[-84.48098,33.78121]},"properties":{"probability":0.892,"inBuffer":false,"facType":"unknown"}},{"type":"Feature","geometry":{"type":"Point","coordinates":[-84.47558,33.7811]},"properties":{"probability":0.437,"inBuffer":false,"facType":"unknown"}},{"type":"Feature","geometry":{"type":"Point","coordinates":[-84.47019,33.78099]},"properties":{"probability":0.312,"inBuffer":false,"facType":"unknown"}},{"type":"Feature","geometry":{"type":"Point","coordinates":[-84.46479,33.78088]},"properties":{"probability":0.851,"inBuffer":false,"facType":"unknown"}},{"type":"Feature","geometry":{"type":"Point","coordinates":[-84.4594,33.78077]},"properties":{"probability":0.877,"inBuffer":false,"facType":"unknown"}},{"type":"Feature","geometry":{"type":"Point","coordinates":[-84.454,33.78066]},"properties":{"probability":0.891,"inBuffer":false,"facType":"unknown"}},{"type":"Feature","geometry":{"type":"Point","coordinates":[-84.44861,33.78055]},"properties":{"probability":0.886,"inBuffer":false,"facType":"unknown"}},{"type":"Feature","geometry":{"type":"Point","coordinates":[-84.44321,33.78044]},"properties":{"probability":0.241,"inBuffer":false,"facType":"unknown"}},{"type":"Feature","geometry":{"type":"Point","coordinates":[-84.43781,33.78033]},"properties":{"probability":0.31,"inBuffer":false,"facType":"unknown"}},{"type":"Feature","geometry":{"type":"Point","coordinates":[-84.43242,33.78021]},"properties":{"probability":0.474,"inBuffer":false,"facType":"unknown"}},{"type":"Feature","geometry":{"type":"Point","coordinates":[-84.42702,33.7801]},"properties":{"probability":0.632,"inBuffer":false,"facType":"unknown"}},{"type":"Feature","geometry":{"type":"Point","coordinates":[-84.42163,33.77999]},"properties":{"probability":0.659,"inBuffer":false,"facType":"unknown"}},{"type":"Feature","geometry":{"type":"Point","coordinates":[-84.41623,33.77988]},"properties":{"probability":0.738,"inBuffer":false,"facType":"unknown"}},{"type":"Feature","geometry":{"type":"Point","coordinates":[-84.41084,33.77976]},"properties":{"probability":0.957,"inBuffer":false,"facType":"unknown"}},{"type":"Feature","geometry":{"type":"Point","coordinates":[-84.40545,33.77965]},"properties":{"probability":0.959,"inBuffer":false,"facType":"unknown"}},{"type":"Feature","geometry":{"type":"Point","coordinates":[-84.40005,33.77953]},"properties":{"probability":0.958,"inBuffer":false,"facType":"unknown"}},{"type":"Feature","geometry":{"type":"Point","coordinates":[-84.39466,33.77942]},"properties":{"probability":0.3,"inBuffer":false,"facType":"unknown"}},{"type":"Feature","geometry":{"type":"Point","coordinates":[-84.38926,33.77931]},"properties":{"probability":0.724,"inBuffer":false,"facType":"unknown"}},{"type":"Feature","geometry":{"type":"Point","coordinates":[-84.38387,33.77919]},"properties":{"probability":0.745,"inBuffer":false,"facType":"unknown"}},{"type":"Feature","geometry":{"type":"Point","coordinates":[-84.37847,33.77908]},"properties":{"probability":0.956,"inBuffer":false,"facType":"unknown"}},{"type":"Feature","geometry":{"type":"Point","coordinates":[-84.37308,33.77896]},"properties":{"probability":0.179,"inBuffer":false,"facType":"unknown"}},{"type":"Feature","geometry":{"type":"Point","coordinates":[-84.36768,33.77885]},"properties":{"probability":0.669,"inBuffer":false,"facType":"unknown"}},{"type":"Feature","geometry":{"type":"Point","coordinates":[-84.36229,33.77873]},"properties":{"probability":0.652,"inBuffer":false,"facType":"unknown"}},{"type":"Feature","geometry":{"type":"Point","coordinates":[-84.35689,33.77862]},"properties":{"probability":0.948,"inBuffer":false,"facType":"unknown"}},{"type":"Feature","geometry":{"type":"Point","coordinates":[-84.3515,33.7785]},"properties":{"probability":0.941,"inBuffer":false,"facType":"unknown"}},{"type":"Feature","geometry":{"type":"Point","coordinates":[-84.3461,33.77839]},"properties":{"probability":0.933,"inBuffer":false,"facType":"unknown"}},{"type":"Feature","geometry":{"type":"Point","coordinates":[-84.34071,33.77827]},"properties":{"probability":0.911,"inBuffer":false,"facType":"unknown"}},{"type":"Feature","geometry":{"type":"Point","coordinates":[-84.33531,33.77815]},"properties":{"probability":0.327,"inBuffer":false,"facType":"unknown"}},{"type":"Feature","geometry":{"type":"Point","coordinates":[-84.30834,33.77757]},"properties":{"probability":0.261,"inBuffer":false,"facType":"unknown"}},{"type":"Feature","geometry":{"type":"Point","coordinates":[-84.30295,33.77745]},"properties":{"probability":0.659,"inBuffer":false,"facType":"unknown"}},{"type":"Feature","geometry":{"type":"Point","coordinates":[-84.29755,33.77733]},"properties":{"probability":0.701,"inBuffer":false,"facType":"unknown"}},{"type":"Feature","geometry":{"type":"Point","coordinates":[-84.29216,33.77721]},"properties":{"probability":0.956,"inBuffer":false,"facType":"unknown"}},{"type":"Feature","geometry":{"type":"Point","coordinates":[-84.28677,33.77709]},"properties":{"probability":0.933,"inBuffer":false,"facType":"unknown"}},{"type":"Feature","geometry":{"type":"Point","coordinates":[-84.28137,33.77698]},"properties":{"probability":0.565,"inBuffer":false,"facType":"unknown"}},{"type":"Feature","geometry":{"type":"Point","coordinates":[-84.27598,33.77686]},"properties":{"probability":0.178,"inBuffer":false,"facType":"unknown"}},{"type":"Feature","geometry":{"type":"Point","coordinates":[-84.27058,33.77674]},"properties":{"probability":0.951,"inBuffer":false,"facType":"unknown"}},{"type":"Feature","geometry":{"type":"Point","coordinates":[-84.26519,33.77662]},"properties":{"probability":0.547,"inBuffer":false,"facType":"unknown"}},{"type":"Feature","geometry":{"type":"Point","coordinates":[-84.2598,33.7765]},"properties":{"probability":0.428,"inBuffer":false,"facType":"unknown"}},{"type":"Feature","geometry":{"type":"Point","coordinates":[-84.2544,33.77638]},"properties":{"probability":0.291,"inBuffer":false,"facType":"unknown"}},{"type":"Feature","geometry":{"type":"Point","coordinates":[-84.24901,33.77626]},"properties":{"probability":0.65,"inBuffer":false,"facType":"unknown"}},{"type":"Feature","geometry":{"type":"Point","coordinates":[-84.24361,33.77614]},"properties":{"probability":0.658,"inBuffer":false,"facType":"unknown"}},{"type":"Feature","geometry":{"type":"Point","coordinates":[-84.23822,33.77602]},"properties":{"probability":0.656,"inBuffer":false,"facType":"unknown"}},{"type":"Feature","geometry":{"type":"Point","coordinates":[-84.23283,33.7759]},"properties":{"probability":0.058,"inBuffer":false,"facType":"unknown"}},{"type":"Feature","geometry":{"type":"Point","coordinates":[-84.22204,33.77565]},"properties":{"probability":0.122,"inBuffer":false,"facType":"unknown"}},{"type":"Feature","geometry":{"type":"Point","coordinates":[-84.21664,33.77553]},"properties":{"probability":0.123,"inBuffer":false,"facType":"unknown"}},{"type":"Feature","geometry":{"type":"Point","coordinates":[-84.56743,33.77844]},"properties":{"probability":0.1,"inBuffer":false,"facType":"unknown"}},{"type":"Feature","geometry":{"type":"Point","coordinates":[-84.56204,33.77834]},"properties":{"probability":0.089,"inBuffer":false,"facType":"unknown"}},{"type":"Feature","geometry":{"type":"Point","coordinates":[-84.55664,33.77823]},"properties":{"probability":0.09,"inBuffer":false,"facType":"unknown"}},{"type":"Feature","geometry":{"type":"Point","coordinates":[-84.55125,33.77812]},"properties":{"probability":0.128,"inBuffer":false,"facType":"unknown"}},{"type":"Feature","geometry":{"type":"Point","coordinates":[-84.54585,33.77801]},"properties":{"probability":0.176,"inBuffer":false,"facType":"unknown"}},{"type":"Feature","geometry":{"type":"Point","coordinates":[-84.54045,33.77791]},"properties":{"probability":0.627,"inBuffer":false,"facType":"unknown"}},{"type":"Feature","geometry":{"type":"Point","coordinates":[-84.53506,33.7778]},"properties":{"probability":0.491,"inBuffer":false,"facType":"unknown"}},{"type":"Feature","geometry":{"type":"Point","coordinates":[-84.52966,33.77769]},"properties":{"probability":0.103,"inBuffer":false,"facType":"unknown"}},{"type":"Feature","geometry":{"type":"Point","coordinates":[-84.52427,33.77758]},"properties":{"probability":0.933,"inBuffer":false,"facType":"unknown"}},{"type":"Feature","geometry":{"type":"Point","coordinates":[-84.51887,33.77747]},"properties":{"probability":0.933,"inBuffer":false,"facType":"unknown"}},{"type":"Feature","geometry":{"type":"Point","coordinates":[-84.51348,33.77737]},"properties":{"probability":0.933,"inBuffer":false,"facType":"unknown"}},{"type":"Feature","geometry":{"type":"Point","coordinates":[-84.50808,33.77726]},"properties":{"probability":0.18,"inBuffer":false,"facType":"unknown"}},{"type":"Feature","geometry":{"type":"Point","coordinates":[-84.50269,33.77715]},"properties":{"probability":0.159,"inBuffer":false,"facType":"unknown"}},{"type":"Feature","geometry":{"type":"Point","coordinates":[-84.49729,33.77704]},"properties":{"probability":0.173,"inBuffer":false,"facType":"unknown"}},{"type":"Feature","geometry":{"type":"Point","coordinates":[-84.4919,33.77693]},"properties":{"probability":0.187,"inBuffer":false,"facType":"unknown"}},{"type":"Feature","geometry":{"type":"Point","coordinates":[-84.4865,33.77682]},"properties":{"probability":0.874,"inBuffer":false,"facType":"unknown"}},{"type":"Feature","geometry":{"type":"Point","coordinates":[-84.48111,33.77671]},"properties":{"probability":0.906,"inBuffer":false,"facType":"unknown"}},{"type":"Feature","geometry":{"type":"Point","coordinates":[-84.47571,33.7766]},"properties":{"probability":0.498,"inBuffer":false,"facType":"unknown"}},{"type":"Feature","geometry":{"type":"Point","coordinates":[-84.47032,33.77649]},"properties":{"probability":0.407,"inBuffer":false,"facType":"unknown"}},{"type":"Feature","geometry":{"type":"Point","coordinates":[-84.46492,33.77638]},"properties":{"probability":0.885,"inBuffer":false,"facType":"unknown"}},{"type":"Feature","geometry":{"type":"Point","coordinates":[-84.45953,33.77627]},"properties":{"probability":0.892,"inBuffer":false,"facType":"unknown"}},{"type":"Feature","geometry":{"type":"Point","coordinates":[-84.45413,33.77616]},"properties":{"probability":0.932,"inBuffer":false,"facType":"unknown"}},{"type":"Feature","geometry":{"type":"Point","coordinates":[-84.44874,33.77604]},"properties":{"probability":0.914,"inBuffer":false,"facType":"unknown"}},{"type":"Feature","geometry":{"type":"Point","coordinates":[-84.44334,33.77593]},"properties":{"probability":0.907,"inBuffer":false,"facType":"unknown"}},{"type":"Feature","geometry":{"type":"Point","coordinates":[-84.43795,33.77582]},"properties":{"probability":0.322,"inBuffer":false,"facType":"unknown"}},{"type":"Feature","geometry":{"type":"Point","coordinates":[-84.43255,33.77571]},"properties":{"probability":0.483,"inBuffer":false,"facType":"unknown"}},{"type":"Feature","geometry":{"type":"Point","coordinates":[-84.42716,33.7756]},"properties":{"probability":0.955,"inBuffer":false,"facType":"unknown"}},{"type":"Feature","geometry":{"type":"Point","coordinates":[-84.42176,33.77548]},"properties":{"probability":0.659,"inBuffer":false,"facType":"unknown"}},{"type":"Feature","geometry":{"type":"Point","coordinates":[-84.41637,33.77537]},"properties":{"probability":0.702,"inBuffer":false,"facType":"unknown"}},{"type":"Feature","geometry":{"type":"Point","coordinates":[-84.41098,33.77526]},"properties":{"probability":0.696,"inBuffer":false,"facType":"unknown"}},{"type":"Feature","geometry":{"type":"Point","coordinates":[-84.40558,33.77514]},"properties":{"probability":0.727,"inBuffer":false,"facType":"unknown"}},{"type":"Feature","geometry":{"type":"Point","coordinates":[-84.40019,33.77503]},"properties":{"probability":0.532,"inBuffer":false,"facType":"unknown"}},{"type":"Feature","geometry":{"type":"Point","coordinates":[-84.39479,33.77492]},"properties":{"probability":0.468,"inBuffer":false,"facType":"unknown"}},{"type":"Feature","geometry":{"type":"Point","coordinates":[-84.3894,33.7748]},"properties":{"probability":0.956,"inBuffer":false,"facType":"unknown"}},{"type":"Feature","geometry":{"type":"Point","coordinates":[-84.384,33.77469]},"properties":{"probability":0.957,"inBuffer":false,"facType":"unknown"}},{"type":"Feature","geometry":{"type":"Point","coordinates":[-84.37861,33.77457]},"properties":{"probability":0.958,"inBuffer":false,"facType":"unknown"}},{"type":"Feature","geometry":{"type":"Point","coordinates":[-84.37321,33.77446]},"properties":{"probability":0.402,"inBuffer":false,"facType":"unknown"}},{"type":"Feature","geometry":{"type":"Point","coordinates":[-84.36782,33.77434]},"properties":{"probability":0.572,"inBuffer":false,"facType":"unknown"}},{"type":"Feature","geometry":{"type":"Point","coordinates":[-84.36243,33.77423]},"properties":{"probability":0.46,"inBuffer":false,"facType":"unknown"}},{"type":"Feature","geometry":{"type":"Point","coordinates":[-84.35703,33.77411]},"properties":{"probability":0.175,"inBuffer":false,"facType":"unknown"}},{"type":"Feature","geometry":{"type":"Point","coordinates":[-84.35164,33.774]},"properties":{"probability":0.371,"inBuffer":false,"facType":"unknown"}},{"type":"Feature","geometry":{"type":"Point","coordinates":[-84.34624,33.77388]},"properties":{"probability":0.939,"inBuffer":false,"facType":"unknown"}},{"type":"Feature","geometry":{"type":"Point","coordinates":[-84.34085,33.77376]},"properties":{"probability":0.347,"inBuffer":false,"facType":"unknown"}},{"type":"Feature","geometry":{"type":"Point","coordinates":[-84.33545,33.77365]},"properties":{"probability":0.34,"inBuffer":false,"facType":"unknown"}},{"type":"Feature","geometry":{"type":"Point","coordinates":[-84.33006,33.77353]},"properties":{"probability":0.241,"inBuffer":false,"facType":"unknown"}},{"type":"Feature","geometry":{"type":"Point","coordinates":[-84.30848,33.77306]},"properties":{"probability":0.366,"inBuffer":false,"facType":"unknown"}},{"type":"Feature","geometry":{"type":"Point","coordinates":[-84.30309,33.77294]},"properties":{"probability":0.669,"inBuffer":false,"facType":"unknown"}},{"type":"Feature","geometry":{"type":"Point","coordinates":[-84.2977,33.77283]},"properties":{"probability":0.727,"inBuffer":false,"facType":"unknown"}},{"type":"Feature","geometry":{"type":"Point","coordinates":[-84.2923,33.77271]},"properties":{"probability":0.957,"inBuffer":false,"facType":"unknown"}},{"type":"Feature","geometry":{"type":"Point","coordinates":[-84.28691,33.77259]},"properties":{"probability":0.619,"inBuffer":false,"facType":"unknown"}},{"type":"Feature","geometry":{"type":"Point","coordinates":[-84.28151,33.77247]},"properties":{"probability":0.631,"inBuffer":false,"facType":"unknown"}},{"type":"Feature","geometry":{"type":"Point","coordinates":[-84.27612,33.77235]},"properties":{"probability":0.59,"inBuffer":false,"facType":"unknown"}},{"type":"Feature","geometry":{"type":"Point","coordinates":[-84.27073,33.77223]},"properties":{"probability":0.931,"inBuffer":false,"facType":"unknown"}},{"type":"Feature","geometry":{"type":"Point","coordinates":[-84.26533,33.77211]},"properties":{"probability":0.899,"inBuffer":false,"facType":"unknown"}},{"type":"Feature","geometry":{"type":"Point","coordinates":[-84.25994,33.77199]},"properties":{"probability":0.096,"inBuffer":false,"facType":"unknown"}},{"type":"Feature","geometry":{"type":"Point","coordinates":[-84.25455,33.77187]},"properties":{"probability":0.53,"inBuffer":false,"facType":"unknown"}},{"type":"Feature","geometry":{"type":"Point","coordinates":[-84.24915,33.77175]},"properties":{"probability":0.634,"inBuffer":false,"facType":"unknown"}},{"type":"Feature","geometry":{"type":"Point","coordinates":[-84.24376,33.77163]},"properties":{"probability":0.65,"inBuffer":false,"facType":"unknown"}},{"type":"Feature","geometry":{"type":"Point","coordinates":[-84.23836,33.77151]},"properties":{"probability":0.61,"inBuffer":false,"facType":"unknown"}},{"type":"Feature","geometry":{"type":"Point","coordinates":[-84.23297,33.77139]},"properties":{"probability":0.067,"inBuffer":false,"facType":"unknown"}},{"type":"Feature","geometry":{"type":"Point","coordinates":[-84.22758,33.77127]},"properties":{"probability":0.204,"inBuffer":false,"facType":"unknown"}},{"type":"Feature","geometry":{"type":"Point","coordinates":[-84.22218,33.77115]},"properties":{"probability":0.163,"inBuffer":false,"facType":"unknown"}},{"type":"Feature","geometry":{"type":"Point","coordinates":[-84.21679,33.77103]},"properties":{"probability":0.147,"inBuffer":false,"facType":"unknown"}},{"type":"Feature","geometry":{"type":"Point","coordinates":[-84.56756,33.77394]},"properties":{"probability":0.139,"inBuffer":false,"facType":"unknown"}},{"type":"Feature","geometry":{"type":"Point","coordinates":[-84.56216,33.77383]},"properties":{"probability":0.153,"inBuffer":false,"facType":"unknown"}},{"type":"Feature","geometry":{"type":"Point","coordinates":[-84.55677,33.77372]},"properties":{"probability":0.173,"inBuffer":false,"facType":"unknown"}},{"type":"Feature","geometry":{"type":"Point","coordinates":[-84.55137,33.77362]},"properties":{"probability":0.18,"inBuffer":false,"facType":"unknown"}},{"type":"Feature","geometry":{"type":"Point","coordinates":[-84.54598,33.77351]},"properties":{"probability":0.179,"inBuffer":false,"facType":"unknown"}},{"type":"Feature","geometry":{"type":"Point","coordinates":[-84.54058,33.7734]},"properties":{"probability":0.631,"inBuffer":false,"facType":"unknown"}},{"type":"Feature","geometry":{"type":"Point","coordinates":[-84.53519,33.77329]},"properties":{"probability":0.503,"inBuffer":false,"facType":"unknown"}},{"type":"Feature","geometry":{"type":"Point","coordinates":[-84.52979,33.77319]},"properties":{"probability":0.159,"inBuffer":false,"facType":"unknown"}},{"type":"Feature","geometry":{"type":"Point","coordinates":[-84.5244,33.77308]},"properties":{"probability":0.956,"inBuffer":false,"facType":"unknown"}},{"type":"Feature","geometry":{"type":"Point","coordinates":[-84.519,33.77297]},"properties":{"probability":0.948,"inBuffer":false,"facType":"unknown"}},{"type":"Feature","geometry":{"type":"Point","coordinates":[-84.51361,33.77286]},"properties":{"probability":0.941,"inBuffer":false,"facType":"unknown"}},{"type":"Feature","geometry":{"type":"Point","coordinates":[-84.50821,33.77275]},"properties":{"probability":0.182,"inBuffer":false,"facType":"unknown"}},{"type":"Feature","geometry":{"type":"Point","coordinates":[-84.50282,33.77264]},"properties":{"probability":0.192,"inBuffer":false,"facType":"unknown"}},{"type":"Feature","geometry":{"type":"Point","coordinates":[-84.49742,33.77253]},"properties":{"probability":0.194,"inBuffer":false,"facType":"unknown"}},{"type":"Feature","geometry":{"type":"Point","coordinates":[-84.49203,33.77242]},"properties":{"probability":0.169,"inBuffer":false,"facType":"unknown"}},{"type":"Feature","geometry":{"type":"Point","coordinates":[-84.48663,33.77231]},"properties":{"probability":0.137,"inBuffer":false,"facType":"unknown"}},{"type":"Feature","geometry":{"type":"Point","coordinates":[-84.47585,33.77209]},"properties":{"probability":0.066,"inBuffer":false,"facType":"unknown"}},{"type":"Feature","geometry":{"type":"Point","coordinates":[-84.46506,33.77187]},"properties":{"probability":0.883,"inBuffer":false,"facType":"unknown"}},{"type":"Feature","geometry":{"type":"Point","coordinates":[-84.45966,33.77176]},"properties":{"probability":0.884,"inBuffer":false,"facType":"unknown"}},{"type":"Feature","geometry":{"type":"Point","coordinates":[-84.45427,33.77165]},"properties":{"probability":0.895,"inBuffer":false,"facType":"unknown"}},{"type":"Feature","geometry":{"type":"Point","coordinates":[-84.44887,33.77154]},"properties":{"probability":0.911,"inBuffer":false,"facType":"unknown"}},{"type":"Feature","geometry":{"type":"Point","coordinates":[-84.44348,33.77143]},"properties":{"probability":0.242,"inBuffer":false,"facType":"unknown"}},{"type":"Feature","geometry":{"type":"Point","coordinates":[-84.43808,33.77132]},"properties":{"probability":0.107,"inBuffer":false,"facType":"unknown"}},{"type":"Feature","geometry":{"type":"Point","coordinates":[-84.43269,33.7712]},"properties":{"probability":0.403,"inBuffer":false,"facType":"unknown"}},{"type":"Feature","geometry":{"type":"Point","coordinates":[-84.42729,33.77109]},"properties":{"probability":0.945,"inBuffer":false,"facType":"unknown"}},{"type":"Feature","geometry":{"type":"Point","coordinates":[-84.4219,33.77098]},"properties":{"probability":0.957,"inBuffer":false,"facType":"unknown"}},{"type":"Feature","geometry":{"type":"Point","coordinates":[-84.41651,33.77087]},"properties":{"probability":0.583,"inBuffer":false,"facType":"unknown"}},{"type":"Feature","geometry":{"type":"Point","coordinates":[-84.41111,33.77075]},"properties":{"probability":0.646,"inBuffer":false,"facType":"unknown"}},{"type":"Feature","geometry":{"type":"Point","coordinates":[-84.40572,33.77064]},"properties":{"probability":0.66,"inBuffer":false,"facType":"unknown"}},{"type":"Feature","geometry":{"type":"Point","coordinates":[-84.40032,33.77053]},"properties":{"probability":0.602,"inBuffer":false,"facType":"unknown"}},{"type":"Feature","geometry":{"type":"Point","coordinates":[-84.39493,33.77041]},"properties":{"probability":0.682,"inBuffer":false,"facType":"unknown"}},{"type":"Feature","geometry":{"type":"Point","coordinates":[-84.38953,33.7703]},"properties":{"probability":0.958,"inBuffer":false,"facType":"unknown"}},{"type":"Feature","geometry":{"type":"Point","coordinates":[-84.38414,33.77018]},"properties":{"probability":0.958,"inBuffer":false,"facType":"unknown"}},{"type":"Feature","geometry":{"type":"Point","coordinates":[-84.37875,33.77007]},"properties":{"probability":0.957,"inBuffer":false,"facType":"unknown"}},{"type":"Feature","geometry":{"type":"Point","coordinates":[-84.37335,33.76995]},"properties":{"probability":0.622,"inBuffer":false,"facType":"unknown"}},{"type":"Feature","geometry":{"type":"Point","coordinates":[-84.36796,33.76984]},"properties":{"probability":0.66,"inBuffer":false,"facType":"unknown"}},{"type":"Feature","geometry":{"type":"Point","coordinates":[-84.36256,33.76972]},"properties":{"probability":0.197,"inBuffer":false,"facType":"unknown"}},{"type":"Feature","geometry":{"type":"Point","coordinates":[-84.35717,33.76961]},"properties":{"probability":0.153,"inBuffer":false,"facType":"unknown"}},{"type":"Feature","geometry":{"type":"Point","coordinates":[-84.35178,33.76949]},"properties":{"probability":0.266,"inBuffer":false,"facType":"unknown"}},{"type":"Feature","geometry":{"type":"Point","coordinates":[-84.34638,33.76938]},"properties":{"probability":0.259,"inBuffer":false,"facType":"unknown"}},{"type":"Feature","geometry":{"type":"Point","coordinates":[-84.34099,33.76926]},"properties":{"probability":0.225,"inBuffer":false,"facType":"unknown"}},{"type":"Feature","geometry":{"type":"Point","coordinates":[-84.33559,33.76914]},"properties":{"probability":0.194,"inBuffer":false,"facType":"unknown"}},{"type":"Feature","geometry":{"type":"Point","coordinates":[-84.31402,33.76868]},"properties":{"probability":0.057,"inBuffer":false,"facType":"unknown"}},{"type":"Feature","geometry":{"type":"Point","coordinates":[-84.30862,33.76856]},"properties":{"probability":0.071,"inBuffer":false,"facType":"unknown"}},{"type":"Feature","geometry":{"type":"Point","coordinates":[-84.30323,33.76844]},"properties":{"probability":0.943,"inBuffer":false,"facType":"unknown"}},{"type":"Feature","geometry":{"type":"Point","coordinates":[-84.29784,33.76832]},"properties":{"probability":0.947,"inBuffer":false,"facType":"unknown"}},{"type":"Feature","geometry":{"type":"Point","coordinates":[-84.29244,33.7682]},"properties":{"probability":0.617,"inBuffer":false,"facType":"unknown"}},{"type":"Feature","geometry":{"type":"Point","coordinates":[-84.28705,33.76809]},"properties":{"probability":0.472,"inBuffer":false,"facType":"unknown"}},{"type":"Feature","geometry":{"type":"Point","coordinates":[-84.28166,33.76797]},"properties":{"probability":0.489,"inBuffer":false,"facType":"unknown"}},{"type":"Feature","geometry":{"type":"Point","coordinates":[-84.27626,33.76785]},"properties":{"probability":0.315,"inBuffer":false,"facType":"unknown"}},{"type":"Feature","geometry":{"type":"Point","coordinates":[-84.27087,33.76773]},"properties":{"probability":0.197,"inBuffer":false,"facType":"unknown"}},{"type":"Feature","geometry":{"type":"Point","coordinates":[-84.26548,33.76761]},"properties":{"probability":0.186,"inBuffer":false,"facType":"unknown"}},{"type":"Feature","geometry":{"type":"Point","coordinates":[-84.26008,33.76749]},"properties":{"probability":0.253,"inBuffer":false,"facType":"unknown"}},{"type":"Feature","geometry":{"type":"Point","coordinates":[-84.25469,33.76737]},"properties":{"probability":0.5,"inBuffer":false,"facType":"unknown"}},{"type":"Feature","geometry":{"type":"Point","coordinates":[-84.2493,33.76725]},"properties":{"probability":0.477,"inBuffer":false,"facType":"unknown"}},{"type":"Feature","geometry":{"type":"Point","coordinates":[-84.2439,33.76713]},"properties":{"probability":0.434,"inBuffer":false,"facType":"unknown"}},{"type":"Feature","geometry":{"type":"Point","coordinates":[-84.23851,33.76701]},"properties":{"probability":0.093,"inBuffer":false,"facType":"unknown"}},{"type":"Feature","geometry":{"type":"Point","coordinates":[-84.23312,33.76689]},"properties":{"probability":0.253,"inBuffer":false,"facType":"unknown"}},{"type":"Feature","geometry":{"type":"Point","coordinates":[-84.22772,33.76677]},"properties":{"probability":0.931,"inBuffer":false,"facType":"unknown"}},{"type":"Feature","geometry":{"type":"Point","coordinates":[-84.22233,33.76664]},"properties":{"probability":0.932,"inBuffer":false,"facType":"unknown"}},{"type":"Feature","geometry":{"type":"Point","coordinates":[-84.21694,33.76652]},"properties":{"probability":0.89,"inBuffer":false,"facType":"unknown"}},{"type":"Feature","geometry":{"type":"Point","coordinates":[-84.56769,33.76943]},"properties":{"probability":0.099,"inBuffer":false,"facType":"unknown"}},{"type":"Feature","geometry":{"type":"Point","coordinates":[-84.56229,33.76932]},"properties":{"probability":0.165,"inBuffer":false,"facType":"unknown"}},{"type":"Feature","geometry":{"type":"Point","coordinates":[-84.5569,33.76922]},"properties":{"probability":0.644,"inBuffer":false,"facType":"unknown"}},{"type":"Feature","geometry":{"type":"Point","coordinates":[-84.5515,33.76911]},"properties":{"probability":0.675,"inBuffer":false,"facType":"unknown"}},{"type":"Feature","geometry":{"type":"Point","coordinates":[-84.54611,33.769]},"properties":{"probability":0.184,"inBuffer":false,"facType":"unknown"}},{"type":"Feature","geometry":{"type":"Point","coordinates":[-84.54071,33.7689]},"properties":{"probability":0.385,"inBuffer":false,"facType":"unknown"}},{"type":"Feature","geometry":{"type":"Point","coordinates":[-84.53532,33.76879]},"properties":{"probability":0.418,"inBuffer":false,"facType":"unknown"}},{"type":"Feature","geometry":{"type":"Point","coordinates":[-84.52992,33.76868]},"properties":{"probability":0.173,"inBuffer":false,"facType":"unknown"}},{"type":"Feature","geometry":{"type":"Point","coordinates":[-84.52453,33.76857]},"properties":{"probability":0.27,"inBuffer":false,"facType":"unknown"}},{"type":"Feature","geometry":{"type":"Point","coordinates":[-84.51913,33.76846]},"properties":{"probability":0.956,"inBuffer":false,"facType":"unknown"}},{"type":"Feature","geometry":{"type":"Point","coordinates":[-84.51374,33.76836]},"properties":{"probability":0.946,"inBuffer":false,"facType":"unknown"}},{"type":"Feature","geometry":{"type":"Point","coordinates":[-84.50834,33.76825]},"properties":{"probability":0.235,"inBuffer":false,"facType":"unknown"}},{"type":"Feature","geometry":{"type":"Point","coordinates":[-84.50295,33.76814]},"properties":{"probability":0.2,"inBuffer":false,"facType":"unknown"}},{"type":"Feature","geometry":{"type":"Point","coordinates":[-84.49756,33.76803]},"properties":{"probability":0.238,"inBuffer":false,"facType":"unknown"}},{"type":"Feature","geometry":{"type":"Point","coordinates":[-84.49216,33.76792]},"properties":{"probability":0.233,"inBuffer":false,"facType":"unknown"}},{"type":"Feature","geometry":{"type":"Point","coordinates":[-84.48677,33.76781]},"properties":{"probability":0.127,"inBuffer":false,"facType":"unknown"}},{"type":"Feature","geometry":{"type":"Point","coordinates":[-84.46519,33.76737]},"properties":{"probability":0.17,"inBuffer":false,"facType":"unknown"}},{"type":"Feature","geometry":{"type":"Point","coordinates":[-84.45979,33.76726]},"properties":{"probability":0.181,"inBuffer":false,"facType":"unknown"}},{"type":"Feature","geometry":{"type":"Point","coordinates":[-84.4544,33.76715]},"properties":{"probability":0.172,"inBuffer":false,"facType":"unknown"}},{"type":"Feature","geometry":{"type":"Point","coordinates":[-84.44901,33.76703]},"properties":{"probability":0.193,"inBuffer":false,"facType":"unknown"}},{"type":"Feature","geometry":{"type":"Point","coordinates":[-84.44361,33.76692]},"properties":{"probability":0.198,"inBuffer":false,"facType":"unknown"}},{"type":"Feature","geometry":{"type":"Point","coordinates":[-84.43822,33.76681]},"properties":{"probability":0.092,"inBuffer":false,"facType":"unknown"}},{"type":"Feature","geometry":{"type":"Point","coordinates":[-84.43282,33.7667]},"properties":{"probability":0.249,"inBuffer":false,"facType":"unknown"}},{"type":"Feature","geometry":{"type":"Point","coordinates":[-84.42743,33.76659]},"properties":{"probability":0.945,"inBuffer":false,"facType":"unknown"}},{"type":"Feature","geometry":{"type":"Point","coordinates":[-84.42204,33.76647]},"properties":{"probability":0.946,"inBuffer":false,"facType":"unknown"}},{"type":"Feature","geometry":{"type":"Point","coordinates":[-84.41664,33.76636]},"properties":{"probability":0.947,"inBuffer":false,"facType":"unknown"}},{"type":"Feature","geometry":{"type":"Point","coordinates":[-84.41125,33.76625]},"properties":{"probability":0.388,"inBuffer":false,"facType":"unknown"}},{"type":"Feature","geometry":{"type":"Point","coordinates":[-84.40585,33.76613]},"properties":{"probability":0.659,"inBuffer":false,"facType":"unknown"}},{"type":"Feature","geometry":{"type":"Point","coordinates":[-84.40046,33.76602]},"properties":{"probability":0.958,"inBuffer":false,"facType":"unknown"}},{"type":"Feature","geometry":{"type":"Point","coordinates":[-84.39506,33.76591]},"properties":{"probability":0.742,"inBuffer":false,"facType":"unknown"}},{"type":"Feature","geometry":{"type":"Point","coordinates":[-84.38967,33.76579]},"properties":{"probability":0.746,"inBuffer":false,"facType":"unknown"}},{"type":"Feature","geometry":{"type":"Point","coordinates":[-84.38428,33.76568]},"properties":{"probability":0.958,"inBuffer":false,"facType":"unknown"}},{"type":"Feature","geometry":{"type":"Point","coordinates":[-84.37888,33.76556]},"properties":{"probability":0.488,"inBuffer":false,"facType":"unknown"}},{"type":"Feature","geometry":{"type":"Point","coordinates":[-84.37349,33.76545]},"properties":{"probability":0.66,"inBuffer":false,"facType":"unknown"}},{"type":"Feature","geometry":{"type":"Point","coordinates":[-84.3681,33.76533]},"properties":{"probability":0.657,"inBuffer":false,"facType":"unknown"}},{"type":"Feature","geometry":{"type":"Point","coordinates":[-84.3627,33.76522]},"properties":{"probability":0.177,"inBuffer":false,"facType":"unknown"}},{"type":"Feature","geometry":{"type":"Point","coordinates":[-84.35731,33.7651]},"properties":{"probability":0.156,"inBuffer":false,"facType":"unknown"}},{"type":"Feature","geometry":{"type":"Point","coordinates":[-84.35191,33.76499]},"properties":{"probability":0.398,"inBuffer":false,"facType":"unknown"}},{"type":"Feature","geometry":{"type":"Point","coordinates":[-84.34652,33.76487]},"properties":{"probability":0.95,"inBuffer":false,"facType":"unknown"}},{"type":"Feature","geometry":{"type":"Point","coordinates":[-84.34113,33.76476]},"properties":{"probability":0.944,"inBuffer":false,"facType":"unknown"}},{"type":"Feature","geometry":{"type":"Point","coordinates":[-84.33573,33.76464]},"properties":{"probability":0.259,"inBuffer":false,"facType":"unknown"}},{"type":"Feature","geometry":{"type":"Point","coordinates":[-84.33034,33.76452]},"properties":{"probability":0.387,"inBuffer":false,"facType":"unknown"}},{"type":"Feature","geometry":{"type":"Point","coordinates":[-84.32495,33.76441]},"properties":{"probability":0.303,"inBuffer":false,"facType":"unknown"}},{"type":"Feature","geometry":{"type":"Point","coordinates":[-84.31955,33.76429]},"properties":{"probability":0.065,"inBuffer":false,"facType":"unknown"}},{"type":"Feature","geometry":{"type":"Point","coordinates":[-84.31416,33.76417]},"properties":{"probability":0.241,"inBuffer":false,"facType":"unknown"}},{"type":"Feature","geometry":{"type":"Point","coordinates":[-84.30877,33.76405]},"properties":{"probability":0.26,"inBuffer":false,"facType":"unknown"}},{"type":"Feature","geometry":{"type":"Point","coordinates":[-84.30337,33.76394]},"properties":{"probability":0.897,"inBuffer":false,"facType":"unknown"}},{"type":"Feature","geometry":{"type":"Point","coordinates":[-84.29798,33.76382]},"properties":{"probability":0.919,"inBuffer":false,"facType":"unknown"}},{"type":"Feature","geometry":{"type":"Point","coordinates":[-84.29259,33.7637]},"properties":{"probability":0.889,"inBuffer":false,"facType":"unknown"}},{"type":"Feature","geometry":{"type":"Point","coordinates":[-84.25483,33.76286]},"properties":{"probability":0.525,"inBuffer":false,"facType":"unknown"}},{"type":"Feature","geometry":{"type":"Point","coordinates":[-84.24944,33.76274]},"properties":{"probability":0.466,"inBuffer":false,"facType":"unknown"}},{"type":"Feature","geometry":{"type":"Point","coordinates":[-84.24405,33.76262]},"properties":{"probability":0.067,"inBuffer":false,"facType":"unknown"}},{"type":"Feature","geometry":{"type":"Point","coordinates":[-84.23865,33.7625]},"properties":{"probability":0.094,"inBuffer":false,"facType":"unknown"}},{"type":"Feature","geometry":{"type":"Point","coordinates":[-84.23326,33.76238]},"properties":{"probability":0.216,"inBuffer":false,"facType":"unknown"}},{"type":"Feature","geometry":{"type":"Point","coordinates":[-84.22787,33.76226]},"properties":{"probability":0.902,"inBuffer":false,"facType":"unknown"}},{"type":"Feature","geometry":{"type":"Point","coordinates":[-84.22247,33.76214]},"properties":{"probability":0.902,"inBuffer":false,"facType":"unknown"}},{"type":"Feature","geometry":{"type":"Point","coordinates":[-84.21708,33.76202]},"properties":{"probability":0.876,"inBuffer":false,"facType":"unknown"}},{"type":"Feature","geometry":{"type":"Point","coordinates":[-84.56242,33.76482]},"properties":{"probability":0.15,"inBuffer":false,"facType":"unknown"}},{"type":"Feature","geometry":{"type":"Point","coordinates":[-84.55702,33.76471]},"properties":{"probability":0.66,"inBuffer":false,"facType":"unknown"}},{"type":"Feature","geometry":{"type":"Point","coordinates":[-84.55163,33.76461]},"properties":{"probability":0.66,"inBuffer":false,"facType":"unknown"}},{"type":"Feature","geometry":{"type":"Point","coordinates":[-84.54624,33.7645]},"properties":{"probability":0.422,"inBuffer":false,"facType":"unknown"}},{"type":"Feature","geometry":{"type":"Point","coordinates":[-84.54084,33.76439]},"properties":{"probability":0.172,"inBuffer":false,"facType":"unknown"}},{"type":"Feature","geometry":{"type":"Point","coordinates":[-84.53545,33.76428]},"properties":{"probability":0.173,"inBuffer":false,"facType":"unknown"}},{"type":"Feature","geometry":{"type":"Point","coordinates":[-84.53005,33.76418]},"properties":{"probability":0.17,"inBuffer":false,"facType":"unknown"}},{"type":"Feature","geometry":{"type":"Point","coordinates":[-84.52466,33.76407]},"properties":{"probability":0.264,"inBuffer":false,"facType":"unknown"}},{"type":"Feature","geometry":{"type":"Point","coordinates":[-84.51926,33.76396]},"properties":{"probability":0.268,"inBuffer":false,"facType":"unknown"}},{"type":"Feature","geometry":{"type":"Point","coordinates":[-84.51387,33.76385]},"properties":{"probability":0.267,"inBuffer":false,"facType":"unknown"}},{"type":"Feature","geometry":{"type":"Point","coordinates":[-84.50847,33.76374]},"properties":{"probability":0.256,"inBuffer":false,"facType":"unknown"}},{"type":"Feature","geometry":{"type":"Point","coordinates":[-84.50308,33.76363]},"properties":{"probability":0.928,"inBuffer":false,"facType":"unknown"}},{"type":"Feature","geometry":{"type":"Point","coordinates":[-84.49769,33.76352]},"properties":{"probability":0.931,"inBuffer":false,"facType":"unknown"}},{"type":"Feature","geometry":{"type":"Point","coordinates":[-84.49229,33.76341]},"properties":{"probability":0.254,"inBuffer":false,"facType":"unknown"}},{"type":"Feature","geometry":{"type":"Point","coordinates":[-84.4869,33.7633]},"properties":{"probability":0.19,"inBuffer":false,"facType":"unknown"}},{"type":"Feature","geometry":{"type":"Point","coordinates":[-84.47072,33.76297]},"properties":{"probability":0.063,"inBuffer":false,"facType":"unknown"}},{"type":"Feature","geometry":{"type":"Point","coordinates":[-84.46532,33.76286]},"properties":{"probability":0.188,"inBuffer":false,"facType":"unknown"}},{"type":"Feature","geometry":{"type":"Point","coordinates":[-84.45993,33.76275]},"properties":{"probability":0.176,"inBuffer":false,"facType":"unknown"}},{"type":"Feature","geometry":{"type":"Point","coordinates":[-84.45453,33.76264]},"properties":{"probability":0.182,"inBuffer":false,"facType":"unknown"}},{"type":"Feature","geometry":{"type":"Point","coordinates":[-84.44914,33.76253]},"properties":{"probability":0.175,"inBuffer":false,"facType":"unknown"}},{"type":"Feature","geometry":{"type":"Point","coordinates":[-84.44375,33.76242]},"properties":{"probability":0.061,"inBuffer":false,"facType":"unknown"}},{"type":"Feature","geometry":{"type":"Point","coordinates":[-84.43835,33.7623]},"properties":{"probability":0.088,"inBuffer":false,"facType":"unknown"}},{"type":"Feature","geometry":{"type":"Point","coordinates":[-84.43296,33.76219]},"properties":{"probability":0.108,"inBuffer":false,"facType":"unknown"}},{"type":"Feature","geometry":{"type":"Point","coordinates":[-84.42756,33.76208]},"properties":{"probability":0.942,"inBuffer":false,"facType":"unknown"}},{"type":"Feature","geometry":{"type":"Point","coordinates":[-84.42217,33.76197]},"properties":{"probability":0.945,"inBuffer":false,"facType":"unknown"}},{"type":"Feature","geometry":{"type":"Point","coordinates":[-84.41678,33.76186]},"properties":{"probability":0.953,"inBuffer":false,"facType":"unknown"}},{"type":"Feature","geometry":{"type":"Point","coordinates":[-84.41138,33.76174]},"properties":{"probability":0.957,"inBuffer":false,"facType":"unknown"}},{"type":"Feature","geometry":{"type":"Point","coordinates":[-84.40599,33.76163]},"properties":{"probability":0.685,"inBuffer":false,"facType":"unknown"}},{"type":"Feature","geometry":{"type":"Point","coordinates":[-84.40059,33.76152]},"properties":{"probability":0.731,"inBuffer":false,"facType":"unknown"}},{"type":"Feature","geometry":{"type":"Point","coordinates":[-84.3952,33.7614]},"properties":{"probability":0.745,"inBuffer":false,"facType":"unknown"}},{"type":"Feature","geometry":{"type":"Point","coordinates":[-84.38981,33.76129]},"properties":{"probability":0.96,"inBuffer":false,"facType":"unknown"}},{"type":"Feature","geometry":{"type":"Point","coordinates":[-84.38441,33.76117]},"properties":{"probability":0.748,"inBuffer":false,"facType":"unknown"}},{"type":"Feature","geometry":{"type":"Point","coordinates":[-84.37902,33.76106]},"properties":{"probability":0.71,"inBuffer":false,"facType":"unknown"}},{"type":"Feature","geometry":{"type":"Point","coordinates":[-84.37363,33.76094]},"properties":{"probability":0.631,"inBuffer":false,"facType":"unknown"}},{"type":"Feature","geometry":{"type":"Point","coordinates":[-84.36823,33.76083]},"properties":{"probability":0.601,"inBuffer":false,"facType":"unknown"}},{"type":"Feature","geometry":{"type":"Point","coordinates":[-84.36284,33.76071]},"properties":{"probability":0.171,"inBuffer":false,"facType":"unknown"}},{"type":"Feature","geometry":{"type":"Point","coordinates":[-84.35745,33.7606]},"properties":{"probability":0.368,"inBuffer":false,"facType":"unknown"}},{"type":"Feature","geometry":{"type":"Point","coordinates":[-84.35205,33.76048]},"properties":{"probability":0.652,"inBuffer":false,"facType":"unknown"}},{"type":"Feature","geometry":{"type":"Point","coordinates":[-84.34666,33.76037]},"properties":{"probability":0.956,"inBuffer":false,"facType":"unknown"}},{"type":"Feature","geometry":{"type":"Point","coordinates":[-84.34127,33.76025]},"properties":{"probability":0.95,"inBuffer":false,"facType":"unknown"}},{"type":"Feature","geometry":{"type":"Point","coordinates":[-84.33587,33.76013]},"properties":{"probability":0.164,"inBuffer":false,"facType":"unknown"}},{"type":"Feature","geometry":{"type":"Point","coordinates":[-84.33048,33.76002]},"properties":{"probability":0.54,"inBuffer":false,"facType":"unknown"}},{"type":"Feature","geometry":{"type":"Point","coordinates":[-84.32509,33.7599]},"properties":{"probability":0.461,"inBuffer":false,"facType":"unknown"}},{"type":"Feature","geometry":{"type":"Point","coordinates":[-84.31969,33.75978]},"properties":{"probability":0.251,"inBuffer":false,"facType":"unknown"}},{"type":"Feature","geometry":{"type":"Point","coordinates":[-84.3143,33.75967]},"properties":{"probability":0.214,"inBuffer":false,"facType":"unknown"}},{"type":"Feature","geometry":{"type":"Point","coordinates":[-84.30891,33.75955]},"properties":{"probability":0.906,"inBuffer":false,"facType":"unknown"}},{"type":"Feature","geometry":{"type":"Point","coordinates":[-84.30351,33.75943]},"properties":{"probability":0.892,"inBuffer":false,"facType":"unknown"}},{"type":"Feature","geometry":{"type":"Point","coordinates":[-84.29812,33.75931]},"properties":{"probability":0.874,"inBuffer":false,"facType":"unknown"}},{"type":"Feature","geometry":{"type":"Point","coordinates":[-84.29273,33.75919]},"properties":{"probability":0.157,"inBuffer":false,"facType":"unknown"}},{"type":"Feature","geometry":{"type":"Point","coordinates":[-84.27116,33.75872]},"properties":{"probability":0.093,"inBuffer":false,"facType":"unknown"}},{"type":"Feature","geometry":{"type":"Point","coordinates":[-84.26576,33.7586]},"properties":{"probability":0.093,"inBuffer":false,"facType":"unknown"}},{"type":"Feature","geometry":{"type":"Point","coordinates":[-84.26037,33.75848]},"properties":{"probability":0.1,"inBuffer":false,"facType":"unknown"}},{"type":"Feature","geometry":{"type":"Point","coordinates":[-84.25498,33.75836]},"properties":{"probability":0.092,"inBuffer":false,"facType":"unknown"}},{"type":"Feature","geometry":{"type":"Point","coordinates":[-84.24419,33.75812]},"properties":{"probability":0.057,"inBuffer":false,"facType":"unknown"}},{"type":"Feature","geometry":{"type":"Point","coordinates":[-84.2388,33.758]},"properties":{"probability":0.101,"inBuffer":false,"facType":"unknown"}},{"type":"Feature","geometry":{"type":"Point","coordinates":[-84.23341,33.75788]},"properties":{"probability":0.236,"inBuffer":false,"facType":"unknown"}},{"type":"Feature","geometry":{"type":"Point","coordinates":[-84.22801,33.75776]},"properties":{"probability":0.178,"inBuffer":false,"facType":"unknown"}},{"type":"Feature","geometry":{"type":"Point","coordinates":[-84.22262,33.75764]},"properties":{"probability":0.161,"inBuffer":false,"facType":"unknown"}},{"type":"Feature","geometry":{"type":"Point","coordinates":[-84.21723,33.75751]},"properties":{"probability":0.148,"inBuffer":false,"facType":"unknown"}},{"type":"Feature","geometry":{"type":"Point","coordinates":[-84.56255,33.76031]},"properties":{"probability":0.147,"inBuffer":false,"facType":"unknown"}},{"type":"Feature","geometry":{"type":"Point","coordinates":[-84.55715,33.76021]},"properties":{"probability":0.383,"inBuffer":false,"facType":"unknown"}},{"type":"Feature","geometry":{"type":"Point","coordinates":[-84.55176,33.7601]},"properties":{"probability":0.54,"inBuffer":false,"facType":"unknown"}},{"type":"Feature","geometry":{"type":"Point","coordinates":[-84.54636,33.75999]},"properties":{"probability":0.176,"inBuffer":false,"facType":"unknown"}},{"type":"Feature","geometry":{"type":"Point","coordinates":[-84.54097,33.75989]},"properties":{"probability":0.167,"inBuffer":false,"facType":"unknown"}},{"type":"Feature","geometry":{"type":"Point","coordinates":[-84.53558,33.75978]},"properties":{"probability":0.165,"inBuffer":false,"facType":"unknown"}},{"type":"Feature","geometry":{"type":"Point","coordinates":[-84.53018,33.75967]},"properties":{"probability":0.164,"inBuffer":false,"facType":"unknown"}},{"type":"Feature","geometry":{"type":"Point","coordinates":[-84.52479,33.75956]},"properties":{"probability":0.225,"inBuffer":false,"facType":"unknown"}},{"type":"Feature","geometry":{"type":"Point","coordinates":[-84.51939,33.75945]},"properties":{"probability":0.228,"inBuffer":false,"facType":"unknown"}},{"type":"Feature","geometry":{"type":"Point","coordinates":[-84.514,33.75934]},"properties":{"probability":0.239,"inBuffer":false,"facType":"unknown"}},{"type":"Feature","geometry":{"type":"Point","coordinates":[-84.50861,33.75924]},"properties":{"probability":0.945,"inBuffer":false,"facType":"unknown"}},{"type":"Feature","geometry":{"type":"Point","coordinates":[-84.50321,33.75913]},"properties":{"probability":0.939,"inBuffer":false,"facType":"unknown"}},{"type":"Feature","geometry":{"type":"Point","coordinates":[-84.49782,33.75902]},"properties":{"probability":0.934,"inBuffer":false,"facType":"unknown"}},{"type":"Feature","geometry":{"type":"Point","coordinates":[-84.49242,33.75891]},"properties":{"probability":0.252,"inBuffer":false,"facType":"unknown"}},{"type":"Feature","geometry":{"type":"Point","coordinates":[-84.48703,33.7588]},"properties":{"probability":0.203,"inBuffer":false,"facType":"unknown"}},{"type":"Feature","geometry":{"type":"Point","coordinates":[-84.48164,33.75869]},"properties":{"probability":0.058,"inBuffer":false,"facType":"unknown"}},{"type":"Feature","geometry":{"type":"Point","coordinates":[-84.47624,33.75858]},"properties":{"probability":0.056,"inBuffer":false,"facType":"unknown"}},{"type":"Feature","geometry":{"type":"Point","coordinates":[-84.47085,33.75847]},"properties":{"probability":0.088,"inBuffer":false,"facType":"unknown"}},{"type":"Feature","geometry":{"type":"Point","coordinates":[-84.46545,33.75836]},"properties":{"probability":0.197,"inBuffer":false,"facType":"unknown"}},{"type":"Feature","geometry":{"type":"Point","coordinates":[-84.46006,33.75825]},"properties":{"probability":0.194,"inBuffer":false,"facType":"unknown"}},{"type":"Feature","geometry":{"type":"Point","coordinates":[-84.45467,33.75813]},"properties":{"probability":0.178,"inBuffer":false,"facType":"unknown"}},{"type":"Feature","geometry":{"type":"Point","coordinates":[-84.44927,33.75802]},"properties":{"probability":0.082,"inBuffer":false,"facType":"unknown"}},{"type":"Feature","geometry":{"type":"Point","coordinates":[-84.44388,33.75791]},"properties":{"probability":0.083,"inBuffer":false,"facType":"unknown"}},{"type":"Feature","geometry":{"type":"Point","coordinates":[-84.43849,33.7578]},"properties":{"probability":0.067,"inBuffer":false,"facType":"unknown"}},{"type":"Feature","geometry":{"type":"Point","coordinates":[-84.43309,33.75769]},"properties":{"probability":0.399,"inBuffer":false,"facType":"unknown"}},{"type":"Feature","geometry":{"type":"Point","coordinates":[-84.4277,33.75758]},"properties":{"probability":0.472,"inBuffer":false,"facType":"unknown"}},{"type":"Feature","geometry":{"type":"Point","coordinates":[-84.4223,33.75746]},"properties":{"probability":0.954,"inBuffer":false,"facType":"unknown"}},{"type":"Feature","geometry":{"type":"Point","coordinates":[-84.41691,33.75735]},"properties":{"probability":0.273,"inBuffer":false,"facType":"unknown"}},{"type":"Feature","geometry":{"type":"Point","coordinates":[-84.41152,33.75724]},"properties":{"probability":0.957,"inBuffer":false,"facType":"unknown"}},{"type":"Feature","geometry":{"type":"Point","coordinates":[-84.40612,33.75712]},"properties":{"probability":0.96,"inBuffer":false,"facType":"unknown"}},{"type":"Feature","geometry":{"type":"Point","coordinates":[-84.40073,33.75701]},"properties":{"probability":0.959,"inBuffer":false,"facType":"unknown"}},{"type":"Feature","geometry":{"type":"Point","coordinates":[-84.39534,33.7569]},"properties":{"probability":0.958,"inBuffer":false,"facType":"unknown"}},{"type":"Feature","geometry":{"type":"Point","coordinates":[-84.38994,33.75678]},"properties":{"probability":0.748,"inBuffer":false,"facType":"unknown"}},{"type":"Feature","geometry":{"type":"Point","coordinates":[-84.38455,33.75667]},"properties":{"probability":0.748,"inBuffer":false,"facType":"unknown"}},{"type":"Feature","geometry":{"type":"Point","coordinates":[-84.37916,33.75655]},"properties":{"probability":0.731,"inBuffer":false,"facType":"unknown"}},{"type":"Feature","geometry":{"type":"Point","coordinates":[-84.37376,33.75644]},"properties":{"probability":0.958,"inBuffer":false,"facType":"unknown"}},{"type":"Feature","geometry":{"type":"Point","coordinates":[-84.36837,33.75632]},"properties":{"probability":0.956,"inBuffer":false,"facType":"unknown"}},{"type":"Feature","geometry":{"type":"Point","coordinates":[-84.36298,33.75621]},"properties":{"probability":0.27,"inBuffer":false,"facType":"unknown"}},{"type":"Feature","geometry":{"type":"Point","coordinates":[-84.35758,33.75609]},"properties":{"probability":0.171,"inBuffer":false,"facType":"unknown"}},{"type":"Feature","geometry":{"type":"Point","coordinates":[-84.35219,33.75598]},"properties":{"probability":0.655,"inBuffer":false,"facType":"unknown"}},{"type":"Feature","geometry":{"type":"Point","coordinates":[-84.3468,33.75586]},"properties":{"probability":0.654,"inBuffer":false,"facType":"unknown"}},{"type":"Feature","geometry":{"type":"Point","coordinates":[-84.34141,33.75575]},"properties":{"probability":0.945,"inBuffer":false,"facType":"unknown"}},{"type":"Feature","geometry":{"type":"Point","coordinates":[-84.33601,33.75563]},"properties":{"probability":0.157,"inBuffer":false,"facType":"unknown"}},{"type":"Feature","geometry":{"type":"Point","coordinates":[-84.33062,33.75551]},"properties":{"probability":0.483,"inBuffer":false,"facType":"unknown"}},{"type":"Feature","geometry":{"type":"Point","coordinates":[-84.32523,33.7554]},"properties":{"probability":0.469,"inBuffer":false,"facType":"unknown"}},{"type":"Feature","geometry":{"type":"Point","coordinates":[-84.31983,33.75528]},"properties":{"probability":0.896,"inBuffer":false,"facType":"unknown"}},{"type":"Feature","geometry":{"type":"Point","coordinates":[-84.31444,33.75516]},"properties":{"probability":0.21,"inBuffer":false,"facType":"unknown"}},{"type":"Feature","geometry":{"type":"Point","coordinates":[-84.30905,33.75504]},"properties":{"probability":0.203,"inBuffer":false,"facType":"unknown"}},{"type":"Feature","geometry":{"type":"Point","coordinates":[-84.30365,33.75493]},"properties":{"probability":0.889,"inBuffer":false,"facType":"unknown"}},{"type":"Feature","geometry":{"type":"Point","coordinates":[-84.29826,33.75481]},"properties":{"probability":0.884,"inBuffer":false,"facType":"unknown"}},{"type":"Feature","geometry":{"type":"Point","coordinates":[-84.29287,33.75469]},"properties":{"probability":0.17,"inBuffer":false,"facType":"unknown"}},{"type":"Feature","geometry":{"type":"Point","coordinates":[-84.28748,33.75457]},"properties":{"probability":0.124,"inBuffer":false,"facType":"unknown"}},{"type":"Feature","geometry":{"type":"Point","coordinates":[-84.2713,33.75421]},"properties":{"probability":0.14,"inBuffer":false,"facType":"unknown"}},{"type":"Feature","geometry":{"type":"Point","coordinates":[-84.26591,33.7541]},"properties":{"probability":0.25,"inBuffer":false,"facType":"unknown"}},{"type":"Feature","geometry":{"type":"Point","coordinates":[-84.26051,33.75398]},"properties":{"probability":0.083,"inBuffer":false,"facType":"unknown"}},{"type":"Feature","geometry":{"type":"Point","coordinates":[-84.23894,33.75349]},"properties":{"probability":0.086,"inBuffer":false,"facType":"unknown"}},{"type":"Feature","geometry":{"type":"Point","coordinates":[-84.23355,33.75337]},"properties":{"probability":0.236,"inBuffer":false,"facType":"unknown"}},{"type":"Feature","geometry":{"type":"Point","coordinates":[-84.22816,33.75325]},"properties":{"probability":0.203,"inBuffer":false,"facType":"unknown"}},{"type":"Feature","geometry":{"type":"Point","coordinates":[-84.22277,33.75313]},"properties":{"probability":0.195,"inBuffer":false,"facType":"unknown"}},{"type":"Feature","geometry":{"type":"Point","coordinates":[-84.21737,33.75301]},"properties":{"probability":0.12,"inBuffer":false,"facType":"unknown"}},{"type":"Feature","geometry":{"type":"Point","coordinates":[-84.56267,33.75581]},"properties":{"probability":0.102,"inBuffer":false,"facType":"unknown"}},{"type":"Feature","geometry":{"type":"Point","coordinates":[-84.55728,33.7557]},"properties":{"probability":0.113,"inBuffer":false,"facType":"unknown"}},{"type":"Feature","geometry":{"type":"Point","coordinates":[-84.55189,33.75559]},"properties":{"probability":0.108,"inBuffer":false,"facType":"unknown"}},{"type":"Feature","geometry":{"type":"Point","coordinates":[-84.54649,33.75549]},"properties":{"probability":0.161,"inBuffer":false,"facType":"unknown"}},{"type":"Feature","geometry":{"type":"Point","coordinates":[-84.5411,33.75538]},"properties":{"probability":0.158,"inBuffer":false,"facType":"unknown"}},{"type":"Feature","geometry":{"type":"Point","coordinates":[-84.52492,33.75506]},"properties":{"probability":0.142,"inBuffer":false,"facType":"unknown"}},{"type":"Feature","geometry":{"type":"Point","coordinates":[-84.51952,33.75495]},"properties":{"probability":0.131,"inBuffer":false,"facType":"unknown"}},{"type":"Feature","geometry":{"type":"Point","coordinates":[-84.51413,33.75484]},"properties":{"probability":0.159,"inBuffer":false,"facType":"unknown"}},{"type":"Feature","geometry":{"type":"Point","coordinates":[-84.50874,33.75473]},"properties":{"probability":0.928,"inBuffer":false,"facType":"unknown"}},{"type":"Feature","geometry":{"type":"Point","coordinates":[-84.50334,33.75462]},"properties":{"probability":0.939,"inBuffer":false,"facType":"unknown"}},{"type":"Feature","geometry":{"type":"Point","coordinates":[-84.49795,33.75451]},"properties":{"probability":0.944,"inBuffer":false,"facType":"unknown"}},{"type":"Feature","geometry":{"type":"Point","coordinates":[-84.49255,33.7544]},"properties":{"probability":0.163,"inBuffer":false,"facType":"unknown"}},{"type":"Feature","geometry":{"type":"Point","coordinates":[-84.48716,33.75429]},"properties":{"probability":0.105,"inBuffer":false,"facType":"unknown"}},{"type":"Feature","geometry":{"type":"Point","coordinates":[-84.48177,33.75418]},"properties":{"probability":0.091,"inBuffer":false,"facType":"unknown"}},{"type":"Feature","geometry":{"type":"Point","coordinates":[-84.47637,33.75407]},"properties":{"probability":0.148,"inBuffer":false,"facType":"unknown"}},{"type":"Feature","geometry":{"type":"Point","coordinates":[-84.47098,33.75396]},"properties":{"probability":0.165,"inBuffer":false,"facType":"unknown"}},{"type":"Feature","geometry":{"type":"Point","coordinates":[-84.46559,33.75385]},"properties":{"probability":0.259,"inBuffer":false,"facType":"unknown"}},{"type":"Feature","geometry":{"type":"Point","coordinates":[-84.46019,33.75374]},"properties":{"probability":0.199,"inBuffer":false,"facType":"unknown"}},{"type":"Feature","geometry":{"type":"Point","coordinates":[-84.4548,33.75363]},"properties":{"probability":0.197,"inBuffer":false,"facType":"unknown"}},{"type":"Feature","geometry":{"type":"Point","coordinates":[-84.44941,33.75352]},"properties":{"probability":0.24,"inBuffer":false,"facType":"unknown"}},{"type":"Feature","geometry":{"type":"Point","coordinates":[-84.44401,33.75341]},"properties":{"probability":0.238,"inBuffer":false,"facType":"unknown"}},{"type":"Feature","geometry":{"type":"Point","coordinates":[-84.43862,33.75329]},"properties":{"probability":0.102,"inBuffer":false,"facType":"unknown"}},{"type":"Feature","geometry":{"type":"Point","coordinates":[-84.43323,33.75318]},"properties":{"probability":0.396,"inBuffer":false,"facType":"unknown"}},{"type":"Feature","geometry":{"type":"Point","coordinates":[-84.42783,33.75307]},"properties":{"probability":0.473,"inBuffer":false,"facType":"unknown"}},{"type":"Feature","geometry":{"type":"Point","coordinates":[-84.42244,33.75296]},"properties":{"probability":0.947,"inBuffer":false,"facType":"unknown"}},{"type":"Feature","geometry":{"type":"Point","coordinates":[-84.41705,33.75284]},"properties":{"probability":0.958,"inBuffer":false,"facType":"unknown"}},{"type":"Feature","geometry":{"type":"Point","coordinates":[-84.41165,33.75273]},"properties":{"probability":0.959,"inBuffer":false,"facType":"unknown"}},{"type":"Feature","geometry":{"type":"Point","coordinates":[-84.40626,33.75262]},"properties":{"probability":0.959,"inBuffer":false,"facType":"unknown"}},{"type":"Feature","geometry":{"type":"Point","coordinates":[-84.40087,33.75251]},"properties":{"probability":0.958,"inBuffer":false,"facType":"unknown"}},{"type":"Feature","geometry":{"type":"Point","coordinates":[-84.39547,33.75239]},"properties":{"probability":0.744,"inBuffer":false,"facType":"unknown"}},{"type":"Feature","geometry":{"type":"Point","coordinates":[-84.39008,33.75228]},"properties":{"probability":0.96,"inBuffer":false,"facType":"unknown"}},{"type":"Feature","geometry":{"type":"Point","coordinates":[-84.38469,33.75216]},"properties":{"probability":0.958,"inBuffer":false,"facType":"unknown"}},{"type":"Feature","geometry":{"type":"Point","coordinates":[-84.37929,33.75205]},"properties":{"probability":0.958,"inBuffer":false,"facType":"unknown"}},{"type":"Feature","geometry":{"type":"Point","coordinates":[-84.3739,33.75193]},"properties":{"probability":0.957,"inBuffer":false,"facType":"unknown"}},{"type":"Feature","geometry":{"type":"Point","coordinates":[-84.36851,33.75182]},"properties":{"probability":0.956,"inBuffer":false,"facType":"unknown"}},{"type":"Feature","geometry":{"type":"Point","coordinates":[-84.36312,33.7517]},"properties":{"probability":0.957,"inBuffer":false,"facType":"unknown"}},{"type":"Feature","geometry":{"type":"Point","coordinates":[-84.35772,33.75159]},"properties":{"probability":0.957,"inBuffer":false,"facType":"unknown"}},{"type":"Feature","geometry":{"type":"Point","coordinates":[-84.35233,33.75147]},"properties":{"probability":0.286,"inBuffer":false,"facType":"unknown"}},{"type":"Feature","geometry":{"type":"Point","coordinates":[-84.34694,33.75136]},"properties":{"probability":0.171,"inBuffer":false,"facType":"unknown"}},{"type":"Feature","geometry":{"type":"Point","coordinates":[-84.34154,33.75124]},"properties":{"probability":0.272,"inBuffer":false,"facType":"unknown"}},{"type":"Feature","geometry":{"type":"Point","coordinates":[-84.33615,33.75112]},"properties":{"probability":0.936,"inBuffer":false,"facType":"unknown"}},{"type":"Feature","geometry":{"type":"Point","coordinates":[-84.33076,33.75101]},"properties":{"probability":0.932,"inBuffer":false,"facType":"unknown"}},{"type":"Feature","geometry":{"type":"Point","coordinates":[-84.32537,33.75089]},"properties":{"probability":0.942,"inBuffer":false,"facType":"unknown"}},{"type":"Feature","geometry":{"type":"Point","coordinates":[-84.31997,33.75077]},"properties":{"probability":0.919,"inBuffer":false,"facType":"unknown"}},{"type":"Feature","geometry":{"type":"Point","coordinates":[-84.31458,33.75066]},"properties":{"probability":0.896,"inBuffer":false,"facType":"unknown"}},{"type":"Feature","geometry":{"type":"Point","coordinates":[-84.30919,33.75054]},"properties":{"probability":0.214,"inBuffer":false,"facType":"unknown"}},{"type":"Feature","geometry":{"type":"Point","coordinates":[-84.3038,33.75042]},"properties":{"probability":0.201,"inBuffer":false,"facType":"unknown"}},{"type":"Feature","geometry":{"type":"Point","coordinates":[-84.2984,33.7503]},"properties":{"probability":0.192,"inBuffer":false,"facType":"unknown"}},{"type":"Feature","geometry":{"type":"Point","coordinates":[-84.29301,33.75019]},"properties":{"probability":0.193,"inBuffer":false,"facType":"unknown"}},{"type":"Feature","geometry":{"type":"Point","coordinates":[-84.27683,33.74983]},"properties":{"probability":0.083,"inBuffer":false,"facType":"unknown"}},{"type":"Feature","geometry":{"type":"Point","coordinates":[-84.27144,33.74971]},"properties":{"probability":0.101,"inBuffer":false,"facType":"unknown"}},{"type":"Feature","geometry":{"type":"Point","coordinates":[-84.26605,33.74959]},"properties":{"probability":0.236,"inBuffer":false,"facType":"unknown"}},{"type":"Feature","geometry":{"type":"Point","coordinates":[-84.26066,33.74947]},"properties":{"probability":0.17,"inBuffer":false,"facType":"unknown"}},{"type":"Feature","geometry":{"type":"Point","coordinates":[-84.25526,33.74935]},"properties":{"probability":0.139,"inBuffer":false,"facType":"unknown"}},{"type":"Feature","geometry":{"type":"Point","coordinates":[-84.24987,33.74923]},"properties":{"probability":0.126,"inBuffer":false,"facType":"unknown"}},{"type":"Feature","geometry":{"type":"Point","coordinates":[-84.23369,33.74887]},"properties":{"probability":0.095,"inBuffer":false,"facType":"unknown"}},{"type":"Feature","geometry":{"type":"Point","coordinates":[-84.2283,33.74875]},"properties":{"probability":0.104,"inBuffer":false,"facType":"unknown"}},{"type":"Feature","geometry":{"type":"Point","coordinates":[-84.22291,33.74863]},"properties":{"probability":0.197,"inBuffer":false,"facType":"unknown"}},{"type":"Feature","geometry":{"type":"Point","coordinates":[-84.21752,33.74851]},"properties":{"probability":0.159,"inBuffer":false,"facType":"unknown"}},{"type":"Feature","geometry":{"type":"Point","coordinates":[-84.5628,33.7513]},"properties":{"probability":0.099,"inBuffer":false,"facType":"unknown"}},{"type":"Feature","geometry":{"type":"Point","coordinates":[-84.55741,33.7512]},"properties":{"probability":0.146,"inBuffer":false,"facType":"unknown"}},{"type":"Feature","geometry":{"type":"Point","coordinates":[-84.55201,33.75109]},"properties":{"probability":0.461,"inBuffer":false,"facType":"unknown"}},{"type":"Feature","geometry":{"type":"Point","coordinates":[-84.54662,33.75098]},"properties":{"probability":0.479,"inBuffer":false,"facType":"unknown"}},{"type":"Feature","geometry":{"type":"Point","coordinates":[-84.54123,33.75087]},"properties":{"probability":0.281,"inBuffer":false,"facType":"unknown"}},{"type":"Feature","geometry":{"type":"Point","coordinates":[-84.51965,33.75044]},"properties":{"probability":0.123,"inBuffer":false,"facType":"unknown"}},{"type":"Feature","geometry":{"type":"Point","coordinates":[-84.51426,33.75033]},"properties":{"probability":0.122,"inBuffer":false,"facType":"unknown"}},{"type":"Feature","geometry":{"type":"Point","coordinates":[-84.50347,33.75012]},"properties":{"probability":0.458,"inBuffer":false,"facType":"unknown"}},{"type":"Feature","geometry":{"type":"Point","coordinates":[-84.49808,33.75001]},"properties":{"probability":0.605,"inBuffer":false,"facType":"unknown"}},{"type":"Feature","geometry":{"type":"Point","coordinates":[-84.49269,33.7499]},"properties":{"probability":0.495,"inBuffer":false,"facType":"unknown"}},{"type":"Feature","geometry":{"type":"Point","coordinates":[-84.48729,33.74979]},"properties":{"probability":0.1,"inBuffer":false,"facType":"unknown"}},{"type":"Feature","geometry":{"type":"Point","coordinates":[-84.47651,33.74957]},"properties":{"probability":0.084,"inBuffer":false,"facType":"unknown"}},{"type":"Feature","geometry":{"type":"Point","coordinates":[-84.47111,33.74946]},"properties":{"probability":0.13,"inBuffer":false,"facType":"unknown"}},{"type":"Feature","geometry":{"type":"Point","coordinates":[-84.46572,33.74935]},"properties":{"probability":0.222,"inBuffer":false,"facType":"unknown"}},{"type":"Feature","geometry":{"type":"Point","coordinates":[-84.46033,33.74924]},"properties":{"probability":0.19,"inBuffer":false,"facType":"unknown"}},{"type":"Feature","geometry":{"type":"Point","coordinates":[-84.45493,33.74912]},"properties":{"probability":0.192,"inBuffer":false,"facType":"unknown"}},{"type":"Feature","geometry":{"type":"Point","coordinates":[-84.44954,33.74901]},"properties":{"probability":0.231,"inBuffer":false,"facType":"unknown"}},{"type":"Feature","geometry":{"type":"Point","coordinates":[-84.44415,33.7489]},"properties":{"probability":0.255,"inBuffer":false,"facType":"unknown"}},{"type":"Feature","geometry":{"type":"Point","coordinates":[-84.43875,33.74879]},"properties":{"probability":0.933,"inBuffer":false,"facType":"unknown"}},{"type":"Feature","geometry":{"type":"Point","coordinates":[-84.43336,33.74868]},"properties":{"probability":0.244,"inBuffer":false,"facType":"unknown"}},{"type":"Feature","geometry":{"type":"Point","coordinates":[-84.42797,33.74857]},"properties":{"probability":0.112,"inBuffer":false,"facType":"unknown"}},{"type":"Feature","geometry":{"type":"Point","coordinates":[-84.42257,33.74845]},"properties":{"probability":0.578,"inBuffer":false,"facType":"unknown"}},{"type":"Feature","geometry":{"type":"Point","coordinates":[-84.41718,33.74834]},"properties":{"probability":0.958,"inBuffer":false,"facType":"unknown"}},{"type":"Feature","geometry":{"type":"Point","coordinates":[-84.41179,33.74823]},"properties":{"probability":0.96,"inBuffer":false,"facType":"unknown"}},{"type":"Feature","geometry":{"type":"Point","coordinates":[-84.4064,33.74811]},"properties":{"probability":0.537,"inBuffer":false,"facType":"unknown"}},{"type":"Feature","geometry":{"type":"Point","coordinates":[-84.401,33.748]},"properties":{"probability":0.73,"inBuffer":false,"facType":"unknown"}},{"type":"Feature","geometry":{"type":"Point","coordinates":[-84.39561,33.74789]},"properties":{"probability":0.961,"inBuffer":false,"facType":"unknown"}},{"type":"Feature","geometry":{"type":"Point","coordinates":[-84.39022,33.74777]},"properties":{"probability":0.748,"inBuffer":false,"facType":"unknown"}},{"type":"Feature","geometry":{"type":"Point","coordinates":[-84.38482,33.74766]},"properties":{"probability":0.748,"inBuffer":false,"facType":"unknown"}},{"type":"Feature","geometry":{"type":"Point","coordinates":[-84.37943,33.74754]},"properties":{"probability":0.744,"inBuffer":false,"facType":"unknown"}},{"type":"Feature","geometry":{"type":"Point","coordinates":[-84.37404,33.74743]},"properties":{"probability":0.652,"inBuffer":false,"facType":"unknown"}},{"type":"Feature","geometry":{"type":"Point","coordinates":[-84.36865,33.74731]},"properties":{"probability":0.956,"inBuffer":false,"facType":"unknown"}},{"type":"Feature","geometry":{"type":"Point","coordinates":[-84.36325,33.7472]},"properties":{"probability":0.657,"inBuffer":false,"facType":"unknown"}},{"type":"Feature","geometry":{"type":"Point","coordinates":[-84.35786,33.74708]},"properties":{"probability":0.958,"inBuffer":false,"facType":"unknown"}},{"type":"Feature","geometry":{"type":"Point","coordinates":[-84.35247,33.74697]},"properties":{"probability":0.958,"inBuffer":false,"facType":"unknown"}},{"type":"Feature","geometry":{"type":"Point","coordinates":[-84.34708,33.74685]},"properties":{"probability":0.957,"inBuffer":false,"facType":"unknown"}},{"type":"Feature","geometry":{"type":"Point","coordinates":[-84.34168,33.74674]},"properties":{"probability":0.945,"inBuffer":false,"facType":"unknown"}},{"type":"Feature","geometry":{"type":"Point","coordinates":[-84.33629,33.74662]},"properties":{"probability":0.957,"inBuffer":false,"facType":"unknown"}},{"type":"Feature","geometry":{"type":"Point","coordinates":[-84.3309,33.7465]},"properties":{"probability":0.948,"inBuffer":false,"facType":"unknown"}},{"type":"Feature","geometry":{"type":"Point","coordinates":[-84.32551,33.74639]},"properties":{"probability":0.945,"inBuffer":false,"facType":"unknown"}},{"type":"Feature","geometry":{"type":"Point","coordinates":[-84.32011,33.74627]},"properties":{"probability":0.932,"inBuffer":false,"facType":"unknown"}},{"type":"Feature","geometry":{"type":"Point","coordinates":[-84.31472,33.74615]},"properties":{"probability":0.26,"inBuffer":false,"facType":"unknown"}},{"type":"Feature","geometry":{"type":"Point","coordinates":[-84.30933,33.74603]},"properties":{"probability":0.22,"inBuffer":false,"facType":"unknown"}},{"type":"Feature","geometry":{"type":"Point","coordinates":[-84.30394,33.74592]},"properties":{"probability":0.191,"inBuffer":false,"facType":"unknown"}},{"type":"Feature","geometry":{"type":"Point","coordinates":[-84.29854,33.7458]},"properties":{"probability":0.193,"inBuffer":false,"facType":"unknown"}},{"type":"Feature","geometry":{"type":"Point","coordinates":[-84.29315,33.74568]},"properties":{"probability":0.14,"inBuffer":false,"facType":"unknown"}},{"type":"Feature","geometry":{"type":"Point","coordinates":[-84.28776,33.74556]},"properties":{"probability":0.163,"inBuffer":false,"facType":"unknown"}},{"type":"Feature","geometry":{"type":"Point","coordinates":[-84.28237,33.74544]},"properties":{"probability":0.201,"inBuffer":false,"facType":"unknown"}},{"type":"Feature","geometry":{"type":"Point","coordinates":[-84.26619,33.74509]},"properties":{"probability":0.171,"inBuffer":false,"facType":"unknown"}},{"type":"Feature","geometry":{"type":"Point","coordinates":[-84.2608,33.74497]},"properties":{"probability":0.872,"inBuffer":false,"facType":"unknown"}},{"type":"Feature","geometry":{"type":"Point","coordinates":[-84.25541,33.74485]},"properties":{"probability":0.894,"inBuffer":false,"facType":"unknown"}},{"type":"Feature","geometry":{"type":"Point","coordinates":[-84.25002,33.74473]},"properties":{"probability":0.203,"inBuffer":false,"facType":"unknown"}},{"type":"Feature","geometry":{"type":"Point","coordinates":[-84.23384,33.74437]},"properties":{"probability":0.09,"inBuffer":false,"facType":"unknown"}},{"type":"Feature","geometry":{"type":"Point","coordinates":[-84.22845,33.74424]},"properties":{"probability":0.059,"inBuffer":false,"facType":"unknown"}},{"type":"Feature","geometry":{"type":"Point","coordinates":[-84.22306,33.74412]},"properties":{"probability":0.056,"inBuffer":false,"facType":"unknown"}},{"type":"Feature","geometry":{"type":"Point","coordinates":[-84.21766,33.744]},"properties":{"probability":0.062,"inBuffer":false,"facType":"unknown"}},{"type":"Feature","geometry":{"type":"Point","coordinates":[-84.56293,33.7468]},"properties":{"probability":0.157,"inBuffer":false,"facType":"unknown"}},{"type":"Feature","geometry":{"type":"Point","coordinates":[-84.55754,33.74669]},"properties":{"probability":0.538,"inBuffer":false,"facType":"unknown"}},{"type":"Feature","geometry":{"type":"Point","coordinates":[-84.55214,33.74658]},"properties":{"probability":0.575,"inBuffer":false,"facType":"unknown"}},{"type":"Feature","geometry":{"type":"Point","coordinates":[-84.54675,33.74648]},"properties":{"probability":0.502,"inBuffer":false,"facType":"unknown"}},{"type":"Feature","geometry":{"type":"Point","coordinates":[-84.54136,33.74637]},"properties":{"probability":0.299,"inBuffer":false,"facType":"unknown"}},{"type":"Feature","geometry":{"type":"Point","coordinates":[-84.52518,33.74605]},"properties":{"probability":0.124,"inBuffer":false,"facType":"unknown"}},{"type":"Feature","geometry":{"type":"Point","coordinates":[-84.51978,33.74594]},"properties":{"probability":0.122,"inBuffer":false,"facType":"unknown"}},{"type":"Feature","geometry":{"type":"Point","coordinates":[-84.51439,33.74583]},"properties":{"probability":0.063,"inBuffer":false,"facType":"unknown"}},{"type":"Feature","geometry":{"type":"Point","coordinates":[-84.509,33.74572]},"properties":{"probability":0.09,"inBuffer":false,"facType":"unknown"}},{"type":"Feature","geometry":{"type":"Point","coordinates":[-84.5036,33.74561]},"properties":{"probability":0.304,"inBuffer":false,"facType":"unknown"}},{"type":"Feature","geometry":{"type":"Point","coordinates":[-84.49821,33.7455]},"properties":{"probability":0.31,"inBuffer":false,"facType":"unknown"}},{"type":"Feature","geometry":{"type":"Point","coordinates":[-84.49282,33.74539]},"properties":{"probability":0.209,"inBuffer":false,"facType":"unknown"}},{"type":"Feature","geometry":{"type":"Point","coordinates":[-84.46046,33.74473]},"properties":{"probability":0.124,"inBuffer":false,"facType":"unknown"}},{"type":"Feature","geometry":{"type":"Point","coordinates":[-84.45507,33.74462]},"properties":{"probability":0.123,"inBuffer":false,"facType":"unknown"}},{"type":"Feature","geometry":{"type":"Point","coordinates":[-84.44967,33.74451]},"properties":{"probability":0.14,"inBuffer":false,"facType":"unknown"}},{"type":"Feature","geometry":{"type":"Point","coordinates":[-84.44428,33.7444]},"properties":{"probability":0.881,"inBuffer":false,"facType":"unknown"}},{"type":"Feature","geometry":{"type":"Point","coordinates":[-84.43889,33.74428]},"properties":{"probability":0.932,"inBuffer":false,"facType":"unknown"}},{"type":"Feature","geometry":{"type":"Point","coordinates":[-84.4335,33.74417]},"properties":{"probability":0.941,"inBuffer":false,"facType":"unknown"}},{"type":"Feature","geometry":{"type":"Point","coordinates":[-84.4281,33.74406]},"properties":{"probability":0.478,"inBuffer":false,"facType":"unknown"}},{"type":"Feature","geometry":{"type":"Point","coordinates":[-84.42271,33.74395]},"properties":{"probability":0.65,"inBuffer":false,"facType":"unknown"}},{"type":"Feature","geometry":{"type":"Point","coordinates":[-84.41732,33.74383]},"properties":{"probability":0.661,"inBuffer":false,"facType":"unknown"}},{"type":"Feature","geometry":{"type":"Point","coordinates":[-84.41192,33.74372]},"properties":{"probability":0.727,"inBuffer":false,"facType":"unknown"}},{"type":"Feature","geometry":{"type":"Point","coordinates":[-84.40653,33.74361]},"properties":{"probability":0.709,"inBuffer":false,"facType":"unknown"}},{"type":"Feature","geometry":{"type":"Point","coordinates":[-84.40114,33.7435]},"properties":{"probability":0.452,"inBuffer":false,"facType":"unknown"}},{"type":"Feature","geometry":{"type":"Point","coordinates":[-84.39575,33.74338]},"properties":{"probability":0.713,"inBuffer":false,"facType":"unknown"}},{"type":"Feature","geometry":{"type":"Point","coordinates":[-84.39035,33.74327]},"properties":{"probability":0.96,"inBuffer":false,"facType":"unknown"}},{"type":"Feature","geometry":{"type":"Point","coordinates":[-84.38496,33.74315]},"properties":{"probability":0.738,"inBuffer":false,"facType":"unknown"}},{"type":"Feature","geometry":{"type":"Point","coordinates":[-84.37957,33.74304]},"properties":{"probability":0.664,"inBuffer":false,"facType":"unknown"}},{"type":"Feature","geometry":{"type":"Point","coordinates":[-84.37418,33.74292]},"properties":{"probability":0.645,"inBuffer":false,"facType":"unknown"}},{"type":"Feature","geometry":{"type":"Point","coordinates":[-84.36878,33.74281]},"properties":{"probability":0.955,"inBuffer":false,"facType":"unknown"}},{"type":"Feature","geometry":{"type":"Point","coordinates":[-84.36339,33.74269]},"properties":{"probability":0.681,"inBuffer":false,"facType":"unknown"}},{"type":"Feature","geometry":{"type":"Point","coordinates":[-84.358,33.74258]},"properties":{"probability":0.71,"inBuffer":false,"facType":"unknown"}},{"type":"Feature","geometry":{"type":"Point","coordinates":[-84.35261,33.74246]},"properties":{"probability":0.956,"inBuffer":false,"facType":"unknown"}},{"type":"Feature","geometry":{"type":"Point","coordinates":[-84.34721,33.74235]},"properties":{"probability":0.955,"inBuffer":false,"facType":"unknown"}},{"type":"Feature","geometry":{"type":"Point","coordinates":[-84.34182,33.74223]},"properties":{"probability":0.956,"inBuffer":false,"facType":"unknown"}},{"type":"Feature","geometry":{"type":"Point","coordinates":[-84.33643,33.74212]},"properties":{"probability":0.955,"inBuffer":false,"facType":"unknown"}},{"type":"Feature","geometry":{"type":"Point","coordinates":[-84.33104,33.742]},"properties":{"probability":0.951,"inBuffer":false,"facType":"unknown"}},{"type":"Feature","geometry":{"type":"Point","coordinates":[-84.32565,33.74188]},"properties":{"probability":0.269,"inBuffer":false,"facType":"unknown"}},{"type":"Feature","geometry":{"type":"Point","coordinates":[-84.32025,33.74176]},"properties":{"probability":0.243,"inBuffer":false,"facType":"unknown"}},{"type":"Feature","geometry":{"type":"Point","coordinates":[-84.31486,33.74165]},"properties":{"probability":0.284,"inBuffer":false,"facType":"unknown"}},{"type":"Feature","geometry":{"type":"Point","coordinates":[-84.30947,33.74153]},"properties":{"probability":0.248,"inBuffer":false,"facType":"unknown"}},{"type":"Feature","geometry":{"type":"Point","coordinates":[-84.30408,33.74141]},"properties":{"probability":0.164,"inBuffer":false,"facType":"unknown"}},{"type":"Feature","geometry":{"type":"Point","coordinates":[-84.29869,33.74129]},"properties":{"probability":0.179,"inBuffer":false,"facType":"unknown"}},{"type":"Feature","geometry":{"type":"Point","coordinates":[-84.29329,33.74118]},"properties":{"probability":0.156,"inBuffer":false,"facType":"unknown"}},{"type":"Feature","geometry":{"type":"Point","coordinates":[-84.2879,33.74106]},"properties":{"probability":0.593,"inBuffer":false,"facType":"unknown"}},{"type":"Feature","geometry":{"type":"Point","coordinates":[-84.28251,33.74094]},"properties":{"probability":0.492,"inBuffer":false,"facType":"unknown"}},{"type":"Feature","geometry":{"type":"Point","coordinates":[-84.27712,33.74082]},"properties":{"probability":0.323,"inBuffer":false,"facType":"unknown"}},{"type":"Feature","geometry":{"type":"Point","coordinates":[-84.26633,33.74058]},"properties":{"probability":0.868,"inBuffer":false,"facType":"unknown"}},{"type":"Feature","geometry":{"type":"Point","coordinates":[-84.26094,33.74046]},"properties":{"probability":0.904,"inBuffer":false,"facType":"unknown"}},{"type":"Feature","geometry":{"type":"Point","coordinates":[-84.25555,33.74034]},"properties":{"probability":0.938,"inBuffer":false,"facType":"unknown"}},{"type":"Feature","geometry":{"type":"Point","coordinates":[-84.25016,33.74022]},"properties":{"probability":0.258,"inBuffer":false,"facType":"unknown"}},{"type":"Feature","geometry":{"type":"Point","coordinates":[-84.23938,33.73998]},"properties":{"probability":0.463,"inBuffer":false,"facType":"unknown"}},{"type":"Feature","geometry":{"type":"Point","coordinates":[-84.23398,33.73986]},"properties":{"probability":0.504,"inBuffer":false,"facType":"unknown"}},{"type":"Feature","geometry":{"type":"Point","coordinates":[-84.22859,33.73974]},"properties":{"probability":0.269,"inBuffer":false,"facType":"unknown"}},{"type":"Feature","geometry":{"type":"Point","coordinates":[-84.2232,33.73962]},"properties":{"probability":0.095,"inBuffer":false,"facType":"unknown"}},{"type":"Feature","geometry":{"type":"Point","coordinates":[-84.21781,33.7395]},"properties":{"probability":0.105,"inBuffer":false,"facType":"unknown"}},{"type":"Feature","geometry":{"type":"Point","coordinates":[-84.56306,33.74229]},"properties":{"probability":0.601,"inBuffer":false,"facType":"unknown"}},{"type":"Feature","geometry":{"type":"Point","coordinates":[-84.55766,33.74218]},"properties":{"probability":0.625,"inBuffer":false,"facType":"unknown"}},{"type":"Feature","geometry":{"type":"Point","coordinates":[-84.55227,33.74208]},"properties":{"probability":0.631,"inBuffer":false,"facType":"unknown"}},{"type":"Feature","geometry":{"type":"Point","coordinates":[-84.54688,33.74197]},"properties":{"probability":0.485,"inBuffer":false,"facType":"unknown"}},{"type":"Feature","geometry":{"type":"Point","coordinates":[-84.5307,33.74165]},"properties":{"probability":0.121,"inBuffer":false,"facType":"unknown"}},{"type":"Feature","geometry":{"type":"Point","coordinates":[-84.52531,33.74154]},"properties":{"probability":0.121,"inBuffer":false,"facType":"unknown"}},{"type":"Feature","geometry":{"type":"Point","coordinates":[-84.51991,33.74143]},"properties":{"probability":0.122,"inBuffer":false,"facType":"unknown"}},{"type":"Feature","geometry":{"type":"Point","coordinates":[-84.51452,33.74132]},"properties":{"probability":0.191,"inBuffer":false,"facType":"unknown"}},{"type":"Feature","geometry":{"type":"Point","coordinates":[-84.50913,33.74121]},"properties":{"probability":0.082,"inBuffer":false,"facType":"unknown"}},{"type":"Feature","geometry":{"type":"Point","coordinates":[-84.46059,33.74023]},"properties":{"probability":0.138,"inBuffer":false,"facType":"unknown"}},{"type":"Feature","geometry":{"type":"Point","coordinates":[-84.4552,33.74011]},"properties":{"probability":0.138,"inBuffer":false,"facType":"unknown"}},{"type":"Feature","geometry":{"type":"Point","coordinates":[-84.44981,33.74]},"properties":{"probability":0.14,"inBuffer":false,"facType":"unknown"}},{"type":"Feature","geometry":{"type":"Point","coordinates":[-84.44441,33.73989]},"properties":{"probability":0.201,"inBuffer":false,"facType":"unknown"}},{"type":"Feature","geometry":{"type":"Point","coordinates":[-84.43902,33.73978]},"properties":{"probability":0.944,"inBuffer":false,"facType":"unknown"}},{"type":"Feature","geometry":{"type":"Point","coordinates":[-84.43363,33.73967]},"properties":{"probability":0.949,"inBuffer":false,"facType":"unknown"}},{"type":"Feature","geometry":{"type":"Point","coordinates":[-84.42824,33.73956]},"properties":{"probability":0.169,"inBuffer":false,"facType":"unknown"}},{"type":"Feature","geometry":{"type":"Point","coordinates":[-84.42284,33.73944]},"properties":{"probability":0.645,"inBuffer":false,"facType":"unknown"}},{"type":"Feature","geometry":{"type":"Point","coordinates":[-84.41745,33.73933]},"properties":{"probability":0.613,"inBuffer":false,"facType":"unknown"}},{"type":"Feature","geometry":{"type":"Point","coordinates":[-84.41206,33.73922]},"properties":{"probability":0.721,"inBuffer":false,"facType":"unknown"}},{"type":"Feature","geometry":{"type":"Point","coordinates":[-84.40667,33.7391]},"properties":{"probability":0.686,"inBuffer":false,"facType":"unknown"}},{"type":"Feature","geometry":{"type":"Point","coordinates":[-84.40128,33.73899]},"properties":{"probability":0.602,"inBuffer":false,"facType":"unknown"}},{"type":"Feature","geometry":{"type":"Point","coordinates":[-84.39588,33.73888]},"properties":{"probability":0.217,"inBuffer":false,"facType":"unknown"}},{"type":"Feature","geometry":{"type":"Point","coordinates":[-84.39049,33.73876]},"properties":{"probability":0.564,"inBuffer":false,"facType":"unknown"}},{"type":"Feature","geometry":{"type":"Point","coordinates":[-84.3851,33.73865]},"properties":{"probability":0.187,"inBuffer":false,"facType":"unknown"}},{"type":"Feature","geometry":{"type":"Point","coordinates":[-84.37971,33.73853]},"properties":{"probability":0.176,"inBuffer":false,"facType":"unknown"}},{"type":"Feature","geometry":{"type":"Point","coordinates":[-84.37431,33.73842]},"properties":{"probability":0.944,"inBuffer":false,"facType":"unknown"}},{"type":"Feature","geometry":{"type":"Point","coordinates":[-84.36892,33.7383]},"properties":{"probability":0.954,"inBuffer":false,"facType":"unknown"}},{"type":"Feature","geometry":{"type":"Point","coordinates":[-84.36353,33.73819]},"properties":{"probability":0.956,"inBuffer":false,"facType":"unknown"}},{"type":"Feature","geometry":{"type":"Point","coordinates":[-84.35814,33.73807]},"properties":{"probability":0.412,"inBuffer":false,"facType":"unknown"}},{"type":"Feature","geometry":{"type":"Point","coordinates":[-84.35275,33.73796]},"properties":{"probability":0.956,"inBuffer":false,"facType":"unknown"}},{"type":"Feature","geometry":{"type":"Point","coordinates":[-84.34735,33.73784]},"properties":{"probability":0.956,"inBuffer":false,"facType":"unknown"}},{"type":"Feature","geometry":{"type":"Point","coordinates":[-84.34196,33.73773]},"properties":{"probability":0.946,"inBuffer":false,"facType":"unknown"}},{"type":"Feature","geometry":{"type":"Point","coordinates":[-84.33657,33.73761]},"properties":{"probability":0.272,"inBuffer":false,"facType":"unknown"}},{"type":"Feature","geometry":{"type":"Point","coordinates":[-84.33118,33.73749]},"properties":{"probability":0.252,"inBuffer":false,"facType":"unknown"}},{"type":"Feature","geometry":{"type":"Point","coordinates":[-84.32579,33.73738]},"properties":{"probability":0.245,"inBuffer":false,"facType":"unknown"}},{"type":"Feature","geometry":{"type":"Point","coordinates":[-84.32039,33.73726]},"properties":{"probability":0.202,"inBuffer":false,"facType":"unknown"}},{"type":"Feature","geometry":{"type":"Point","coordinates":[-84.315,33.73714]},"properties":{"probability":0.236,"inBuffer":false,"facType":"unknown"}},{"type":"Feature","geometry":{"type":"Point","coordinates":[-84.30961,33.73703]},"properties":{"probability":0.237,"inBuffer":false,"facType":"unknown"}},{"type":"Feature","geometry":{"type":"Point","coordinates":[-84.30422,33.73691]},"properties":{"probability":0.192,"inBuffer":false,"facType":"unknown"}},{"type":"Feature","geometry":{"type":"Point","coordinates":[-84.29883,33.73679]},"properties":{"probability":0.173,"inBuffer":false,"facType":"unknown"}},{"type":"Feature","geometry":{"type":"Point","coordinates":[-84.29344,33.73667]},"properties":{"probability":0.268,"inBuffer":false,"facType":"unknown"}},{"type":"Feature","geometry":{"type":"Point","coordinates":[-84.28804,33.73655]},"properties":{"probability":0.955,"inBuffer":false,"facType":"unknown"}},{"type":"Feature","geometry":{"type":"Point","coordinates":[-84.28265,33.73643]},"properties":{"probability":0.612,"inBuffer":false,"facType":"unknown"}},{"type":"Feature","geometry":{"type":"Point","coordinates":[-84.27726,33.73632]},"properties":{"probability":0.444,"inBuffer":false,"facType":"unknown"}},{"type":"Feature","geometry":{"type":"Point","coordinates":[-84.26648,33.73608]},"properties":{"probability":0.145,"inBuffer":false,"facType":"unknown"}},{"type":"Feature","geometry":{"type":"Point","coordinates":[-84.26109,33.73596]},"properties":{"probability":0.891,"inBuffer":false,"facType":"unknown"}},{"type":"Feature","geometry":{"type":"Point","coordinates":[-84.25569,33.73584]},"properties":{"probability":0.941,"inBuffer":false,"facType":"unknown"}},{"type":"Feature","geometry":{"type":"Point","coordinates":[-84.2503,33.73572]},"properties":{"probability":0.257,"inBuffer":false,"facType":"unknown"}},{"type":"Feature","geometry":{"type":"Point","coordinates":[-84.24491,33.7356]},"properties":{"probability":0.066,"inBuffer":false,"facType":"unknown"}},{"type":"Feature","geometry":{"type":"Point","coordinates":[-84.23952,33.73548]},"properties":{"probability":0.517,"inBuffer":false,"facType":"unknown"}},{"type":"Feature","geometry":{"type":"Point","coordinates":[-84.23413,33.73536]},"properties":{"probability":0.61,"inBuffer":false,"facType":"unknown"}},{"type":"Feature","geometry":{"type":"Point","coordinates":[-84.22874,33.73524]},"properties":{"probability":0.441,"inBuffer":false,"facType":"unknown"}},{"type":"Feature","geometry":{"type":"Point","coordinates":[-84.22335,33.73511]},"properties":{"probability":0.088,"inBuffer":false,"facType":"unknown"}},{"type":"Feature","geometry":{"type":"Point","coordinates":[-84.21796,33.73499]},"properties":{"probability":0.1,"inBuffer":false,"facType":"unknown"}},{"type":"Feature","geometry":{"type":"Point","coordinates":[-84.21256,33.73487]},"properties":{"probability":0.15,"inBuffer":false,"facType":"unknown"}},{"type":"Feature","geometry":{"type":"Point","coordinates":[-84.56318,33.73779]},"properties":{"probability":0.581,"inBuffer":false,"facType":"unknown"}},{"type":"Feature","geometry":{"type":"Point","coordinates":[-84.55779,33.73768]},"properties":{"probability":0.468,"inBuffer":false,"facType":"unknown"}},{"type":"Feature","geometry":{"type":"Point","coordinates":[-84.5524,33.73757]},"properties":{"probability":0.525,"inBuffer":false,"facType":"unknown"}},{"type":"Feature","geometry":{"type":"Point","coordinates":[-84.53622,33.73725]},"properties":{"probability":0.14,"inBuffer":false,"facType":"unknown"}},{"type":"Feature","geometry":{"type":"Point","coordinates":[-84.53083,33.73714]},"properties":{"probability":0.186,"inBuffer":false,"facType":"unknown"}},{"type":"Feature","geometry":{"type":"Point","coordinates":[-84.52543,33.73703]},"properties":{"probability":0.17,"inBuffer":false,"facType":"unknown"}},{"type":"Feature","geometry":{"type":"Point","coordinates":[-84.52004,33.73693]},"properties":{"probability":0.153,"inBuffer":false,"facType":"unknown"}},{"type":"Feature","geometry":{"type":"Point","coordinates":[-84.51465,33.73682]},"properties":{"probability":0.158,"inBuffer":false,"facType":"unknown"}},{"type":"Feature","geometry":{"type":"Point","coordinates":[-84.50926,33.73671]},"properties":{"probability":0.184,"inBuffer":false,"facType":"unknown"}},{"type":"Feature","geometry":{"type":"Point","coordinates":[-84.46072,33.73572]},"properties":{"probability":0.121,"inBuffer":false,"facType":"unknown"}},{"type":"Feature","geometry":{"type":"Point","coordinates":[-84.45533,33.73561]},"properties":{"probability":0.135,"inBuffer":false,"facType":"unknown"}},{"type":"Feature","geometry":{"type":"Point","coordinates":[-84.44994,33.7355]},"properties":{"probability":0.165,"inBuffer":false,"facType":"unknown"}},{"type":"Feature","geometry":{"type":"Point","coordinates":[-84.44455,33.73539]},"properties":{"probability":0.199,"inBuffer":false,"facType":"unknown"}},{"type":"Feature","geometry":{"type":"Point","coordinates":[-84.43916,33.73527]},"properties":{"probability":0.258,"inBuffer":false,"facType":"unknown"}},{"type":"Feature","geometry":{"type":"Point","coordinates":[-84.43376,33.73516]},"properties":{"probability":0.273,"inBuffer":false,"facType":"unknown"}},{"type":"Feature","geometry":{"type":"Point","coordinates":[-84.42837,33.73505]},"properties":{"probability":0.158,"inBuffer":false,"facType":"unknown"}},{"type":"Feature","geometry":{"type":"Point","coordinates":[-84.42298,33.73494]},"properties":{"probability":0.172,"inBuffer":false,"facType":"unknown"}},{"type":"Feature","geometry":{"type":"Point","coordinates":[-84.41759,33.73482]},"properties":{"probability":0.18,"inBuffer":false,"facType":"unknown"}},{"type":"Feature","geometry":{"type":"Point","coordinates":[-84.4122,33.73471]},"properties":{"probability":0.607,"inBuffer":false,"facType":"unknown"}},{"type":"Feature","geometry":{"type":"Point","coordinates":[-84.4068,33.7346]},"properties":{"probability":0.653,"inBuffer":false,"facType":"unknown"}},{"type":"Feature","geometry":{"type":"Point","coordinates":[-84.40141,33.73449]},"properties":{"probability":0.642,"inBuffer":false,"facType":"unknown"}},{"type":"Feature","geometry":{"type":"Point","coordinates":[-84.39602,33.73437]},"properties":{"probability":0.608,"inBuffer":false,"facType":"unknown"}},{"type":"Feature","geometry":{"type":"Point","coordinates":[-84.39063,33.73426]},"properties":{"probability":0.71,"inBuffer":false,"facType":"unknown"}},{"type":"Feature","geometry":{"type":"Point","coordinates":[-84.38524,33.73414]},"properties":{"probability":0.65,"inBuffer":false,"facType":"unknown"}},{"type":"Feature","geometry":{"type":"Point","coordinates":[-84.37984,33.73403]},"properties":{"probability":0.285,"inBuffer":false,"facType":"unknown"}},{"type":"Feature","geometry":{"type":"Point","coordinates":[-84.37445,33.73391]},"properties":{"probability":0.259,"inBuffer":false,"facType":"unknown"}},{"type":"Feature","geometry":{"type":"Point","coordinates":[-84.36906,33.7338]},"properties":{"probability":0.101,"inBuffer":false,"facType":"unknown"}},{"type":"Feature","geometry":{"type":"Point","coordinates":[-84.36367,33.73368]},"properties":{"probability":0.254,"inBuffer":false,"facType":"unknown"}},{"type":"Feature","geometry":{"type":"Point","coordinates":[-84.35828,33.73357]},"properties":{"probability":0.107,"inBuffer":false,"facType":"unknown"}},{"type":"Feature","geometry":{"type":"Point","coordinates":[-84.35288,33.73345]},"properties":{"probability":0.068,"inBuffer":false,"facType":"unknown"}},{"type":"Feature","geometry":{"type":"Point","coordinates":[-84.34749,33.73334]},"properties":{"probability":0.221,"inBuffer":false,"facType":"unknown"}},{"type":"Feature","geometry":{"type":"Point","coordinates":[-84.3421,33.73322]},"properties":{"probability":0.168,"inBuffer":false,"facType":"unknown"}},{"type":"Feature","geometry":{"type":"Point","coordinates":[-84.33671,33.73311]},"properties":{"probability":0.181,"inBuffer":false,"facType":"unknown"}},{"type":"Feature","geometry":{"type":"Point","coordinates":[-84.33132,33.73299]},"properties":{"probability":0.19,"inBuffer":false,"facType":"unknown"}},{"type":"Feature","geometry":{"type":"Point","coordinates":[-84.32593,33.73287]},"properties":{"probability":0.231,"inBuffer":false,"facType":"unknown"}},{"type":"Feature","geometry":{"type":"Point","coordinates":[-84.32053,33.73276]},"properties":{"probability":0.221,"inBuffer":false,"facType":"unknown"}},{"type":"Feature","geometry":{"type":"Point","coordinates":[-84.31514,33.73264]},"properties":{"probability":0.183,"inBuffer":false,"facType":"unknown"}},{"type":"Feature","geometry":{"type":"Point","coordinates":[-84.30975,33.73252]},"properties":{"probability":0.179,"inBuffer":false,"facType":"unknown"}},{"type":"Feature","geometry":{"type":"Point","coordinates":[-84.30436,33.7324]},"properties":{"probability":0.157,"inBuffer":false,"facType":"unknown"}},{"type":"Feature","geometry":{"type":"Point","coordinates":[-84.29897,33.73229]},"properties":{"probability":0.18,"inBuffer":false,"facType":"unknown"}},{"type":"Feature","geometry":{"type":"Point","coordinates":[-84.29358,33.73217]},"properties":{"probability":0.917,"inBuffer":false,"facType":"unknown"}},{"type":"Feature","geometry":{"type":"Point","coordinates":[-84.28819,33.73205]},"properties":{"probability":0.947,"inBuffer":false,"facType":"unknown"}},{"type":"Feature","geometry":{"type":"Point","coordinates":[-84.28279,33.73193]},"properties":{"probability":0.952,"inBuffer":false,"facType":"unknown"}},{"type":"Feature","geometry":{"type":"Point","coordinates":[-84.2774,33.73181]},"properties":{"probability":0.208,"inBuffer":false,"facType":"unknown"}},{"type":"Feature","geometry":{"type":"Point","coordinates":[-84.26662,33.73157]},"properties":{"probability":0.138,"inBuffer":false,"facType":"unknown"}},{"type":"Feature","geometry":{"type":"Point","coordinates":[-84.26123,33.73145]},"properties":{"probability":0.17,"inBuffer":false,"facType":"unknown"}},{"type":"Feature","geometry":{"type":"Point","coordinates":[-84.25584,33.73133]},"properties":{"probability":0.202,"inBuffer":false,"facType":"unknown"}},{"type":"Feature","geometry":{"type":"Point","coordinates":[-84.25045,33.73121]},"properties":{"probability":0.2,"inBuffer":false,"facType":"unknown"}},{"type":"Feature","geometry":{"type":"Point","coordinates":[-84.23966,33.73097]},"properties":{"probability":0.172,"inBuffer":false,"facType":"unknown"}},{"type":"Feature","geometry":{"type":"Point","coordinates":[-84.23427,33.73085]},"properties":{"probability":0.444,"inBuffer":false,"facType":"unknown"}},{"type":"Feature","geometry":{"type":"Point","coordinates":[-84.22888,33.73073]},"properties":{"probability":0.059,"inBuffer":false,"facType":"unknown"}},{"type":"Feature","geometry":{"type":"Point","coordinates":[-84.21271,33.73037]},"properties":{"probability":0.062,"inBuffer":false,"facType":"unknown"}},{"type":"Feature","geometry":{"type":"Point","coordinates":[-84.56331,33.73328]},"properties":{"probability":0.453,"inBuffer":false,"facType":"unknown"}},{"type":"Feature","geometry":{"type":"Point","coordinates":[-84.53635,33.73274]},"properties":{"probability":0.184,"inBuffer":false,"facType":"unknown"}},{"type":"Feature","geometry":{"type":"Point","coordinates":[-84.53096,33.73264]},"properties":{"probability":0.201,"inBuffer":false,"facType":"unknown"}},{"type":"Feature","geometry":{"type":"Point","coordinates":[-84.52556,33.73253]},"properties":{"probability":0.873,"inBuffer":false,"facType":"unknown"}},{"type":"Feature","geometry":{"type":"Point","coordinates":[-84.52017,33.73242]},"properties":{"probability":0.841,"inBuffer":false,"facType":"unknown"}},{"type":"Feature","geometry":{"type":"Point","coordinates":[-84.51478,33.73231]},"properties":{"probability":0.18,"inBuffer":false,"facType":"unknown"}},{"type":"Feature","geometry":{"type":"Point","coordinates":[-84.50939,33.7322]},"properties":{"probability":0.197,"inBuffer":false,"facType":"unknown"}},{"type":"Feature","geometry":{"type":"Point","coordinates":[-84.504,33.73209]},"properties":{"probability":0.189,"inBuffer":false,"facType":"unknown"}},{"type":"Feature","geometry":{"type":"Point","coordinates":[-84.46086,33.73121]},"properties":{"probability":0.144,"inBuffer":false,"facType":"unknown"}},{"type":"Feature","geometry":{"type":"Point","coordinates":[-84.45547,33.7311]},"properties":{"probability":0.169,"inBuffer":false,"facType":"unknown"}},{"type":"Feature","geometry":{"type":"Point","coordinates":[-84.45007,33.73099]},"properties":{"probability":0.842,"inBuffer":false,"facType":"unknown"}},{"type":"Feature","geometry":{"type":"Point","coordinates":[-84.44468,33.73088]},"properties":{"probability":0.219,"inBuffer":false,"facType":"unknown"}},{"type":"Feature","geometry":{"type":"Point","coordinates":[-84.43929,33.73077]},"properties":{"probability":0.266,"inBuffer":false,"facType":"unknown"}},{"type":"Feature","geometry":{"type":"Point","coordinates":[-84.4339,33.73066]},"properties":{"probability":0.234,"inBuffer":false,"facType":"unknown"}},{"type":"Feature","geometry":{"type":"Point","coordinates":[-84.42851,33.73054]},"properties":{"probability":0.238,"inBuffer":false,"facType":"unknown"}},{"type":"Feature","geometry":{"type":"Point","coordinates":[-84.42311,33.73043]},"properties":{"probability":0.156,"inBuffer":false,"facType":"unknown"}},{"type":"Feature","geometry":{"type":"Point","coordinates":[-84.41772,33.73032]},"properties":{"probability":0.171,"inBuffer":false,"facType":"unknown"}},{"type":"Feature","geometry":{"type":"Point","coordinates":[-84.41233,33.73021]},"properties":{"probability":0.169,"inBuffer":false,"facType":"unknown"}},{"type":"Feature","geometry":{"type":"Point","coordinates":[-84.40694,33.73009]},"properties":{"probability":0.56,"inBuffer":false,"facType":"unknown"}},{"type":"Feature","geometry":{"type":"Point","coordinates":[-84.40155,33.72998]},"properties":{"probability":0.17,"inBuffer":false,"facType":"unknown"}},{"type":"Feature","geometry":{"type":"Point","coordinates":[-84.39616,33.72987]},"properties":{"probability":0.587,"inBuffer":false,"facType":"unknown"}},{"type":"Feature","geometry":{"type":"Point","coordinates":[-84.39076,33.72975]},"properties":{"probability":0.657,"inBuffer":false,"facType":"unknown"}},{"type":"Feature","geometry":{"type":"Point","coordinates":[-84.38537,33.72964]},"properties":{"probability":0.596,"inBuffer":false,"facType":"unknown"}},{"type":"Feature","geometry":{"type":"Point","coordinates":[-84.37998,33.72952]},"properties":{"probability":0.935,"inBuffer":false,"facType":"unknown"}},{"type":"Feature","geometry":{"type":"Point","coordinates":[-84.37459,33.72941]},"properties":{"probability":0.924,"inBuffer":false,"facType":"unknown"}},{"type":"Feature","geometry":{"type":"Point","coordinates":[-84.3692,33.72929]},"properties":{"probability":0.456,"inBuffer":false,"facType":"unknown"}},{"type":"Feature","geometry":{"type":"Point","coordinates":[-84.36381,33.72918]},"properties":{"probability":0.075,"inBuffer":false,"facType":"unknown"}},{"type":"Feature","geometry":{"type":"Point","coordinates":[-84.35841,33.72906]},"properties":{"probability":0.473,"inBuffer":false,"facType":"unknown"}},{"type":"Feature","geometry":{"type":"Point","coordinates":[-84.35302,33.72895]},"properties":{"probability":0.445,"inBuffer":false,"facType":"unknown"}},{"type":"Feature","geometry":{"type":"Point","coordinates":[-84.34763,33.72883]},"properties":{"probability":0.066,"inBuffer":false,"facType":"unknown"}},{"type":"Feature","geometry":{"type":"Point","coordinates":[-84.34224,33.72872]},"properties":{"probability":0.151,"inBuffer":false,"facType":"unknown"}},{"type":"Feature","geometry":{"type":"Point","coordinates":[-84.33685,33.7286]},"properties":{"probability":0.164,"inBuffer":false,"facType":"unknown"}},{"type":"Feature","geometry":{"type":"Point","coordinates":[-84.33146,33.72848]},"properties":{"probability":0.215,"inBuffer":false,"facType":"unknown"}},{"type":"Feature","geometry":{"type":"Point","coordinates":[-84.32607,33.72837]},"properties":{"probability":0.229,"inBuffer":false,"facType":"unknown"}},{"type":"Feature","geometry":{"type":"Point","coordinates":[-84.32067,33.72825]},"properties":{"probability":0.226,"inBuffer":false,"facType":"unknown"}},{"type":"Feature","geometry":{"type":"Point","coordinates":[-84.31528,33.72813]},"properties":{"probability":0.18,"inBuffer":false,"facType":"unknown"}},{"type":"Feature","geometry":{"type":"Point","coordinates":[-84.30989,33.72802]},"properties":{"probability":0.163,"inBuffer":false,"facType":"unknown"}},{"type":"Feature","geometry":{"type":"Point","coordinates":[-84.3045,33.7279]},"properties":{"probability":0.147,"inBuffer":false,"facType":"unknown"}},{"type":"Feature","geometry":{"type":"Point","coordinates":[-84.29911,33.72778]},"properties":{"probability":0.133,"inBuffer":false,"facType":"unknown"}},{"type":"Feature","geometry":{"type":"Point","coordinates":[-84.29372,33.72766]},"properties":{"probability":0.177,"inBuffer":false,"facType":"unknown"}},{"type":"Feature","geometry":{"type":"Point","coordinates":[-84.28833,33.72754]},"properties":{"probability":0.891,"inBuffer":false,"facType":"unknown"}},{"type":"Feature","geometry":{"type":"Point","coordinates":[-84.28294,33.72743]},"properties":{"probability":0.945,"inBuffer":false,"facType":"unknown"}},{"type":"Feature","geometry":{"type":"Point","coordinates":[-84.27755,33.72731]},"properties":{"probability":0.246,"inBuffer":false,"facType":"unknown"}},{"type":"Feature","geometry":{"type":"Point","coordinates":[-84.27215,33.72719]},"properties":{"probability":0.161,"inBuffer":false,"facType":"unknown"}},{"type":"Feature","geometry":{"type":"Point","coordinates":[-84.26676,33.72707]},"properties":{"probability":0.144,"inBuffer":false,"facType":"unknown"}},{"type":"Feature","geometry":{"type":"Point","coordinates":[-84.26137,33.72695]},"properties":{"probability":0.122,"inBuffer":false,"facType":"unknown"}},{"type":"Feature","geometry":{"type":"Point","coordinates":[-84.25598,33.72683]},"properties":{"probability":0.162,"inBuffer":false,"facType":"unknown"}},{"type":"Feature","geometry":{"type":"Point","coordinates":[-84.25059,33.72671]},"properties":{"probability":0.183,"inBuffer":false,"facType":"unknown"}},{"type":"Feature","geometry":{"type":"Point","coordinates":[-84.54187,33.72835]},"properties":{"probability":0.15,"inBuffer":false,"facType":"unknown"}},{"type":"Feature","geometry":{"type":"Point","coordinates":[-84.53648,33.72824]},"properties":{"probability":0.189,"inBuffer":false,"facType":"unknown"}},{"type":"Feature","geometry":{"type":"Point","coordinates":[-84.53109,33.72813]},"properties":{"probability":0.209,"inBuffer":false,"facType":"unknown"}},{"type":"Feature","geometry":{"type":"Point","coordinates":[-84.52569,33.72802]},"properties":{"probability":0.881,"inBuffer":false,"facType":"unknown"}},{"type":"Feature","geometry":{"type":"Point","coordinates":[-84.5203,33.72792]},"properties":{"probability":0.879,"inBuffer":false,"facType":"unknown"}},{"type":"Feature","geometry":{"type":"Point","coordinates":[-84.51491,33.72781]},"properties":{"probability":0.256,"inBuffer":false,"facType":"unknown"}},{"type":"Feature","geometry":{"type":"Point","coordinates":[-84.50952,33.7277]},"properties":{"probability":0.252,"inBuffer":false,"facType":"unknown"}},{"type":"Feature","geometry":{"type":"Point","coordinates":[-84.50413,33.72759]},"properties":{"probability":0.255,"inBuffer":false,"facType":"unknown"}},{"type":"Feature","geometry":{"type":"Point","coordinates":[-84.49873,33.72748]},"properties":{"probability":0.197,"inBuffer":false,"facType":"unknown"}},{"type":"Feature","geometry":{"type":"Point","coordinates":[-84.49334,33.72737]},"properties":{"probability":0.053,"inBuffer":false,"facType":"unknown"}},{"type":"Feature","geometry":{"type":"Point","coordinates":[-84.47177,33.72693]},"properties":{"probability":0.146,"inBuffer":false,"facType":"unknown"}},{"type":"Feature","geometry":{"type":"Point","coordinates":[-84.46638,33.72682]},"properties":{"probability":0.401,"inBuffer":false,"facType":"unknown"}},{"type":"Feature","geometry":{"type":"Point","coordinates":[-84.46099,33.72671]},"properties":{"probability":0.863,"inBuffer":false,"facType":"unknown"}},{"type":"Feature","geometry":{"type":"Point","coordinates":[-84.4556,33.7266]},"properties":{"probability":0.843,"inBuffer":false,"facType":"unknown"}},{"type":"Feature","geometry":{"type":"Point","coordinates":[-84.45021,33.72649]},"properties":{"probability":0.844,"inBuffer":false,"facType":"unknown"}},{"type":"Feature","geometry":{"type":"Point","coordinates":[-84.44482,33.72638]},"properties":{"probability":0.884,"inBuffer":false,"facType":"unknown"}},{"type":"Feature","geometry":{"type":"Point","coordinates":[-84.43942,33.72626]},"properties":{"probability":0.197,"inBuffer":false,"facType":"unknown"}},{"type":"Feature","geometry":{"type":"Point","coordinates":[-84.43403,33.72615]},"properties":{"probability":0.175,"inBuffer":false,"facType":"unknown"}},{"type":"Feature","geometry":{"type":"Point","coordinates":[-84.42864,33.72604]},"properties":{"probability":0.201,"inBuffer":false,"facType":"unknown"}},{"type":"Feature","geometry":{"type":"Point","coordinates":[-84.42325,33.72593]},"properties":{"probability":0.236,"inBuffer":false,"facType":"unknown"}},{"type":"Feature","geometry":{"type":"Point","coordinates":[-84.41786,33.72581]},"properties":{"probability":0.252,"inBuffer":false,"facType":"unknown"}},{"type":"Feature","geometry":{"type":"Point","coordinates":[-84.41247,33.7257]},"properties":{"probability":0.259,"inBuffer":false,"facType":"unknown"}},{"type":"Feature","geometry":{"type":"Point","coordinates":[-84.40707,33.72559]},"properties":{"probability":0.264,"inBuffer":false,"facType":"unknown"}},{"type":"Feature","geometry":{"type":"Point","coordinates":[-84.40168,33.72548]},"properties":{"probability":0.27,"inBuffer":false,"facType":"unknown"}},{"type":"Feature","geometry":{"type":"Point","coordinates":[-84.39629,33.72536]},"properties":{"probability":0.164,"inBuffer":false,"facType":"unknown"}},{"type":"Feature","geometry":{"type":"Point","coordinates":[-84.3909,33.72525]},"properties":{"probability":0.175,"inBuffer":false,"facType":"unknown"}},{"type":"Feature","geometry":{"type":"Point","coordinates":[-84.38551,33.72513]},"properties":{"probability":0.126,"inBuffer":false,"facType":"unknown"}},{"type":"Feature","geometry":{"type":"Point","coordinates":[-84.38012,33.72502]},"properties":{"probability":0.939,"inBuffer":false,"facType":"unknown"}},{"type":"Feature","geometry":{"type":"Point","coordinates":[-84.37473,33.7249]},"properties":{"probability":0.944,"inBuffer":false,"facType":"unknown"}},{"type":"Feature","geometry":{"type":"Point","coordinates":[-84.36933,33.72479]},"properties":{"probability":0.479,"inBuffer":false,"facType":"unknown"}},{"type":"Feature","geometry":{"type":"Point","coordinates":[-84.36394,33.72467]},"properties":{"probability":0.455,"inBuffer":false,"facType":"unknown"}},{"type":"Feature","geometry":{"type":"Point","coordinates":[-84.35855,33.72456]},"properties":{"probability":0.496,"inBuffer":false,"facType":"unknown"}},{"type":"Feature","geometry":{"type":"Point","coordinates":[-84.35316,33.72444]},"properties":{"probability":0.942,"inBuffer":false,"facType":"unknown"}},{"type":"Feature","geometry":{"type":"Point","coordinates":[-84.34777,33.72433]},"properties":{"probability":0.931,"inBuffer":false,"facType":"unknown"}},{"type":"Feature","geometry":{"type":"Point","coordinates":[-84.34238,33.72421]},"properties":{"probability":0.203,"inBuffer":false,"facType":"unknown"}},{"type":"Feature","geometry":{"type":"Point","coordinates":[-84.33699,33.7241]},"properties":{"probability":0.17,"inBuffer":false,"facType":"unknown"}},{"type":"Feature","geometry":{"type":"Point","coordinates":[-84.3316,33.72398]},"properties":{"probability":0.192,"inBuffer":false,"facType":"unknown"}},{"type":"Feature","geometry":{"type":"Point","coordinates":[-84.32621,33.72386]},"properties":{"probability":0.225,"inBuffer":false,"facType":"unknown"}},{"type":"Feature","geometry":{"type":"Point","coordinates":[-84.32081,33.72375]},"properties":{"probability":0.253,"inBuffer":false,"facType":"unknown"}},{"type":"Feature","geometry":{"type":"Point","coordinates":[-84.31542,33.72363]},"properties":{"probability":0.931,"inBuffer":false,"facType":"unknown"}},{"type":"Feature","geometry":{"type":"Point","coordinates":[-84.31003,33.72351]},"properties":{"probability":0.921,"inBuffer":false,"facType":"unknown"}},{"type":"Feature","geometry":{"type":"Point","coordinates":[-84.30464,33.72339]},"properties":{"probability":0.886,"inBuffer":false,"facType":"unknown"}},{"type":"Feature","geometry":{"type":"Point","coordinates":[-84.29925,33.72328]},"properties":{"probability":0.142,"inBuffer":false,"facType":"unknown"}},{"type":"Feature","geometry":{"type":"Point","coordinates":[-84.29386,33.72316]},"properties":{"probability":0.149,"inBuffer":false,"facType":"unknown"}},{"type":"Feature","geometry":{"type":"Point","coordinates":[-84.28847,33.72304]},"properties":{"probability":0.195,"inBuffer":false,"facType":"unknown"}},{"type":"Feature","geometry":{"type":"Point","coordinates":[-84.28308,33.72292]},"properties":{"probability":0.253,"inBuffer":false,"facType":"unknown"}},{"type":"Feature","geometry":{"type":"Point","coordinates":[-84.27769,33.7228]},"properties":{"probability":0.236,"inBuffer":false,"facType":"unknown"}},{"type":"Feature","geometry":{"type":"Point","coordinates":[-84.2723,33.72268]},"properties":{"probability":0.099,"inBuffer":false,"facType":"unknown"}},{"type":"Feature","geometry":{"type":"Point","coordinates":[-84.25073,33.7222]},"properties":{"probability":0.172,"inBuffer":false,"facType":"unknown"}},{"type":"Feature","geometry":{"type":"Point","coordinates":[-84.21839,33.72148]},"properties":{"probability":0.086,"inBuffer":false,"facType":"unknown"}},{"type":"Feature","geometry":{"type":"Point","coordinates":[-84.213,33.72136]},"properties":{"probability":0.088,"inBuffer":false,"facType":"unknown"}},{"type":"Feature","geometry":{"type":"Point","coordinates":[-84.542,33.72384]},"properties":{"probability":0.138,"inBuffer":false,"facType":"unknown"}},{"type":"Feature","geometry":{"type":"Point","coordinates":[-84.53661,33.72373]},"properties":{"probability":0.164,"inBuffer":false,"facType":"unknown"}},{"type":"Feature","geometry":{"type":"Point","coordinates":[-84.53122,33.72363]},"properties":{"probability":0.174,"inBuffer":false,"facType":"unknown"}},{"type":"Feature","geometry":{"type":"Point","coordinates":[-84.52582,33.72352]},"properties":{"probability":0.196,"inBuffer":false,"facType":"unknown"}},{"type":"Feature","geometry":{"type":"Point","coordinates":[-84.52043,33.72341]},"properties":{"probability":0.209,"inBuffer":false,"facType":"unknown"}},{"type":"Feature","geometry":{"type":"Point","coordinates":[-84.51504,33.7233]},"properties":{"probability":0.254,"inBuffer":false,"facType":"unknown"}},{"type":"Feature","geometry":{"type":"Point","coordinates":[-84.50965,33.72319]},"properties":{"probability":0.249,"inBuffer":false,"facType":"unknown"}},{"type":"Feature","geometry":{"type":"Point","coordinates":[-84.50426,33.72308]},"properties":{"probability":0.247,"inBuffer":false,"facType":"unknown"}},{"type":"Feature","geometry":{"type":"Point","coordinates":[-84.49886,33.72297]},"properties":{"probability":0.225,"inBuffer":false,"facType":"unknown"}},{"type":"Feature","geometry":{"type":"Point","coordinates":[-84.47191,33.72243]},"properties":{"probability":0.294,"inBuffer":false,"facType":"unknown"}},{"type":"Feature","geometry":{"type":"Point","coordinates":[-84.46651,33.72232]},"properties":{"probability":0.495,"inBuffer":false,"facType":"unknown"}},{"type":"Feature","geometry":{"type":"Point","coordinates":[-84.46112,33.7222]},"properties":{"probability":0.903,"inBuffer":false,"facType":"unknown"}},{"type":"Feature","geometry":{"type":"Point","coordinates":[-84.45573,33.72209]},"properties":{"probability":0.873,"inBuffer":false,"facType":"unknown"}},{"type":"Feature","geometry":{"type":"Point","coordinates":[-84.45034,33.72198]},"properties":{"probability":0.844,"inBuffer":false,"facType":"unknown"}},{"type":"Feature","geometry":{"type":"Point","coordinates":[-84.44495,33.72187]},"properties":{"probability":0.85,"inBuffer":false,"facType":"unknown"}},{"type":"Feature","geometry":{"type":"Point","coordinates":[-84.43956,33.72176]},"properties":{"probability":0.162,"inBuffer":false,"facType":"unknown"}},{"type":"Feature","geometry":{"type":"Point","coordinates":[-84.43417,33.72165]},"properties":{"probability":0.159,"inBuffer":false,"facType":"unknown"}},{"type":"Feature","geometry":{"type":"Point","coordinates":[-84.42877,33.72153]},"properties":{"probability":0.093,"inBuffer":false,"facType":"unknown"}},{"type":"Feature","geometry":{"type":"Point","coordinates":[-84.42338,33.72142]},"properties":{"probability":0.229,"inBuffer":false,"facType":"unknown"}},{"type":"Feature","geometry":{"type":"Point","coordinates":[-84.41799,33.72131]},"properties":{"probability":0.255,"inBuffer":false,"facType":"unknown"}},{"type":"Feature","geometry":{"type":"Point","coordinates":[-84.4126,33.7212]},"properties":{"probability":0.945,"inBuffer":false,"facType":"unknown"}},{"type":"Feature","geometry":{"type":"Point","coordinates":[-84.40721,33.72108]},"properties":{"probability":0.946,"inBuffer":false,"facType":"unknown"}},{"type":"Feature","geometry":{"type":"Point","coordinates":[-84.40182,33.72097]},"properties":{"probability":0.949,"inBuffer":false,"facType":"unknown"}},{"type":"Feature","geometry":{"type":"Point","coordinates":[-84.39643,33.72086]},"properties":{"probability":0.263,"inBuffer":false,"facType":"unknown"}},{"type":"Feature","geometry":{"type":"Point","coordinates":[-84.39104,33.72074]},"properties":{"probability":0.166,"inBuffer":false,"facType":"unknown"}},{"type":"Feature","geometry":{"type":"Point","coordinates":[-84.38565,33.72063]},"properties":{"probability":0.251,"inBuffer":false,"facType":"unknown"}},{"type":"Feature","geometry":{"type":"Point","coordinates":[-84.38025,33.72051]},"properties":{"probability":0.263,"inBuffer":false,"facType":"unknown"}},{"type":"Feature","geometry":{"type":"Point","coordinates":[-84.37486,33.7204]},"properties":{"probability":0.927,"inBuffer":false,"facType":"unknown"}},{"type":"Feature","geometry":{"type":"Point","coordinates":[-84.36947,33.72028]},"properties":{"probability":0.1,"inBuffer":false,"facType":"unknown"}},{"type":"Feature","geometry":{"type":"Point","coordinates":[-84.36408,33.72017]},"properties":{"probability":0.37,"inBuffer":false,"facType":"unknown"}},{"type":"Feature","geometry":{"type":"Point","coordinates":[-84.35869,33.72005]},"properties":{"probability":0.407,"inBuffer":false,"facType":"unknown"}},{"type":"Feature","geometry":{"type":"Point","coordinates":[-84.3533,33.71994]},"properties":{"probability":0.94,"inBuffer":false,"facType":"unknown"}},{"type":"Feature","geometry":{"type":"Point","coordinates":[-84.34791,33.71982]},"properties":{"probability":0.273,"inBuffer":false,"facType":"unknown"}},{"type":"Feature","geometry":{"type":"Point","coordinates":[-84.34252,33.71971]},"properties":{"probability":0.082,"inBuffer":false,"facType":"unknown"}},{"type":"Feature","geometry":{"type":"Point","coordinates":[-84.33174,33.71947]},"properties":{"probability":0.054,"inBuffer":false,"facType":"unknown"}},{"type":"Feature","geometry":{"type":"Point","coordinates":[-84.32635,33.71936]},"properties":{"probability":0.187,"inBuffer":false,"facType":"unknown"}},{"type":"Feature","geometry":{"type":"Point","coordinates":[-84.32095,33.71924]},"properties":{"probability":0.229,"inBuffer":false,"facType":"unknown"}},{"type":"Feature","geometry":{"type":"Point","coordinates":[-84.31556,33.71912]},"properties":{"probability":0.95,"inBuffer":false,"facType":"unknown"}},{"type":"Feature","geometry":{"type":"Point","coordinates":[-84.31017,33.71901]},"properties":{"probability":0.954,"inBuffer":false,"facType":"unknown"}},{"type":"Feature","geometry":{"type":"Point","coordinates":[-84.30478,33.71889]},"properties":{"probability":0.933,"inBuffer":false,"facType":"unknown"}},{"type":"Feature","geometry":{"type":"Point","coordinates":[-84.29939,33.71877]},"properties":{"probability":0.219,"inBuffer":false,"facType":"unknown"}},{"type":"Feature","geometry":{"type":"Point","coordinates":[-84.294,33.71865]},"properties":{"probability":0.159,"inBuffer":false,"facType":"unknown"}},{"type":"Feature","geometry":{"type":"Point","coordinates":[-84.28861,33.71854]},"properties":{"probability":0.183,"inBuffer":false,"facType":"unknown"}},{"type":"Feature","geometry":{"type":"Point","coordinates":[-84.28322,33.71842]},"properties":{"probability":0.242,"inBuffer":false,"facType":"unknown"}},{"type":"Feature","geometry":{"type":"Point","coordinates":[-84.27783,33.7183]},"properties":{"probability":0.162,"inBuffer":false,"facType":"unknown"}},{"type":"Feature","geometry":{"type":"Point","coordinates":[-84.27244,33.71818]},"properties":{"probability":0.171,"inBuffer":false,"facType":"unknown"}},{"type":"Feature","geometry":{"type":"Point","coordinates":[-84.26705,33.71806]},"properties":{"probability":0.108,"inBuffer":false,"facType":"unknown"}},{"type":"Feature","geometry":{"type":"Point","coordinates":[-84.26166,33.71794]},"properties":{"probability":0.057,"inBuffer":false,"facType":"unknown"}},{"type":"Feature","geometry":{"type":"Point","coordinates":[-84.25627,33.71782]},"properties":{"probability":0.104,"inBuffer":false,"facType":"unknown"}},{"type":"Feature","geometry":{"type":"Point","coordinates":[-84.25088,33.7177]},"properties":{"probability":0.114,"inBuffer":false,"facType":"unknown"}},{"type":"Feature","geometry":{"type":"Point","coordinates":[-84.24549,33.71758]},"properties":{"probability":0.077,"inBuffer":false,"facType":"unknown"}},{"type":"Feature","geometry":{"type":"Point","coordinates":[-84.22393,33.7171]},"properties":{"probability":0.09,"inBuffer":false,"facType":"unknown"}},{"type":"Feature","geometry":{"type":"Point","coordinates":[-84.21854,33.71698]},"properties":{"probability":0.164,"inBuffer":false,"facType":"unknown"}},{"type":"Feature","geometry":{"type":"Point","coordinates":[-84.21315,33.71685]},"properties":{"probability":0.167,"inBuffer":false,"facType":"unknown"}},{"type":"Feature","geometry":{"type":"Point","coordinates":[-84.54752,33.71944]},"properties":{"probability":0.126,"inBuffer":false,"facType":"unknown"}},{"type":"Feature","geometry":{"type":"Point","coordinates":[-84.54213,33.71934]},"properties":{"probability":0.126,"inBuffer":false,"facType":"unknown"}},{"type":"Feature","geometry":{"type":"Point","coordinates":[-84.53674,33.71923]},"properties":{"probability":0.122,"inBuffer":false,"facType":"unknown"}},{"type":"Feature","geometry":{"type":"Point","coordinates":[-84.53134,33.71912]},"properties":{"probability":0.123,"inBuffer":false,"facType":"unknown"}},{"type":"Feature","geometry":{"type":"Point","coordinates":[-84.52595,33.71901]},"properties":{"probability":0.136,"inBuffer":false,"facType":"unknown"}},{"type":"Feature","geometry":{"type":"Point","coordinates":[-84.52056,33.7189]},"properties":{"probability":0.128,"inBuffer":false,"facType":"unknown"}},{"type":"Feature","geometry":{"type":"Point","coordinates":[-84.51517,33.7188]},"properties":{"probability":0.19,"inBuffer":false,"facType":"unknown"}},{"type":"Feature","geometry":{"type":"Point","coordinates":[-84.50978,33.71869]},"properties":{"probability":0.23,"inBuffer":false,"facType":"unknown"}},{"type":"Feature","geometry":{"type":"Point","coordinates":[-84.50439,33.71858]},"properties":{"probability":0.233,"inBuffer":false,"facType":"unknown"}},{"type":"Feature","geometry":{"type":"Point","coordinates":[-84.499,33.71847]},"properties":{"probability":0.188,"inBuffer":false,"facType":"unknown"}},{"type":"Feature","geometry":{"type":"Point","coordinates":[-84.4936,33.71836]},"properties":{"probability":0.178,"inBuffer":false,"facType":"unknown"}},{"type":"Feature","geometry":{"type":"Point","coordinates":[-84.48821,33.71825]},"properties":{"probability":0.132,"inBuffer":false,"facType":"unknown"}},{"type":"Feature","geometry":{"type":"Point","coordinates":[-84.46665,33.71781]},"properties":{"probability":0.437,"inBuffer":false,"facType":"unknown"}},{"type":"Feature","geometry":{"type":"Point","coordinates":[-84.46126,33.7177]},"properties":{"probability":0.879,"inBuffer":false,"facType":"unknown"}},{"type":"Feature","geometry":{"type":"Point","coordinates":[-84.45586,33.71759]},"properties":{"probability":0.171,"inBuffer":false,"facType":"unknown"}},{"type":"Feature","geometry":{"type":"Point","coordinates":[-84.45047,33.71748]},"properties":{"probability":0.165,"inBuffer":false,"facType":"unknown"}},{"type":"Feature","geometry":{"type":"Point","coordinates":[-84.44508,33.71737]},"properties":{"probability":0.164,"inBuffer":false,"facType":"unknown"}},{"type":"Feature","geometry":{"type":"Point","coordinates":[-84.43969,33.71725]},"properties":{"probability":0.136,"inBuffer":false,"facType":"unknown"}},{"type":"Feature","geometry":{"type":"Point","coordinates":[-84.42891,33.71703]},"properties":{"probability":0.153,"inBuffer":false,"facType":"unknown"}},{"type":"Feature","geometry":{"type":"Point","coordinates":[-84.42352,33.71692]},"properties":{"probability":0.146,"inBuffer":false,"facType":"unknown"}},{"type":"Feature","geometry":{"type":"Point","coordinates":[-84.41813,33.7168]},"properties":{"probability":0.24,"inBuffer":false,"facType":"unknown"}},{"type":"Feature","geometry":{"type":"Point","coordinates":[-84.41274,33.71669]},"properties":{"probability":0.945,"inBuffer":false,"facType":"unknown"}},{"type":"Feature","geometry":{"type":"Point","coordinates":[-84.40735,33.71658]},"properties":{"probability":0.945,"inBuffer":false,"facType":"unknown"}},{"type":"Feature","geometry":{"type":"Point","coordinates":[-84.40195,33.71647]},"properties":{"probability":0.944,"inBuffer":false,"facType":"unknown"}},{"type":"Feature","geometry":{"type":"Point","coordinates":[-84.39656,33.71635]},"properties":{"probability":0.27,"inBuffer":false,"facType":"unknown"}},{"type":"Feature","geometry":{"type":"Point","coordinates":[-84.39117,33.71624]},"properties":{"probability":0.269,"inBuffer":false,"facType":"unknown"}},{"type":"Feature","geometry":{"type":"Point","coordinates":[-84.38578,33.71612]},"properties":{"probability":0.258,"inBuffer":false,"facType":"unknown"}},{"type":"Feature","geometry":{"type":"Point","coordinates":[-84.38039,33.71601]},"properties":{"probability":0.937,"inBuffer":false,"facType":"unknown"}},{"type":"Feature","geometry":{"type":"Point","coordinates":[-84.375,33.71589]},"properties":{"probability":0.222,"inBuffer":false,"facType":"unknown"}},{"type":"Feature","geometry":{"type":"Point","coordinates":[-84.36961,33.71578]},"properties":{"probability":0.143,"inBuffer":false,"facType":"unknown"}},{"type":"Feature","geometry":{"type":"Point","coordinates":[-84.36422,33.71567]},"properties":{"probability":0.11,"inBuffer":false,"facType":"unknown"}},{"type":"Feature","geometry":{"type":"Point","coordinates":[-84.35883,33.71555]},"properties":{"probability":0.237,"inBuffer":false,"facType":"unknown"}},{"type":"Feature","geometry":{"type":"Point","coordinates":[-84.35344,33.71543]},"properties":{"probability":0.474,"inBuffer":false,"facType":"unknown"}},{"type":"Feature","geometry":{"type":"Point","coordinates":[-84.34805,33.71532]},"properties":{"probability":0.501,"inBuffer":false,"facType":"unknown"}},{"type":"Feature","geometry":{"type":"Point","coordinates":[-84.34266,33.7152]},"properties":{"probability":0.109,"inBuffer":false,"facType":"unknown"}},{"type":"Feature","geometry":{"type":"Point","coordinates":[-84.33188,33.71497]},"properties":{"probability":0.083,"inBuffer":false,"facType":"unknown"}},{"type":"Feature","geometry":{"type":"Point","coordinates":[-84.32648,33.71485]},"properties":{"probability":0.081,"inBuffer":false,"facType":"unknown"}},{"type":"Feature","geometry":{"type":"Point","coordinates":[-84.32109,33.71474]},"properties":{"probability":0.2,"inBuffer":false,"facType":"unknown"}},{"type":"Feature","geometry":{"type":"Point","coordinates":[-84.3157,33.71462]},"properties":{"probability":0.275,"inBuffer":false,"facType":"unknown"}},{"type":"Feature","geometry":{"type":"Point","coordinates":[-84.31031,33.7145]},"properties":{"probability":0.955,"inBuffer":false,"facType":"unknown"}},{"type":"Feature","geometry":{"type":"Point","coordinates":[-84.30492,33.71438]},"properties":{"probability":0.274,"inBuffer":false,"facType":"unknown"}},{"type":"Feature","geometry":{"type":"Point","coordinates":[-84.29953,33.71427]},"properties":{"probability":0.203,"inBuffer":false,"facType":"unknown"}},{"type":"Feature","geometry":{"type":"Point","coordinates":[-84.29414,33.71415]},"properties":{"probability":0.193,"inBuffer":false,"facType":"unknown"}},{"type":"Feature","geometry":{"type":"Point","coordinates":[-84.28875,33.71403]},"properties":{"probability":0.063,"inBuffer":false,"facType":"unknown"}},{"type":"Feature","geometry":{"type":"Point","coordinates":[-84.28336,33.71391]},"properties":{"probability":0.081,"inBuffer":false,"facType":"unknown"}},{"type":"Feature","geometry":{"type":"Point","coordinates":[-84.27797,33.71379]},"properties":{"probability":0.18,"inBuffer":false,"facType":"unknown"}},{"type":"Feature","geometry":{"type":"Point","coordinates":[-84.27258,33.71367]},"properties":{"probability":0.623,"inBuffer":false,"facType":"unknown"}},{"type":"Feature","geometry":{"type":"Point","coordinates":[-84.26719,33.71355]},"properties":{"probability":0.651,"inBuffer":false,"facType":"unknown"}},{"type":"Feature","geometry":{"type":"Point","coordinates":[-84.2618,33.71344]},"properties":{"probability":0.113,"inBuffer":false,"facType":"unknown"}},{"type":"Feature","geometry":{"type":"Point","coordinates":[-84.25641,33.71332]},"properties":{"probability":0.159,"inBuffer":false,"facType":"unknown"}},{"type":"Feature","geometry":{"type":"Point","coordinates":[-84.25102,33.7132]},"properties":{"probability":0.142,"inBuffer":false,"facType":"unknown"}},{"type":"Feature","geometry":{"type":"Point","coordinates":[-84.24563,33.71308]},"properties":{"probability":0.089,"inBuffer":false,"facType":"unknown"}},{"type":"Feature","geometry":{"type":"Point","coordinates":[-84.24024,33.71296]},"properties":{"probability":0.055,"inBuffer":false,"facType":"unknown"}},{"type":"Feature","geometry":{"type":"Point","coordinates":[-84.22407,33.71259]},"properties":{"probability":0.12,"inBuffer":false,"facType":"unknown"}},{"type":"Feature","geometry":{"type":"Point","coordinates":[-84.21868,33.71247]},"properties":{"probability":0.171,"inBuffer":false,"facType":"unknown"}},{"type":"Feature","geometry":{"type":"Point","coordinates":[-84.21329,33.71235]},"properties":{"probability":0.171,"inBuffer":false,"facType":"unknown"}},{"type":"Feature","geometry":{"type":"Point","coordinates":[-84.54765,33.71494]},"properties":{"probability":0.124,"inBuffer":false,"facType":"unknown"}},{"type":"Feature","geometry":{"type":"Point","coordinates":[-84.54226,33.71483]},"properties":{"probability":0.122,"inBuffer":false,"facType":"unknown"}},{"type":"Feature","geometry":{"type":"Point","coordinates":[-84.53686,33.71472]},"properties":{"probability":0.123,"inBuffer":false,"facType":"unknown"}},{"type":"Feature","geometry":{"type":"Point","coordinates":[-84.53147,33.71462]},"properties":{"probability":0.124,"inBuffer":false,"facType":"unknown"}},{"type":"Feature","geometry":{"type":"Point","coordinates":[-84.52608,33.71451]},"properties":{"probability":0.122,"inBuffer":false,"facType":"unknown"}},{"type":"Feature","geometry":{"type":"Point","coordinates":[-84.52069,33.7144]},"properties":{"probability":0.125,"inBuffer":false,"facType":"unknown"}},{"type":"Feature","geometry":{"type":"Point","coordinates":[-84.5153,33.71429]},"properties":{"probability":0.121,"inBuffer":false,"facType":"unknown"}},{"type":"Feature","geometry":{"type":"Point","coordinates":[-84.50991,33.71418]},"properties":{"probability":0.121,"inBuffer":false,"facType":"unknown"}},{"type":"Feature","geometry":{"type":"Point","coordinates":[-84.50452,33.71407]},"properties":{"probability":0.123,"inBuffer":false,"facType":"unknown"}},{"type":"Feature","geometry":{"type":"Point","coordinates":[-84.49913,33.71396]},"properties":{"probability":0.121,"inBuffer":false,"facType":"unknown"}},{"type":"Feature","geometry":{"type":"Point","coordinates":[-84.49373,33.71385]},"properties":{"probability":0.123,"inBuffer":false,"facType":"unknown"}},{"type":"Feature","geometry":{"type":"Point","coordinates":[-84.48834,33.71375]},"properties":{"probability":0.121,"inBuffer":false,"facType":"unknown"}},{"type":"Feature","geometry":{"type":"Point","coordinates":[-84.48295,33.71364]},"properties":{"probability":0.125,"inBuffer":false,"facType":"unknown"}},{"type":"Feature","geometry":{"type":"Point","coordinates":[-84.47756,33.71353]},"properties":{"probability":0.121,"inBuffer":false,"facType":"unknown"}},{"type":"Feature","geometry":{"type":"Point","coordinates":[-84.46678,33.7133]},"properties":{"probability":0.139,"inBuffer":false,"facType":"unknown"}},{"type":"Feature","geometry":{"type":"Point","coordinates":[-84.46139,33.71319]},"properties":{"probability":0.151,"inBuffer":false,"facType":"unknown"}},{"type":"Feature","geometry":{"type":"Point","coordinates":[-84.456,33.71308]},"properties":{"probability":0.13,"inBuffer":false,"facType":"unknown"}},{"type":"Feature","geometry":{"type":"Point","coordinates":[-84.45061,33.71297]},"properties":{"probability":0.168,"inBuffer":false,"facType":"unknown"}},{"type":"Feature","geometry":{"type":"Point","coordinates":[-84.44522,33.71286]},"properties":{"probability":0.187,"inBuffer":false,"facType":"unknown"}},{"type":"Feature","geometry":{"type":"Point","coordinates":[-84.43443,33.71264]},"properties":{"probability":0.089,"inBuffer":false,"facType":"unknown"}},{"type":"Feature","geometry":{"type":"Point","coordinates":[-84.42904,33.71252]},"properties":{"probability":0.163,"inBuffer":false,"facType":"unknown"}},{"type":"Feature","geometry":{"type":"Point","coordinates":[-84.42365,33.71241]},"properties":{"probability":0.1,"inBuffer":false,"facType":"unknown"}},{"type":"Feature","geometry":{"type":"Point","coordinates":[-84.41826,33.7123]},"properties":{"probability":0.201,"inBuffer":false,"facType":"unknown"}},{"type":"Feature","geometry":{"type":"Point","coordinates":[-84.41287,33.71219]},"properties":{"probability":0.22,"inBuffer":false,"facType":"unknown"}},{"type":"Feature","geometry":{"type":"Point","coordinates":[-84.40748,33.71207]},"properties":{"probability":0.95,"inBuffer":false,"facType":"unknown"}},{"type":"Feature","geometry":{"type":"Point","coordinates":[-84.40209,33.71196]},"properties":{"probability":0.949,"inBuffer":false,"facType":"unknown"}},{"type":"Feature","geometry":{"type":"Point","coordinates":[-84.3967,33.71185]},"properties":{"probability":0.271,"inBuffer":false,"facType":"unknown"}},{"type":"Feature","geometry":{"type":"Point","coordinates":[-84.39131,33.71173]},"properties":{"probability":0.273,"inBuffer":false,"facType":"unknown"}},{"type":"Feature","geometry":{"type":"Point","coordinates":[-84.38592,33.71162]},"properties":{"probability":0.943,"inBuffer":false,"facType":"unknown"}},{"type":"Feature","geometry":{"type":"Point","coordinates":[-84.38053,33.7115]},"properties":{"probability":0.945,"inBuffer":false,"facType":"unknown"}},{"type":"Feature","geometry":{"type":"Point","coordinates":[-84.37514,33.71139]},"properties":{"probability":0.946,"inBuffer":false,"facType":"unknown"}},{"type":"Feature","geometry":{"type":"Point","coordinates":[-84.36975,33.71128]},"properties":{"probability":0.263,"inBuffer":false,"facType":"unknown"}},{"type":"Feature","geometry":{"type":"Point","coordinates":[-84.36436,33.71116]},"properties":{"probability":0.155,"inBuffer":false,"facType":"unknown"}},{"type":"Feature","geometry":{"type":"Point","coordinates":[-84.35897,33.71104]},"properties":{"probability":0.147,"inBuffer":false,"facType":"unknown"}},{"type":"Feature","geometry":{"type":"Point","coordinates":[-84.35358,33.71093]},"properties":{"probability":0.473,"inBuffer":false,"facType":"unknown"}},{"type":"Feature","geometry":{"type":"Point","coordinates":[-84.34819,33.71081]},"properties":{"probability":0.485,"inBuffer":false,"facType":"unknown"}},{"type":"Feature","geometry":{"type":"Point","coordinates":[-84.3428,33.7107]},"properties":{"probability":0.285,"inBuffer":false,"facType":"unknown"}},{"type":"Feature","geometry":{"type":"Point","coordinates":[-84.33201,33.71047]},"properties":{"probability":0.052,"inBuffer":false,"facType":"unknown"}},{"type":"Feature","geometry":{"type":"Point","coordinates":[-84.32662,33.71035]},"properties":{"probability":0.061,"inBuffer":false,"facType":"unknown"}},{"type":"Feature","geometry":{"type":"Point","coordinates":[-84.31584,33.71011]},"properties":{"probability":0.2,"inBuffer":false,"facType":"unknown"}},{"type":"Feature","geometry":{"type":"Point","coordinates":[-84.31045,33.71]},"properties":{"probability":0.242,"inBuffer":false,"facType":"unknown"}},{"type":"Feature","geometry":{"type":"Point","coordinates":[-84.30506,33.70988]},"properties":{"probability":0.21,"inBuffer":false,"facType":"unknown"}},{"type":"Feature","geometry":{"type":"Point","coordinates":[-84.29967,33.70976]},"properties":{"probability":0.192,"inBuffer":false,"facType":"unknown"}},{"type":"Feature","geometry":{"type":"Point","coordinates":[-84.29428,33.70964]},"properties":{"probability":0.193,"inBuffer":false,"facType":"unknown"}},{"type":"Feature","geometry":{"type":"Point","coordinates":[-84.28889,33.70953]},"properties":{"probability":0.248,"inBuffer":false,"facType":"unknown"}},{"type":"Feature","geometry":{"type":"Point","coordinates":[-84.2835,33.70941]},"properties":{"probability":0.224,"inBuffer":false,"facType":"unknown"}},{"type":"Feature","geometry":{"type":"Point","coordinates":[-84.27811,33.70929]},"properties":{"probability":0.184,"inBuffer":false,"facType":"unknown"}},{"type":"Feature","geometry":{"type":"Point","coordinates":[-84.27272,33.70917]},"properties":{"probability":0.729,"inBuffer":false,"facType":"unknown"}},{"type":"Feature","geometry":{"type":"Point","coordinates":[-84.26733,33.70905]},"properties":{"probability":0.702,"inBuffer":false,"facType":"unknown"}},{"type":"Feature","geometry":{"type":"Point","coordinates":[-84.26194,33.70893]},"properties":{"probability":0.433,"inBuffer":false,"facType":"unknown"}},{"type":"Feature","geometry":{"type":"Point","coordinates":[-84.25655,33.70881]},"properties":{"probability":0.065,"inBuffer":false,"facType":"unknown"}},{"type":"Feature","geometry":{"type":"Point","coordinates":[-84.25117,33.70869]},"properties":{"probability":0.09,"inBuffer":false,"facType":"unknown"}},{"type":"Feature","geometry":{"type":"Point","coordinates":[-84.24578,33.70857]},"properties":{"probability":0.08,"inBuffer":false,"facType":"unknown"}},{"type":"Feature","geometry":{"type":"Point","coordinates":[-84.24039,33.70845]},"properties":{"probability":0.06,"inBuffer":false,"facType":"unknown"}},{"type":"Feature","geometry":{"type":"Point","coordinates":[-84.22422,33.70809]},"properties":{"probability":0.098,"inBuffer":false,"facType":"unknown"}},{"type":"Feature","geometry":{"type":"Point","coordinates":[-84.21883,33.70797]},"properties":{"probability":0.16,"inBuffer":false,"facType":"unknown"}},{"type":"Feature","geometry":{"type":"Point","coordinates":[-84.21344,33.70785]},"properties":{"probability":0.154,"inBuffer":false,"facType":"unknown"}},{"type":"Feature","geometry":{"type":"Point","coordinates":[-84.54778,33.71043]},"properties":{"probability":0.126,"inBuffer":false,"facType":"unknown"}},{"type":"Feature","geometry":{"type":"Point","coordinates":[-84.54238,33.71032]},"properties":{"probability":0.124,"inBuffer":false,"facType":"unknown"}},{"type":"Feature","geometry":{"type":"Point","coordinates":[-84.53699,33.71022]},"properties":{"probability":0.123,"inBuffer":false,"facType":"unknown"}},{"type":"Feature","geometry":{"type":"Point","coordinates":[-84.5316,33.71011]},"properties":{"probability":0.123,"inBuffer":false,"facType":"unknown"}},{"type":"Feature","geometry":{"type":"Point","coordinates":[-84.52621,33.71]},"properties":{"probability":0.125,"inBuffer":false,"facType":"unknown"}},{"type":"Feature","geometry":{"type":"Point","coordinates":[-84.52082,33.70989]},"properties":{"probability":0.124,"inBuffer":false,"facType":"unknown"}},{"type":"Feature","geometry":{"type":"Point","coordinates":[-84.51543,33.70979]},"properties":{"probability":0.123,"inBuffer":false,"facType":"unknown"}},{"type":"Feature","geometry":{"type":"Point","coordinates":[-84.51004,33.70968]},"properties":{"probability":0.122,"inBuffer":false,"facType":"unknown"}},{"type":"Feature","geometry":{"type":"Point","coordinates":[-84.49926,33.70946]},"properties":{"probability":0.122,"inBuffer":false,"facType":"unknown"}},{"type":"Feature","geometry":{"type":"Point","coordinates":[-84.49387,33.70935]},"properties":{"probability":0.124,"inBuffer":false,"facType":"unknown"}},{"type":"Feature","geometry":{"type":"Point","coordinates":[-84.48847,33.70924]},"properties":{"probability":0.137,"inBuffer":false,"facType":"unknown"}},{"type":"Feature","geometry":{"type":"Point","coordinates":[-84.48308,33.70913]},"properties":{"probability":0.144,"inBuffer":false,"facType":"unknown"}},{"type":"Feature","geometry":{"type":"Point","coordinates":[-84.47769,33.70902]},"properties":{"probability":0.149,"inBuffer":false,"facType":"unknown"}},{"type":"Feature","geometry":{"type":"Point","coordinates":[-84.4723,33.70891]},"properties":{"probability":0.122,"inBuffer":false,"facType":"unknown"}},{"type":"Feature","geometry":{"type":"Point","coordinates":[-84.46691,33.7088]},"properties":{"probability":0.123,"inBuffer":false,"facType":"unknown"}},{"type":"Feature","geometry":{"type":"Point","coordinates":[-84.46152,33.70869]},"properties":{"probability":0.2,"inBuffer":false,"facType":"unknown"}},{"type":"Feature","geometry":{"type":"Point","coordinates":[-84.45613,33.70858]},"properties":{"probability":0.207,"inBuffer":false,"facType":"unknown"}},{"type":"Feature","geometry":{"type":"Point","coordinates":[-84.45074,33.70847]},"properties":{"probability":0.214,"inBuffer":false,"facType":"unknown"}},{"type":"Feature","geometry":{"type":"Point","coordinates":[-84.44535,33.70836]},"properties":{"probability":0.059,"inBuffer":false,"facType":"unknown"}},{"type":"Feature","geometry":{"type":"Point","coordinates":[-84.43996,33.70824]},"properties":{"probability":0.154,"inBuffer":false,"facType":"unknown"}},{"type":"Feature","geometry":{"type":"Point","coordinates":[-84.43457,33.70813]},"properties":{"probability":0.443,"inBuffer":false,"facType":"unknown"}},{"type":"Feature","geometry":{"type":"Point","coordinates":[-84.42918,33.70802]},"properties":{"probability":0.644,"inBuffer":false,"facType":"unknown"}},{"type":"Feature","geometry":{"type":"Point","coordinates":[-84.42379,33.70791]},"properties":{"probability":0.349,"inBuffer":false,"facType":"unknown"}},{"type":"Feature","geometry":{"type":"Point","coordinates":[-84.41301,33.70768]},"properties":{"probability":0.104,"inBuffer":false,"facType":"unknown"}},{"type":"Feature","geometry":{"type":"Point","coordinates":[-84.40762,33.70757]},"properties":{"probability":0.949,"inBuffer":false,"facType":"unknown"}},{"type":"Feature","geometry":{"type":"Point","coordinates":[-84.40223,33.70746]},"properties":{"probability":0.949,"inBuffer":false,"facType":"unknown"}},{"type":"Feature","geometry":{"type":"Point","coordinates":[-84.39684,33.70734]},"properties":{"probability":0.956,"inBuffer":false,"facType":"unknown"}},{"type":"Feature","geometry":{"type":"Point","coordinates":[-84.39145,33.70723]},"properties":{"probability":0.266,"inBuffer":false,"facType":"unknown"}},{"type":"Feature","geometry":{"type":"Point","coordinates":[-84.38605,33.70711]},"properties":{"probability":0.942,"inBuffer":false,"facType":"unknown"}},{"type":"Feature","geometry":{"type":"Point","coordinates":[-84.38066,33.707]},"properties":{"probability":0.945,"inBuffer":false,"facType":"unknown"}},{"type":"Feature","geometry":{"type":"Point","coordinates":[-84.37527,33.70688]},"properties":{"probability":0.946,"inBuffer":false,"facType":"unknown"}},{"type":"Feature","geometry":{"type":"Point","coordinates":[-84.36988,33.70677]},"properties":{"probability":0.253,"inBuffer":false,"facType":"unknown"}},{"type":"Feature","geometry":{"type":"Point","coordinates":[-84.36449,33.70666]},"properties":{"probability":0.139,"inBuffer":false,"facType":"unknown"}},{"type":"Feature","geometry":{"type":"Point","coordinates":[-84.3591,33.70654]},"properties":{"probability":0.128,"inBuffer":false,"facType":"unknown"}},{"type":"Feature","geometry":{"type":"Point","coordinates":[-84.35371,33.70642]},"properties":{"probability":0.433,"inBuffer":false,"facType":"unknown"}},{"type":"Feature","geometry":{"type":"Point","coordinates":[-84.34832,33.70631]},"properties":{"probability":0.392,"inBuffer":false,"facType":"unknown"}},{"type":"Feature","geometry":{"type":"Point","coordinates":[-84.33754,33.70608]},"properties":{"probability":0.328,"inBuffer":false,"facType":"unknown"}},{"type":"Feature","geometry":{"type":"Point","coordinates":[-84.33215,33.70596]},"properties":{"probability":0.401,"inBuffer":false,"facType":"unknown"}},{"type":"Feature","geometry":{"type":"Point","coordinates":[-84.32676,33.70584]},"properties":{"probability":0.323,"inBuffer":false,"facType":"unknown"}},{"type":"Feature","geometry":{"type":"Point","coordinates":[-84.31059,33.70549]},"properties":{"probability":0.122,"inBuffer":false,"facType":"unknown"}},{"type":"Feature","geometry":{"type":"Point","coordinates":[-84.3052,33.70538]},"properties":{"probability":0.127,"inBuffer":false,"facType":"unknown"}},{"type":"Feature","geometry":{"type":"Point","coordinates":[-84.29982,33.70526]},"properties":{"probability":0.138,"inBuffer":false,"facType":"unknown"}},{"type":"Feature","geometry":{"type":"Point","coordinates":[-84.29443,33.70514]},"properties":{"probability":0.202,"inBuffer":false,"facType":"unknown"}},{"type":"Feature","geometry":{"type":"Point","coordinates":[-84.28904,33.70502]},"properties":{"probability":0.245,"inBuffer":false,"facType":"unknown"}},{"type":"Feature","geometry":{"type":"Point","coordinates":[-84.28365,33.7049]},"properties":{"probability":0.362,"inBuffer":false,"facType":"unknown"}},{"type":"Feature","geometry":{"type":"Point","coordinates":[-84.27826,33.70478]},"properties":{"probability":0.272,"inBuffer":false,"facType":"unknown"}},{"type":"Feature","geometry":{"type":"Point","coordinates":[-84.27287,33.70467]},"properties":{"probability":0.958,"inBuffer":false,"facType":"unknown"}},{"type":"Feature","geometry":{"type":"Point","coordinates":[-84.26748,33.70455]},"properties":{"probability":0.957,"inBuffer":false,"facType":"unknown"}},{"type":"Feature","geometry":{"type":"Point","coordinates":[-84.26209,33.70443]},"properties":{"probability":0.932,"inBuffer":false,"facType":"unknown"}},{"type":"Feature","geometry":{"type":"Point","coordinates":[-84.21897,33.70346]},"properties":{"probability":0.052,"inBuffer":false,"facType":"unknown"}},{"type":"Feature","geometry":{"type":"Point","coordinates":[-84.55869,33.70614]},"properties":{"probability":0.09,"inBuffer":false,"facType":"unknown"}},{"type":"Feature","geometry":{"type":"Point","coordinates":[-84.53712,33.70571]},"properties":{"probability":0.123,"inBuffer":false,"facType":"unknown"}},{"type":"Feature","geometry":{"type":"Point","coordinates":[-84.53173,33.7056]},"properties":{"probability":0.124,"inBuffer":false,"facType":"unknown"}},{"type":"Feature","geometry":{"type":"Point","coordinates":[-84.52634,33.7055]},"properties":{"probability":0.124,"inBuffer":false,"facType":"unknown"}},{"type":"Feature","geometry":{"type":"Point","coordinates":[-84.52095,33.70539]},"properties":{"probability":0.125,"inBuffer":false,"facType":"unknown"}},{"type":"Feature","geometry":{"type":"Point","coordinates":[-84.51556,33.70528]},"properties":{"probability":0.121,"inBuffer":false,"facType":"unknown"}},{"type":"Feature","geometry":{"type":"Point","coordinates":[-84.51017,33.70517]},"properties":{"probability":0.123,"inBuffer":false,"facType":"unknown"}},{"type":"Feature","geometry":{"type":"Point","coordinates":[-84.494,33.70484]},"properties":{"probability":0.123,"inBuffer":false,"facType":"unknown"}},{"type":"Feature","geometry":{"type":"Point","coordinates":[-84.48861,33.70473]},"properties":{"probability":0.162,"inBuffer":false,"facType":"unknown"}},{"type":"Feature","geometry":{"type":"Point","coordinates":[-84.48322,33.70462]},"properties":{"probability":0.881,"inBuffer":false,"facType":"unknown"}},{"type":"Feature","geometry":{"type":"Point","coordinates":[-84.47783,33.70451]},"properties":{"probability":0.862,"inBuffer":false,"facType":"unknown"}},{"type":"Feature","geometry":{"type":"Point","coordinates":[-84.47243,33.7044]},"properties":{"probability":0.143,"inBuffer":false,"facType":"unknown"}},{"type":"Feature","geometry":{"type":"Point","coordinates":[-84.46704,33.70429]},"properties":{"probability":0.132,"inBuffer":false,"facType":"unknown"}},{"type":"Feature","geometry":{"type":"Point","coordinates":[-84.46165,33.70418]},"properties":{"probability":0.119,"inBuffer":false,"facType":"unknown"}},{"type":"Feature","geometry":{"type":"Point","coordinates":[-84.45626,33.70407]},"properties":{"probability":0.154,"inBuffer":false,"facType":"unknown"}},{"type":"Feature","geometry":{"type":"Point","coordinates":[-84.45087,33.70396]},"properties":{"probability":0.136,"inBuffer":false,"facType":"unknown"}},{"type":"Feature","geometry":{"type":"Point","coordinates":[-84.44548,33.70385]},"properties":{"probability":0.093,"inBuffer":false,"facType":"unknown"}},{"type":"Feature","geometry":{"type":"Point","coordinates":[-84.44009,33.70374]},"properties":{"probability":0.168,"inBuffer":false,"facType":"unknown"}},{"type":"Feature","geometry":{"type":"Point","coordinates":[-84.4347,33.70363]},"properties":{"probability":0.604,"inBuffer":false,"facType":"unknown"}},{"type":"Feature","geometry":{"type":"Point","coordinates":[-84.42931,33.70351]},"properties":{"probability":0.655,"inBuffer":false,"facType":"unknown"}},{"type":"Feature","geometry":{"type":"Point","coordinates":[-84.42392,33.7034]},"properties":{"probability":0.572,"inBuffer":false,"facType":"unknown"}},{"type":"Feature","geometry":{"type":"Point","coordinates":[-84.41853,33.70329]},"properties":{"probability":0.11,"inBuffer":false,"facType":"unknown"}},{"type":"Feature","geometry":{"type":"Point","coordinates":[-84.41314,33.70318]},"properties":{"probability":0.56,"inBuffer":false,"facType":"unknown"}},{"type":"Feature","geometry":{"type":"Point","coordinates":[-84.40775,33.70306]},"properties":{"probability":0.648,"inBuffer":false,"facType":"unknown"}},{"type":"Feature","geometry":{"type":"Point","coordinates":[-84.40236,33.70295]},"properties":{"probability":0.952,"inBuffer":false,"facType":"unknown"}},{"type":"Feature","geometry":{"type":"Point","coordinates":[-84.39697,33.70284]},"properties":{"probability":0.955,"inBuffer":false,"facType":"unknown"}},{"type":"Feature","geometry":{"type":"Point","coordinates":[-84.39158,33.70272]},"properties":{"probability":0.265,"inBuffer":false,"facType":"unknown"}},{"type":"Feature","geometry":{"type":"Point","coordinates":[-84.38619,33.70261]},"properties":{"probability":0.253,"inBuffer":false,"facType":"unknown"}},{"type":"Feature","geometry":{"type":"Point","coordinates":[-84.3808,33.70249]},"properties":{"probability":0.222,"inBuffer":false,"facType":"unknown"}},{"type":"Feature","geometry":{"type":"Point","coordinates":[-84.37541,33.70238]},"properties":{"probability":0.239,"inBuffer":false,"facType":"unknown"}},{"type":"Feature","geometry":{"type":"Point","coordinates":[-84.37002,33.70227]},"properties":{"probability":0.173,"inBuffer":false,"facType":"unknown"}},{"type":"Feature","geometry":{"type":"Point","coordinates":[-84.35385,33.70192]},"properties":{"probability":0.061,"inBuffer":false,"facType":"unknown"}},{"type":"Feature","geometry":{"type":"Point","coordinates":[-84.34846,33.7018]},"properties":{"probability":0.053,"inBuffer":false,"facType":"unknown"}},{"type":"Feature","geometry":{"type":"Point","coordinates":[-84.33768,33.70157]},"properties":{"probability":0.332,"inBuffer":false,"facType":"unknown"}},{"type":"Feature","geometry":{"type":"Point","coordinates":[-84.33229,33.70146]},"properties":{"probability":0.455,"inBuffer":false,"facType":"unknown"}},{"type":"Feature","geometry":{"type":"Point","coordinates":[-84.3269,33.70134]},"properties":{"probability":0.327,"inBuffer":false,"facType":"unknown"}},{"type":"Feature","geometry":{"type":"Point","coordinates":[-84.32151,33.70122]},"properties":{"probability":0.149,"inBuffer":false,"facType":"unknown"}},{"type":"Feature","geometry":{"type":"Point","coordinates":[-84.31074,33.70099]},"properties":{"probability":0.124,"inBuffer":false,"facType":"unknown"}},{"type":"Feature","geometry":{"type":"Point","coordinates":[-84.30535,33.70087]},"properties":{"probability":0.121,"inBuffer":false,"facType":"unknown"}},{"type":"Feature","geometry":{"type":"Point","coordinates":[-84.29996,33.70075]},"properties":{"probability":0.194,"inBuffer":false,"facType":"unknown"}},{"type":"Feature","geometry":{"type":"Point","coordinates":[-84.29457,33.70063]},"properties":{"probability":0.206,"inBuffer":false,"facType":"unknown"}},{"type":"Feature","geometry":{"type":"Point","coordinates":[-84.28918,33.70052]},"properties":{"probability":0.185,"inBuffer":false,"facType":"unknown"}},{"type":"Feature","geometry":{"type":"Point","coordinates":[-84.28379,33.7004]},"properties":{"probability":0.33,"inBuffer":false,"facType":"unknown"}},{"type":"Feature","geometry":{"type":"Point","coordinates":[-84.2784,33.70028]},"properties":{"probability":0.954,"inBuffer":false,"facType":"unknown"}},{"type":"Feature","geometry":{"type":"Point","coordinates":[-84.27301,33.70016]},"properties":{"probability":0.956,"inBuffer":false,"facType":"unknown"}},{"type":"Feature","geometry":{"type":"Point","coordinates":[-84.26762,33.70004]},"properties":{"probability":0.956,"inBuffer":false,"facType":"unknown"}},{"type":"Feature","geometry":{"type":"Point","coordinates":[-84.26223,33.69992]},"properties":{"probability":0.256,"inBuffer":false,"facType":"unknown"}},{"type":"Feature","geometry":{"type":"Point","coordinates":[-84.25684,33.6998]},"properties":{"probability":0.199,"inBuffer":false,"facType":"unknown"}},{"type":"Feature","geometry":{"type":"Point","coordinates":[-84.25145,33.69968]},"properties":{"probability":0.182,"inBuffer":false,"facType":"unknown"}},{"type":"Feature","geometry":{"type":"Point","coordinates":[-84.24606,33.69956]},"properties":{"probability":0.134,"inBuffer":false,"facType":"unknown"}},{"type":"Feature","geometry":{"type":"Point","coordinates":[-84.24067,33.69944]},"properties":{"probability":0.121,"inBuffer":false,"facType":"unknown"}},{"type":"Feature","geometry":{"type":"Point","coordinates":[-84.23529,33.69932]},"properties":{"probability":0.121,"inBuffer":false,"facType":"unknown"}},{"type":"Feature","geometry":{"type":"Point","coordinates":[-84.5642,33.70174]},"properties":{"probability":0.089,"inBuffer":false,"facType":"unknown"}},{"type":"Feature","geometry":{"type":"Point","coordinates":[-84.55881,33.70163]},"properties":{"probability":0.083,"inBuffer":false,"facType":"unknown"}},{"type":"Feature","geometry":{"type":"Point","coordinates":[-84.53186,33.7011]},"properties":{"probability":0.126,"inBuffer":false,"facType":"unknown"}},{"type":"Feature","geometry":{"type":"Point","coordinates":[-84.52647,33.70099]},"properties":{"probability":0.124,"inBuffer":false,"facType":"unknown"}},{"type":"Feature","geometry":{"type":"Point","coordinates":[-84.52108,33.70088]},"properties":{"probability":0.123,"inBuffer":false,"facType":"unknown"}},{"type":"Feature","geometry":{"type":"Point","coordinates":[-84.51569,33.70077]},"properties":{"probability":0.123,"inBuffer":false,"facType":"unknown"}},{"type":"Feature","geometry":{"type":"Point","coordinates":[-84.5103,33.70067]},"properties":{"probability":0.132,"inBuffer":false,"facType":"unknown"}},{"type":"Feature","geometry":{"type":"Point","coordinates":[-84.50491,33.70056]},"properties":{"probability":0.125,"inBuffer":false,"facType":"unknown"}},{"type":"Feature","geometry":{"type":"Point","coordinates":[-84.48874,33.70023]},"properties":{"probability":0.897,"inBuffer":false,"facType":"unknown"}},{"type":"Feature","geometry":{"type":"Point","coordinates":[-84.48335,33.70012]},"properties":{"probability":0.93,"inBuffer":false,"facType":"unknown"}},{"type":"Feature","geometry":{"type":"Point","coordinates":[-84.47796,33.70001]},"properties":{"probability":0.892,"inBuffer":false,"facType":"unknown"}},{"type":"Feature","geometry":{"type":"Point","coordinates":[-84.47257,33.6999]},"properties":{"probability":0.204,"inBuffer":false,"facType":"unknown"}},{"type":"Feature","geometry":{"type":"Point","coordinates":[-84.46718,33.69979]},"properties":{"probability":0.181,"inBuffer":false,"facType":"unknown"}},{"type":"Feature","geometry":{"type":"Point","coordinates":[-84.46179,33.69968]},"properties":{"probability":0.086,"inBuffer":false,"facType":"unknown"}},{"type":"Feature","geometry":{"type":"Point","coordinates":[-84.4564,33.69957]},"properties":{"probability":0.107,"inBuffer":false,"facType":"unknown"}},{"type":"Feature","geometry":{"type":"Point","coordinates":[-84.45101,33.69946]},"properties":{"probability":0.109,"inBuffer":false,"facType":"unknown"}},{"type":"Feature","geometry":{"type":"Point","coordinates":[-84.44562,33.69934]},"properties":{"probability":0.105,"inBuffer":false,"facType":"unknown"}},{"type":"Feature","geometry":{"type":"Point","coordinates":[-84.44023,33.69923]},"properties":{"probability":0.106,"inBuffer":false,"facType":"unknown"}},{"type":"Feature","geometry":{"type":"Point","coordinates":[-84.43484,33.69912]},"properties":{"probability":0.153,"inBuffer":false,"facType":"unknown"}},{"type":"Feature","geometry":{"type":"Point","coordinates":[-84.42945,33.69901]},"properties":{"probability":0.583,"inBuffer":false,"facType":"unknown"}},{"type":"Feature","geometry":{"type":"Point","coordinates":[-84.42406,33.6989]},"properties":{"probability":0.394,"inBuffer":false,"facType":"unknown"}},{"type":"Feature","geometry":{"type":"Point","coordinates":[-84.41867,33.69878]},"properties":{"probability":0.171,"inBuffer":false,"facType":"unknown"}},{"type":"Feature","geometry":{"type":"Point","coordinates":[-84.41328,33.69867]},"properties":{"probability":0.59,"inBuffer":false,"facType":"unknown"}},{"type":"Feature","geometry":{"type":"Point","coordinates":[-84.40789,33.69856]},"properties":{"probability":0.65,"inBuffer":false,"facType":"unknown"}},{"type":"Feature","geometry":{"type":"Point","coordinates":[-84.4025,33.69845]},"properties":{"probability":0.553,"inBuffer":false,"facType":"unknown"}},{"type":"Feature","geometry":{"type":"Point","coordinates":[-84.39711,33.69833]},"properties":{"probability":0.249,"inBuffer":false,"facType":"unknown"}},{"type":"Feature","geometry":{"type":"Point","coordinates":[-84.39172,33.69822]},"properties":{"probability":0.232,"inBuffer":false,"facType":"unknown"}},{"type":"Feature","geometry":{"type":"Point","coordinates":[-84.38633,33.6981]},"properties":{"probability":0.153,"inBuffer":false,"facType":"unknown"}},{"type":"Feature","geometry":{"type":"Point","coordinates":[-84.38094,33.69799]},"properties":{"probability":0.13,"inBuffer":false,"facType":"unknown"}},{"type":"Feature","geometry":{"type":"Point","coordinates":[-84.37555,33.69788]},"properties":{"probability":0.15,"inBuffer":false,"facType":"unknown"}},{"type":"Feature","geometry":{"type":"Point","coordinates":[-84.37016,33.69776]},"properties":{"probability":0.235,"inBuffer":false,"facType":"unknown"}},{"type":"Feature","geometry":{"type":"Point","coordinates":[-84.36477,33.69765]},"properties":{"probability":0.088,"inBuffer":false,"facType":"unknown"}},{"type":"Feature","geometry":{"type":"Point","coordinates":[-84.35938,33.69753]},"properties":{"probability":0.056,"inBuffer":false,"facType":"unknown"}},{"type":"Feature","geometry":{"type":"Point","coordinates":[-84.35399,33.69741]},"properties":{"probability":0.051,"inBuffer":false,"facType":"unknown"}},{"type":"Feature","geometry":{"type":"Point","coordinates":[-84.3486,33.6973]},"properties":{"probability":0.058,"inBuffer":false,"facType":"unknown"}},{"type":"Feature","geometry":{"type":"Point","coordinates":[-84.34321,33.69718]},"properties":{"probability":0.151,"inBuffer":false,"facType":"unknown"}},{"type":"Feature","geometry":{"type":"Point","coordinates":[-84.33782,33.69707]},"properties":{"probability":0.291,"inBuffer":false,"facType":"unknown"}},{"type":"Feature","geometry":{"type":"Point","coordinates":[-84.33243,33.69695]},"properties":{"probability":0.307,"inBuffer":false,"facType":"unknown"}},{"type":"Feature","geometry":{"type":"Point","coordinates":[-84.32704,33.69683]},"properties":{"probability":0.189,"inBuffer":false,"facType":"unknown"}},{"type":"Feature","geometry":{"type":"Point","coordinates":[-84.32165,33.69672]},"properties":{"probability":0.144,"inBuffer":false,"facType":"unknown"}},{"type":"Feature","geometry":{"type":"Point","coordinates":[-84.31626,33.6966]},"properties":{"probability":0.144,"inBuffer":false,"facType":"unknown"}},{"type":"Feature","geometry":{"type":"Point","coordinates":[-84.31088,33.69648]},"properties":{"probability":0.124,"inBuffer":false,"facType":"unknown"}},{"type":"Feature","geometry":{"type":"Point","coordinates":[-84.30549,33.69637]},"properties":{"probability":0.123,"inBuffer":false,"facType":"unknown"}},{"type":"Feature","geometry":{"type":"Point","coordinates":[-84.3001,33.69625]},"properties":{"probability":0.142,"inBuffer":false,"facType":"unknown"}},{"type":"Feature","geometry":{"type":"Point","coordinates":[-84.29471,33.69613]},"properties":{"probability":0.236,"inBuffer":false,"facType":"unknown"}},{"type":"Feature","geometry":{"type":"Point","coordinates":[-84.28932,33.69601]},"properties":{"probability":0.308,"inBuffer":false,"facType":"unknown"}},{"type":"Feature","geometry":{"type":"Point","coordinates":[-84.28393,33.69589]},"properties":{"probability":0.85,"inBuffer":false,"facType":"unknown"}},{"type":"Feature","geometry":{"type":"Point","coordinates":[-84.27854,33.69577]},"properties":{"probability":0.937,"inBuffer":false,"facType":"unknown"}},{"type":"Feature","geometry":{"type":"Point","coordinates":[-84.27315,33.69566]},"properties":{"probability":0.953,"inBuffer":false,"facType":"unknown"}},{"type":"Feature","geometry":{"type":"Point","coordinates":[-84.26776,33.69554]},"properties":{"probability":0.372,"inBuffer":false,"facType":"unknown"}},{"type":"Feature","geometry":{"type":"Point","coordinates":[-84.26237,33.69542]},"properties":{"probability":0.257,"inBuffer":false,"facType":"unknown"}},{"type":"Feature","geometry":{"type":"Point","coordinates":[-84.25698,33.6953]},"properties":{"probability":0.211,"inBuffer":false,"facType":"unknown"}},{"type":"Feature","geometry":{"type":"Point","coordinates":[-84.2516,33.69518]},"properties":{"probability":0.185,"inBuffer":false,"facType":"unknown"}},{"type":"Feature","geometry":{"type":"Point","coordinates":[-84.24621,33.69506]},"properties":{"probability":0.133,"inBuffer":false,"facType":"unknown"}},{"type":"Feature","geometry":{"type":"Point","coordinates":[-84.24082,33.69494]},"properties":{"probability":0.123,"inBuffer":false,"facType":"unknown"}},{"type":"Feature","geometry":{"type":"Point","coordinates":[-84.23543,33.69482]},"properties":{"probability":0.123,"inBuffer":false,"facType":"unknown"}},{"type":"Feature","geometry":{"type":"Point","coordinates":[-84.23004,33.6947]},"properties":{"probability":0.121,"inBuffer":false,"facType":"unknown"}},{"type":"Feature","geometry":{"type":"Point","coordinates":[-84.22465,33.69458]},"properties":{"probability":0.12,"inBuffer":false,"facType":"unknown"}},{"type":"Feature","geometry":{"type":"Point","coordinates":[-84.21926,33.69445]},"properties":{"probability":0.125,"inBuffer":false,"facType":"unknown"}},{"type":"Feature","geometry":{"type":"Point","coordinates":[-84.21387,33.69433]},"properties":{"probability":0.124,"inBuffer":false,"facType":"unknown"}},{"type":"Feature","geometry":{"type":"Point","coordinates":[-84.53199,33.69659]},"properties":{"probability":0.153,"inBuffer":false,"facType":"unknown"}},{"type":"Feature","geometry":{"type":"Point","coordinates":[-84.5266,33.69649]},"properties":{"probability":0.124,"inBuffer":false,"facType":"unknown"}},{"type":"Feature","geometry":{"type":"Point","coordinates":[-84.52121,33.69638]},"properties":{"probability":0.138,"inBuffer":false,"facType":"unknown"}},{"type":"Feature","geometry":{"type":"Point","coordinates":[-84.51582,33.69627]},"properties":{"probability":0.199,"inBuffer":false,"facType":"unknown"}},{"type":"Feature","geometry":{"type":"Point","coordinates":[-84.51043,33.69616]},"properties":{"probability":0.173,"inBuffer":false,"facType":"unknown"}},{"type":"Feature","geometry":{"type":"Point","coordinates":[-84.50504,33.69605]},"properties":{"probability":0.146,"inBuffer":false,"facType":"unknown"}},{"type":"Feature","geometry":{"type":"Point","coordinates":[-84.49426,33.69583]},"properties":{"probability":0.639,"inBuffer":false,"facType":"unknown"}},{"type":"Feature","geometry":{"type":"Point","coordinates":[-84.48887,33.69572]},"properties":{"probability":0.653,"inBuffer":false,"facType":"unknown"}},{"type":"Feature","geometry":{"type":"Point","coordinates":[-84.48348,33.69561]},"properties":{"probability":0.95,"inBuffer":false,"facType":"unknown"}},{"type":"Feature","geometry":{"type":"Point","coordinates":[-84.47809,33.6955]},"properties":{"probability":0.882,"inBuffer":false,"facType":"unknown"}},{"type":"Feature","geometry":{"type":"Point","coordinates":[-84.4727,33.69539]},"properties":{"probability":0.178,"inBuffer":false,"facType":"unknown"}},{"type":"Feature","geometry":{"type":"Point","coordinates":[-84.46731,33.69528]},"properties":{"probability":0.178,"inBuffer":false,"facType":"unknown"}},{"type":"Feature","geometry":{"type":"Point","coordinates":[-84.45653,33.69506]},"properties":{"probability":0.336,"inBuffer":false,"facType":"unknown"}},{"type":"Feature","geometry":{"type":"Point","coordinates":[-84.45114,33.69495]},"properties":{"probability":0.392,"inBuffer":false,"facType":"unknown"}},{"type":"Feature","geometry":{"type":"Point","coordinates":[-84.44575,33.69484]},"properties":{"probability":0.101,"inBuffer":false,"facType":"unknown"}},{"type":"Feature","geometry":{"type":"Point","coordinates":[-84.44036,33.69473]},"properties":{"probability":0.109,"inBuffer":false,"facType":"unknown"}},{"type":"Feature","geometry":{"type":"Point","coordinates":[-84.43497,33.69462]},"properties":{"probability":0.114,"inBuffer":false,"facType":"unknown"}},{"type":"Feature","geometry":{"type":"Point","coordinates":[-84.42958,33.6945]},"properties":{"probability":0.106,"inBuffer":false,"facType":"unknown"}},{"type":"Feature","geometry":{"type":"Point","coordinates":[-84.42419,33.69439]},"properties":{"probability":0.169,"inBuffer":false,"facType":"unknown"}},{"type":"Feature","geometry":{"type":"Point","coordinates":[-84.4188,33.69428]},"properties":{"probability":0.163,"inBuffer":false,"facType":"unknown"}},{"type":"Feature","geometry":{"type":"Point","coordinates":[-84.41341,33.69417]},"properties":{"probability":0.131,"inBuffer":false,"facType":"unknown"}},{"type":"Feature","geometry":{"type":"Point","coordinates":[-84.40802,33.69405]},"properties":{"probability":0.173,"inBuffer":false,"facType":"unknown"}},{"type":"Feature","geometry":{"type":"Point","coordinates":[-84.40263,33.69394]},"properties":{"probability":0.161,"inBuffer":false,"facType":"unknown"}},{"type":"Feature","geometry":{"type":"Point","coordinates":[-84.39724,33.69383]},"properties":{"probability":0.056,"inBuffer":false,"facType":"unknown"}},{"type":"Feature","geometry":{"type":"Point","coordinates":[-84.39185,33.69371]},"properties":{"probability":0.177,"inBuffer":false,"facType":"unknown"}},{"type":"Feature","geometry":{"type":"Point","coordinates":[-84.38646,33.6936]},"properties":{"probability":0.121,"inBuffer":false,"facType":"unknown"}},{"type":"Feature","geometry":{"type":"Point","coordinates":[-84.38108,33.69348]},"properties":{"probability":0.121,"inBuffer":false,"facType":"unknown"}},{"type":"Feature","geometry":{"type":"Point","coordinates":[-84.37569,33.69337]},"properties":{"probability":0.134,"inBuffer":false,"facType":"unknown"}},{"type":"Feature","geometry":{"type":"Point","coordinates":[-84.3703,33.69326]},"properties":{"probability":0.226,"inBuffer":false,"facType":"unknown"}},{"type":"Feature","geometry":{"type":"Point","coordinates":[-84.36491,33.69314]},"properties":{"probability":0.092,"inBuffer":false,"facType":"unknown"}},{"type":"Feature","geometry":{"type":"Point","coordinates":[-84.35952,33.69303]},"properties":{"probability":0.059,"inBuffer":false,"facType":"unknown"}},{"type":"Feature","geometry":{"type":"Point","coordinates":[-84.35413,33.69291]},"properties":{"probability":0.09,"inBuffer":false,"facType":"unknown"}},{"type":"Feature","geometry":{"type":"Point","coordinates":[-84.34874,33.69279]},"properties":{"probability":0.095,"inBuffer":false,"facType":"unknown"}},{"type":"Feature","geometry":{"type":"Point","coordinates":[-84.34335,33.69268]},"properties":{"probability":0.231,"inBuffer":false,"facType":"unknown"}},{"type":"Feature","geometry":{"type":"Point","coordinates":[-84.33796,33.69256]},"properties":{"probability":0.311,"inBuffer":false,"facType":"unknown"}},{"type":"Feature","geometry":{"type":"Point","coordinates":[-84.33257,33.69245]},"properties":{"probability":0.315,"inBuffer":false,"facType":"unknown"}},{"type":"Feature","geometry":{"type":"Point","coordinates":[-84.32718,33.69233]},"properties":{"probability":0.841,"inBuffer":false,"facType":"unknown"}},{"type":"Feature","geometry":{"type":"Point","coordinates":[-84.32179,33.69221]},"properties":{"probability":0.839,"inBuffer":false,"facType":"unknown"}},{"type":"Feature","geometry":{"type":"Point","coordinates":[-84.31641,33.6921]},"properties":{"probability":0.844,"inBuffer":false,"facType":"unknown"}},{"type":"Feature","geometry":{"type":"Point","coordinates":[-84.31102,33.69198]},"properties":{"probability":0.154,"inBuffer":false,"facType":"unknown"}},{"type":"Feature","geometry":{"type":"Point","coordinates":[-84.30563,33.69186]},"properties":{"probability":0.127,"inBuffer":false,"facType":"unknown"}},{"type":"Feature","geometry":{"type":"Point","coordinates":[-84.30024,33.69174]},"properties":{"probability":0.121,"inBuffer":false,"facType":"unknown"}},{"type":"Feature","geometry":{"type":"Point","coordinates":[-84.29485,33.69163]},"properties":{"probability":0.183,"inBuffer":false,"facType":"unknown"}},{"type":"Feature","geometry":{"type":"Point","coordinates":[-84.28946,33.69151]},"properties":{"probability":0.213,"inBuffer":false,"facType":"unknown"}},{"type":"Feature","geometry":{"type":"Point","coordinates":[-84.28407,33.69139]},"properties":{"probability":0.34,"inBuffer":false,"facType":"unknown"}},{"type":"Feature","geometry":{"type":"Point","coordinates":[-84.27868,33.69127]},"properties":{"probability":0.936,"inBuffer":false,"facType":"unknown"}},{"type":"Feature","geometry":{"type":"Point","coordinates":[-84.27329,33.69115]},"properties":{"probability":0.946,"inBuffer":false,"facType":"unknown"}},{"type":"Feature","geometry":{"type":"Point","coordinates":[-84.26791,33.69103]},"properties":{"probability":0.371,"inBuffer":false,"facType":"unknown"}},{"type":"Feature","geometry":{"type":"Point","coordinates":[-84.26252,33.69091]},"properties":{"probability":0.296,"inBuffer":false,"facType":"unknown"}},{"type":"Feature","geometry":{"type":"Point","coordinates":[-84.25713,33.69079]},"properties":{"probability":0.261,"inBuffer":false,"facType":"unknown"}},{"type":"Feature","geometry":{"type":"Point","coordinates":[-84.25174,33.69067]},"properties":{"probability":0.187,"inBuffer":false,"facType":"unknown"}},{"type":"Feature","geometry":{"type":"Point","coordinates":[-84.24635,33.69055]},"properties":{"probability":0.126,"inBuffer":false,"facType":"unknown"}},{"type":"Feature","geometry":{"type":"Point","coordinates":[-84.24096,33.69043]},"properties":{"probability":0.127,"inBuffer":false,"facType":"unknown"}},{"type":"Feature","geometry":{"type":"Point","coordinates":[-84.23557,33.69031]},"properties":{"probability":0.126,"inBuffer":false,"facType":"unknown"}},{"type":"Feature","geometry":{"type":"Point","coordinates":[-84.23019,33.69019]},"properties":{"probability":0.124,"inBuffer":false,"facType":"unknown"}},{"type":"Feature","geometry":{"type":"Point","coordinates":[-84.2248,33.69007]},"properties":{"probability":0.124,"inBuffer":false,"facType":"unknown"}},{"type":"Feature","geometry":{"type":"Point","coordinates":[-84.21941,33.68995]},"properties":{"probability":0.123,"inBuffer":false,"facType":"unknown"}},{"type":"Feature","geometry":{"type":"Point","coordinates":[-84.21402,33.68983]},"properties":{"probability":0.124,"inBuffer":false,"facType":"unknown"}},{"type":"Feature","geometry":{"type":"Point","coordinates":[-84.53212,33.69209]},"properties":{"probability":0.121,"inBuffer":false,"facType":"unknown"}},{"type":"Feature","geometry":{"type":"Point","coordinates":[-84.52673,33.69198]},"properties":{"probability":0.124,"inBuffer":false,"facType":"unknown"}},{"type":"Feature","geometry":{"type":"Point","coordinates":[-84.52134,33.69187]},"properties":{"probability":0.148,"inBuffer":false,"facType":"unknown"}},{"type":"Feature","geometry":{"type":"Point","coordinates":[-84.51595,33.69176]},"properties":{"probability":0.933,"inBuffer":false,"facType":"unknown"}},{"type":"Feature","geometry":{"type":"Point","coordinates":[-84.51056,33.69166]},"properties":{"probability":0.948,"inBuffer":false,"facType":"unknown"}},{"type":"Feature","geometry":{"type":"Point","coordinates":[-84.50517,33.69155]},"properties":{"probability":0.945,"inBuffer":false,"facType":"unknown"}},{"type":"Feature","geometry":{"type":"Point","coordinates":[-84.49978,33.69144]},"properties":{"probability":0.299,"inBuffer":false,"facType":"unknown"}},{"type":"Feature","geometry":{"type":"Point","coordinates":[-84.49439,33.69133]},"properties":{"probability":0.656,"inBuffer":false,"facType":"unknown"}},{"type":"Feature","geometry":{"type":"Point","coordinates":[-84.489,33.69122]},"properties":{"probability":0.665,"inBuffer":false,"facType":"unknown"}},{"type":"Feature","geometry":{"type":"Point","coordinates":[-84.48361,33.69111]},"properties":{"probability":0.456,"inBuffer":false,"facType":"unknown"}},{"type":"Feature","geometry":{"type":"Point","coordinates":[-84.47822,33.691]},"properties":{"probability":0.163,"inBuffer":false,"facType":"unknown"}},{"type":"Feature","geometry":{"type":"Point","coordinates":[-84.47283,33.69089]},"properties":{"probability":0.151,"inBuffer":false,"facType":"unknown"}},{"type":"Feature","geometry":{"type":"Point","coordinates":[-84.45666,33.69056]},"properties":{"probability":0.413,"inBuffer":false,"facType":"unknown"}},{"type":"Feature","geometry":{"type":"Point","coordinates":[-84.45127,33.69045]},"properties":{"probability":0.406,"inBuffer":false,"facType":"unknown"}},{"type":"Feature","geometry":{"type":"Point","coordinates":[-84.44588,33.69033]},"properties":{"probability":0.425,"inBuffer":false,"facType":"unknown"}},{"type":"Feature","geometry":{"type":"Point","coordinates":[-84.44049,33.69022]},"properties":{"probability":0.115,"inBuffer":false,"facType":"unknown"}},{"type":"Feature","geometry":{"type":"Point","coordinates":[-84.4351,33.69011]},"properties":{"probability":0.51,"inBuffer":false,"facType":"unknown"}},{"type":"Feature","geometry":{"type":"Point","coordinates":[-84.42971,33.69]},"properties":{"probability":0.493,"inBuffer":false,"facType":"unknown"}},{"type":"Feature","geometry":{"type":"Point","coordinates":[-84.42433,33.68989]},"properties":{"probability":0.143,"inBuffer":false,"facType":"unknown"}},{"type":"Feature","geometry":{"type":"Point","coordinates":[-84.41894,33.68977]},"properties":{"probability":0.148,"inBuffer":false,"facType":"unknown"}},{"type":"Feature","geometry":{"type":"Point","coordinates":[-84.41355,33.68966]},"properties":{"probability":0.093,"inBuffer":false,"facType":"unknown"}},{"type":"Feature","geometry":{"type":"Point","coordinates":[-84.40816,33.68955]},"properties":{"probability":0.16,"inBuffer":false,"facType":"unknown"}},{"type":"Feature","geometry":{"type":"Point","coordinates":[-84.40277,33.68943]},"properties":{"probability":0.131,"inBuffer":false,"facType":"unknown"}},{"type":"Feature","geometry":{"type":"Point","coordinates":[-84.39738,33.68932]},"properties":{"probability":0.199,"inBuffer":false,"facType":"unknown"}},{"type":"Feature","geometry":{"type":"Point","coordinates":[-84.39199,33.68921]},"properties":{"probability":0.174,"inBuffer":false,"facType":"unknown"}},{"type":"Feature","geometry":{"type":"Point","coordinates":[-84.3866,33.68909]},"properties":{"probability":0.143,"inBuffer":false,"facType":"unknown"}},{"type":"Feature","geometry":{"type":"Point","coordinates":[-84.38121,33.68898]},"properties":{"probability":0.137,"inBuffer":false,"facType":"unknown"}},{"type":"Feature","geometry":{"type":"Point","coordinates":[-84.37582,33.68887]},"properties":{"probability":0.122,"inBuffer":false,"facType":"unknown"}},{"type":"Feature","geometry":{"type":"Point","coordinates":[-84.37043,33.68875]},"properties":{"probability":0.191,"inBuffer":false,"facType":"unknown"}},{"type":"Feature","geometry":{"type":"Point","coordinates":[-84.36504,33.68864]},"properties":{"probability":0.221,"inBuffer":false,"facType":"unknown"}},{"type":"Feature","geometry":{"type":"Point","coordinates":[-84.35966,33.68852]},"properties":{"probability":0.082,"inBuffer":false,"facType":"unknown"}},{"type":"Feature","geometry":{"type":"Point","coordinates":[-84.35427,33.68841]},"properties":{"probability":0.09,"inBuffer":false,"facType":"unknown"}},{"type":"Feature","geometry":{"type":"Point","coordinates":[-84.34888,33.68829]},"properties":{"probability":0.123,"inBuffer":false,"facType":"unknown"}},{"type":"Feature","geometry":{"type":"Point","coordinates":[-84.34349,33.68817]},"properties":{"probability":0.098,"inBuffer":false,"facType":"unknown"}},{"type":"Feature","geometry":{"type":"Point","coordinates":[-84.3381,33.68806]},"properties":{"probability":0.405,"inBuffer":false,"facType":"unknown"}},{"type":"Feature","geometry":{"type":"Point","coordinates":[-84.33271,33.68794]},"properties":{"probability":0.296,"inBuffer":false,"facType":"unknown"}},{"type":"Feature","geometry":{"type":"Point","coordinates":[-84.32732,33.68782]},"properties":{"probability":0.891,"inBuffer":false,"facType":"unknown"}},{"type":"Feature","geometry":{"type":"Point","coordinates":[-84.32193,33.68771]},"properties":{"probability":0.933,"inBuffer":false,"facType":"unknown"}},{"type":"Feature","geometry":{"type":"Point","coordinates":[-84.31655,33.68759]},"properties":{"probability":0.932,"inBuffer":false,"facType":"unknown"}},{"type":"Feature","geometry":{"type":"Point","coordinates":[-84.31116,33.68747]},"properties":{"probability":0.26,"inBuffer":false,"facType":"unknown"}},{"type":"Feature","geometry":{"type":"Point","coordinates":[-84.30577,33.68736]},"properties":{"probability":0.224,"inBuffer":false,"facType":"unknown"}},{"type":"Feature","geometry":{"type":"Point","coordinates":[-84.30038,33.68724]},"properties":{"probability":0.189,"inBuffer":false,"facType":"unknown"}},{"type":"Feature","geometry":{"type":"Point","coordinates":[-84.28421,33.68688]},"properties":{"probability":0.225,"inBuffer":false,"facType":"unknown"}},{"type":"Feature","geometry":{"type":"Point","coordinates":[-84.27882,33.68677]},"properties":{"probability":0.38,"inBuffer":false,"facType":"unknown"}},{"type":"Feature","geometry":{"type":"Point","coordinates":[-84.27344,33.68665]},"properties":{"probability":0.389,"inBuffer":false,"facType":"unknown"}},{"type":"Feature","geometry":{"type":"Point","coordinates":[-84.26805,33.68653]},"properties":{"probability":0.3,"inBuffer":false,"facType":"unknown"}},{"type":"Feature","geometry":{"type":"Point","coordinates":[-84.26266,33.68641]},"properties":{"probability":0.246,"inBuffer":false,"facType":"unknown"}},{"type":"Feature","geometry":{"type":"Point","coordinates":[-84.25727,33.68629]},"properties":{"probability":0.233,"inBuffer":false,"facType":"unknown"}},{"type":"Feature","geometry":{"type":"Point","coordinates":[-84.25188,33.68617]},"properties":{"probability":0.21,"inBuffer":false,"facType":"unknown"}},{"type":"Feature","geometry":{"type":"Point","coordinates":[-84.24649,33.68605]},"properties":{"probability":0.125,"inBuffer":false,"facType":"unknown"}},{"type":"Feature","geometry":{"type":"Point","coordinates":[-84.24111,33.68593]},"properties":{"probability":0.165,"inBuffer":false,"facType":"unknown"}},{"type":"Feature","geometry":{"type":"Point","coordinates":[-84.23572,33.68581]},"properties":{"probability":0.2,"inBuffer":false,"facType":"unknown"}},{"type":"Feature","geometry":{"type":"Point","coordinates":[-84.23033,33.68569]},"properties":{"probability":0.238,"inBuffer":false,"facType":"unknown"}},{"type":"Feature","geometry":{"type":"Point","coordinates":[-84.22494,33.68557]},"properties":{"probability":0.179,"inBuffer":false,"facType":"unknown"}},{"type":"Feature","geometry":{"type":"Point","coordinates":[-84.21955,33.68545]},"properties":{"probability":0.124,"inBuffer":false,"facType":"unknown"}},{"type":"Feature","geometry":{"type":"Point","coordinates":[-84.21417,33.68532]},"properties":{"probability":0.126,"inBuffer":false,"facType":"unknown"}},{"type":"Feature","geometry":{"type":"Point","coordinates":[-84.51608,33.68726]},"properties":{"probability":0.46,"inBuffer":false,"facType":"unknown"}},{"type":"Feature","geometry":{"type":"Point","coordinates":[-84.51069,33.68715]},"properties":{"probability":0.483,"inBuffer":false,"facType":"unknown"}},{"type":"Feature","geometry":{"type":"Point","coordinates":[-84.5053,33.68704]},"properties":{"probability":0.931,"inBuffer":false,"facType":"unknown"}},{"type":"Feature","geometry":{"type":"Point","coordinates":[-84.49991,33.68693]},"properties":{"probability":0.563,"inBuffer":false,"facType":"unknown"}},{"type":"Feature","geometry":{"type":"Point","coordinates":[-84.49452,33.68682]},"properties":{"probability":0.657,"inBuffer":false,"facType":"unknown"}},{"type":"Feature","geometry":{"type":"Point","coordinates":[-84.48913,33.68671]},"properties":{"probability":0.656,"inBuffer":false,"facType":"unknown"}},{"type":"Feature","geometry":{"type":"Point","coordinates":[-84.48374,33.6866]},"properties":{"probability":0.098,"inBuffer":false,"facType":"unknown"}},{"type":"Feature","geometry":{"type":"Point","coordinates":[-84.45679,33.68605]},"properties":{"probability":0.337,"inBuffer":false,"facType":"unknown"}},{"type":"Feature","geometry":{"type":"Point","coordinates":[-84.45141,33.68594]},"properties":{"probability":0.388,"inBuffer":false,"facType":"unknown"}},{"type":"Feature","geometry":{"type":"Point","coordinates":[-84.44602,33.68583]},"properties":{"probability":0.29,"inBuffer":false,"facType":"unknown"}},{"type":"Feature","geometry":{"type":"Point","coordinates":[-84.44063,33.68572]},"properties":{"probability":0.566,"inBuffer":false,"facType":"unknown"}},{"type":"Feature","geometry":{"type":"Point","coordinates":[-84.43524,33.68561]},"properties":{"probability":0.583,"inBuffer":false,"facType":"unknown"}},{"type":"Feature","geometry":{"type":"Point","coordinates":[-84.42985,33.68549]},"properties":{"probability":0.487,"inBuffer":false,"facType":"unknown"}},{"type":"Feature","geometry":{"type":"Point","coordinates":[-84.42446,33.68538]},"properties":{"probability":0.101,"inBuffer":false,"facType":"unknown"}},{"type":"Feature","geometry":{"type":"Point","coordinates":[-84.41907,33.68527]},"properties":{"probability":0.094,"inBuffer":false,"facType":"unknown"}},{"type":"Feature","geometry":{"type":"Point","coordinates":[-84.41368,33.68516]},"properties":{"probability":0.133,"inBuffer":false,"facType":"unknown"}},{"type":"Feature","geometry":{"type":"Point","coordinates":[-84.40829,33.68504]},"properties":{"probability":0.16,"inBuffer":false,"facType":"unknown"}},{"type":"Feature","geometry":{"type":"Point","coordinates":[-84.4029,33.68493]},"properties":{"probability":0.252,"inBuffer":false,"facType":"unknown"}},{"type":"Feature","geometry":{"type":"Point","coordinates":[-84.39752,33.68482]},"properties":{"probability":0.265,"inBuffer":false,"facType":"unknown"}},{"type":"Feature","geometry":{"type":"Point","coordinates":[-84.39213,33.6847]},"properties":{"probability":0.932,"inBuffer":false,"facType":"unknown"}},{"type":"Feature","geometry":{"type":"Point","coordinates":[-84.38674,33.68459]},"properties":{"probability":0.866,"inBuffer":false,"facType":"unknown"}},{"type":"Feature","geometry":{"type":"Point","coordinates":[-84.38135,33.68447]},"properties":{"probability":0.163,"inBuffer":false,"facType":"unknown"}},{"type":"Feature","geometry":{"type":"Point","coordinates":[-84.37596,33.68436]},"properties":{"probability":0.126,"inBuffer":false,"facType":"unknown"}},{"type":"Feature","geometry":{"type":"Point","coordinates":[-84.37057,33.68425]},"properties":{"probability":0.198,"inBuffer":false,"facType":"unknown"}},{"type":"Feature","geometry":{"type":"Point","coordinates":[-84.36518,33.68413]},"properties":{"probability":0.239,"inBuffer":false,"facType":"unknown"}},{"type":"Feature","geometry":{"type":"Point","coordinates":[-84.35979,33.68402]},"properties":{"probability":0.163,"inBuffer":false,"facType":"unknown"}},{"type":"Feature","geometry":{"type":"Point","coordinates":[-84.3544,33.6839]},"properties":{"probability":0.168,"inBuffer":false,"facType":"unknown"}},{"type":"Feature","geometry":{"type":"Point","coordinates":[-84.34902,33.68378]},"properties":{"probability":0.154,"inBuffer":false,"facType":"unknown"}},{"type":"Feature","geometry":{"type":"Point","coordinates":[-84.34363,33.68367]},"properties":{"probability":0.099,"inBuffer":false,"facType":"unknown"}},{"type":"Feature","geometry":{"type":"Point","coordinates":[-84.33824,33.68355]},"properties":{"probability":0.106,"inBuffer":false,"facType":"unknown"}},{"type":"Feature","geometry":{"type":"Point","coordinates":[-84.33285,33.68344]},"properties":{"probability":0.14,"inBuffer":false,"facType":"unknown"}},{"type":"Feature","geometry":{"type":"Point","coordinates":[-84.32746,33.68332]},"properties":{"probability":0.207,"inBuffer":false,"facType":"unknown"}},{"type":"Feature","geometry":{"type":"Point","coordinates":[-84.32207,33.6832]},"properties":{"probability":0.941,"inBuffer":false,"facType":"unknown"}},{"type":"Feature","geometry":{"type":"Point","coordinates":[-84.31669,33.68309]},"properties":{"probability":0.255,"inBuffer":false,"facType":"unknown"}},{"type":"Feature","geometry":{"type":"Point","coordinates":[-84.3113,33.68297]},"properties":{"probability":0.201,"inBuffer":false,"facType":"unknown"}},{"type":"Feature","geometry":{"type":"Point","coordinates":[-84.30591,33.68285]},"properties":{"probability":0.189,"inBuffer":false,"facType":"unknown"}},{"type":"Feature","geometry":{"type":"Point","coordinates":[-84.27358,33.68214]},"properties":{"probability":0.089,"inBuffer":false,"facType":"unknown"}},{"type":"Feature","geometry":{"type":"Point","coordinates":[-84.26819,33.68202]},"properties":{"probability":0.084,"inBuffer":false,"facType":"unknown"}},{"type":"Feature","geometry":{"type":"Point","coordinates":[-84.24664,33.68154]},"properties":{"probability":0.184,"inBuffer":false,"facType":"unknown"}},{"type":"Feature","geometry":{"type":"Point","coordinates":[-84.24125,33.68142]},"properties":{"probability":0.191,"inBuffer":false,"facType":"unknown"}},{"type":"Feature","geometry":{"type":"Point","coordinates":[-84.23586,33.6813]},"properties":{"probability":0.249,"inBuffer":false,"facType":"unknown"}},{"type":"Feature","geometry":{"type":"Point","coordinates":[-84.23047,33.68118]},"properties":{"probability":0.25,"inBuffer":false,"facType":"unknown"}},{"type":"Feature","geometry":{"type":"Point","coordinates":[-84.22509,33.68106]},"properties":{"probability":0.242,"inBuffer":false,"facType":"unknown"}},{"type":"Feature","geometry":{"type":"Point","coordinates":[-84.2197,33.68094]},"properties":{"probability":0.172,"inBuffer":false,"facType":"unknown"}},{"type":"Feature","geometry":{"type":"Point","coordinates":[-84.21431,33.68082]},"properties":{"probability":0.156,"inBuffer":false,"facType":"unknown"}},{"type":"Feature","geometry":{"type":"Point","coordinates":[-84.55393,33.68351]},"properties":{"probability":0.294,"inBuffer":false,"facType":"unknown"}},{"type":"Feature","geometry":{"type":"Point","coordinates":[-84.54854,33.6834]},"properties":{"probability":0.308,"inBuffer":false,"facType":"unknown"}},{"type":"Feature","geometry":{"type":"Point","coordinates":[-84.51621,33.68275]},"properties":{"probability":0.292,"inBuffer":false,"facType":"unknown"}},{"type":"Feature","geometry":{"type":"Point","coordinates":[-84.51082,33.68264]},"properties":{"probability":0.311,"inBuffer":false,"facType":"unknown"}},{"type":"Feature","geometry":{"type":"Point","coordinates":[-84.50543,33.68254]},"properties":{"probability":0.269,"inBuffer":false,"facType":"unknown"}},{"type":"Feature","geometry":{"type":"Point","coordinates":[-84.50004,33.68243]},"properties":{"probability":0.089,"inBuffer":false,"facType":"unknown"}},{"type":"Feature","geometry":{"type":"Point","coordinates":[-84.49465,33.68232]},"properties":{"probability":0.411,"inBuffer":false,"facType":"unknown"}},{"type":"Feature","geometry":{"type":"Point","coordinates":[-84.48926,33.68221]},"properties":{"probability":0.274,"inBuffer":false,"facType":"unknown"}},{"type":"Feature","geometry":{"type":"Point","coordinates":[-84.46771,33.68177]},"properties":{"probability":0.143,"inBuffer":false,"facType":"unknown"}},{"type":"Feature","geometry":{"type":"Point","coordinates":[-84.46232,33.68166]},"properties":{"probability":0.293,"inBuffer":false,"facType":"unknown"}},{"type":"Feature","geometry":{"type":"Point","coordinates":[-84.44615,33.68132]},"properties":{"probability":0.489,"inBuffer":false,"facType":"unknown"}},{"type":"Feature","geometry":{"type":"Point","coordinates":[-84.44076,33.68121]},"properties":{"probability":0.957,"inBuffer":false,"facType":"unknown"}},{"type":"Feature","geometry":{"type":"Point","coordinates":[-84.43537,33.6811]},"properties":{"probability":0.945,"inBuffer":false,"facType":"unknown"}},{"type":"Feature","geometry":{"type":"Point","coordinates":[-84.42998,33.68099]},"properties":{"probability":0.133,"inBuffer":false,"facType":"unknown"}},{"type":"Feature","geometry":{"type":"Point","coordinates":[-84.42459,33.68088]},"properties":{"probability":0.13,"inBuffer":false,"facType":"unknown"}},{"type":"Feature","geometry":{"type":"Point","coordinates":[-84.41921,33.68076]},"properties":{"probability":0.154,"inBuffer":false,"facType":"unknown"}},{"type":"Feature","geometry":{"type":"Point","coordinates":[-84.41382,33.68065]},"properties":{"probability":0.161,"inBuffer":false,"facType":"unknown"}},{"type":"Feature","geometry":{"type":"Point","coordinates":[-84.40843,33.68054]},"properties":{"probability":0.249,"inBuffer":false,"facType":"unknown"}},{"type":"Feature","geometry":{"type":"Point","coordinates":[-84.40304,33.68042]},"properties":{"probability":0.247,"inBuffer":false,"facType":"unknown"}},{"type":"Feature","geometry":{"type":"Point","coordinates":[-84.39765,33.68031]},"properties":{"probability":0.273,"inBuffer":false,"facType":"unknown"}},{"type":"Feature","geometry":{"type":"Point","coordinates":[-84.39226,33.6802]},"properties":{"probability":0.948,"inBuffer":false,"facType":"unknown"}},{"type":"Feature","geometry":{"type":"Point","coordinates":[-84.38687,33.68008]},"properties":{"probability":0.889,"inBuffer":false,"facType":"unknown"}},{"type":"Feature","geometry":{"type":"Point","coordinates":[-84.38149,33.67997]},"properties":{"probability":0.881,"inBuffer":false,"facType":"unknown"}},{"type":"Feature","geometry":{"type":"Point","coordinates":[-84.3761,33.67986]},"properties":{"probability":0.197,"inBuffer":false,"facType":"unknown"}},{"type":"Feature","geometry":{"type":"Point","coordinates":[-84.37071,33.67974]},"properties":{"probability":0.183,"inBuffer":false,"facType":"unknown"}},{"type":"Feature","geometry":{"type":"Point","coordinates":[-84.36532,33.67963]},"properties":{"probability":0.247,"inBuffer":false,"facType":"unknown"}},{"type":"Feature","geometry":{"type":"Point","coordinates":[-84.35993,33.67951]},"properties":{"probability":0.167,"inBuffer":false,"facType":"unknown"}},{"type":"Feature","geometry":{"type":"Point","coordinates":[-84.35454,33.6794]},"properties":{"probability":0.186,"inBuffer":false,"facType":"unknown"}},{"type":"Feature","geometry":{"type":"Point","coordinates":[-84.34915,33.67928]},"properties":{"probability":0.167,"inBuffer":false,"facType":"unknown"}},{"type":"Feature","geometry":{"type":"Point","coordinates":[-84.34377,33.67916]},"properties":{"probability":0.103,"inBuffer":false,"facType":"unknown"}},{"type":"Feature","geometry":{"type":"Point","coordinates":[-84.33838,33.67905]},"properties":{"probability":0.079,"inBuffer":false,"facType":"unknown"}},{"type":"Feature","geometry":{"type":"Point","coordinates":[-84.33299,33.67893]},"properties":{"probability":0.126,"inBuffer":false,"facType":"unknown"}},{"type":"Feature","geometry":{"type":"Point","coordinates":[-84.3276,33.67882]},"properties":{"probability":0.14,"inBuffer":false,"facType":"unknown"}},{"type":"Feature","geometry":{"type":"Point","coordinates":[-84.32221,33.6787]},"properties":{"probability":0.165,"inBuffer":false,"facType":"unknown"}},{"type":"Feature","geometry":{"type":"Point","coordinates":[-84.31683,33.67858]},"properties":{"probability":0.123,"inBuffer":false,"facType":"unknown"}},{"type":"Feature","geometry":{"type":"Point","coordinates":[-84.31144,33.67846]},"properties":{"probability":0.121,"inBuffer":false,"facType":"unknown"}},{"type":"Feature","geometry":{"type":"Point","coordinates":[-84.30605,33.67835]},"properties":{"probability":0.122,"inBuffer":false,"facType":"unknown"}},{"type":"Feature","geometry":{"type":"Point","coordinates":[-84.2845,33.67788]},"properties":{"probability":0.267,"inBuffer":false,"facType":"unknown"}},{"type":"Feature","geometry":{"type":"Point","coordinates":[-84.27911,33.67776]},"properties":{"probability":0.328,"inBuffer":false,"facType":"unknown"}},{"type":"Feature","geometry":{"type":"Point","coordinates":[-84.27372,33.67764]},"properties":{"probability":0.152,"inBuffer":false,"facType":"unknown"}},{"type":"Feature","geometry":{"type":"Point","coordinates":[-84.24678,33.67704]},"properties":{"probability":0.125,"inBuffer":false,"facType":"unknown"}},{"type":"Feature","geometry":{"type":"Point","coordinates":[-84.24139,33.67692]},"properties":{"probability":0.183,"inBuffer":false,"facType":"unknown"}},{"type":"Feature","geometry":{"type":"Point","coordinates":[-84.23601,33.6768]},"properties":{"probability":0.204,"inBuffer":false,"facType":"unknown"}},{"type":"Feature","geometry":{"type":"Point","coordinates":[-84.23062,33.67668]},"properties":{"probability":0.241,"inBuffer":false,"facType":"unknown"}},{"type":"Feature","geometry":{"type":"Point","coordinates":[-84.22523,33.67656]},"properties":{"probability":0.233,"inBuffer":false,"facType":"unknown"}},{"type":"Feature","geometry":{"type":"Point","coordinates":[-84.21984,33.67644]},"properties":{"probability":0.138,"inBuffer":false,"facType":"unknown"}},{"type":"Feature","geometry":{"type":"Point","coordinates":[-84.21446,33.67632]},"properties":{"probability":0.122,"inBuffer":false,"facType":"unknown"}},{"type":"Feature","geometry":{"type":"Point","coordinates":[-84.55406,33.679]},"properties":{"probability":0.271,"inBuffer":false,"facType":"unknown"}},{"type":"Feature","geometry":{"type":"Point","coordinates":[-84.46784,33.67726]},"properties":{"probability":0.302,"inBuffer":false,"facType":"unknown"}},{"type":"Feature","geometry":{"type":"Point","coordinates":[-84.46245,33.67715]},"properties":{"probability":0.413,"inBuffer":false,"facType":"unknown"}},{"type":"Feature","geometry":{"type":"Point","coordinates":[-84.45706,33.67704]},"properties":{"probability":0.89,"inBuffer":false,"facType":"unknown"}},{"type":"Feature","geometry":{"type":"Point","coordinates":[-84.44628,33.67682]},"properties":{"probability":0.564,"inBuffer":false,"facType":"unknown"}},{"type":"Feature","geometry":{"type":"Point","coordinates":[-84.44089,33.67671]},"properties":{"probability":0.649,"inBuffer":false,"facType":"unknown"}},{"type":"Feature","geometry":{"type":"Point","coordinates":[-84.43551,33.6766]},"properties":{"probability":0.402,"inBuffer":false,"facType":"unknown"}},{"type":"Feature","geometry":{"type":"Point","coordinates":[-84.43012,33.67648]},"properties":{"probability":0.303,"inBuffer":false,"facType":"unknown"}},{"type":"Feature","geometry":{"type":"Point","coordinates":[-84.42473,33.67637]},"properties":{"probability":0.102,"inBuffer":false,"facType":"unknown"}},{"type":"Feature","geometry":{"type":"Point","coordinates":[-84.41934,33.67626]},"properties":{"probability":0.148,"inBuffer":false,"facType":"unknown"}},{"type":"Feature","geometry":{"type":"Point","coordinates":[-84.41395,33.67615]},"properties":{"probability":0.154,"inBuffer":false,"facType":"unknown"}},{"type":"Feature","geometry":{"type":"Point","coordinates":[-84.40856,33.67603]},"properties":{"probability":0.108,"inBuffer":false,"facType":"unknown"}},{"type":"Feature","geometry":{"type":"Point","coordinates":[-84.40318,33.67592]},"properties":{"probability":0.239,"inBuffer":false,"facType":"unknown"}},{"type":"Feature","geometry":{"type":"Point","coordinates":[-84.39779,33.67581]},"properties":{"probability":0.268,"inBuffer":false,"facType":"unknown"}},{"type":"Feature","geometry":{"type":"Point","coordinates":[-84.3924,33.67569]},"properties":{"probability":0.944,"inBuffer":false,"facType":"unknown"}},{"type":"Feature","geometry":{"type":"Point","coordinates":[-84.38701,33.67558]},"properties":{"probability":0.885,"inBuffer":false,"facType":"unknown"}},{"type":"Feature","geometry":{"type":"Point","coordinates":[-84.38162,33.67546]},"properties":{"probability":0.199,"inBuffer":false,"facType":"unknown"}},{"type":"Feature","geometry":{"type":"Point","coordinates":[-84.37623,33.67535]},"properties":{"probability":0.178,"inBuffer":false,"facType":"unknown"}},{"type":"Feature","geometry":{"type":"Point","coordinates":[-84.37085,33.67524]},"properties":{"probability":0.19,"inBuffer":false,"facType":"unknown"}},{"type":"Feature","geometry":{"type":"Point","coordinates":[-84.36546,33.67512]},"properties":{"probability":0.181,"inBuffer":false,"facType":"unknown"}},{"type":"Feature","geometry":{"type":"Point","coordinates":[-84.36007,33.67501]},"properties":{"probability":0.244,"inBuffer":false,"facType":"unknown"}},{"type":"Feature","geometry":{"type":"Point","coordinates":[-84.35468,33.67489]},"properties":{"probability":0.263,"inBuffer":false,"facType":"unknown"}},{"type":"Feature","geometry":{"type":"Point","coordinates":[-84.34929,33.67478]},"properties":{"probability":0.219,"inBuffer":false,"facType":"unknown"}},{"type":"Feature","geometry":{"type":"Point","coordinates":[-84.34391,33.67466]},"properties":{"probability":0.297,"inBuffer":false,"facType":"unknown"}},{"type":"Feature","geometry":{"type":"Point","coordinates":[-84.33852,33.67454]},"properties":{"probability":0.296,"inBuffer":false,"facType":"unknown"}},{"type":"Feature","geometry":{"type":"Point","coordinates":[-84.33313,33.67443]},"properties":{"probability":0.188,"inBuffer":false,"facType":"unknown"}},{"type":"Feature","geometry":{"type":"Point","coordinates":[-84.32774,33.67431]},"properties":{"probability":0.189,"inBuffer":false,"facType":"unknown"}},{"type":"Feature","geometry":{"type":"Point","coordinates":[-84.32235,33.67419]},"properties":{"probability":0.12,"inBuffer":false,"facType":"unknown"}},{"type":"Feature","geometry":{"type":"Point","coordinates":[-84.31697,33.67408]},"properties":{"probability":0.12,"inBuffer":false,"facType":"unknown"}},{"type":"Feature","geometry":{"type":"Point","coordinates":[-84.31158,33.67396]},"properties":{"probability":0.121,"inBuffer":false,"facType":"unknown"}},{"type":"Feature","geometry":{"type":"Point","coordinates":[-84.30619,33.67384]},"properties":{"probability":0.121,"inBuffer":false,"facType":"unknown"}},{"type":"Feature","geometry":{"type":"Point","coordinates":[-84.28464,33.67337]},"properties":{"probability":0.28,"inBuffer":false,"facType":"unknown"}},{"type":"Feature","geometry":{"type":"Point","coordinates":[-84.27925,33.67325]},"properties":{"probability":0.309,"inBuffer":false,"facType":"unknown"}},{"type":"Feature","geometry":{"type":"Point","coordinates":[-84.27386,33.67313]},"properties":{"probability":0.154,"inBuffer":false,"facType":"unknown"}},{"type":"Feature","geometry":{"type":"Point","coordinates":[-84.24693,33.67254]},"properties":{"probability":0.123,"inBuffer":false,"facType":"unknown"}},{"type":"Feature","geometry":{"type":"Point","coordinates":[-84.24154,33.67242]},"properties":{"probability":0.125,"inBuffer":false,"facType":"unknown"}},{"type":"Feature","geometry":{"type":"Point","coordinates":[-84.23615,33.67229]},"properties":{"probability":0.15,"inBuffer":false,"facType":"unknown"}},{"type":"Feature","geometry":{"type":"Point","coordinates":[-84.23076,33.67217]},"properties":{"probability":0.154,"inBuffer":false,"facType":"unknown"}},{"type":"Feature","geometry":{"type":"Point","coordinates":[-84.22538,33.67205]},"properties":{"probability":0.179,"inBuffer":false,"facType":"unknown"}},{"type":"Feature","geometry":{"type":"Point","coordinates":[-84.21999,33.67193]},"properties":{"probability":0.123,"inBuffer":false,"facType":"unknown"}},{"type":"Feature","geometry":{"type":"Point","coordinates":[-84.2146,33.67181]},"properties":{"probability":0.123,"inBuffer":false,"facType":"unknown"}},{"type":"Feature","geometry":{"type":"Point","coordinates":[-84.5488,33.67439]},"properties":{"probability":0.115,"inBuffer":false,"facType":"unknown"}},{"type":"Feature","geometry":{"type":"Point","coordinates":[-84.46797,33.67276]},"properties":{"probability":0.32,"inBuffer":false,"facType":"unknown"}},{"type":"Feature","geometry":{"type":"Point","coordinates":[-84.46258,33.67265]},"properties":{"probability":0.917,"inBuffer":false,"facType":"unknown"}},{"type":"Feature","geometry":{"type":"Point","coordinates":[-84.45719,33.67254]},"properties":{"probability":0.906,"inBuffer":false,"facType":"unknown"}},{"type":"Feature","geometry":{"type":"Point","coordinates":[-84.4518,33.67242]},"properties":{"probability":0.205,"inBuffer":false,"facType":"unknown"}},{"type":"Feature","geometry":{"type":"Point","coordinates":[-84.44642,33.67231]},"properties":{"probability":0.14,"inBuffer":false,"facType":"unknown"}},{"type":"Feature","geometry":{"type":"Point","coordinates":[-84.44103,33.6722]},"properties":{"probability":0.429,"inBuffer":false,"facType":"unknown"}},{"type":"Feature","geometry":{"type":"Point","coordinates":[-84.43564,33.67209]},"properties":{"probability":0.622,"inBuffer":false,"facType":"unknown"}},{"type":"Feature","geometry":{"type":"Point","coordinates":[-84.43025,33.67198]},"properties":{"probability":0.582,"inBuffer":false,"facType":"unknown"}},{"type":"Feature","geometry":{"type":"Point","coordinates":[-84.42486,33.67187]},"properties":{"probability":0.49,"inBuffer":false,"facType":"unknown"}},{"type":"Feature","geometry":{"type":"Point","coordinates":[-84.41947,33.67175]},"properties":{"probability":0.544,"inBuffer":false,"facType":"unknown"}},{"type":"Feature","geometry":{"type":"Point","coordinates":[-84.41409,33.67164]},"properties":{"probability":0.158,"inBuffer":false,"facType":"unknown"}},{"type":"Feature","geometry":{"type":"Point","coordinates":[-84.4087,33.67153]},"properties":{"probability":0.065,"inBuffer":false,"facType":"unknown"}},{"type":"Feature","geometry":{"type":"Point","coordinates":[-84.40331,33.67141]},"properties":{"probability":0.226,"inBuffer":false,"facType":"unknown"}},{"type":"Feature","geometry":{"type":"Point","coordinates":[-84.39792,33.6713]},"properties":{"probability":0.237,"inBuffer":false,"facType":"unknown"}},{"type":"Feature","geometry":{"type":"Point","coordinates":[-84.39253,33.67119]},"properties":{"probability":0.241,"inBuffer":false,"facType":"unknown"}},{"type":"Feature","geometry":{"type":"Point","coordinates":[-84.38715,33.67107]},"properties":{"probability":0.201,"inBuffer":false,"facType":"unknown"}},{"type":"Feature","geometry":{"type":"Point","coordinates":[-84.38176,33.67096]},"properties":{"probability":0.132,"inBuffer":false,"facType":"unknown"}},{"type":"Feature","geometry":{"type":"Point","coordinates":[-84.37637,33.67085]},"properties":{"probability":0.164,"inBuffer":false,"facType":"unknown"}},{"type":"Feature","geometry":{"type":"Point","coordinates":[-84.37098,33.67073]},"properties":{"probability":0.129,"inBuffer":false,"facType":"unknown"}},{"type":"Feature","geometry":{"type":"Point","coordinates":[-84.36559,33.67062]},"properties":{"probability":0.125,"inBuffer":false,"facType":"unknown"}},{"type":"Feature","geometry":{"type":"Point","coordinates":[-84.36021,33.6705]},"properties":{"probability":0.122,"inBuffer":false,"facType":"unknown"}},{"type":"Feature","geometry":{"type":"Point","coordinates":[-84.35482,33.67039]},"properties":{"probability":0.188,"inBuffer":false,"facType":"unknown"}},{"type":"Feature","geometry":{"type":"Point","coordinates":[-84.34943,33.67027]},"properties":{"probability":0.29,"inBuffer":false,"facType":"unknown"}},{"type":"Feature","geometry":{"type":"Point","coordinates":[-84.34404,33.67015]},"properties":{"probability":0.393,"inBuffer":false,"facType":"unknown"}},{"type":"Feature","geometry":{"type":"Point","coordinates":[-84.33866,33.67004]},"properties":{"probability":0.391,"inBuffer":false,"facType":"unknown"}},{"type":"Feature","geometry":{"type":"Point","coordinates":[-84.33327,33.66992]},"properties":{"probability":0.31,"inBuffer":false,"facType":"unknown"}},{"type":"Feature","geometry":{"type":"Point","coordinates":[-84.32788,33.66981]},"properties":{"probability":0.302,"inBuffer":false,"facType":"unknown"}},{"type":"Feature","geometry":{"type":"Point","coordinates":[-84.32249,33.66969]},"properties":{"probability":0.185,"inBuffer":false,"facType":"unknown"}},{"type":"Feature","geometry":{"type":"Point","coordinates":[-84.31711,33.66957]},"properties":{"probability":0.182,"inBuffer":false,"facType":"unknown"}},{"type":"Feature","geometry":{"type":"Point","coordinates":[-84.31172,33.66946]},"properties":{"probability":0.181,"inBuffer":false,"facType":"unknown"}},{"type":"Feature","geometry":{"type":"Point","coordinates":[-84.27939,33.66875]},"properties":{"probability":0.143,"inBuffer":false,"facType":"unknown"}},{"type":"Feature","geometry":{"type":"Point","coordinates":[-84.24707,33.66803]},"properties":{"probability":0.136,"inBuffer":false,"facType":"unknown"}},{"type":"Feature","geometry":{"type":"Point","coordinates":[-84.24168,33.66791]},"properties":{"probability":0.137,"inBuffer":false,"facType":"unknown"}},{"type":"Feature","geometry":{"type":"Point","coordinates":[-84.23629,33.66779]},"properties":{"probability":0.134,"inBuffer":false,"facType":"unknown"}},{"type":"Feature","geometry":{"type":"Point","coordinates":[-84.23091,33.66767]},"properties":{"probability":0.129,"inBuffer":false,"facType":"unknown"}},{"type":"Feature","geometry":{"type":"Point","coordinates":[-84.22552,33.66755]},"properties":{"probability":0.134,"inBuffer":false,"facType":"unknown"}},{"type":"Feature","geometry":{"type":"Point","coordinates":[-84.22013,33.66743]},"properties":{"probability":0.123,"inBuffer":false,"facType":"unknown"}},{"type":"Feature","geometry":{"type":"Point","coordinates":[-84.21475,33.66731]},"properties":{"probability":0.124,"inBuffer":false,"facType":"unknown"}},{"type":"Feature","geometry":{"type":"Point","coordinates":[-84.5166,33.66924]},"properties":{"probability":0.062,"inBuffer":false,"facType":"unknown"}},{"type":"Feature","geometry":{"type":"Point","coordinates":[-84.51121,33.66913]},"properties":{"probability":0.063,"inBuffer":false,"facType":"unknown"}},{"type":"Feature","geometry":{"type":"Point","coordinates":[-84.4681,33.66825]},"properties":{"probability":0.203,"inBuffer":false,"facType":"unknown"}},{"type":"Feature","geometry":{"type":"Point","coordinates":[-84.46271,33.66814]},"properties":{"probability":0.246,"inBuffer":false,"facType":"unknown"}},{"type":"Feature","geometry":{"type":"Point","coordinates":[-84.45733,33.66803]},"properties":{"probability":0.208,"inBuffer":false,"facType":"unknown"}},{"type":"Feature","geometry":{"type":"Point","coordinates":[-84.45194,33.66792]},"properties":{"probability":0.236,"inBuffer":false,"facType":"unknown"}},{"type":"Feature","geometry":{"type":"Point","coordinates":[-84.44655,33.66781]},"properties":{"probability":0.153,"inBuffer":false,"facType":"unknown"}},{"type":"Feature","geometry":{"type":"Point","coordinates":[-84.44116,33.6677]},"properties":{"probability":0.611,"inBuffer":false,"facType":"unknown"}},{"type":"Feature","geometry":{"type":"Point","coordinates":[-84.43577,33.66759]},"properties":{"probability":0.648,"inBuffer":false,"facType":"unknown"}},{"type":"Feature","geometry":{"type":"Point","coordinates":[-84.43039,33.66747]},"properties":{"probability":0.644,"inBuffer":false,"facType":"unknown"}},{"type":"Feature","geometry":{"type":"Point","coordinates":[-84.425,33.66736]},"properties":{"probability":0.954,"inBuffer":false,"facType":"unknown"}},{"type":"Feature","geometry":{"type":"Point","coordinates":[-84.41961,33.66725]},"properties":{"probability":0.65,"inBuffer":false,"facType":"unknown"}},{"type":"Feature","geometry":{"type":"Point","coordinates":[-84.41422,33.66714]},"properties":{"probability":0.586,"inBuffer":false,"facType":"unknown"}},{"type":"Feature","geometry":{"type":"Point","coordinates":[-84.40883,33.66702]},"properties":{"probability":0.219,"inBuffer":false,"facType":"unknown"}},{"type":"Feature","geometry":{"type":"Point","coordinates":[-84.40345,33.66691]},"properties":{"probability":0.216,"inBuffer":false,"facType":"unknown"}},{"type":"Feature","geometry":{"type":"Point","coordinates":[-84.39806,33.6668]},"properties":{"probability":0.234,"inBuffer":false,"facType":"unknown"}},{"type":"Feature","geometry":{"type":"Point","coordinates":[-84.39267,33.66668]},"properties":{"probability":0.289,"inBuffer":false,"facType":"unknown"}},{"type":"Feature","geometry":{"type":"Point","coordinates":[-84.38728,33.66657]},"properties":{"probability":0.303,"inBuffer":false,"facType":"unknown"}},{"type":"Feature","geometry":{"type":"Point","coordinates":[-84.3819,33.66645]},"properties":{"probability":0.236,"inBuffer":false,"facType":"unknown"}},{"type":"Feature","geometry":{"type":"Point","coordinates":[-84.37651,33.66634]},"properties":{"probability":0.187,"inBuffer":false,"facType":"unknown"}},{"type":"Feature","geometry":{"type":"Point","coordinates":[-84.37112,33.66623]},"properties":{"probability":0.127,"inBuffer":false,"facType":"unknown"}},{"type":"Feature","geometry":{"type":"Point","coordinates":[-84.36573,33.66611]},"properties":{"probability":0.125,"inBuffer":false,"facType":"unknown"}},{"type":"Feature","geometry":{"type":"Point","coordinates":[-84.36034,33.666]},"properties":{"probability":0.125,"inBuffer":false,"facType":"unknown"}},{"type":"Feature","geometry":{"type":"Point","coordinates":[-84.35496,33.66588]},"properties":{"probability":0.188,"inBuffer":false,"facType":"unknown"}},{"type":"Feature","geometry":{"type":"Point","coordinates":[-84.34957,33.66577]},"properties":{"probability":0.267,"inBuffer":false,"facType":"unknown"}},{"type":"Feature","geometry":{"type":"Point","coordinates":[-84.34418,33.66565]},"properties":{"probability":0.387,"inBuffer":false,"facType":"unknown"}},{"type":"Feature","geometry":{"type":"Point","coordinates":[-84.33879,33.66553]},"properties":{"probability":0.945,"inBuffer":false,"facType":"unknown"}},{"type":"Feature","geometry":{"type":"Point","coordinates":[-84.33341,33.66542]},"properties":{"probability":0.927,"inBuffer":false,"facType":"unknown"}},{"type":"Feature","geometry":{"type":"Point","coordinates":[-84.32802,33.6653]},"properties":{"probability":0.929,"inBuffer":false,"facType":"unknown"}},{"type":"Feature","geometry":{"type":"Point","coordinates":[-84.32263,33.66518]},"properties":{"probability":0.378,"inBuffer":false,"facType":"unknown"}},{"type":"Feature","geometry":{"type":"Point","coordinates":[-84.31725,33.66507]},"properties":{"probability":0.238,"inBuffer":false,"facType":"unknown"}},{"type":"Feature","geometry":{"type":"Point","coordinates":[-84.31186,33.66495]},"properties":{"probability":0.183,"inBuffer":false,"facType":"unknown"}},{"type":"Feature","geometry":{"type":"Point","coordinates":[-84.24183,33.66341]},"properties":{"probability":0.167,"inBuffer":false,"facType":"unknown"}},{"type":"Feature","geometry":{"type":"Point","coordinates":[-84.23644,33.66329]},"properties":{"probability":0.14,"inBuffer":false,"facType":"unknown"}},{"type":"Feature","geometry":{"type":"Point","coordinates":[-84.23105,33.66317]},"properties":{"probability":0.146,"inBuffer":false,"facType":"unknown"}},{"type":"Feature","geometry":{"type":"Point","coordinates":[-84.22567,33.66304]},"properties":{"probability":0.148,"inBuffer":false,"facType":"unknown"}},{"type":"Feature","geometry":{"type":"Point","coordinates":[-84.22028,33.66292]},"properties":{"probability":0.18,"inBuffer":false,"facType":"unknown"}},{"type":"Feature","geometry":{"type":"Point","coordinates":[-84.21489,33.6628]},"properties":{"probability":0.126,"inBuffer":false,"facType":"unknown"}},{"type":"Feature","geometry":{"type":"Point","coordinates":[-84.51134,33.66462]},"properties":{"probability":0.099,"inBuffer":false,"facType":"unknown"}},{"type":"Feature","geometry":{"type":"Point","coordinates":[-84.50595,33.66451]},"properties":{"probability":0.093,"inBuffer":false,"facType":"unknown"}},{"type":"Feature","geometry":{"type":"Point","coordinates":[-84.50056,33.6644]},"properties":{"probability":0.095,"inBuffer":false,"facType":"unknown"}},{"type":"Feature","geometry":{"type":"Point","coordinates":[-84.49517,33.6643]},"properties":{"probability":0.09,"inBuffer":false,"facType":"unknown"}},{"type":"Feature","geometry":{"type":"Point","coordinates":[-84.47362,33.66386]},"properties":{"probability":0.191,"inBuffer":false,"facType":"unknown"}},{"type":"Feature","geometry":{"type":"Point","coordinates":[-84.46823,33.66375]},"properties":{"probability":0.191,"inBuffer":false,"facType":"unknown"}},{"type":"Feature","geometry":{"type":"Point","coordinates":[-84.46285,33.66364]},"properties":{"probability":0.189,"inBuffer":false,"facType":"unknown"}},{"type":"Feature","geometry":{"type":"Point","coordinates":[-84.45746,33.66353]},"properties":{"probability":0.231,"inBuffer":false,"facType":"unknown"}},{"type":"Feature","geometry":{"type":"Point","coordinates":[-84.45207,33.66341]},"properties":{"probability":0.108,"inBuffer":false,"facType":"unknown"}},{"type":"Feature","geometry":{"type":"Point","coordinates":[-84.44668,33.6633]},"properties":{"probability":0.157,"inBuffer":false,"facType":"unknown"}},{"type":"Feature","geometry":{"type":"Point","coordinates":[-84.44129,33.66319]},"properties":{"probability":0.171,"inBuffer":false,"facType":"unknown"}},{"type":"Feature","geometry":{"type":"Point","coordinates":[-84.43591,33.66308]},"properties":{"probability":0.603,"inBuffer":false,"facType":"unknown"}},{"type":"Feature","geometry":{"type":"Point","coordinates":[-84.43052,33.66297]},"properties":{"probability":0.664,"inBuffer":false,"facType":"unknown"}},{"type":"Feature","geometry":{"type":"Point","coordinates":[-84.42513,33.66286]},"properties":{"probability":0.634,"inBuffer":false,"facType":"unknown"}},{"type":"Feature","geometry":{"type":"Point","coordinates":[-84.41974,33.66274]},"properties":{"probability":0.955,"inBuffer":false,"facType":"unknown"}},{"type":"Feature","geometry":{"type":"Point","coordinates":[-84.41436,33.66263]},"properties":{"probability":0.952,"inBuffer":false,"facType":"unknown"}},{"type":"Feature","geometry":{"type":"Point","coordinates":[-84.40897,33.66252]},"properties":{"probability":0.945,"inBuffer":false,"facType":"unknown"}},{"type":"Feature","geometry":{"type":"Point","coordinates":[-84.40358,33.6624]},"properties":{"probability":0.94,"inBuffer":false,"facType":"unknown"}},{"type":"Feature","geometry":{"type":"Point","coordinates":[-84.39819,33.66229]},"properties":{"probability":0.151,"inBuffer":false,"facType":"unknown"}},{"type":"Feature","geometry":{"type":"Point","coordinates":[-84.39281,33.66218]},"properties":{"probability":0.373,"inBuffer":false,"facType":"unknown"}},{"type":"Feature","geometry":{"type":"Point","coordinates":[-84.38742,33.66206]},"properties":{"probability":0.391,"inBuffer":false,"facType":"unknown"}},{"type":"Feature","geometry":{"type":"Point","coordinates":[-84.38203,33.66195]},"properties":{"probability":0.271,"inBuffer":false,"facType":"unknown"}},{"type":"Feature","geometry":{"type":"Point","coordinates":[-84.37664,33.66184]},"properties":{"probability":0.225,"inBuffer":false,"facType":"unknown"}},{"type":"Feature","geometry":{"type":"Point","coordinates":[-84.37126,33.66172]},"properties":{"probability":0.21,"inBuffer":false,"facType":"unknown"}},{"type":"Feature","geometry":{"type":"Point","coordinates":[-84.36587,33.66161]},"properties":{"probability":0.138,"inBuffer":false,"facType":"unknown"}},{"type":"Feature","geometry":{"type":"Point","coordinates":[-84.36048,33.66149]},"properties":{"probability":0.125,"inBuffer":false,"facType":"unknown"}},{"type":"Feature","geometry":{"type":"Point","coordinates":[-84.3551,33.66138]},"properties":{"probability":0.198,"inBuffer":false,"facType":"unknown"}},{"type":"Feature","geometry":{"type":"Point","coordinates":[-84.34971,33.66126]},"properties":{"probability":0.288,"inBuffer":false,"facType":"unknown"}},{"type":"Feature","geometry":{"type":"Point","coordinates":[-84.34432,33.66114]},"properties":{"probability":0.377,"inBuffer":false,"facType":"unknown"}},{"type":"Feature","geometry":{"type":"Point","coordinates":[-84.33893,33.66103]},"properties":{"probability":0.955,"inBuffer":false,"facType":"unknown"}},{"type":"Feature","geometry":{"type":"Point","coordinates":[-84.33355,33.66091]},"properties":{"probability":0.954,"inBuffer":false,"facType":"unknown"}},{"type":"Feature","geometry":{"type":"Point","coordinates":[-84.32816,33.6608]},"properties":{"probability":0.953,"inBuffer":false,"facType":"unknown"}},{"type":"Feature","geometry":{"type":"Point","coordinates":[-84.32277,33.66068]},"properties":{"probability":0.386,"inBuffer":false,"facType":"unknown"}},{"type":"Feature","geometry":{"type":"Point","coordinates":[-84.31739,33.66056]},"properties":{"probability":0.243,"inBuffer":false,"facType":"unknown"}},{"type":"Feature","geometry":{"type":"Point","coordinates":[-84.312,33.66045]},"properties":{"probability":0.184,"inBuffer":false,"facType":"unknown"}},{"type":"Feature","geometry":{"type":"Point","coordinates":[-84.30661,33.66033]},"properties":{"probability":0.182,"inBuffer":false,"facType":"unknown"}},{"type":"Feature","geometry":{"type":"Point","coordinates":[-84.23658,33.65878]},"properties":{"probability":0.842,"inBuffer":false,"facType":"unknown"}},{"type":"Feature","geometry":{"type":"Point","coordinates":[-84.2312,33.65866]},"properties":{"probability":0.848,"inBuffer":false,"facType":"unknown"}},{"type":"Feature","geometry":{"type":"Point","coordinates":[-84.22581,33.65854]},"properties":{"probability":0.844,"inBuffer":false,"facType":"unknown"}},{"type":"Feature","geometry":{"type":"Point","coordinates":[-84.22042,33.65842]},"properties":{"probability":0.16,"inBuffer":false,"facType":"unknown"}},{"type":"Feature","geometry":{"type":"Point","coordinates":[-84.21504,33.6583]},"properties":{"probability":0.126,"inBuffer":false,"facType":"unknown"}},{"type":"Feature","geometry":{"type":"Point","coordinates":[-84.52224,33.66033]},"properties":{"probability":0.055,"inBuffer":false,"facType":"unknown"}},{"type":"Feature","geometry":{"type":"Point","coordinates":[-84.51686,33.66023]},"properties":{"probability":0.205,"inBuffer":false,"facType":"unknown"}},{"type":"Feature","geometry":{"type":"Point","coordinates":[-84.51147,33.66012]},"properties":{"probability":0.253,"inBuffer":false,"facType":"unknown"}},{"type":"Feature","geometry":{"type":"Point","coordinates":[-84.50608,33.66001]},"properties":{"probability":0.249,"inBuffer":false,"facType":"unknown"}},{"type":"Feature","geometry":{"type":"Point","coordinates":[-84.50069,33.6599]},"properties":{"probability":0.171,"inBuffer":false,"facType":"unknown"}},{"type":"Feature","geometry":{"type":"Point","coordinates":[-84.4953,33.65979]},"properties":{"probability":0.154,"inBuffer":false,"facType":"unknown"}},{"type":"Feature","geometry":{"type":"Point","coordinates":[-84.48992,33.65968]},"properties":{"probability":0.068,"inBuffer":false,"facType":"unknown"}},{"type":"Feature","geometry":{"type":"Point","coordinates":[-84.47914,33.65946]},"properties":{"probability":0.055,"inBuffer":false,"facType":"unknown"}},{"type":"Feature","geometry":{"type":"Point","coordinates":[-84.46837,33.65924]},"properties":{"probability":0.191,"inBuffer":false,"facType":"unknown"}},{"type":"Feature","geometry":{"type":"Point","coordinates":[-84.46298,33.65913]},"properties":{"probability":0.207,"inBuffer":false,"facType":"unknown"}},{"type":"Feature","geometry":{"type":"Point","coordinates":[-84.45759,33.65902]},"properties":{"probability":0.259,"inBuffer":false,"facType":"unknown"}},{"type":"Feature","geometry":{"type":"Point","coordinates":[-84.4522,33.65891]},"properties":{"probability":0.572,"inBuffer":false,"facType":"unknown"}},{"type":"Feature","geometry":{"type":"Point","coordinates":[-84.44682,33.6588]},"properties":{"probability":0.621,"inBuffer":false,"facType":"unknown"}},{"type":"Feature","geometry":{"type":"Point","coordinates":[-84.44143,33.65869]},"properties":{"probability":0.425,"inBuffer":false,"facType":"unknown"}},{"type":"Feature","geometry":{"type":"Point","coordinates":[-84.43604,33.65857]},"properties":{"probability":0.656,"inBuffer":false,"facType":"unknown"}},{"type":"Feature","geometry":{"type":"Point","coordinates":[-84.43065,33.65846]},"properties":{"probability":0.714,"inBuffer":false,"facType":"unknown"}},{"type":"Feature","geometry":{"type":"Point","coordinates":[-84.42527,33.65835]},"properties":{"probability":0.649,"inBuffer":false,"facType":"unknown"}},{"type":"Feature","geometry":{"type":"Point","coordinates":[-84.41988,33.65824]},"properties":{"probability":0.959,"inBuffer":false,"facType":"unknown"}},{"type":"Feature","geometry":{"type":"Point","coordinates":[-84.41449,33.65813]},"properties":{"probability":0.957,"inBuffer":false,"facType":"unknown"}},{"type":"Feature","geometry":{"type":"Point","coordinates":[-84.4091,33.65801]},"properties":{"probability":0.956,"inBuffer":false,"facType":"unknown"}},{"type":"Feature","geometry":{"type":"Point","coordinates":[-84.40372,33.6579]},"properties":{"probability":0.955,"inBuffer":false,"facType":"unknown"}},{"type":"Feature","geometry":{"type":"Point","coordinates":[-84.39833,33.65779]},"properties":{"probability":0.653,"inBuffer":false,"facType":"unknown"}},{"type":"Feature","geometry":{"type":"Point","coordinates":[-84.39294,33.65767]},"properties":{"probability":0.956,"inBuffer":false,"facType":"unknown"}},{"type":"Feature","geometry":{"type":"Point","coordinates":[-84.38756,33.65756]},"properties":{"probability":0.954,"inBuffer":false,"facType":"unknown"}},{"type":"Feature","geometry":{"type":"Point","coordinates":[-84.38217,33.65744]},"properties":{"probability":0.937,"inBuffer":false,"facType":"unknown"}},{"type":"Feature","geometry":{"type":"Point","coordinates":[-84.37678,33.65733]},"properties":{"probability":0.942,"inBuffer":false,"facType":"unknown"}},{"type":"Feature","geometry":{"type":"Point","coordinates":[-84.37139,33.65722]},"properties":{"probability":0.945,"inBuffer":false,"facType":"unknown"}},{"type":"Feature","geometry":{"type":"Point","coordinates":[-84.36601,33.6571]},"properties":{"probability":0.197,"inBuffer":false,"facType":"unknown"}},{"type":"Feature","geometry":{"type":"Point","coordinates":[-84.36062,33.65699]},"properties":{"probability":0.151,"inBuffer":false,"facType":"unknown"}},{"type":"Feature","geometry":{"type":"Point","coordinates":[-84.34985,33.65676]},"properties":{"probability":0.292,"inBuffer":false,"facType":"unknown"}},{"type":"Feature","geometry":{"type":"Point","coordinates":[-84.34446,33.65664]},"properties":{"probability":0.376,"inBuffer":false,"facType":"unknown"}},{"type":"Feature","geometry":{"type":"Point","coordinates":[-84.33907,33.65652]},"properties":{"probability":0.387,"inBuffer":false,"facType":"unknown"}},{"type":"Feature","geometry":{"type":"Point","coordinates":[-84.33369,33.65641]},"properties":{"probability":0.388,"inBuffer":false,"facType":"unknown"}},{"type":"Feature","geometry":{"type":"Point","coordinates":[-84.3283,33.65629]},"properties":{"probability":0.384,"inBuffer":false,"facType":"unknown"}},{"type":"Feature","geometry":{"type":"Point","coordinates":[-84.32291,33.65617]},"properties":{"probability":0.302,"inBuffer":false,"facType":"unknown"}},{"type":"Feature","geometry":{"type":"Point","coordinates":[-84.31753,33.65606]},"properties":{"probability":0.243,"inBuffer":false,"facType":"unknown"}},{"type":"Feature","geometry":{"type":"Point","coordinates":[-84.31214,33.65594]},"properties":{"probability":0.198,"inBuffer":false,"facType":"unknown"}},{"type":"Feature","geometry":{"type":"Point","coordinates":[-84.30675,33.65582]},"properties":{"probability":0.184,"inBuffer":false,"facType":"unknown"}},{"type":"Feature","geometry":{"type":"Point","coordinates":[-84.23673,33.65428]},"properties":{"probability":0.302,"inBuffer":false,"facType":"unknown"}},{"type":"Feature","geometry":{"type":"Point","coordinates":[-84.23134,33.65416]},"properties":{"probability":0.874,"inBuffer":false,"facType":"unknown"}},{"type":"Feature","geometry":{"type":"Point","coordinates":[-84.22595,33.65404]},"properties":{"probability":0.871,"inBuffer":false,"facType":"unknown"}},{"type":"Feature","geometry":{"type":"Point","coordinates":[-84.22057,33.65391]},"properties":{"probability":0.147,"inBuffer":false,"facType":"unknown"}},{"type":"Feature","geometry":{"type":"Point","coordinates":[-84.21518,33.65379]},"properties":{"probability":0.126,"inBuffer":false,"facType":"unknown"}},{"type":"Feature","geometry":{"type":"Point","coordinates":[-84.52776,33.65594]},"properties":{"probability":0.084,"inBuffer":false,"facType":"unknown"}},{"type":"Feature","geometry":{"type":"Point","coordinates":[-84.52237,33.65583]},"properties":{"probability":0.224,"inBuffer":false,"facType":"unknown"}},{"type":"Feature","geometry":{"type":"Point","coordinates":[-84.51698,33.65572]},"properties":{"probability":0.242,"inBuffer":false,"facType":"unknown"}},{"type":"Feature","geometry":{"type":"Point","coordinates":[-84.5116,33.65561]},"properties":{"probability":0.248,"inBuffer":false,"facType":"unknown"}},{"type":"Feature","geometry":{"type":"Point","coordinates":[-84.50621,33.6555]},"properties":{"probability":0.252,"inBuffer":false,"facType":"unknown"}},{"type":"Feature","geometry":{"type":"Point","coordinates":[-84.50082,33.65539]},"properties":{"probability":0.256,"inBuffer":false,"facType":"unknown"}},{"type":"Feature","geometry":{"type":"Point","coordinates":[-84.49543,33.65529]},"properties":{"probability":0.173,"inBuffer":false,"facType":"unknown"}},{"type":"Feature","geometry":{"type":"Point","coordinates":[-84.49005,33.65518]},"properties":{"probability":0.565,"inBuffer":false,"facType":"unknown"}},{"type":"Feature","geometry":{"type":"Point","coordinates":[-84.48466,33.65507]},"properties":{"probability":0.36,"inBuffer":false,"facType":"unknown"}},{"type":"Feature","geometry":{"type":"Point","coordinates":[-84.47927,33.65496]},"properties":{"probability":0.067,"inBuffer":false,"facType":"unknown"}},{"type":"Feature","geometry":{"type":"Point","coordinates":[-84.47389,33.65485]},"properties":{"probability":0.095,"inBuffer":false,"facType":"unknown"}},{"type":"Feature","geometry":{"type":"Point","coordinates":[-84.4685,33.65474]},"properties":{"probability":0.055,"inBuffer":false,"facType":"unknown"}},{"type":"Feature","geometry":{"type":"Point","coordinates":[-84.45772,33.65451]},"properties":{"probability":0.941,"inBuffer":false,"facType":"unknown"}},{"type":"Feature","geometry":{"type":"Point","coordinates":[-84.45234,33.6544]},"properties":{"probability":0.958,"inBuffer":false,"facType":"unknown"}},{"type":"Feature","geometry":{"type":"Point","coordinates":[-84.44695,33.65429]},"properties":{"probability":0.657,"inBuffer":false,"facType":"unknown"}},{"type":"Feature","geometry":{"type":"Point","coordinates":[-84.44156,33.65418]},"properties":{"probability":0.656,"inBuffer":false,"facType":"unknown"}},{"type":"Feature","geometry":{"type":"Point","coordinates":[-84.43617,33.65407]},"properties":{"probability":0.64,"inBuffer":false,"facType":"unknown"}},{"type":"Feature","geometry":{"type":"Point","coordinates":[-84.43079,33.65396]},"properties":{"probability":0.74,"inBuffer":false,"facType":"unknown"}},{"type":"Feature","geometry":{"type":"Point","coordinates":[-84.4254,33.65385]},"properties":{"probability":0.678,"inBuffer":false,"facType":"unknown"}},{"type":"Feature","geometry":{"type":"Point","coordinates":[-84.42001,33.65373]},"properties":{"probability":0.269,"inBuffer":false,"facType":"unknown"}},{"type":"Feature","geometry":{"type":"Point","coordinates":[-84.41463,33.65362]},"properties":{"probability":0.956,"inBuffer":false,"facType":"unknown"}},{"type":"Feature","geometry":{"type":"Point","coordinates":[-84.40924,33.65351]},"properties":{"probability":0.947,"inBuffer":false,"facType":"unknown"}},{"type":"Feature","geometry":{"type":"Point","coordinates":[-84.40385,33.65339]},"properties":{"probability":0.649,"inBuffer":false,"facType":"unknown"}},{"type":"Feature","geometry":{"type":"Point","coordinates":[-84.39847,33.65328]},"properties":{"probability":0.653,"inBuffer":false,"facType":"unknown"}},{"type":"Feature","geometry":{"type":"Point","coordinates":[-84.39308,33.65317]},"properties":{"probability":0.956,"inBuffer":false,"facType":"unknown"}},{"type":"Feature","geometry":{"type":"Point","coordinates":[-84.38769,33.65305]},"properties":{"probability":0.954,"inBuffer":false,"facType":"unknown"}},{"type":"Feature","geometry":{"type":"Point","coordinates":[-84.3823,33.65294]},"properties":{"probability":0.946,"inBuffer":false,"facType":"unknown"}},{"type":"Feature","geometry":{"type":"Point","coordinates":[-84.37692,33.65283]},"properties":{"probability":0.947,"inBuffer":false,"facType":"unknown"}},{"type":"Feature","geometry":{"type":"Point","coordinates":[-84.37153,33.65271]},"properties":{"probability":0.949,"inBuffer":false,"facType":"unknown"}},{"type":"Feature","geometry":{"type":"Point","coordinates":[-84.36614,33.6526]},"properties":{"probability":0.26,"inBuffer":false,"facType":"unknown"}},{"type":"Feature","geometry":{"type":"Point","coordinates":[-84.36076,33.65248]},"properties":{"probability":0.191,"inBuffer":false,"facType":"unknown"}},{"type":"Feature","geometry":{"type":"Point","coordinates":[-84.34998,33.65225]},"properties":{"probability":0.115,"inBuffer":false,"facType":"unknown"}},{"type":"Feature","geometry":{"type":"Point","coordinates":[-84.3446,33.65214]},"properties":{"probability":0.174,"inBuffer":false,"facType":"unknown"}},{"type":"Feature","geometry":{"type":"Point","coordinates":[-84.33921,33.65202]},"properties":{"probability":0.31,"inBuffer":false,"facType":"unknown"}},{"type":"Feature","geometry":{"type":"Point","coordinates":[-84.33382,33.6519]},"properties":{"probability":0.307,"inBuffer":false,"facType":"unknown"}},{"type":"Feature","geometry":{"type":"Point","coordinates":[-84.32844,33.65179]},"properties":{"probability":0.293,"inBuffer":false,"facType":"unknown"}},{"type":"Feature","geometry":{"type":"Point","coordinates":[-84.32305,33.65167]},"properties":{"probability":0.29,"inBuffer":false,"facType":"unknown"}},{"type":"Feature","geometry":{"type":"Point","coordinates":[-84.31766,33.65155]},"properties":{"probability":0.215,"inBuffer":false,"facType":"unknown"}},{"type":"Feature","geometry":{"type":"Point","coordinates":[-84.31228,33.65144]},"properties":{"probability":0.203,"inBuffer":false,"facType":"unknown"}},{"type":"Feature","geometry":{"type":"Point","coordinates":[-84.30689,33.65132]},"properties":{"probability":0.182,"inBuffer":false,"facType":"unknown"}},{"type":"Feature","geometry":{"type":"Point","coordinates":[-84.24226,33.64989]},"properties":{"probability":0.14,"inBuffer":false,"facType":"unknown"}},{"type":"Feature","geometry":{"type":"Point","coordinates":[-84.23687,33.64977]},"properties":{"probability":0.301,"inBuffer":false,"facType":"unknown"}},{"type":"Feature","geometry":{"type":"Point","coordinates":[-84.23149,33.64965]},"properties":{"probability":0.308,"inBuffer":false,"facType":"unknown"}},{"type":"Feature","geometry":{"type":"Point","coordinates":[-84.2261,33.64953]},"properties":{"probability":0.845,"inBuffer":false,"facType":"unknown"}},{"type":"Feature","geometry":{"type":"Point","coordinates":[-84.22071,33.64941]},"properties":{"probability":0.142,"inBuffer":false,"facType":"unknown"}},{"type":"Feature","geometry":{"type":"Point","coordinates":[-84.21533,33.64929]},"properties":{"probability":0.124,"inBuffer":false,"facType":"unknown"}},{"type":"Feature","geometry":{"type":"Point","coordinates":[-84.53328,33.65154]},"properties":{"probability":0.077,"inBuffer":false,"facType":"unknown"}},{"type":"Feature","geometry":{"type":"Point","coordinates":[-84.52789,33.65143]},"properties":{"probability":0.236,"inBuffer":false,"facType":"unknown"}},{"type":"Feature","geometry":{"type":"Point","coordinates":[-84.5225,33.65132]},"properties":{"probability":0.241,"inBuffer":false,"facType":"unknown"}},{"type":"Feature","geometry":{"type":"Point","coordinates":[-84.51711,33.65121]},"properties":{"probability":0.248,"inBuffer":false,"facType":"unknown"}},{"type":"Feature","geometry":{"type":"Point","coordinates":[-84.51173,33.65111]},"properties":{"probability":0.248,"inBuffer":false,"facType":"unknown"}},{"type":"Feature","geometry":{"type":"Point","coordinates":[-84.50634,33.651]},"properties":{"probability":0.247,"inBuffer":false,"facType":"unknown"}},{"type":"Feature","geometry":{"type":"Point","coordinates":[-84.50095,33.65089]},"properties":{"probability":0.266,"inBuffer":false,"facType":"unknown"}},{"type":"Feature","geometry":{"type":"Point","coordinates":[-84.49557,33.65078]},"properties":{"probability":0.956,"inBuffer":false,"facType":"unknown"}},{"type":"Feature","geometry":{"type":"Point","coordinates":[-84.49018,33.65067]},"properties":{"probability":0.649,"inBuffer":false,"facType":"unknown"}},{"type":"Feature","geometry":{"type":"Point","coordinates":[-84.48479,33.65056]},"properties":{"probability":0.546,"inBuffer":false,"facType":"unknown"}},{"type":"Feature","geometry":{"type":"Point","coordinates":[-84.4794,33.65045]},"properties":{"probability":0.14,"inBuffer":false,"facType":"unknown"}},{"type":"Feature","geometry":{"type":"Point","coordinates":[-84.47402,33.65034]},"properties":{"probability":0.162,"inBuffer":false,"facType":"unknown"}},{"type":"Feature","geometry":{"type":"Point","coordinates":[-84.46863,33.65023]},"properties":{"probability":0.098,"inBuffer":false,"facType":"unknown"}},{"type":"Feature","geometry":{"type":"Point","coordinates":[-84.46324,33.65012]},"properties":{"probability":0.102,"inBuffer":false,"facType":"unknown"}},{"type":"Feature","geometry":{"type":"Point","coordinates":[-84.45786,33.65001]},"properties":{"probability":0.557,"inBuffer":false,"facType":"unknown"}},{"type":"Feature","geometry":{"type":"Point","coordinates":[-84.45247,33.6499]},"properties":{"probability":0.709,"inBuffer":false,"facType":"unknown"}},{"type":"Feature","geometry":{"type":"Point","coordinates":[-84.44708,33.64979]},"properties":{"probability":0.688,"inBuffer":false,"facType":"unknown"}},{"type":"Feature","geometry":{"type":"Point","coordinates":[-84.4417,33.64968]},"properties":{"probability":0.644,"inBuffer":false,"facType":"unknown"}},{"type":"Feature","geometry":{"type":"Point","coordinates":[-84.43631,33.64956]},"properties":{"probability":0.181,"inBuffer":false,"facType":"unknown"}},{"type":"Feature","geometry":{"type":"Point","coordinates":[-84.43092,33.64945]},"properties":{"probability":0.241,"inBuffer":false,"facType":"unknown"}},{"type":"Feature","geometry":{"type":"Point","coordinates":[-84.42553,33.64934]},"properties":{"probability":0.215,"inBuffer":false,"facType":"unknown"}},{"type":"Feature","geometry":{"type":"Point","coordinates":[-84.42015,33.64923]},"properties":{"probability":0.579,"inBuffer":false,"facType":"unknown"}},{"type":"Feature","geometry":{"type":"Point","coordinates":[-84.41476,33.64912]},"properties":{"probability":0.944,"inBuffer":false,"facType":"unknown"}},{"type":"Feature","geometry":{"type":"Point","coordinates":[-84.40937,33.649]},"properties":{"probability":0.945,"inBuffer":false,"facType":"unknown"}},{"type":"Feature","geometry":{"type":"Point","coordinates":[-84.40399,33.64889]},"properties":{"probability":0.47,"inBuffer":false,"facType":"unknown"}},{"type":"Feature","geometry":{"type":"Point","coordinates":[-84.3986,33.64878]},"properties":{"probability":0.157,"inBuffer":false,"facType":"unknown"}},{"type":"Feature","geometry":{"type":"Point","coordinates":[-84.39321,33.64866]},"properties":{"probability":0.947,"inBuffer":false,"facType":"unknown"}},{"type":"Feature","geometry":{"type":"Point","coordinates":[-84.38783,33.64855]},"properties":{"probability":0.391,"inBuffer":false,"facType":"unknown"}},{"type":"Feature","geometry":{"type":"Point","coordinates":[-84.38244,33.64843]},"properties":{"probability":0.264,"inBuffer":false,"facType":"unknown"}},{"type":"Feature","geometry":{"type":"Point","coordinates":[-84.37705,33.64832]},"properties":{"probability":0.274,"inBuffer":false,"facType":"unknown"}},{"type":"Feature","geometry":{"type":"Point","coordinates":[-84.37167,33.64821]},"properties":{"probability":0.275,"inBuffer":false,"facType":"unknown"}},{"type":"Feature","geometry":{"type":"Point","coordinates":[-84.36628,33.64809]},"properties":{"probability":0.263,"inBuffer":false,"facType":"unknown"}},{"type":"Feature","geometry":{"type":"Point","coordinates":[-84.3609,33.64798]},"properties":{"probability":0.09,"inBuffer":false,"facType":"unknown"}},{"type":"Feature","geometry":{"type":"Point","coordinates":[-84.35551,33.64786]},"properties":{"probability":0.158,"inBuffer":false,"facType":"unknown"}},{"type":"Feature","geometry":{"type":"Point","coordinates":[-84.35012,33.64775]},"properties":{"probability":0.302,"inBuffer":false,"facType":"unknown"}},{"type":"Feature","geometry":{"type":"Point","coordinates":[-84.34474,33.64763]},"properties":{"probability":0.173,"inBuffer":false,"facType":"unknown"}},{"type":"Feature","geometry":{"type":"Point","coordinates":[-84.33935,33.64751]},"properties":{"probability":0.169,"inBuffer":false,"facType":"unknown"}},{"type":"Feature","geometry":{"type":"Point","coordinates":[-84.33396,33.6474]},"properties":{"probability":0.153,"inBuffer":false,"facType":"unknown"}},{"type":"Feature","geometry":{"type":"Point","coordinates":[-84.32858,33.64728]},"properties":{"probability":0.299,"inBuffer":false,"facType":"unknown"}},{"type":"Feature","geometry":{"type":"Point","coordinates":[-84.32319,33.64717]},"properties":{"probability":0.29,"inBuffer":false,"facType":"unknown"}},{"type":"Feature","geometry":{"type":"Point","coordinates":[-84.3178,33.64705]},"properties":{"probability":0.062,"inBuffer":false,"facType":"unknown"}},{"type":"Feature","geometry":{"type":"Point","coordinates":[-84.23702,33.64527]},"properties":{"probability":0.207,"inBuffer":false,"facType":"unknown"}},{"type":"Feature","geometry":{"type":"Point","coordinates":[-84.23163,33.64515]},"properties":{"probability":0.136,"inBuffer":false,"facType":"unknown"}},{"type":"Feature","geometry":{"type":"Point","coordinates":[-84.22086,33.64491]},"properties":{"probability":0.123,"inBuffer":false,"facType":"unknown"}},{"type":"Feature","geometry":{"type":"Point","coordinates":[-84.21547,33.64478]},"properties":{"probability":0.123,"inBuffer":false,"facType":"unknown"}},{"type":"Feature","geometry":{"type":"Point","coordinates":[-84.54418,33.64725]},"properties":{"probability":0.182,"inBuffer":false,"facType":"unknown"}},{"type":"Feature","geometry":{"type":"Point","coordinates":[-84.53879,33.64714]},"properties":{"probability":0.181,"inBuffer":false,"facType":"unknown"}},{"type":"Feature","geometry":{"type":"Point","coordinates":[-84.5334,33.64703]},"properties":{"probability":0.13,"inBuffer":false,"facType":"unknown"}},{"type":"Feature","geometry":{"type":"Point","coordinates":[-84.52802,33.64693]},"properties":{"probability":0.249,"inBuffer":false,"facType":"unknown"}},{"type":"Feature","geometry":{"type":"Point","coordinates":[-84.52263,33.64682]},"properties":{"probability":0.239,"inBuffer":false,"facType":"unknown"}},{"type":"Feature","geometry":{"type":"Point","coordinates":[-84.51724,33.64671]},"properties":{"probability":0.24,"inBuffer":false,"facType":"unknown"}},{"type":"Feature","geometry":{"type":"Point","coordinates":[-84.51186,33.6466]},"properties":{"probability":0.252,"inBuffer":false,"facType":"unknown"}},{"type":"Feature","geometry":{"type":"Point","coordinates":[-84.50647,33.64649]},"properties":{"probability":0.249,"inBuffer":false,"facType":"unknown"}},{"type":"Feature","geometry":{"type":"Point","coordinates":[-84.50108,33.64638]},"properties":{"probability":0.268,"inBuffer":false,"facType":"unknown"}},{"type":"Feature","geometry":{"type":"Point","coordinates":[-84.4957,33.64627]},"properties":{"probability":0.944,"inBuffer":false,"facType":"unknown"}},{"type":"Feature","geometry":{"type":"Point","coordinates":[-84.49031,33.64616]},"properties":{"probability":0.943,"inBuffer":false,"facType":"unknown"}},{"type":"Feature","geometry":{"type":"Point","coordinates":[-84.48492,33.64606]},"properties":{"probability":0.468,"inBuffer":false,"facType":"unknown"}},{"type":"Feature","geometry":{"type":"Point","coordinates":[-84.47954,33.64595]},"properties":{"probability":0.14,"inBuffer":false,"facType":"unknown"}},{"type":"Feature","geometry":{"type":"Point","coordinates":[-84.47415,33.64584]},"properties":{"probability":0.104,"inBuffer":false,"facType":"unknown"}},{"type":"Feature","geometry":{"type":"Point","coordinates":[-84.46876,33.64573]},"properties":{"probability":0.152,"inBuffer":false,"facType":"unknown"}},{"type":"Feature","geometry":{"type":"Point","coordinates":[-84.46338,33.64561]},"properties":{"probability":0.209,"inBuffer":false,"facType":"unknown"}},{"type":"Feature","geometry":{"type":"Point","coordinates":[-84.45799,33.6455]},"properties":{"probability":0.31,"inBuffer":false,"facType":"unknown"}},{"type":"Feature","geometry":{"type":"Point","coordinates":[-84.4526,33.64539]},"properties":{"probability":0.341,"inBuffer":false,"facType":"unknown"}},{"type":"Feature","geometry":{"type":"Point","coordinates":[-84.44722,33.64528]},"properties":{"probability":0.365,"inBuffer":false,"facType":"unknown"}},{"type":"Feature","geometry":{"type":"Point","coordinates":[-84.44183,33.64517]},"properties":{"probability":0.385,"inBuffer":false,"facType":"unknown"}},{"type":"Feature","geometry":{"type":"Point","coordinates":[-84.43644,33.64506]},"properties":{"probability":0.38,"inBuffer":false,"facType":"unknown"}},{"type":"Feature","geometry":{"type":"Point","coordinates":[-84.43106,33.64495]},"properties":{"probability":0.471,"inBuffer":false,"facType":"unknown"}},{"type":"Feature","geometry":{"type":"Point","coordinates":[-84.42567,33.64484]},"properties":{"probability":0.715,"inBuffer":false,"facType":"unknown"}},{"type":"Feature","geometry":{"type":"Point","coordinates":[-84.42028,33.64472]},"properties":{"probability":0.735,"inBuffer":false,"facType":"unknown"}},{"type":"Feature","geometry":{"type":"Point","coordinates":[-84.4149,33.64461]},"properties":{"probability":0.711,"inBuffer":false,"facType":"unknown"}},{"type":"Feature","geometry":{"type":"Point","coordinates":[-84.40951,33.6445]},"properties":{"probability":0.66,"inBuffer":false,"facType":"unknown"}},{"type":"Feature","geometry":{"type":"Point","coordinates":[-84.40412,33.64438]},"properties":{"probability":0.586,"inBuffer":false,"facType":"unknown"}},{"type":"Feature","geometry":{"type":"Point","coordinates":[-84.39874,33.64427]},"properties":{"probability":0.35,"inBuffer":false,"facType":"unknown"}},{"type":"Feature","geometry":{"type":"Point","coordinates":[-84.39335,33.64416]},"properties":{"probability":0.561,"inBuffer":false,"facType":"unknown"}},{"type":"Feature","geometry":{"type":"Point","coordinates":[-84.38796,33.64404]},"properties":{"probability":0.147,"inBuffer":false,"facType":"unknown"}},{"type":"Feature","geometry":{"type":"Point","coordinates":[-84.38258,33.64393]},"properties":{"probability":0.194,"inBuffer":false,"facType":"unknown"}},{"type":"Feature","geometry":{"type":"Point","coordinates":[-84.37719,33.64382]},"properties":{"probability":0.19,"inBuffer":false,"facType":"unknown"}},{"type":"Feature","geometry":{"type":"Point","coordinates":[-84.37181,33.6437]},"properties":{"probability":0.199,"inBuffer":false,"facType":"unknown"}},{"type":"Feature","geometry":{"type":"Point","coordinates":[-84.36642,33.64359]},"properties":{"probability":0.165,"inBuffer":false,"facType":"unknown"}},{"type":"Feature","geometry":{"type":"Point","coordinates":[-84.36103,33.64347]},"properties":{"probability":0.103,"inBuffer":false,"facType":"unknown"}},{"type":"Feature","geometry":{"type":"Point","coordinates":[-84.35565,33.64336]},"properties":{"probability":0.373,"inBuffer":false,"facType":"unknown"}},{"type":"Feature","geometry":{"type":"Point","coordinates":[-84.35026,33.64324]},"properties":{"probability":0.364,"inBuffer":false,"facType":"unknown"}},{"type":"Feature","geometry":{"type":"Point","coordinates":[-84.34487,33.64313]},"properties":{"probability":0.444,"inBuffer":false,"facType":"unknown"}},{"type":"Feature","geometry":{"type":"Point","coordinates":[-84.33949,33.64301]},"properties":{"probability":0.087,"inBuffer":false,"facType":"unknown"}},{"type":"Feature","geometry":{"type":"Point","coordinates":[-84.3341,33.64289]},"properties":{"probability":0.056,"inBuffer":false,"facType":"unknown"}},{"type":"Feature","geometry":{"type":"Point","coordinates":[-84.32872,33.64278]},"properties":{"probability":0.159,"inBuffer":false,"facType":"unknown"}},{"type":"Feature","geometry":{"type":"Point","coordinates":[-84.32333,33.64266]},"properties":{"probability":0.163,"inBuffer":false,"facType":"unknown"}},{"type":"Feature","geometry":{"type":"Point","coordinates":[-84.31794,33.64254]},"properties":{"probability":0.154,"inBuffer":false,"facType":"unknown"}},{"type":"Feature","geometry":{"type":"Point","coordinates":[-84.31256,33.64243]},"properties":{"probability":0.098,"inBuffer":false,"facType":"unknown"}},{"type":"Feature","geometry":{"type":"Point","coordinates":[-84.21562,33.64028]},"properties":{"probability":0.125,"inBuffer":false,"facType":"unknown"}},{"type":"Feature","geometry":{"type":"Point","coordinates":[-84.56585,33.64317]},"properties":{"probability":0.184,"inBuffer":false,"facType":"unknown"}},{"type":"Feature","geometry":{"type":"Point","coordinates":[-84.56047,33.64306]},"properties":{"probability":0.194,"inBuffer":false,"facType":"unknown"}},{"type":"Feature","geometry":{"type":"Point","coordinates":[-84.55508,33.64296]},"properties":{"probability":0.184,"inBuffer":false,"facType":"unknown"}},{"type":"Feature","geometry":{"type":"Point","coordinates":[-84.54969,33.64285]},"properties":{"probability":0.182,"inBuffer":false,"facType":"unknown"}},{"type":"Feature","geometry":{"type":"Point","coordinates":[-84.54431,33.64274]},"properties":{"probability":0.182,"inBuffer":false,"facType":"unknown"}},{"type":"Feature","geometry":{"type":"Point","coordinates":[-84.53892,33.64263]},"properties":{"probability":0.182,"inBuffer":false,"facType":"unknown"}},{"type":"Feature","geometry":{"type":"Point","coordinates":[-84.53353,33.64253]},"properties":{"probability":0.124,"inBuffer":false,"facType":"unknown"}},{"type":"Feature","geometry":{"type":"Point","coordinates":[-84.52815,33.64242]},"properties":{"probability":0.242,"inBuffer":false,"facType":"unknown"}},{"type":"Feature","geometry":{"type":"Point","coordinates":[-84.52276,33.64231]},"properties":{"probability":0.234,"inBuffer":false,"facType":"unknown"}},{"type":"Feature","geometry":{"type":"Point","coordinates":[-84.51737,33.6422]},"properties":{"probability":0.192,"inBuffer":false,"facType":"unknown"}},{"type":"Feature","geometry":{"type":"Point","coordinates":[-84.51199,33.6421]},"properties":{"probability":0.247,"inBuffer":false,"facType":"unknown"}},{"type":"Feature","geometry":{"type":"Point","coordinates":[-84.5066,33.64199]},"properties":{"probability":0.249,"inBuffer":false,"facType":"unknown"}},{"type":"Feature","geometry":{"type":"Point","coordinates":[-84.50121,33.64188]},"properties":{"probability":0.26,"inBuffer":false,"facType":"unknown"}},{"type":"Feature","geometry":{"type":"Point","coordinates":[-84.49583,33.64177]},"properties":{"probability":0.245,"inBuffer":false,"facType":"unknown"}},{"type":"Feature","geometry":{"type":"Point","coordinates":[-84.49044,33.64166]},"properties":{"probability":0.933,"inBuffer":false,"facType":"unknown"}},{"type":"Feature","geometry":{"type":"Point","coordinates":[-84.48505,33.64155]},"properties":{"probability":0.196,"inBuffer":false,"facType":"unknown"}},{"type":"Feature","geometry":{"type":"Point","coordinates":[-84.47428,33.64133]},"properties":{"probability":0.09,"inBuffer":false,"facType":"unknown"}},{"type":"Feature","geometry":{"type":"Point","coordinates":[-84.46889,33.64122]},"properties":{"probability":0.169,"inBuffer":false,"facType":"unknown"}},{"type":"Feature","geometry":{"type":"Point","coordinates":[-84.46351,33.64111]},"properties":{"probability":0.24,"inBuffer":false,"facType":"unknown"}},{"type":"Feature","geometry":{"type":"Point","coordinates":[-84.45812,33.641]},"properties":{"probability":0.314,"inBuffer":false,"facType":"unknown"}},{"type":"Feature","geometry":{"type":"Point","coordinates":[-84.45273,33.64089]},"properties":{"probability":0.959,"inBuffer":false,"facType":"unknown"}},{"type":"Feature","geometry":{"type":"Point","coordinates":[-84.44735,33.64078]},"properties":{"probability":0.958,"inBuffer":false,"facType":"unknown"}},{"type":"Feature","geometry":{"type":"Point","coordinates":[-84.44196,33.64067]},"properties":{"probability":0.374,"inBuffer":false,"facType":"unknown"}},{"type":"Feature","geometry":{"type":"Point","coordinates":[-84.43658,33.64055]},"properties":{"probability":0.47,"inBuffer":false,"facType":"unknown"}},{"type":"Feature","geometry":{"type":"Point","coordinates":[-84.43119,33.64044]},"properties":{"probability":0.957,"inBuffer":false,"facType":"unknown"}},{"type":"Feature","geometry":{"type":"Point","coordinates":[-84.4258,33.64033]},"properties":{"probability":0.958,"inBuffer":false,"facType":"unknown"}},{"type":"Feature","geometry":{"type":"Point","coordinates":[-84.42042,33.64022]},"properties":{"probability":0.742,"inBuffer":false,"facType":"unknown"}},{"type":"Feature","geometry":{"type":"Point","coordinates":[-84.41503,33.64011]},"properties":{"probability":0.689,"inBuffer":false,"facType":"unknown"}},{"type":"Feature","geometry":{"type":"Point","coordinates":[-84.40964,33.63999]},"properties":{"probability":0.736,"inBuffer":false,"facType":"unknown"}},{"type":"Feature","geometry":{"type":"Point","coordinates":[-84.40426,33.63988]},"properties":{"probability":0.956,"inBuffer":false,"facType":"unknown"}},{"type":"Feature","geometry":{"type":"Point","coordinates":[-84.39887,33.63977]},"properties":{"probability":0.636,"inBuffer":false,"facType":"unknown"}},{"type":"Feature","geometry":{"type":"Point","coordinates":[-84.39349,33.63965]},"properties":{"probability":0.632,"inBuffer":false,"facType":"unknown"}},{"type":"Feature","geometry":{"type":"Point","coordinates":[-84.3881,33.63954]},"properties":{"probability":0.938,"inBuffer":false,"facType":"unknown"}},{"type":"Feature","geometry":{"type":"Point","coordinates":[-84.38271,33.63942]},"properties":{"probability":0.907,"inBuffer":false,"facType":"unknown"}},{"type":"Feature","geometry":{"type":"Point","coordinates":[-84.37733,33.63931]},"properties":{"probability":0.199,"inBuffer":false,"facType":"unknown"}},{"type":"Feature","geometry":{"type":"Point","coordinates":[-84.37194,33.6392]},"properties":{"probability":0.202,"inBuffer":false,"facType":"unknown"}},{"type":"Feature","geometry":{"type":"Point","coordinates":[-84.36656,33.63908]},"properties":{"probability":0.237,"inBuffer":false,"facType":"unknown"}},{"type":"Feature","geometry":{"type":"Point","coordinates":[-84.36117,33.63897]},"properties":{"probability":0.258,"inBuffer":false,"facType":"unknown"}},{"type":"Feature","geometry":{"type":"Point","coordinates":[-84.35578,33.63885]},"properties":{"probability":0.454,"inBuffer":false,"facType":"unknown"}},{"type":"Feature","geometry":{"type":"Point","coordinates":[-84.3504,33.63874]},"properties":{"probability":0.321,"inBuffer":false,"facType":"unknown"}},{"type":"Feature","geometry":{"type":"Point","coordinates":[-84.34501,33.63862]},"properties":{"probability":0.151,"inBuffer":false,"facType":"unknown"}},{"type":"Feature","geometry":{"type":"Point","coordinates":[-84.32886,33.63827]},"properties":{"probability":0.158,"inBuffer":false,"facType":"unknown"}},{"type":"Feature","geometry":{"type":"Point","coordinates":[-84.32347,33.63816]},"properties":{"probability":0.164,"inBuffer":false,"facType":"unknown"}},{"type":"Feature","geometry":{"type":"Point","coordinates":[-84.31808,33.63804]},"properties":{"probability":0.142,"inBuffer":false,"facType":"unknown"}},{"type":"Feature","geometry":{"type":"Point","coordinates":[-84.3127,33.63792]},"properties":{"probability":0.106,"inBuffer":false,"facType":"unknown"}},{"type":"Feature","geometry":{"type":"Point","coordinates":[-84.30731,33.6378]},"properties":{"probability":0.062,"inBuffer":false,"facType":"unknown"}},{"type":"Feature","geometry":{"type":"Point","coordinates":[-84.30193,33.63769]},"properties":{"probability":0.053,"inBuffer":false,"facType":"unknown"}},{"type":"Feature","geometry":{"type":"Point","coordinates":[-84.29116,33.63745]},"properties":{"probability":0.148,"inBuffer":false,"facType":"unknown"}},{"type":"Feature","geometry":{"type":"Point","coordinates":[-84.28577,33.63733]},"properties":{"probability":0.101,"inBuffer":false,"facType":"unknown"}},{"type":"Feature","geometry":{"type":"Point","coordinates":[-84.56598,33.63866]},"properties":{"probability":0.182,"inBuffer":false,"facType":"unknown"}},{"type":"Feature","geometry":{"type":"Point","coordinates":[-84.5606,33.63856]},"properties":{"probability":0.183,"inBuffer":false,"facType":"unknown"}},{"type":"Feature","geometry":{"type":"Point","coordinates":[-84.55521,33.63845]},"properties":{"probability":0.181,"inBuffer":false,"facType":"unknown"}},{"type":"Feature","geometry":{"type":"Point","coordinates":[-84.54982,33.63834]},"properties":{"probability":0.182,"inBuffer":false,"facType":"unknown"}},{"type":"Feature","geometry":{"type":"Point","coordinates":[-84.54444,33.63824]},"properties":{"probability":0.183,"inBuffer":false,"facType":"unknown"}},{"type":"Feature","geometry":{"type":"Point","coordinates":[-84.53905,33.63813]},"properties":{"probability":0.182,"inBuffer":false,"facType":"unknown"}},{"type":"Feature","geometry":{"type":"Point","coordinates":[-84.53366,33.63802]},"properties":{"probability":0.121,"inBuffer":false,"facType":"unknown"}},{"type":"Feature","geometry":{"type":"Point","coordinates":[-84.52828,33.63791]},"properties":{"probability":0.231,"inBuffer":false,"facType":"unknown"}},{"type":"Feature","geometry":{"type":"Point","coordinates":[-84.52289,33.63781]},"properties":{"probability":0.24,"inBuffer":false,"facType":"unknown"}},{"type":"Feature","geometry":{"type":"Point","coordinates":[-84.5175,33.6377]},"properties":{"probability":0.192,"inBuffer":false,"facType":"unknown"}},{"type":"Feature","geometry":{"type":"Point","coordinates":[-84.51212,33.63759]},"properties":{"probability":0.241,"inBuffer":false,"facType":"unknown"}},{"type":"Feature","geometry":{"type":"Point","coordinates":[-84.50673,33.63748]},"properties":{"probability":0.235,"inBuffer":false,"facType":"unknown"}},{"type":"Feature","geometry":{"type":"Point","coordinates":[-84.50134,33.63737]},"properties":{"probability":0.249,"inBuffer":false,"facType":"unknown"}},{"type":"Feature","geometry":{"type":"Point","coordinates":[-84.49596,33.63726]},"properties":{"probability":0.258,"inBuffer":false,"facType":"unknown"}},{"type":"Feature","geometry":{"type":"Point","coordinates":[-84.49057,33.63715]},"properties":{"probability":0.264,"inBuffer":false,"facType":"unknown"}},{"type":"Feature","geometry":{"type":"Point","coordinates":[-84.48518,33.63704]},"properties":{"probability":0.182,"inBuffer":false,"facType":"unknown"}},{"type":"Feature","geometry":{"type":"Point","coordinates":[-84.4798,33.63693]},"properties":{"probability":0.144,"inBuffer":false,"facType":"unknown"}},{"type":"Feature","geometry":{"type":"Point","coordinates":[-84.47441,33.63683]},"properties":{"probability":0.095,"inBuffer":false,"facType":"unknown"}},{"type":"Feature","geometry":{"type":"Point","coordinates":[-84.46903,33.63671]},"properties":{"probability":0.176,"inBuffer":false,"facType":"unknown"}},{"type":"Feature","geometry":{"type":"Point","coordinates":[-84.46364,33.6366]},"properties":{"probability":0.458,"inBuffer":false,"facType":"unknown"}},{"type":"Feature","geometry":{"type":"Point","coordinates":[-84.45825,33.63649]},"properties":{"probability":0.278,"inBuffer":false,"facType":"unknown"}},{"type":"Feature","geometry":{"type":"Point","coordinates":[-84.45287,33.63638]},"properties":{"probability":0.957,"inBuffer":false,"facType":"unknown"}},{"type":"Feature","geometry":{"type":"Point","coordinates":[-84.44748,33.63627]},"properties":{"probability":0.957,"inBuffer":false,"facType":"unknown"}},{"type":"Feature","geometry":{"type":"Point","coordinates":[-84.4421,33.63616]},"properties":{"probability":0.958,"inBuffer":false,"facType":"unknown"}},{"type":"Feature","geometry":{"type":"Point","coordinates":[-84.43671,33.63605]},"properties":{"probability":0.337,"inBuffer":false,"facType":"unknown"}},{"type":"Feature","geometry":{"type":"Point","coordinates":[-84.43132,33.63594]},"properties":{"probability":0.956,"inBuffer":false,"facType":"unknown"}},{"type":"Feature","geometry":{"type":"Point","coordinates":[-84.42594,33.63582]},"properties":{"probability":0.958,"inBuffer":false,"facType":"unknown"}},{"type":"Feature","geometry":{"type":"Point","coordinates":[-84.42055,33.63571]},"properties":{"probability":0.955,"inBuffer":false,"facType":"unknown"}},{"type":"Feature","geometry":{"type":"Point","coordinates":[-84.41517,33.6356]},"properties":{"probability":0.195,"inBuffer":false,"facType":"unknown"}},{"type":"Feature","geometry":{"type":"Point","coordinates":[-84.40978,33.63549]},"properties":{"probability":0.656,"inBuffer":false,"facType":"unknown"}},{"type":"Feature","geometry":{"type":"Point","coordinates":[-84.40439,33.63537]},"properties":{"probability":0.644,"inBuffer":false,"facType":"unknown"}},{"type":"Feature","geometry":{"type":"Point","coordinates":[-84.39901,33.63526]},"properties":{"probability":0.599,"inBuffer":false,"facType":"unknown"}},{"type":"Feature","geometry":{"type":"Point","coordinates":[-84.39362,33.63515]},"properties":{"probability":0.635,"inBuffer":false,"facType":"unknown"}},{"type":"Feature","geometry":{"type":"Point","coordinates":[-84.38824,33.63503]},"properties":{"probability":0.949,"inBuffer":false,"facType":"unknown"}},{"type":"Feature","geometry":{"type":"Point","coordinates":[-84.38285,33.63492]},"properties":{"probability":0.944,"inBuffer":false,"facType":"unknown"}},{"type":"Feature","geometry":{"type":"Point","coordinates":[-84.37746,33.63481]},"properties":{"probability":0.24,"inBuffer":false,"facType":"unknown"}},{"type":"Feature","geometry":{"type":"Point","coordinates":[-84.37208,33.63469]},"properties":{"probability":0.182,"inBuffer":false,"facType":"unknown"}},{"type":"Feature","geometry":{"type":"Point","coordinates":[-84.36669,33.63458]},"properties":{"probability":0.188,"inBuffer":false,"facType":"unknown"}},{"type":"Feature","geometry":{"type":"Point","coordinates":[-84.36131,33.63446]},"properties":{"probability":0.943,"inBuffer":false,"facType":"unknown"}},{"type":"Feature","geometry":{"type":"Point","coordinates":[-84.35592,33.63435]},"properties":{"probability":0.939,"inBuffer":false,"facType":"unknown"}},{"type":"Feature","geometry":{"type":"Point","coordinates":[-84.35054,33.63423]},"properties":{"probability":0.891,"inBuffer":false,"facType":"unknown"}},{"type":"Feature","geometry":{"type":"Point","coordinates":[-84.32899,33.63377]},"properties":{"probability":0.183,"inBuffer":false,"facType":"unknown"}},{"type":"Feature","geometry":{"type":"Point","coordinates":[-84.32361,33.63365]},"properties":{"probability":0.129,"inBuffer":false,"facType":"unknown"}},{"type":"Feature","geometry":{"type":"Point","coordinates":[-84.31822,33.63353]},"properties":{"probability":0.163,"inBuffer":false,"facType":"unknown"}},{"type":"Feature","geometry":{"type":"Point","coordinates":[-84.31284,33.63342]},"properties":{"probability":0.16,"inBuffer":false,"facType":"unknown"}},{"type":"Feature","geometry":{"type":"Point","coordinates":[-84.30745,33.6333]},"properties":{"probability":0.157,"inBuffer":false,"facType":"unknown"}},{"type":"Feature","geometry":{"type":"Point","coordinates":[-84.30207,33.63318]},"properties":{"probability":0.135,"inBuffer":false,"facType":"unknown"}},{"type":"Feature","geometry":{"type":"Point","coordinates":[-84.29668,33.63306]},"properties":{"probability":0.156,"inBuffer":false,"facType":"unknown"}},{"type":"Feature","geometry":{"type":"Point","coordinates":[-84.2913,33.63295]},"properties":{"probability":0.139,"inBuffer":false,"facType":"unknown"}},{"type":"Feature","geometry":{"type":"Point","coordinates":[-84.28591,33.63283]},"properties":{"probability":0.1,"inBuffer":false,"facType":"unknown"}},{"type":"Feature","geometry":{"type":"Point","coordinates":[-84.21591,33.63127]},"properties":{"probability":0.124,"inBuffer":false,"facType":"unknown"}},{"type":"Feature","geometry":{"type":"Point","coordinates":[-84.56611,33.63416]},"properties":{"probability":0.182,"inBuffer":false,"facType":"unknown"}},{"type":"Feature","geometry":{"type":"Point","coordinates":[-84.56072,33.63405]},"properties":{"probability":0.181,"inBuffer":false,"facType":"unknown"}},{"type":"Feature","geometry":{"type":"Point","coordinates":[-84.55534,33.63394]},"properties":{"probability":0.182,"inBuffer":false,"facType":"unknown"}},{"type":"Feature","geometry":{"type":"Point","coordinates":[-84.54995,33.63384]},"properties":{"probability":0.181,"inBuffer":false,"facType":"unknown"}},{"type":"Feature","geometry":{"type":"Point","coordinates":[-84.54456,33.63373]},"properties":{"probability":0.181,"inBuffer":false,"facType":"unknown"}},{"type":"Feature","geometry":{"type":"Point","coordinates":[-84.53918,33.63362]},"properties":{"probability":0.18,"inBuffer":false,"facType":"unknown"}},{"type":"Feature","geometry":{"type":"Point","coordinates":[-84.53379,33.63352]},"properties":{"probability":0.124,"inBuffer":false,"facType":"unknown"}},{"type":"Feature","geometry":{"type":"Point","coordinates":[-84.5284,33.63341]},"properties":{"probability":0.205,"inBuffer":false,"facType":"unknown"}},{"type":"Feature","geometry":{"type":"Point","coordinates":[-84.52302,33.6333]},"properties":{"probability":0.156,"inBuffer":false,"facType":"unknown"}},{"type":"Feature","geometry":{"type":"Point","coordinates":[-84.51763,33.63319]},"properties":{"probability":0.126,"inBuffer":false,"facType":"unknown"}},{"type":"Feature","geometry":{"type":"Point","coordinates":[-84.51225,33.63308]},"properties":{"probability":0.124,"inBuffer":false,"facType":"unknown"}},{"type":"Feature","geometry":{"type":"Point","coordinates":[-84.50686,33.63298]},"properties":{"probability":0.17,"inBuffer":false,"facType":"unknown"}},{"type":"Feature","geometry":{"type":"Point","coordinates":[-84.50147,33.63287]},"properties":{"probability":0.194,"inBuffer":false,"facType":"unknown"}},{"type":"Feature","geometry":{"type":"Point","coordinates":[-84.49609,33.63276]},"properties":{"probability":0.242,"inBuffer":false,"facType":"unknown"}},{"type":"Feature","geometry":{"type":"Point","coordinates":[-84.4907,33.63265]},"properties":{"probability":0.242,"inBuffer":false,"facType":"unknown"}},{"type":"Feature","geometry":{"type":"Point","coordinates":[-84.48532,33.63254]},"properties":{"probability":0.199,"inBuffer":false,"facType":"unknown"}},{"type":"Feature","geometry":{"type":"Point","coordinates":[-84.47993,33.63243]},"properties":{"probability":0.062,"inBuffer":false,"facType":"unknown"}},{"type":"Feature","geometry":{"type":"Point","coordinates":[-84.47454,33.63232]},"properties":{"probability":0.109,"inBuffer":false,"facType":"unknown"}},{"type":"Feature","geometry":{"type":"Point","coordinates":[-84.46916,33.63221]},"properties":{"probability":0.639,"inBuffer":false,"facType":"unknown"}},{"type":"Feature","geometry":{"type":"Point","coordinates":[-84.46377,33.6321]},"properties":{"probability":0.65,"inBuffer":false,"facType":"unknown"}},{"type":"Feature","geometry":{"type":"Point","coordinates":[-84.45839,33.63199]},"properties":{"probability":0.6,"inBuffer":false,"facType":"unknown"}},{"type":"Feature","geometry":{"type":"Point","coordinates":[-84.453,33.63188]},"properties":{"probability":0.955,"inBuffer":false,"facType":"unknown"}},{"type":"Feature","geometry":{"type":"Point","coordinates":[-84.44761,33.63177]},"properties":{"probability":0.947,"inBuffer":false,"facType":"unknown"}},{"type":"Feature","geometry":{"type":"Point","coordinates":[-84.44223,33.63166]},"properties":{"probability":0.246,"inBuffer":false,"facType":"unknown"}},{"type":"Feature","geometry":{"type":"Point","coordinates":[-84.43684,33.63154]},"properties":{"probability":0.949,"inBuffer":false,"facType":"unknown"}},{"type":"Feature","geometry":{"type":"Point","coordinates":[-84.43146,33.63143]},"properties":{"probability":0.951,"inBuffer":false,"facType":"unknown"}},{"type":"Feature","geometry":{"type":"Point","coordinates":[-84.42607,33.63132]},"properties":{"probability":0.952,"inBuffer":false,"facType":"unknown"}},{"type":"Feature","geometry":{"type":"Point","coordinates":[-84.42069,33.63121]},"properties":{"probability":0.421,"inBuffer":false,"facType":"unknown"}},{"type":"Feature","geometry":{"type":"Point","coordinates":[-84.4153,33.63109]},"properties":{"probability":0.438,"inBuffer":false,"facType":"unknown"}},{"type":"Feature","geometry":{"type":"Point","coordinates":[-84.40991,33.63098]},"properties":{"probability":0.099,"inBuffer":false,"facType":"unknown"}},{"type":"Feature","geometry":{"type":"Point","coordinates":[-84.40453,33.63087]},"properties":{"probability":0.103,"inBuffer":false,"facType":"unknown"}},{"type":"Feature","geometry":{"type":"Point","coordinates":[-84.39914,33.63076]},"properties":{"probability":0.17,"inBuffer":false,"facType":"unknown"}},{"type":"Feature","geometry":{"type":"Point","coordinates":[-84.39376,33.63064]},"properties":{"probability":0.271,"inBuffer":false,"facType":"unknown"}},{"type":"Feature","geometry":{"type":"Point","coordinates":[-84.38837,33.63053]},"properties":{"probability":0.956,"inBuffer":false,"facType":"unknown"}},{"type":"Feature","geometry":{"type":"Point","coordinates":[-84.38299,33.63041]},"properties":{"probability":0.274,"inBuffer":false,"facType":"unknown"}},{"type":"Feature","geometry":{"type":"Point","coordinates":[-84.3776,33.6303]},"properties":{"probability":0.229,"inBuffer":false,"facType":"unknown"}},{"type":"Feature","geometry":{"type":"Point","coordinates":[-84.36683,33.63007]},"properties":{"probability":0.168,"inBuffer":false,"facType":"unknown"}},{"type":"Feature","geometry":{"type":"Point","coordinates":[-84.36145,33.62996]},"properties":{"probability":0.933,"inBuffer":false,"facType":"unknown"}},{"type":"Feature","geometry":{"type":"Point","coordinates":[-84.35606,33.62984]},"properties":{"probability":0.939,"inBuffer":false,"facType":"unknown"}},{"type":"Feature","geometry":{"type":"Point","coordinates":[-84.35067,33.62973]},"properties":{"probability":0.899,"inBuffer":false,"facType":"unknown"}},{"type":"Feature","geometry":{"type":"Point","coordinates":[-84.34529,33.62961]},"properties":{"probability":0.142,"inBuffer":false,"facType":"unknown"}},{"type":"Feature","geometry":{"type":"Point","coordinates":[-84.32913,33.62926]},"properties":{"probability":0.451,"inBuffer":false,"facType":"unknown"}},{"type":"Feature","geometry":{"type":"Point","coordinates":[-84.32375,33.62915]},"properties":{"probability":0.649,"inBuffer":false,"facType":"unknown"}},{"type":"Feature","geometry":{"type":"Point","coordinates":[-84.31836,33.62903]},"properties":{"probability":0.174,"inBuffer":false,"facType":"unknown"}},{"type":"Feature","geometry":{"type":"Point","coordinates":[-84.31298,33.62891]},"properties":{"probability":0.16,"inBuffer":false,"facType":"unknown"}},{"type":"Feature","geometry":{"type":"Point","coordinates":[-84.30759,33.6288]},"properties":{"probability":0.141,"inBuffer":false,"facType":"unknown"}},{"type":"Feature","geometry":{"type":"Point","coordinates":[-84.30221,33.62868]},"properties":{"probability":0.141,"inBuffer":false,"facType":"unknown"}},{"type":"Feature","geometry":{"type":"Point","coordinates":[-84.29682,33.62856]},"properties":{"probability":0.165,"inBuffer":false,"facType":"unknown"}},{"type":"Feature","geometry":{"type":"Point","coordinates":[-84.29144,33.62844]},"properties":{"probability":0.148,"inBuffer":false,"facType":"unknown"}},{"type":"Feature","geometry":{"type":"Point","coordinates":[-84.28605,33.62832]},"properties":{"probability":0.092,"inBuffer":false,"facType":"unknown"}},{"type":"Feature","geometry":{"type":"Point","coordinates":[-84.23221,33.62713]},"properties":{"probability":0.12,"inBuffer":false,"facType":"unknown"}},{"type":"Feature","geometry":{"type":"Point","coordinates":[-84.22682,33.62701]},"properties":{"probability":0.123,"inBuffer":false,"facType":"unknown"}},{"type":"Feature","geometry":{"type":"Point","coordinates":[-84.22144,33.62689]},"properties":{"probability":0.124,"inBuffer":false,"facType":"unknown"}},{"type":"Feature","geometry":{"type":"Point","coordinates":[-84.21605,33.62677]},"properties":{"probability":0.124,"inBuffer":false,"facType":"unknown"}},{"type":"Feature","geometry":{"type":"Point","coordinates":[-84.56624,33.62965]},"properties":{"probability":0.192,"inBuffer":false,"facType":"unknown"}},{"type":"Feature","geometry":{"type":"Point","coordinates":[-84.56085,33.62955]},"properties":{"probability":0.183,"inBuffer":false,"facType":"unknown"}},{"type":"Feature","geometry":{"type":"Point","coordinates":[-84.55546,33.62944]},"properties":{"probability":0.181,"inBuffer":false,"facType":"unknown"}},{"type":"Feature","geometry":{"type":"Point","coordinates":[-84.55008,33.62933]},"properties":{"probability":0.182,"inBuffer":false,"facType":"unknown"}},{"type":"Feature","geometry":{"type":"Point","coordinates":[-84.54469,33.62923]},"properties":{"probability":0.182,"inBuffer":false,"facType":"unknown"}},{"type":"Feature","geometry":{"type":"Point","coordinates":[-84.53931,33.62912]},"properties":{"probability":0.297,"inBuffer":false,"facType":"unknown"}},{"type":"Feature","geometry":{"type":"Point","coordinates":[-84.53392,33.62901]},"properties":{"probability":0.235,"inBuffer":false,"facType":"unknown"}},{"type":"Feature","geometry":{"type":"Point","coordinates":[-84.52853,33.6289]},"properties":{"probability":0.217,"inBuffer":false,"facType":"unknown"}},{"type":"Feature","geometry":{"type":"Point","coordinates":[-84.52315,33.6288]},"properties":{"probability":0.172,"inBuffer":false,"facType":"unknown"}},{"type":"Feature","geometry":{"type":"Point","coordinates":[-84.51776,33.62869]},"properties":{"probability":0.121,"inBuffer":false,"facType":"unknown"}},{"type":"Feature","geometry":{"type":"Point","coordinates":[-84.51238,33.62858]},"properties":{"probability":0.126,"inBuffer":false,"facType":"unknown"}},{"type":"Feature","geometry":{"type":"Point","coordinates":[-84.50699,33.62847]},"properties":{"probability":0.18,"inBuffer":false,"facType":"unknown"}},{"type":"Feature","geometry":{"type":"Point","coordinates":[-84.5016,33.62836]},"properties":{"probability":0.198,"inBuffer":false,"facType":"unknown"}},{"type":"Feature","geometry":{"type":"Point","coordinates":[-84.49622,33.62825]},"properties":{"probability":0.23,"inBuffer":false,"facType":"unknown"}},{"type":"Feature","geometry":{"type":"Point","coordinates":[-84.49083,33.62814]},"properties":{"probability":0.252,"inBuffer":false,"facType":"unknown"}},{"type":"Feature","geometry":{"type":"Point","coordinates":[-84.48545,33.62803]},"properties":{"probability":0.247,"inBuffer":false,"facType":"unknown"}},{"type":"Feature","geometry":{"type":"Point","coordinates":[-84.48006,33.62792]},"properties":{"probability":0.247,"inBuffer":false,"facType":"unknown"}},{"type":"Feature","geometry":{"type":"Point","coordinates":[-84.47468,33.62781]},"properties":{"probability":0.264,"inBuffer":false,"facType":"unknown"}},{"type":"Feature","geometry":{"type":"Point","coordinates":[-84.46929,33.6277]},"properties":{"probability":0.956,"inBuffer":false,"facType":"unknown"}},{"type":"Feature","geometry":{"type":"Point","coordinates":[-84.4639,33.62759]},"properties":{"probability":0.652,"inBuffer":false,"facType":"unknown"}},{"type":"Feature","geometry":{"type":"Point","coordinates":[-84.45852,33.62748]},"properties":{"probability":0.592,"inBuffer":false,"facType":"unknown"}},{"type":"Feature","geometry":{"type":"Point","coordinates":[-84.45313,33.62737]},"properties":{"probability":0.172,"inBuffer":false,"facType":"unknown"}},{"type":"Feature","geometry":{"type":"Point","coordinates":[-84.44775,33.62726]},"properties":{"probability":0.142,"inBuffer":false,"facType":"unknown"}},{"type":"Feature","geometry":{"type":"Point","coordinates":[-84.44236,33.62715]},"properties":{"probability":0.238,"inBuffer":false,"facType":"unknown"}},{"type":"Feature","geometry":{"type":"Point","coordinates":[-84.43698,33.62704]},"properties":{"probability":0.952,"inBuffer":false,"facType":"unknown"}},{"type":"Feature","geometry":{"type":"Point","coordinates":[-84.43159,33.62693]},"properties":{"probability":0.956,"inBuffer":false,"facType":"unknown"}},{"type":"Feature","geometry":{"type":"Point","coordinates":[-84.42621,33.62681]},"properties":{"probability":0.958,"inBuffer":false,"facType":"unknown"}},{"type":"Feature","geometry":{"type":"Point","coordinates":[-84.42082,33.6267]},"properties":{"probability":0.454,"inBuffer":false,"facType":"unknown"}},{"type":"Feature","geometry":{"type":"Point","coordinates":[-84.41543,33.62659]},"properties":{"probability":0.481,"inBuffer":false,"facType":"unknown"}},{"type":"Feature","geometry":{"type":"Point","coordinates":[-84.41005,33.62648]},"properties":{"probability":0.351,"inBuffer":false,"facType":"unknown"}},{"type":"Feature","geometry":{"type":"Point","coordinates":[-84.40466,33.62636]},"properties":{"probability":0.28,"inBuffer":false,"facType":"unknown"}},{"type":"Feature","geometry":{"type":"Point","coordinates":[-84.39928,33.62625]},"properties":{"probability":0.281,"inBuffer":false,"facType":"unknown"}},{"type":"Feature","geometry":{"type":"Point","coordinates":[-84.39389,33.62614]},"properties":{"probability":0.283,"inBuffer":false,"facType":"unknown"}},{"type":"Feature","geometry":{"type":"Point","coordinates":[-84.38851,33.62602]},"properties":{"probability":0.272,"inBuffer":false,"facType":"unknown"}},{"type":"Feature","geometry":{"type":"Point","coordinates":[-84.38312,33.62591]},"properties":{"probability":0.158,"inBuffer":false,"facType":"unknown"}},{"type":"Feature","geometry":{"type":"Point","coordinates":[-84.37774,33.6258]},"properties":{"probability":0.1,"inBuffer":false,"facType":"unknown"}},{"type":"Feature","geometry":{"type":"Point","coordinates":[-84.36697,33.62557]},"properties":{"probability":0.305,"inBuffer":false,"facType":"unknown"}},{"type":"Feature","geometry":{"type":"Point","coordinates":[-84.36158,33.62545]},"properties":{"probability":0.282,"inBuffer":false,"facType":"unknown"}},{"type":"Feature","geometry":{"type":"Point","coordinates":[-84.3562,33.62534]},"properties":{"probability":0.943,"inBuffer":false,"facType":"unknown"}},{"type":"Feature","geometry":{"type":"Point","coordinates":[-84.35081,33.62522]},"properties":{"probability":0.241,"inBuffer":false,"facType":"unknown"}},{"type":"Feature","geometry":{"type":"Point","coordinates":[-84.34543,33.62511]},"properties":{"probability":0.123,"inBuffer":false,"facType":"unknown"}},{"type":"Feature","geometry":{"type":"Point","coordinates":[-84.34004,33.62499]},"properties":{"probability":0.082,"inBuffer":false,"facType":"unknown"}},{"type":"Feature","geometry":{"type":"Point","coordinates":[-84.33466,33.62487]},"properties":{"probability":0.174,"inBuffer":false,"facType":"unknown"}},{"type":"Feature","geometry":{"type":"Point","coordinates":[-84.32927,33.62476]},"properties":{"probability":0.651,"inBuffer":false,"facType":"unknown"}},{"type":"Feature","geometry":{"type":"Point","coordinates":[-84.32389,33.62464]},"properties":{"probability":0.626,"inBuffer":false,"facType":"unknown"}},{"type":"Feature","geometry":{"type":"Point","coordinates":[-84.3185,33.62452]},"properties":{"probability":0.165,"inBuffer":false,"facType":"unknown"}},{"type":"Feature","geometry":{"type":"Point","coordinates":[-84.31312,33.62441]},"properties":{"probability":0.162,"inBuffer":false,"facType":"unknown"}},{"type":"Feature","geometry":{"type":"Point","coordinates":[-84.30773,33.62429]},"properties":{"probability":0.174,"inBuffer":false,"facType":"unknown"}},{"type":"Feature","geometry":{"type":"Point","coordinates":[-84.30235,33.62417]},"properties":{"probability":0.173,"inBuffer":false,"facType":"unknown"}},{"type":"Feature","geometry":{"type":"Point","coordinates":[-84.29696,33.62406]},"properties":{"probability":0.167,"inBuffer":false,"facType":"unknown"}},{"type":"Feature","geometry":{"type":"Point","coordinates":[-84.29158,33.62394]},"properties":{"probability":0.152,"inBuffer":false,"facType":"unknown"}},{"type":"Feature","geometry":{"type":"Point","coordinates":[-84.2862,33.62382]},"properties":{"probability":0.109,"inBuffer":false,"facType":"unknown"}},{"type":"Feature","geometry":{"type":"Point","coordinates":[-84.25389,33.62311]},"properties":{"probability":0.186,"inBuffer":false,"facType":"unknown"}},{"type":"Feature","geometry":{"type":"Point","coordinates":[-84.2485,33.62299]},"properties":{"probability":0.224,"inBuffer":false,"facType":"unknown"}},{"type":"Feature","geometry":{"type":"Point","coordinates":[-84.24312,33.62287]},"properties":{"probability":0.176,"inBuffer":false,"facType":"unknown"}},{"type":"Feature","geometry":{"type":"Point","coordinates":[-84.23774,33.62275]},"properties":{"probability":0.234,"inBuffer":false,"facType":"unknown"}},{"type":"Feature","geometry":{"type":"Point","coordinates":[-84.23235,33.62263]},"properties":{"probability":0.199,"inBuffer":false,"facType":"unknown"}},{"type":"Feature","geometry":{"type":"Point","coordinates":[-84.22697,33.6225]},"properties":{"probability":0.124,"inBuffer":false,"facType":"unknown"}},{"type":"Feature","geometry":{"type":"Point","coordinates":[-84.22158,33.62238]},"properties":{"probability":0.124,"inBuffer":false,"facType":"unknown"}},{"type":"Feature","geometry":{"type":"Point","coordinates":[-84.2162,33.62226]},"properties":{"probability":0.123,"inBuffer":false,"facType":"unknown"}},{"type":"Feature","geometry":{"type":"Point","coordinates":[-84.56636,33.62515]},"properties":{"probability":0.192,"inBuffer":false,"facType":"unknown"}},{"type":"Feature","geometry":{"type":"Point","coordinates":[-84.56098,33.62504]},"properties":{"probability":0.189,"inBuffer":false,"facType":"unknown"}},{"type":"Feature","geometry":{"type":"Point","coordinates":[-84.55559,33.62493]},"properties":{"probability":0.266,"inBuffer":false,"facType":"unknown"}},{"type":"Feature","geometry":{"type":"Point","coordinates":[-84.5502,33.62483]},"properties":{"probability":0.291,"inBuffer":false,"facType":"unknown"}},{"type":"Feature","geometry":{"type":"Point","coordinates":[-84.54482,33.62472]},"properties":{"probability":0.388,"inBuffer":false,"facType":"unknown"}},{"type":"Feature","geometry":{"type":"Point","coordinates":[-84.53943,33.62461]},"properties":{"probability":0.38,"inBuffer":false,"facType":"unknown"}},{"type":"Feature","geometry":{"type":"Point","coordinates":[-84.53405,33.62451]},"properties":{"probability":0.251,"inBuffer":false,"facType":"unknown"}},{"type":"Feature","geometry":{"type":"Point","coordinates":[-84.52866,33.6244]},"properties":{"probability":0.221,"inBuffer":false,"facType":"unknown"}},{"type":"Feature","geometry":{"type":"Point","coordinates":[-84.52328,33.62429]},"properties":{"probability":0.165,"inBuffer":false,"facType":"unknown"}},{"type":"Feature","geometry":{"type":"Point","coordinates":[-84.51789,33.62418]},"properties":{"probability":0.134,"inBuffer":false,"facType":"unknown"}},{"type":"Feature","geometry":{"type":"Point","coordinates":[-84.5125,33.62407]},"properties":{"probability":0.153,"inBuffer":false,"facType":"unknown"}},{"type":"Feature","geometry":{"type":"Point","coordinates":[-84.50712,33.62396]},"properties":{"probability":0.245,"inBuffer":false,"facType":"unknown"}},{"type":"Feature","geometry":{"type":"Point","coordinates":[-84.50173,33.62386]},"properties":{"probability":0.252,"inBuffer":false,"facType":"unknown"}},{"type":"Feature","geometry":{"type":"Point","coordinates":[-84.49635,33.62375]},"properties":{"probability":0.247,"inBuffer":false,"facType":"unknown"}},{"type":"Feature","geometry":{"type":"Point","coordinates":[-84.49096,33.62364]},"properties":{"probability":0.251,"inBuffer":false,"facType":"unknown"}},{"type":"Feature","geometry":{"type":"Point","coordinates":[-84.48558,33.62353]},"properties":{"probability":0.248,"inBuffer":false,"facType":"unknown"}},{"type":"Feature","geometry":{"type":"Point","coordinates":[-84.48019,33.62342]},"properties":{"probability":0.249,"inBuffer":false,"facType":"unknown"}},{"type":"Feature","geometry":{"type":"Point","coordinates":[-84.47481,33.62331]},"properties":{"probability":0.271,"inBuffer":false,"facType":"unknown"}},{"type":"Feature","geometry":{"type":"Point","coordinates":[-84.46942,33.6232]},"properties":{"probability":0.955,"inBuffer":false,"facType":"unknown"}},{"type":"Feature","geometry":{"type":"Point","coordinates":[-84.46404,33.62309]},"properties":{"probability":0.957,"inBuffer":false,"facType":"unknown"}},{"type":"Feature","geometry":{"type":"Point","coordinates":[-84.45865,33.62298]},"properties":{"probability":0.957,"inBuffer":false,"facType":"unknown"}},{"type":"Feature","geometry":{"type":"Point","coordinates":[-84.45327,33.62287]},"properties":{"probability":0.56,"inBuffer":false,"facType":"unknown"}},{"type":"Feature","geometry":{"type":"Point","coordinates":[-84.44788,33.62276]},"properties":{"probability":0.46,"inBuffer":false,"facType":"unknown"}},{"type":"Feature","geometry":{"type":"Point","coordinates":[-84.44249,33.62264]},"properties":{"probability":0.062,"inBuffer":false,"facType":"unknown"}},{"type":"Feature","geometry":{"type":"Point","coordinates":[-84.43711,33.62253]},"properties":{"probability":0.224,"inBuffer":false,"facType":"unknown"}},{"type":"Feature","geometry":{"type":"Point","coordinates":[-84.43172,33.62242]},"properties":{"probability":0.508,"inBuffer":false,"facType":"unknown"}},{"type":"Feature","geometry":{"type":"Point","coordinates":[-84.42634,33.62231]},"properties":{"probability":0.174,"inBuffer":false,"facType":"unknown"}},{"type":"Feature","geometry":{"type":"Point","coordinates":[-84.42095,33.6222]},"properties":{"probability":0.589,"inBuffer":false,"facType":"unknown"}},{"type":"Feature","geometry":{"type":"Point","coordinates":[-84.41557,33.62208]},"properties":{"probability":0.405,"inBuffer":false,"facType":"unknown"}},{"type":"Feature","geometry":{"type":"Point","coordinates":[-84.41018,33.62197]},"properties":{"probability":0.125,"inBuffer":false,"facType":"unknown"}},{"type":"Feature","geometry":{"type":"Point","coordinates":[-84.4048,33.62186]},"properties":{"probability":0.945,"inBuffer":false,"facType":"unknown"}},{"type":"Feature","geometry":{"type":"Point","coordinates":[-84.39941,33.62175]},"properties":{"probability":0.958,"inBuffer":false,"facType":"unknown"}},{"type":"Feature","geometry":{"type":"Point","coordinates":[-84.39403,33.62163]},"properties":{"probability":0.291,"inBuffer":false,"facType":"unknown"}},{"type":"Feature","geometry":{"type":"Point","coordinates":[-84.38864,33.62152]},"properties":{"probability":0.223,"inBuffer":false,"facType":"unknown"}},{"type":"Feature","geometry":{"type":"Point","coordinates":[-84.38326,33.6214]},"properties":{"probability":0.178,"inBuffer":false,"facType":"unknown"}},{"type":"Feature","geometry":{"type":"Point","coordinates":[-84.37787,33.62129]},"properties":{"probability":0.159,"inBuffer":false,"facType":"unknown"}},{"type":"Feature","geometry":{"type":"Point","coordinates":[-84.37249,33.62118]},"properties":{"probability":0.458,"inBuffer":false,"facType":"unknown"}},{"type":"Feature","geometry":{"type":"Point","coordinates":[-84.3671,33.62106]},"properties":{"probability":0.497,"inBuffer":false,"facType":"unknown"}},{"type":"Feature","geometry":{"type":"Point","coordinates":[-84.36172,33.62095]},"properties":{"probability":0.544,"inBuffer":false,"facType":"unknown"}},{"type":"Feature","geometry":{"type":"Point","coordinates":[-84.35634,33.62083]},"properties":{"probability":0.162,"inBuffer":false,"facType":"unknown"}},{"type":"Feature","geometry":{"type":"Point","coordinates":[-84.35095,33.62072]},"properties":{"probability":0.25,"inBuffer":false,"facType":"unknown"}},{"type":"Feature","geometry":{"type":"Point","coordinates":[-84.34557,33.6206]},"properties":{"probability":0.202,"inBuffer":false,"facType":"unknown"}},{"type":"Feature","geometry":{"type":"Point","coordinates":[-84.34018,33.62049]},"properties":{"probability":0.161,"inBuffer":false,"facType":"unknown"}},{"type":"Feature","geometry":{"type":"Point","coordinates":[-84.3348,33.62037]},"properties":{"probability":0.18,"inBuffer":false,"facType":"unknown"}},{"type":"Feature","geometry":{"type":"Point","coordinates":[-84.32941,33.62025]},"properties":{"probability":0.184,"inBuffer":false,"facType":"unknown"}},{"type":"Feature","geometry":{"type":"Point","coordinates":[-84.32403,33.62014]},"properties":{"probability":0.099,"inBuffer":false,"facType":"unknown"}},{"type":"Feature","geometry":{"type":"Point","coordinates":[-84.31864,33.62002]},"properties":{"probability":0.156,"inBuffer":false,"facType":"unknown"}},{"type":"Feature","geometry":{"type":"Point","coordinates":[-84.31326,33.6199]},"properties":{"probability":0.165,"inBuffer":false,"facType":"unknown"}},{"type":"Feature","geometry":{"type":"Point","coordinates":[-84.30787,33.61979]},"properties":{"probability":0.207,"inBuffer":false,"facType":"unknown"}},{"type":"Feature","geometry":{"type":"Point","coordinates":[-84.30249,33.61967]},"properties":{"probability":0.2,"inBuffer":false,"facType":"unknown"}},{"type":"Feature","geometry":{"type":"Point","coordinates":[-84.29711,33.61955]},"properties":{"probability":0.162,"inBuffer":false,"facType":"unknown"}},{"type":"Feature","geometry":{"type":"Point","coordinates":[-84.29172,33.61943]},"properties":{"probability":0.156,"inBuffer":false,"facType":"unknown"}},{"type":"Feature","geometry":{"type":"Point","coordinates":[-84.28634,33.61931]},"properties":{"probability":0.101,"inBuffer":false,"facType":"unknown"}},{"type":"Feature","geometry":{"type":"Point","coordinates":[-84.24865,33.61848]},"properties":{"probability":0.236,"inBuffer":false,"facType":"unknown"}},{"type":"Feature","geometry":{"type":"Point","coordinates":[-84.24326,33.61836]},"properties":{"probability":0.253,"inBuffer":false,"facType":"unknown"}},{"type":"Feature","geometry":{"type":"Point","coordinates":[-84.23788,33.61824]},"properties":{"probability":0.254,"inBuffer":false,"facType":"unknown"}},{"type":"Feature","geometry":{"type":"Point","coordinates":[-84.23249,33.61812]},"properties":{"probability":0.179,"inBuffer":false,"facType":"unknown"}},{"type":"Feature","geometry":{"type":"Point","coordinates":[-84.22711,33.618]},"properties":{"probability":0.123,"inBuffer":false,"facType":"unknown"}},{"type":"Feature","geometry":{"type":"Point","coordinates":[-84.22173,33.61788]},"properties":{"probability":0.141,"inBuffer":false,"facType":"unknown"}},{"type":"Feature","geometry":{"type":"Point","coordinates":[-84.21634,33.61776]},"properties":{"probability":0.124,"inBuffer":false,"facType":"unknown"}},{"type":"Feature","geometry":{"type":"Point","coordinates":[-84.56649,33.62064]},"properties":{"probability":0.189,"inBuffer":false,"facType":"unknown"}},{"type":"Feature","geometry":{"type":"Point","coordinates":[-84.5611,33.62053]},"properties":{"probability":0.228,"inBuffer":false,"facType":"unknown"}},{"type":"Feature","geometry":{"type":"Point","coordinates":[-84.55572,33.62043]},"properties":{"probability":0.3,"inBuffer":false,"facType":"unknown"}},{"type":"Feature","geometry":{"type":"Point","coordinates":[-84.55033,33.62032]},"properties":{"probability":0.383,"inBuffer":false,"facType":"unknown"}},{"type":"Feature","geometry":{"type":"Point","coordinates":[-84.54495,33.62021]},"properties":{"probability":0.954,"inBuffer":false,"facType":"unknown"}},{"type":"Feature","geometry":{"type":"Point","coordinates":[-84.53956,33.62011]},"properties":{"probability":0.954,"inBuffer":false,"facType":"unknown"}},{"type":"Feature","geometry":{"type":"Point","coordinates":[-84.53418,33.62]},"properties":{"probability":0.269,"inBuffer":false,"facType":"unknown"}},{"type":"Feature","geometry":{"type":"Point","coordinates":[-84.52879,33.61989]},"properties":{"probability":0.933,"inBuffer":false,"facType":"unknown"}},{"type":"Feature","geometry":{"type":"Point","coordinates":[-84.52341,33.61978]},"properties":{"probability":0.88,"inBuffer":false,"facType":"unknown"}},{"type":"Feature","geometry":{"type":"Point","coordinates":[-84.51802,33.61968]},"properties":{"probability":0.188,"inBuffer":false,"facType":"unknown"}},{"type":"Feature","geometry":{"type":"Point","coordinates":[-84.51263,33.61957]},"properties":{"probability":0.187,"inBuffer":false,"facType":"unknown"}},{"type":"Feature","geometry":{"type":"Point","coordinates":[-84.50725,33.61946]},"properties":{"probability":0.252,"inBuffer":false,"facType":"unknown"}},{"type":"Feature","geometry":{"type":"Point","coordinates":[-84.50186,33.61935]},"properties":{"probability":0.262,"inBuffer":false,"facType":"unknown"}},{"type":"Feature","geometry":{"type":"Point","coordinates":[-84.49648,33.61924]},"properties":{"probability":0.257,"inBuffer":false,"facType":"unknown"}},{"type":"Feature","geometry":{"type":"Point","coordinates":[-84.49109,33.61913]},"properties":{"probability":0.257,"inBuffer":false,"facType":"unknown"}},{"type":"Feature","geometry":{"type":"Point","coordinates":[-84.48571,33.61902]},"properties":{"probability":0.239,"inBuffer":false,"facType":"unknown"}},{"type":"Feature","geometry":{"type":"Point","coordinates":[-84.48032,33.61891]},"properties":{"probability":0.249,"inBuffer":false,"facType":"unknown"}},{"type":"Feature","geometry":{"type":"Point","coordinates":[-84.47494,33.6188]},"properties":{"probability":0.269,"inBuffer":false,"facType":"unknown"}},{"type":"Feature","geometry":{"type":"Point","coordinates":[-84.46955,33.61869]},"properties":{"probability":0.956,"inBuffer":false,"facType":"unknown"}},{"type":"Feature","geometry":{"type":"Point","coordinates":[-84.46417,33.61858]},"properties":{"probability":0.952,"inBuffer":false,"facType":"unknown"}},{"type":"Feature","geometry":{"type":"Point","coordinates":[-84.45878,33.61847]},"properties":{"probability":0.15,"inBuffer":false,"facType":"unknown"}},{"type":"Feature","geometry":{"type":"Point","coordinates":[-84.4534,33.61836]},"properties":{"probability":0.548,"inBuffer":false,"facType":"unknown"}},{"type":"Feature","geometry":{"type":"Point","coordinates":[-84.44801,33.61825]},"properties":{"probability":0.491,"inBuffer":false,"facType":"unknown"}},{"type":"Feature","geometry":{"type":"Point","coordinates":[-84.44263,33.61814]},"properties":{"probability":0.299,"inBuffer":false,"facType":"unknown"}},{"type":"Feature","geometry":{"type":"Point","coordinates":[-84.43724,33.61803]},"properties":{"probability":0.4,"inBuffer":false,"facType":"unknown"}},{"type":"Feature","geometry":{"type":"Point","coordinates":[-84.43186,33.61792]},"properties":{"probability":0.46,"inBuffer":false,"facType":"unknown"}},{"type":"Feature","geometry":{"type":"Point","coordinates":[-84.42647,33.6178]},"properties":{"probability":0.462,"inBuffer":false,"facType":"unknown"}},{"type":"Feature","geometry":{"type":"Point","coordinates":[-84.42109,33.61769]},"properties":{"probability":0.064,"inBuffer":false,"facType":"unknown"}},{"type":"Feature","geometry":{"type":"Point","coordinates":[-84.41032,33.61747]},"properties":{"probability":0.257,"inBuffer":false,"facType":"unknown"}},{"type":"Feature","geometry":{"type":"Point","coordinates":[-84.40493,33.61735]},"properties":{"probability":0.943,"inBuffer":false,"facType":"unknown"}},{"type":"Feature","geometry":{"type":"Point","coordinates":[-84.39955,33.61724]},"properties":{"probability":0.957,"inBuffer":false,"facType":"unknown"}},{"type":"Feature","geometry":{"type":"Point","coordinates":[-84.39416,33.61713]},"properties":{"probability":0.956,"inBuffer":false,"facType":"unknown"}},{"type":"Feature","geometry":{"type":"Point","coordinates":[-84.38878,33.61701]},"properties":{"probability":0.692,"inBuffer":false,"facType":"unknown"}},{"type":"Feature","geometry":{"type":"Point","coordinates":[-84.3834,33.6169]},"properties":{"probability":0.658,"inBuffer":false,"facType":"unknown"}},{"type":"Feature","geometry":{"type":"Point","coordinates":[-84.37801,33.61679]},"properties":{"probability":0.388,"inBuffer":false,"facType":"unknown"}},{"type":"Feature","geometry":{"type":"Point","coordinates":[-84.37263,33.61667]},"properties":{"probability":0.319,"inBuffer":false,"facType":"unknown"}},{"type":"Feature","geometry":{"type":"Point","coordinates":[-84.36724,33.61656]},"properties":{"probability":0.455,"inBuffer":false,"facType":"unknown"}},{"type":"Feature","geometry":{"type":"Point","coordinates":[-84.36186,33.61644]},"properties":{"probability":0.933,"inBuffer":false,"facType":"unknown"}},{"type":"Feature","geometry":{"type":"Point","coordinates":[-84.35647,33.61633]},"properties":{"probability":0.259,"inBuffer":false,"facType":"unknown"}},{"type":"Feature","geometry":{"type":"Point","coordinates":[-84.35109,33.61621]},"properties":{"probability":0.251,"inBuffer":false,"facType":"unknown"}},{"type":"Feature","geometry":{"type":"Point","coordinates":[-84.3457,33.6161]},"properties":{"probability":0.102,"inBuffer":false,"facType":"unknown"}},{"type":"Feature","geometry":{"type":"Point","coordinates":[-84.34032,33.61598]},"properties":{"probability":0.158,"inBuffer":false,"facType":"unknown"}},{"type":"Feature","geometry":{"type":"Point","coordinates":[-84.33494,33.61586]},"properties":{"probability":0.172,"inBuffer":false,"facType":"unknown"}},{"type":"Feature","geometry":{"type":"Point","coordinates":[-84.32955,33.61575]},"properties":{"probability":0.169,"inBuffer":false,"facType":"unknown"}},{"type":"Feature","geometry":{"type":"Point","coordinates":[-84.32417,33.61563]},"properties":{"probability":0.056,"inBuffer":false,"facType":"unknown"}},{"type":"Feature","geometry":{"type":"Point","coordinates":[-84.31878,33.61552]},"properties":{"probability":0.093,"inBuffer":false,"facType":"unknown"}},{"type":"Feature","geometry":{"type":"Point","coordinates":[-84.3134,33.6154]},"properties":{"probability":0.14,"inBuffer":false,"facType":"unknown"}},{"type":"Feature","geometry":{"type":"Point","coordinates":[-84.30801,33.61528]},"properties":{"probability":0.158,"inBuffer":false,"facType":"unknown"}},{"type":"Feature","geometry":{"type":"Point","coordinates":[-84.30263,33.61516]},"properties":{"probability":0.394,"inBuffer":false,"facType":"unknown"}},{"type":"Feature","geometry":{"type":"Point","coordinates":[-84.29725,33.61505]},"properties":{"probability":0.069,"inBuffer":false,"facType":"unknown"}},{"type":"Feature","geometry":{"type":"Point","coordinates":[-84.29186,33.61493]},"properties":{"probability":0.065,"inBuffer":false,"facType":"unknown"}},{"type":"Feature","geometry":{"type":"Point","coordinates":[-84.28648,33.61481]},"properties":{"probability":0.058,"inBuffer":false,"facType":"unknown"}},{"type":"Feature","geometry":{"type":"Point","coordinates":[-84.24341,33.61386]},"properties":{"probability":0.108,"inBuffer":false,"facType":"unknown"}},{"type":"Feature","geometry":{"type":"Point","coordinates":[-84.23802,33.61374]},"properties":{"probability":0.224,"inBuffer":false,"facType":"unknown"}},{"type":"Feature","geometry":{"type":"Point","coordinates":[-84.23264,33.61362]},"properties":{"probability":0.136,"inBuffer":false,"facType":"unknown"}},{"type":"Feature","geometry":{"type":"Point","coordinates":[-84.22726,33.6135]},"properties":{"probability":0.146,"inBuffer":false,"facType":"unknown"}},{"type":"Feature","geometry":{"type":"Point","coordinates":[-84.22187,33.61337]},"properties":{"probability":0.843,"inBuffer":false,"facType":"unknown"}},{"type":"Feature","geometry":{"type":"Point","coordinates":[-84.21649,33.61325]},"properties":{"probability":0.144,"inBuffer":false,"facType":"unknown"}},{"type":"Feature","geometry":{"type":"Point","coordinates":[-84.56662,33.61613]},"properties":{"probability":0.141,"inBuffer":false,"facType":"unknown"}},{"type":"Feature","geometry":{"type":"Point","coordinates":[-84.56123,33.61603]},"properties":{"probability":0.183,"inBuffer":false,"facType":"unknown"}},{"type":"Feature","geometry":{"type":"Point","coordinates":[-84.55585,33.61592]},"properties":{"probability":0.188,"inBuffer":false,"facType":"unknown"}},{"type":"Feature","geometry":{"type":"Point","coordinates":[-84.55046,33.61582]},"properties":{"probability":0.292,"inBuffer":false,"facType":"unknown"}},{"type":"Feature","geometry":{"type":"Point","coordinates":[-84.54507,33.61571]},"properties":{"probability":0.951,"inBuffer":false,"facType":"unknown"}},{"type":"Feature","geometry":{"type":"Point","coordinates":[-84.53969,33.6156]},"properties":{"probability":0.956,"inBuffer":false,"facType":"unknown"}},{"type":"Feature","geometry":{"type":"Point","coordinates":[-84.5343,33.61549]},"properties":{"probability":0.18,"inBuffer":false,"facType":"unknown"}},{"type":"Feature","geometry":{"type":"Point","coordinates":[-84.52892,33.61539]},"properties":{"probability":0.625,"inBuffer":false,"facType":"unknown"}},{"type":"Feature","geometry":{"type":"Point","coordinates":[-84.52353,33.61528]},"properties":{"probability":0.942,"inBuffer":false,"facType":"unknown"}},{"type":"Feature","geometry":{"type":"Point","coordinates":[-84.51815,33.61517]},"properties":{"probability":0.924,"inBuffer":false,"facType":"unknown"}},{"type":"Feature","geometry":{"type":"Point","coordinates":[-84.51276,33.61506]},"properties":{"probability":0.218,"inBuffer":false,"facType":"unknown"}},{"type":"Feature","geometry":{"type":"Point","coordinates":[-84.50738,33.61495]},"properties":{"probability":0.24,"inBuffer":false,"facType":"unknown"}},{"type":"Feature","geometry":{"type":"Point","coordinates":[-84.50199,33.61485]},"properties":{"probability":0.251,"inBuffer":false,"facType":"unknown"}},{"type":"Feature","geometry":{"type":"Point","coordinates":[-84.49661,33.61474]},"properties":{"probability":0.259,"inBuffer":false,"facType":"unknown"}},{"type":"Feature","geometry":{"type":"Point","coordinates":[-84.49122,33.61463]},"properties":{"probability":0.212,"inBuffer":false,"facType":"unknown"}},{"type":"Feature","geometry":{"type":"Point","coordinates":[-84.48584,33.61452]},"properties":{"probability":0.194,"inBuffer":false,"facType":"unknown"}},{"type":"Feature","geometry":{"type":"Point","coordinates":[-84.48045,33.61441]},"properties":{"probability":0.25,"inBuffer":false,"facType":"unknown"}},{"type":"Feature","geometry":{"type":"Point","coordinates":[-84.47507,33.6143]},"properties":{"probability":0.281,"inBuffer":false,"facType":"unknown"}},{"type":"Feature","geometry":{"type":"Point","coordinates":[-84.46968,33.61419]},"properties":{"probability":0.263,"inBuffer":false,"facType":"unknown"}},{"type":"Feature","geometry":{"type":"Point","coordinates":[-84.4643,33.61408]},"properties":{"probability":0.263,"inBuffer":false,"facType":"unknown"}},{"type":"Feature","geometry":{"type":"Point","coordinates":[-84.45892,33.61397]},"properties":{"probability":0.388,"inBuffer":false,"facType":"unknown"}},{"type":"Feature","geometry":{"type":"Point","coordinates":[-84.45353,33.61386]},"properties":{"probability":0.618,"inBuffer":false,"facType":"unknown"}},{"type":"Feature","geometry":{"type":"Point","coordinates":[-84.44815,33.61375]},"properties":{"probability":0.595,"inBuffer":false,"facType":"unknown"}},{"type":"Feature","geometry":{"type":"Point","coordinates":[-84.44276,33.61363]},"properties":{"probability":0.472,"inBuffer":false,"facType":"unknown"}},{"type":"Feature","geometry":{"type":"Point","coordinates":[-84.43738,33.61352]},"properties":{"probability":0.296,"inBuffer":false,"facType":"unknown"}},{"type":"Feature","geometry":{"type":"Point","coordinates":[-84.43199,33.61341]},"properties":{"probability":0.45,"inBuffer":false,"facType":"unknown"}},{"type":"Feature","geometry":{"type":"Point","coordinates":[-84.42661,33.6133]},"properties":{"probability":0.457,"inBuffer":false,"facType":"unknown"}},{"type":"Feature","geometry":{"type":"Point","coordinates":[-84.42122,33.61319]},"properties":{"probability":0.076,"inBuffer":false,"facType":"unknown"}},{"type":"Feature","geometry":{"type":"Point","coordinates":[-84.41045,33.61296]},"properties":{"probability":0.258,"inBuffer":false,"facType":"unknown"}},{"type":"Feature","geometry":{"type":"Point","coordinates":[-84.40507,33.61285]},"properties":{"probability":0.945,"inBuffer":false,"facType":"unknown"}},{"type":"Feature","geometry":{"type":"Point","coordinates":[-84.39968,33.61274]},"properties":{"probability":0.956,"inBuffer":false,"facType":"unknown"}},{"type":"Feature","geometry":{"type":"Point","coordinates":[-84.3943,33.61262]},"properties":{"probability":0.182,"inBuffer":false,"facType":"unknown"}},{"type":"Feature","geometry":{"type":"Point","coordinates":[-84.38892,33.61251]},"properties":{"probability":0.651,"inBuffer":false,"facType":"unknown"}},{"type":"Feature","geometry":{"type":"Point","coordinates":[-84.38353,33.61239]},"properties":{"probability":0.656,"inBuffer":false,"facType":"unknown"}},{"type":"Feature","geometry":{"type":"Point","coordinates":[-84.37815,33.61228]},"properties":{"probability":0.955,"inBuffer":false,"facType":"unknown"}},{"type":"Feature","geometry":{"type":"Point","coordinates":[-84.37276,33.61217]},"properties":{"probability":0.944,"inBuffer":false,"facType":"unknown"}},{"type":"Feature","geometry":{"type":"Point","coordinates":[-84.36738,33.61205]},"properties":{"probability":0.894,"inBuffer":false,"facType":"unknown"}},{"type":"Feature","geometry":{"type":"Point","coordinates":[-84.36199,33.61194]},"properties":{"probability":0.883,"inBuffer":false,"facType":"unknown"}},{"type":"Feature","geometry":{"type":"Point","coordinates":[-84.35661,33.61182]},"properties":{"probability":0.159,"inBuffer":false,"facType":"unknown"}},{"type":"Feature","geometry":{"type":"Point","coordinates":[-84.35123,33.61171]},"properties":{"probability":0.095,"inBuffer":false,"facType":"unknown"}},{"type":"Feature","geometry":{"type":"Point","coordinates":[-84.34584,33.61159]},"properties":{"probability":0.099,"inBuffer":false,"facType":"unknown"}},{"type":"Feature","geometry":{"type":"Point","coordinates":[-84.34046,33.61148]},"properties":{"probability":0.139,"inBuffer":false,"facType":"unknown"}},{"type":"Feature","geometry":{"type":"Point","coordinates":[-84.33507,33.61136]},"properties":{"probability":0.517,"inBuffer":false,"facType":"unknown"}},{"type":"Feature","geometry":{"type":"Point","coordinates":[-84.32969,33.61124]},"properties":{"probability":0.329,"inBuffer":false,"facType":"unknown"}},{"type":"Feature","geometry":{"type":"Point","coordinates":[-84.32431,33.61113]},"properties":{"probability":0.214,"inBuffer":false,"facType":"unknown"}},{"type":"Feature","geometry":{"type":"Point","coordinates":[-84.31892,33.61101]},"properties":{"probability":0.195,"inBuffer":false,"facType":"unknown"}},{"type":"Feature","geometry":{"type":"Point","coordinates":[-84.31354,33.61089]},"properties":{"probability":0.064,"inBuffer":false,"facType":"unknown"}},{"type":"Feature","geometry":{"type":"Point","coordinates":[-84.30815,33.61078]},"properties":{"probability":0.43,"inBuffer":false,"facType":"unknown"}},{"type":"Feature","geometry":{"type":"Point","coordinates":[-84.30277,33.61066]},"properties":{"probability":0.471,"inBuffer":false,"facType":"unknown"}},{"type":"Feature","geometry":{"type":"Point","coordinates":[-84.29739,33.61054]},"properties":{"probability":0.494,"inBuffer":false,"facType":"unknown"}},{"type":"Feature","geometry":{"type":"Point","coordinates":[-84.292,33.61042]},"properties":{"probability":0.103,"inBuffer":false,"facType":"unknown"}},{"type":"Feature","geometry":{"type":"Point","coordinates":[-84.28662,33.61031]},"properties":{"probability":0.055,"inBuffer":false,"facType":"unknown"}},{"type":"Feature","geometry":{"type":"Point","coordinates":[-84.2274,33.60899]},"properties":{"probability":0.878,"inBuffer":false,"facType":"unknown"}},{"type":"Feature","geometry":{"type":"Point","coordinates":[-84.22202,33.60887]},"properties":{"probability":0.869,"inBuffer":false,"facType":"unknown"}},{"type":"Feature","geometry":{"type":"Point","coordinates":[-84.21663,33.60875]},"properties":{"probability":0.841,"inBuffer":false,"facType":"unknown"}},{"type":"Feature","geometry":{"type":"Point","coordinates":[-84.56136,33.61152]},"properties":{"probability":0.135,"inBuffer":false,"facType":"unknown"}},{"type":"Feature","geometry":{"type":"Point","coordinates":[-84.55597,33.61142]},"properties":{"probability":0.141,"inBuffer":false,"facType":"unknown"}},{"type":"Feature","geometry":{"type":"Point","coordinates":[-84.55059,33.61131]},"properties":{"probability":0.3,"inBuffer":false,"facType":"unknown"}},{"type":"Feature","geometry":{"type":"Point","coordinates":[-84.5452,33.6112]},"properties":{"probability":0.931,"inBuffer":false,"facType":"unknown"}},{"type":"Feature","geometry":{"type":"Point","coordinates":[-84.53982,33.6111]},"properties":{"probability":0.956,"inBuffer":false,"facType":"unknown"}},{"type":"Feature","geometry":{"type":"Point","coordinates":[-84.53443,33.61099]},"properties":{"probability":0.374,"inBuffer":false,"facType":"unknown"}},{"type":"Feature","geometry":{"type":"Point","coordinates":[-84.52905,33.61088]},"properties":{"probability":0.612,"inBuffer":false,"facType":"unknown"}},{"type":"Feature","geometry":{"type":"Point","coordinates":[-84.52366,33.61077]},"properties":{"probability":0.564,"inBuffer":false,"facType":"unknown"}},{"type":"Feature","geometry":{"type":"Point","coordinates":[-84.51828,33.61067]},"properties":{"probability":0.108,"inBuffer":false,"facType":"unknown"}},{"type":"Feature","geometry":{"type":"Point","coordinates":[-84.51289,33.61056]},"properties":{"probability":0.237,"inBuffer":false,"facType":"unknown"}},{"type":"Feature","geometry":{"type":"Point","coordinates":[-84.50751,33.61045]},"properties":{"probability":0.242,"inBuffer":false,"facType":"unknown"}},{"type":"Feature","geometry":{"type":"Point","coordinates":[-84.50212,33.61034]},"properties":{"probability":0.252,"inBuffer":false,"facType":"unknown"}},{"type":"Feature","geometry":{"type":"Point","coordinates":[-84.49674,33.61023]},"properties":{"probability":0.241,"inBuffer":false,"facType":"unknown"}},{"type":"Feature","geometry":{"type":"Point","coordinates":[-84.49135,33.61012]},"properties":{"probability":0.184,"inBuffer":false,"facType":"unknown"}},{"type":"Feature","geometry":{"type":"Point","coordinates":[-84.48597,33.61001]},"properties":{"probability":0.187,"inBuffer":false,"facType":"unknown"}},{"type":"Feature","geometry":{"type":"Point","coordinates":[-84.48059,33.6099]},"properties":{"probability":0.264,"inBuffer":false,"facType":"unknown"}},{"type":"Feature","geometry":{"type":"Point","coordinates":[-84.4752,33.60979]},"properties":{"probability":0.946,"inBuffer":false,"facType":"unknown"}},{"type":"Feature","geometry":{"type":"Point","coordinates":[-84.46982,33.60968]},"properties":{"probability":0.942,"inBuffer":false,"facType":"unknown"}},{"type":"Feature","geometry":{"type":"Point","coordinates":[-84.46443,33.60957]},"properties":{"probability":0.213,"inBuffer":false,"facType":"unknown"}},{"type":"Feature","geometry":{"type":"Point","coordinates":[-84.45905,33.60946]},"properties":{"probability":0.9,"inBuffer":false,"facType":"unknown"}},{"type":"Feature","geometry":{"type":"Point","coordinates":[-84.45366,33.60935]},"properties":{"probability":0.932,"inBuffer":false,"facType":"unknown"}},{"type":"Feature","geometry":{"type":"Point","coordinates":[-84.44828,33.60924]},"properties":{"probability":0.94,"inBuffer":false,"facType":"unknown"}},{"type":"Feature","geometry":{"type":"Point","coordinates":[-84.44289,33.60913]},"properties":{"probability":0.466,"inBuffer":false,"facType":"unknown"}},{"type":"Feature","geometry":{"type":"Point","coordinates":[-84.43751,33.60902]},"properties":{"probability":0.164,"inBuffer":false,"facType":"unknown"}},{"type":"Feature","geometry":{"type":"Point","coordinates":[-84.43213,33.60891]},"properties":{"probability":0.269,"inBuffer":false,"facType":"unknown"}},{"type":"Feature","geometry":{"type":"Point","coordinates":[-84.42674,33.60879]},"properties":{"probability":0.067,"inBuffer":false,"facType":"unknown"}},{"type":"Feature","geometry":{"type":"Point","coordinates":[-84.41597,33.60857]},"properties":{"probability":0.084,"inBuffer":false,"facType":"unknown"}},{"type":"Feature","geometry":{"type":"Point","coordinates":[-84.41059,33.60846]},"properties":{"probability":0.232,"inBuffer":false,"facType":"unknown"}},{"type":"Feature","geometry":{"type":"Point","coordinates":[-84.4052,33.60834]},"properties":{"probability":0.27,"inBuffer":false,"facType":"unknown"}},{"type":"Feature","geometry":{"type":"Point","coordinates":[-84.39982,33.60823]},"properties":{"probability":0.284,"inBuffer":false,"facType":"unknown"}},{"type":"Feature","geometry":{"type":"Point","coordinates":[-84.39444,33.60812]},"properties":{"probability":0.593,"inBuffer":false,"facType":"unknown"}},{"type":"Feature","geometry":{"type":"Point","coordinates":[-84.38905,33.608]},"properties":{"probability":0.653,"inBuffer":false,"facType":"unknown"}},{"type":"Feature","geometry":{"type":"Point","coordinates":[-84.38367,33.60789]},"properties":{"probability":0.65,"inBuffer":false,"facType":"unknown"}},{"type":"Feature","geometry":{"type":"Point","coordinates":[-84.37828,33.60778]},"properties":{"probability":0.954,"inBuffer":false,"facType":"unknown"}},{"type":"Feature","geometry":{"type":"Point","coordinates":[-84.3729,33.60766]},"properties":{"probability":0.938,"inBuffer":false,"facType":"unknown"}},{"type":"Feature","geometry":{"type":"Point","coordinates":[-84.36752,33.60755]},"properties":{"probability":0.307,"inBuffer":false,"facType":"unknown"}},{"type":"Feature","geometry":{"type":"Point","coordinates":[-84.36213,33.60743]},"properties":{"probability":0.315,"inBuffer":false,"facType":"unknown"}},{"type":"Feature","geometry":{"type":"Point","coordinates":[-84.35675,33.60732]},"properties":{"probability":0.317,"inBuffer":false,"facType":"unknown"}},{"type":"Feature","geometry":{"type":"Point","coordinates":[-84.34598,33.60709]},"properties":{"probability":0.058,"inBuffer":false,"facType":"unknown"}},{"type":"Feature","geometry":{"type":"Point","coordinates":[-84.3406,33.60697]},"properties":{"probability":0.381,"inBuffer":false,"facType":"unknown"}},{"type":"Feature","geometry":{"type":"Point","coordinates":[-84.33521,33.60685]},"properties":{"probability":0.485,"inBuffer":false,"facType":"unknown"}},{"type":"Feature","geometry":{"type":"Point","coordinates":[-84.32983,33.60674]},"properties":{"probability":0.908,"inBuffer":false,"facType":"unknown"}},{"type":"Feature","geometry":{"type":"Point","coordinates":[-84.32445,33.60662]},"properties":{"probability":0.882,"inBuffer":false,"facType":"unknown"}},{"type":"Feature","geometry":{"type":"Point","coordinates":[-84.31906,33.60651]},"properties":{"probability":0.179,"inBuffer":false,"facType":"unknown"}},{"type":"Feature","geometry":{"type":"Point","coordinates":[-84.31368,33.60639]},"properties":{"probability":0.153,"inBuffer":false,"facType":"unknown"}},{"type":"Feature","geometry":{"type":"Point","coordinates":[-84.30829,33.60627]},"properties":{"probability":0.888,"inBuffer":false,"facType":"unknown"}},{"type":"Feature","geometry":{"type":"Point","coordinates":[-84.30291,33.60615]},"properties":{"probability":0.913,"inBuffer":false,"facType":"unknown"}},{"type":"Feature","geometry":{"type":"Point","coordinates":[-84.29753,33.60604]},"properties":{"probability":0.939,"inBuffer":false,"facType":"unknown"}},{"type":"Feature","geometry":{"type":"Point","coordinates":[-84.29214,33.60592]},"properties":{"probability":0.116,"inBuffer":false,"facType":"unknown"}},{"type":"Feature","geometry":{"type":"Point","coordinates":[-84.22754,33.60449]},"properties":{"probability":0.325,"inBuffer":false,"facType":"unknown"}},{"type":"Feature","geometry":{"type":"Point","coordinates":[-84.22216,33.60437]},"properties":{"probability":0.318,"inBuffer":false,"facType":"unknown"}},{"type":"Feature","geometry":{"type":"Point","coordinates":[-84.21678,33.60424]},"properties":{"probability":0.844,"inBuffer":false,"facType":"unknown"}},{"type":"Feature","geometry":{"type":"Point","coordinates":[-84.56687,33.60712]},"properties":{"probability":0.137,"inBuffer":false,"facType":"unknown"}},{"type":"Feature","geometry":{"type":"Point","coordinates":[-84.56148,33.60702]},"properties":{"probability":0.154,"inBuffer":false,"facType":"unknown"}},{"type":"Feature","geometry":{"type":"Point","coordinates":[-84.5561,33.60691]},"properties":{"probability":0.188,"inBuffer":false,"facType":"unknown"}},{"type":"Feature","geometry":{"type":"Point","coordinates":[-84.55071,33.6068]},"properties":{"probability":0.882,"inBuffer":false,"facType":"unknown"}},{"type":"Feature","geometry":{"type":"Point","coordinates":[-84.54533,33.6067]},"properties":{"probability":0.897,"inBuffer":false,"facType":"unknown"}},{"type":"Feature","geometry":{"type":"Point","coordinates":[-84.53995,33.60659]},"properties":{"probability":0.378,"inBuffer":false,"facType":"unknown"}},{"type":"Feature","geometry":{"type":"Point","coordinates":[-84.53456,33.60648]},"properties":{"probability":0.37,"inBuffer":false,"facType":"unknown"}},{"type":"Feature","geometry":{"type":"Point","coordinates":[-84.52918,33.60638]},"properties":{"probability":0.149,"inBuffer":false,"facType":"unknown"}},{"type":"Feature","geometry":{"type":"Point","coordinates":[-84.52379,33.60627]},"properties":{"probability":0.068,"inBuffer":false,"facType":"unknown"}},{"type":"Feature","geometry":{"type":"Point","coordinates":[-84.51841,33.60616]},"properties":{"probability":0.055,"inBuffer":false,"facType":"unknown"}},{"type":"Feature","geometry":{"type":"Point","coordinates":[-84.50764,33.60594]},"properties":{"probability":0.08,"inBuffer":false,"facType":"unknown"}},{"type":"Feature","geometry":{"type":"Point","coordinates":[-84.50225,33.60583]},"properties":{"probability":0.227,"inBuffer":false,"facType":"unknown"}},{"type":"Feature","geometry":{"type":"Point","coordinates":[-84.49687,33.60573]},"properties":{"probability":0.214,"inBuffer":false,"facType":"unknown"}},{"type":"Feature","geometry":{"type":"Point","coordinates":[-84.49149,33.60562]},"properties":{"probability":0.14,"inBuffer":false,"facType":"unknown"}},{"type":"Feature","geometry":{"type":"Point","coordinates":[-84.4861,33.60551]},"properties":{"probability":0.157,"inBuffer":false,"facType":"unknown"}},{"type":"Feature","geometry":{"type":"Point","coordinates":[-84.48072,33.6054]},"properties":{"probability":0.889,"inBuffer":false,"facType":"unknown"}},{"type":"Feature","geometry":{"type":"Point","coordinates":[-84.47533,33.60529]},"properties":{"probability":0.931,"inBuffer":false,"facType":"unknown"}},{"type":"Feature","geometry":{"type":"Point","coordinates":[-84.46995,33.60518]},"properties":{"probability":0.937,"inBuffer":false,"facType":"unknown"}},{"type":"Feature","geometry":{"type":"Point","coordinates":[-84.46456,33.60507]},"properties":{"probability":0.199,"inBuffer":false,"facType":"unknown"}},{"type":"Feature","geometry":{"type":"Point","coordinates":[-84.45918,33.60496]},"properties":{"probability":0.291,"inBuffer":false,"facType":"unknown"}},{"type":"Feature","geometry":{"type":"Point","coordinates":[-84.4538,33.60485]},"properties":{"probability":0.927,"inBuffer":false,"facType":"unknown"}},{"type":"Feature","geometry":{"type":"Point","coordinates":[-84.44841,33.60473]},"properties":{"probability":0.943,"inBuffer":false,"facType":"unknown"}},{"type":"Feature","geometry":{"type":"Point","coordinates":[-84.44303,33.60462]},"properties":{"probability":0.381,"inBuffer":false,"facType":"unknown"}},{"type":"Feature","geometry":{"type":"Point","coordinates":[-84.43764,33.60451]},"properties":{"probability":0.159,"inBuffer":false,"facType":"unknown"}},{"type":"Feature","geometry":{"type":"Point","coordinates":[-84.43226,33.6044]},"properties":{"probability":0.129,"inBuffer":false,"facType":"unknown"}},{"type":"Feature","geometry":{"type":"Point","coordinates":[-84.42688,33.60429]},"properties":{"probability":0.055,"inBuffer":false,"facType":"unknown"}},{"type":"Feature","geometry":{"type":"Point","coordinates":[-84.41611,33.60406]},"properties":{"probability":0.092,"inBuffer":false,"facType":"unknown"}},{"type":"Feature","geometry":{"type":"Point","coordinates":[-84.41072,33.60395]},"properties":{"probability":0.25,"inBuffer":false,"facType":"unknown"}},{"type":"Feature","geometry":{"type":"Point","coordinates":[-84.40534,33.60384]},"properties":{"probability":0.246,"inBuffer":false,"facType":"unknown"}},{"type":"Feature","geometry":{"type":"Point","coordinates":[-84.39996,33.60373]},"properties":{"probability":0.101,"inBuffer":false,"facType":"unknown"}},{"type":"Feature","geometry":{"type":"Point","coordinates":[-84.39457,33.60361]},"properties":{"probability":0.174,"inBuffer":false,"facType":"unknown"}},{"type":"Feature","geometry":{"type":"Point","coordinates":[-84.38919,33.6035]},"properties":{"probability":0.628,"inBuffer":false,"facType":"unknown"}},{"type":"Feature","geometry":{"type":"Point","coordinates":[-84.3838,33.60338]},"properties":{"probability":0.595,"inBuffer":false,"facType":"unknown"}},{"type":"Feature","geometry":{"type":"Point","coordinates":[-84.37842,33.60327]},"properties":{"probability":0.943,"inBuffer":false,"facType":"unknown"}},{"type":"Feature","geometry":{"type":"Point","coordinates":[-84.37304,33.60316]},"properties":{"probability":0.901,"inBuffer":false,"facType":"unknown"}},{"type":"Feature","geometry":{"type":"Point","coordinates":[-84.36765,33.60304]},"properties":{"probability":0.147,"inBuffer":false,"facType":"unknown"}},{"type":"Feature","geometry":{"type":"Point","coordinates":[-84.36227,33.60293]},"properties":{"probability":0.293,"inBuffer":false,"facType":"unknown"}},{"type":"Feature","geometry":{"type":"Point","coordinates":[-84.35689,33.60281]},"properties":{"probability":0.192,"inBuffer":false,"facType":"unknown"}},{"type":"Feature","geometry":{"type":"Point","coordinates":[-84.34074,33.60247]},"properties":{"probability":0.11,"inBuffer":false,"facType":"unknown"}},{"type":"Feature","geometry":{"type":"Point","coordinates":[-84.33535,33.60235]},"properties":{"probability":0.927,"inBuffer":false,"facType":"unknown"}},{"type":"Feature","geometry":{"type":"Point","coordinates":[-84.32997,33.60223]},"properties":{"probability":0.886,"inBuffer":false,"facType":"unknown"}},{"type":"Feature","geometry":{"type":"Point","coordinates":[-84.32458,33.60212]},"properties":{"probability":0.877,"inBuffer":false,"facType":"unknown"}},{"type":"Feature","geometry":{"type":"Point","coordinates":[-84.3192,33.602]},"properties":{"probability":0.185,"inBuffer":false,"facType":"unknown"}},{"type":"Feature","geometry":{"type":"Point","coordinates":[-84.31382,33.60188]},"properties":{"probability":0.138,"inBuffer":false,"facType":"unknown"}},{"type":"Feature","geometry":{"type":"Point","coordinates":[-84.30843,33.60177]},"properties":{"probability":0.844,"inBuffer":false,"facType":"unknown"}},{"type":"Feature","geometry":{"type":"Point","coordinates":[-84.30305,33.60165]},"properties":{"probability":0.884,"inBuffer":false,"facType":"unknown"}},{"type":"Feature","geometry":{"type":"Point","coordinates":[-84.29767,33.60153]},"properties":{"probability":0.875,"inBuffer":false,"facType":"unknown"}},{"type":"Feature","geometry":{"type":"Point","coordinates":[-84.29228,33.60141]},"properties":{"probability":0.162,"inBuffer":false,"facType":"unknown"}},{"type":"Feature","geometry":{"type":"Point","coordinates":[-84.2869,33.6013]},"properties":{"probability":0.123,"inBuffer":false,"facType":"unknown"}},{"type":"Feature","geometry":{"type":"Point","coordinates":[-84.28152,33.60118]},"properties":{"probability":0.124,"inBuffer":false,"facType":"unknown"}},{"type":"Feature","geometry":{"type":"Point","coordinates":[-84.27614,33.60106]},"properties":{"probability":0.121,"inBuffer":false,"facType":"unknown"}},{"type":"Feature","geometry":{"type":"Point","coordinates":[-84.22231,33.59986]},"properties":{"probability":0.269,"inBuffer":false,"facType":"unknown"}},{"type":"Feature","geometry":{"type":"Point","coordinates":[-84.567,33.60262]},"properties":{"probability":0.138,"inBuffer":false,"facType":"unknown"}},{"type":"Feature","geometry":{"type":"Point","coordinates":[-84.56161,33.60251]},"properties":{"probability":0.183,"inBuffer":false,"facType":"unknown"}},{"type":"Feature","geometry":{"type":"Point","coordinates":[-84.55623,33.6024]},"properties":{"probability":0.894,"inBuffer":false,"facType":"unknown"}},{"type":"Feature","geometry":{"type":"Point","coordinates":[-84.55084,33.6023]},"properties":{"probability":0.915,"inBuffer":false,"facType":"unknown"}},{"type":"Feature","geometry":{"type":"Point","coordinates":[-84.54546,33.60219]},"properties":{"probability":0.907,"inBuffer":false,"facType":"unknown"}},{"type":"Feature","geometry":{"type":"Point","coordinates":[-84.54007,33.60208]},"properties":{"probability":0.246,"inBuffer":false,"facType":"unknown"}},{"type":"Feature","geometry":{"type":"Point","coordinates":[-84.53469,33.60198]},"properties":{"probability":0.201,"inBuffer":false,"facType":"unknown"}},{"type":"Feature","geometry":{"type":"Point","coordinates":[-84.497,33.60122]},"properties":{"probability":0.199,"inBuffer":false,"facType":"unknown"}},{"type":"Feature","geometry":{"type":"Point","coordinates":[-84.49162,33.60111]},"properties":{"probability":0.135,"inBuffer":false,"facType":"unknown"}},{"type":"Feature","geometry":{"type":"Point","coordinates":[-84.48623,33.601]},"properties":{"probability":0.158,"inBuffer":false,"facType":"unknown"}},{"type":"Feature","geometry":{"type":"Point","coordinates":[-84.48085,33.60089]},"properties":{"probability":0.874,"inBuffer":false,"facType":"unknown"}},{"type":"Feature","geometry":{"type":"Point","coordinates":[-84.47546,33.60078]},"properties":{"probability":0.929,"inBuffer":false,"facType":"unknown"}},{"type":"Feature","geometry":{"type":"Point","coordinates":[-84.47008,33.60067]},"properties":{"probability":0.944,"inBuffer":false,"facType":"unknown"}},{"type":"Feature","geometry":{"type":"Point","coordinates":[-84.4647,33.60056]},"properties":{"probability":0.207,"inBuffer":false,"facType":"unknown"}},{"type":"Feature","geometry":{"type":"Point","coordinates":[-84.45931,33.60045]},"properties":{"probability":0.294,"inBuffer":false,"facType":"unknown"}},{"type":"Feature","geometry":{"type":"Point","coordinates":[-84.45393,33.60034]},"properties":{"probability":0.339,"inBuffer":false,"facType":"unknown"}},{"type":"Feature","geometry":{"type":"Point","coordinates":[-84.44854,33.60023]},"properties":{"probability":0.395,"inBuffer":false,"facType":"unknown"}},{"type":"Feature","geometry":{"type":"Point","coordinates":[-84.44316,33.60012]},"properties":{"probability":0.299,"inBuffer":false,"facType":"unknown"}},{"type":"Feature","geometry":{"type":"Point","coordinates":[-84.43778,33.60001]},"properties":{"probability":0.288,"inBuffer":false,"facType":"unknown"}},{"type":"Feature","geometry":{"type":"Point","coordinates":[-84.43239,33.5999]},"properties":{"probability":0.156,"inBuffer":false,"facType":"unknown"}},{"type":"Feature","geometry":{"type":"Point","coordinates":[-84.42701,33.59978]},"properties":{"probability":0.131,"inBuffer":false,"facType":"unknown"}},{"type":"Feature","geometry":{"type":"Point","coordinates":[-84.42163,33.59967]},"properties":{"probability":0.087,"inBuffer":false,"facType":"unknown"}},{"type":"Feature","geometry":{"type":"Point","coordinates":[-84.41624,33.59956]},"properties":{"probability":0.084,"inBuffer":false,"facType":"unknown"}},{"type":"Feature","geometry":{"type":"Point","coordinates":[-84.41086,33.59945]},"properties":{"probability":0.247,"inBuffer":false,"facType":"unknown"}},{"type":"Feature","geometry":{"type":"Point","coordinates":[-84.40547,33.59933]},"properties":{"probability":0.102,"inBuffer":false,"facType":"unknown"}},{"type":"Feature","geometry":{"type":"Point","coordinates":[-84.40009,33.59922]},"properties":{"probability":0.081,"inBuffer":false,"facType":"unknown"}},{"type":"Feature","geometry":{"type":"Point","coordinates":[-84.39471,33.59911]},"properties":{"probability":0.144,"inBuffer":false,"facType":"unknown"}},{"type":"Feature","geometry":{"type":"Point","coordinates":[-84.38932,33.59899]},"properties":{"probability":0.178,"inBuffer":false,"facType":"unknown"}},{"type":"Feature","geometry":{"type":"Point","coordinates":[-84.38394,33.59888]},"properties":{"probability":0.182,"inBuffer":false,"facType":"unknown"}},{"type":"Feature","geometry":{"type":"Point","coordinates":[-84.37856,33.59877]},"properties":{"probability":0.28,"inBuffer":false,"facType":"unknown"}},{"type":"Feature","geometry":{"type":"Point","coordinates":[-84.37317,33.59865]},"properties":{"probability":0.205,"inBuffer":false,"facType":"unknown"}},{"type":"Feature","geometry":{"type":"Point","coordinates":[-84.56712,33.59811]},"properties":{"probability":0.138,"inBuffer":false,"facType":"unknown"}},{"type":"Feature","geometry":{"type":"Point","coordinates":[-84.56174,33.59801]},"properties":{"probability":0.165,"inBuffer":false,"facType":"unknown"}}]}