{"type":"FeatureCollection","features":[{"type":"Feature","geometry":{"type":"Point","coordinates":[36.1235,36.31215]},"properties":{"probability":0.451,"inBuffer":false,"facType":"police"}},{"type":"Feature","geometry":{"type":"Point","coordinates":[36.12799,36.31215]},"properties":{"probability":0.421,"inBuffer":false,"facType":"police"}},{"type":"Feature","geometry":{"type":"Point","coordinates":[36.13249,36.31215]},"properties":{"probability":0.35,"inBuffer":false,"facType":"police"}},{"type":"Feature","geometry":{"type":"Point","coordinates":[36.13698,36.31215]},"properties":{"probability":0.34,"inBuffer":false,"facType":"police"}},{"type":"Feature","geometry":{"type":"Point","coordinates":[36.14147,36.31215]},"properties":{"probability":0.524,"inBuffer":true,"facType":"police"}},{"type":"Feature","geometry":{"type":"Point","coordinates":[36.14596,36.31215]},"properties":{"probability":0.514,"inBuffer":true,"facType":"police"}},{"type":"Feature","geometry":{"type":"Point","coordinates":[36.15045,36.31215]},"properties":{"probability":0.495,"inBuffer":true,"facType":"police"}},{"type":"Feature","geometry":{"type":"Point","coordinates":[36.1235,36.30766]},"properties":{"probability":0.467,"inBuffer":true,"facType":"police"}},{"type":"Feature","geometry":{"type":"Point","coordinates":[36.12799,36.30766]},"properties":{"probability":0.451,"inBuffer":true,"facType":"police"}},{"type":"Feature","geometry":{"type":"Point","coordinates":[36.13249,36.30766]},"properties":{"probability":0.862,"inBuffer":true,"facType":"police"}},{"type":"Feature","geometry":{"type":"Point","coordinates":[36.13698,36.30766]},"properties":{"probability":0.812,"inBuffer":true,"facType":"police"}},{"type":"Feature","geometry":{"type":"Point","coordinates":[36.14147,36.30766]},"properties":{"probability":0.747,"inBuffer":true,"facType":"police"}},{"type":"Feature","geometry":{"type":"Point","coordinates":[36.14596,36.30766]},"properties":{"probability":0.738,"inBuffer":true,"facType":"police"}},{"type":"Feature","geometry":{"type":"Point","coordinates":[36.15045,36.30766]},"properties":{"probability":0.622,"inBuffer":true,"facType":"police"}},{"type":"Feature","geometry":{"type":"Point","coordinates":[36.15495,36.30766]},"properties":{"probability":0.435,"inBuffer":true,"facType":"police"}},{"type":"Feature","geometry":{"type":"Point","coordinates":[36.15944,36.30766]},"properties":{"probability":0.388,"inBuffer":true,"facType":"police"}},{"type":"Feature","geometry":{"type":"Point","coordinates":[36.16393,36.30766]},"properties":{"probability":0.346,"inBuffer":false,"facType":"police"}},{"type":"Feature","geometry":{"type":"Point","coordinates":[36.05164,36.30317]},"properties":{"probability":0.472,"inBuffer":false,"facType":"police"}},{"type":"Feature","geometry":{"type":"Point","coordinates":[36.05613,36.30317]},"properties":{"probability":0.377,"inBuffer":false,"facType":"police"}},{"type":"Feature","geometry":{"type":"Point","coordinates":[36.06062,36.30317]},"properties":{"probability":0.342,"inBuffer":false,"facType":"police"}},{"type":"Feature","geometry":{"type":"Point","coordinates":[36.06511,36.30317]},"properties":{"probability":0.488,"inBuffer":false,"facType":"police"}},{"type":"Feature","geometry":{"type":"Point","coordinates":[36.10554,36.30317]},"properties":{"probability":0.416,"inBuffer":false,"facType":"police"}},{"type":"Feature","geometry":{"type":"Point","coordinates":[36.11003,36.30317]},"properties":{"probability":0.393,"inBuffer":false,"facType":"police"}},{"type":"Feature","geometry":{"type":"Point","coordinates":[36.12799,36.30317]},"properties":{"probability":0.484,"inBuffer":true,"facType":"police"}},{"type":"Feature","geometry":{"type":"Point","coordinates":[36.13249,36.30317]},"properties":{"probability":0.871,"inBuffer":true,"facType":"police"}},{"type":"Feature","geometry":{"type":"Point","coordinates":[36.13698,36.30317]},"properties":{"probability":0.867,"inBuffer":true,"facType":"police"}},{"type":"Feature","geometry":{"type":"Point","coordinates":[36.14147,36.30317]},"properties":{"probability":0.858,"inBuffer":true,"facType":"police"}},{"type":"Feature","geometry":{"type":"Point","coordinates":[36.14596,36.30317]},"properties":{"probability":0.825,"inBuffer":true,"facType":"police"}},{"type":"Feature","geometry":{"type":"Point","coordinates":[36.15045,36.30317]},"properties":{"probability":0.828,"inBuffer":true,"facType":"police"}},{"type":"Feature","geometry":{"type":"Point","coordinates":[36.15495,36.30317]},"properties":{"probability":0.698,"inBuffer":true,"facType":"police"}},{"type":"Feature","geometry":{"type":"Point","coordinates":[36.15944,36.30317]},"properties":{"probability":0.735,"inBuffer":true,"facType":"police"}},{"type":"Feature","geometry":{"type":"Point","coordinates":[36.16393,36.30317]},"properties":{"probability":0.498,"inBuffer":true,"facType":"police"}},{"type":"Feature","geometry":{"type":"Point","coordinates":[36.16842,36.30317]},"properties":{"probability":0.402,"inBuffer":false,"facType":"police"}},{"type":"Feature","geometry":{"type":"Point","coordinates":[36.17291,36.30317]},"properties":{"probability":0.322,"inBuffer":false,"facType":"police"}},{"type":"Feature","geometry":{"type":"Point","coordinates":[36.1774,36.30317]},"properties":{"probability":0.4,"inBuffer":false,"facType":"police"}},{"type":"Feature","geometry":{"type":"Point","coordinates":[36.05613,36.29868]},"properties":{"probability":0.344,"inBuffer":false,"facType":"police"}},{"type":"Feature","geometry":{"type":"Point","coordinates":[36.06062,36.29868]},"properties":{"probability":0.359,"inBuffer":false,"facType":"police"}},{"type":"Feature","geometry":{"type":"Point","coordinates":[36.06511,36.29868]},"properties":{"probability":0.392,"inBuffer":false,"facType":"police"}},{"type":"Feature","geometry":{"type":"Point","coordinates":[36.0696,36.29868]},"properties":{"probability":0.458,"inBuffer":false,"facType":"police"}},{"type":"Feature","geometry":{"type":"Point","coordinates":[36.0741,36.29868]},"properties":{"probability":0.375,"inBuffer":false,"facType":"police"}},{"type":"Feature","geometry":{"type":"Point","coordinates":[36.09206,36.29868]},"properties":{"probability":0.44,"inBuffer":false,"facType":"police"}},{"type":"Feature","geometry":{"type":"Point","coordinates":[36.09655,36.29868]},"properties":{"probability":0.548,"inBuffer":true,"facType":"police"}},{"type":"Feature","geometry":{"type":"Point","coordinates":[36.10104,36.29868]},"properties":{"probability":0.796,"inBuffer":true,"facType":"police"}},{"type":"Feature","geometry":{"type":"Point","coordinates":[36.10554,36.29868]},"properties":{"probability":0.647,"inBuffer":true,"facType":"police"}},{"type":"Feature","geometry":{"type":"Point","coordinates":[36.11003,36.29868]},"properties":{"probability":0.487,"inBuffer":false,"facType":"police"}},{"type":"Feature","geometry":{"type":"Point","coordinates":[36.11452,36.29868]},"properties":{"probability":0.484,"inBuffer":false,"facType":"police"}},{"type":"Feature","geometry":{"type":"Point","coordinates":[36.11901,36.29868]},"properties":{"probability":0.468,"inBuffer":true,"facType":"police"}},{"type":"Feature","geometry":{"type":"Point","coordinates":[36.12799,36.29868]},"properties":{"probability":0.543,"inBuffer":true,"facType":"police"}},{"type":"Feature","geometry":{"type":"Point","coordinates":[36.13249,36.29868]},"properties":{"probability":0.337,"inBuffer":true,"facType":"police"}},{"type":"Feature","geometry":{"type":"Point","coordinates":[36.13698,36.29868]},"properties":{"probability":0.472,"inBuffer":true,"facType":"police"}},{"type":"Feature","geometry":{"type":"Point","coordinates":[36.14147,36.29868]},"properties":{"probability":0.438,"inBuffer":true,"facType":"police"}},{"type":"Feature","geometry":{"type":"Point","coordinates":[36.14596,36.29868]},"properties":{"probability":0.37,"inBuffer":true,"facType":"police"}},{"type":"Feature","geometry":{"type":"Point","coordinates":[36.15045,36.29868]},"properties":{"probability":0.703,"inBuffer":true,"facType":"police"}},{"type":"Feature","geometry":{"type":"Point","coordinates":[36.15495,36.29868]},"properties":{"probability":0.79,"inBuffer":true,"facType":"police"}},{"type":"Feature","geometry":{"type":"Point","coordinates":[36.15944,36.29868]},"properties":{"probability":0.863,"inBuffer":true,"facType":"police"}},{"type":"Feature","geometry":{"type":"Point","coordinates":[36.16393,36.29868]},"properties":{"probability":0.87,"inBuffer":true,"facType":"police"}},{"type":"Feature","geometry":{"type":"Point","coordinates":[36.16842,36.29868]},"properties":{"probability":0.846,"inBuffer":false,"facType":"police"}},{"type":"Feature","geometry":{"type":"Point","coordinates":[36.17291,36.29868]},"properties":{"probability":0.866,"inBuffer":true,"facType":"police"}},{"type":"Feature","geometry":{"type":"Point","coordinates":[36.1774,36.29868]},"properties":{"probability":0.867,"inBuffer":true,"facType":"police"}},{"type":"Feature","geometry":{"type":"Point","coordinates":[36.18189,36.29868]},"properties":{"probability":0.853,"inBuffer":true,"facType":"police"}},{"type":"Feature","geometry":{"type":"Point","coordinates":[36.18639,36.29868]},"properties":{"probability":0.838,"inBuffer":true,"facType":"police"}},{"type":"Feature","geometry":{"type":"Point","coordinates":[36.19088,36.29868]},"properties":{"probability":0.619,"inBuffer":true,"facType":"police"}},{"type":"Feature","geometry":{"type":"Point","coordinates":[36.19537,36.29868]},"properties":{"probability":0.622,"inBuffer":false,"facType":"police"}},{"type":"Feature","geometry":{"type":"Point","coordinates":[36.19986,36.29868]},"properties":{"probability":0.381,"inBuffer":false,"facType":"police"}},{"type":"Feature","geometry":{"type":"Point","coordinates":[36.20435,36.29868]},"properties":{"probability":0.407,"inBuffer":false,"facType":"police"}},{"type":"Feature","geometry":{"type":"Point","coordinates":[36.20884,36.29868]},"properties":{"probability":0.434,"inBuffer":false,"facType":"police"}},{"type":"Feature","geometry":{"type":"Point","coordinates":[36.21333,36.29868]},"properties":{"probability":0.476,"inBuffer":false,"facType":"police"}},{"type":"Feature","geometry":{"type":"Point","coordinates":[36.25376,36.29868]},"properties":{"probability":0.346,"inBuffer":false,"facType":"police"}},{"type":"Feature","geometry":{"type":"Point","coordinates":[36.25825,36.29868]},"properties":{"probability":0.453,"inBuffer":false,"facType":"police"}},{"type":"Feature","geometry":{"type":"Point","coordinates":[36.26274,36.29868]},"properties":{"probability":0.454,"inBuffer":true,"facType":"police"}},{"type":"Feature","geometry":{"type":"Point","coordinates":[36.26723,36.29868]},"properties":{"probability":0.427,"inBuffer":true,"facType":"police"}},{"type":"Feature","geometry":{"type":"Point","coordinates":[36.27172,36.29868]},"properties":{"probability":0.538,"inBuffer":true,"facType":"police"}},{"type":"Feature","geometry":{"type":"Point","coordinates":[36.05613,36.29418]},"properties":{"probability":0.401,"inBuffer":false,"facType":"police"}},{"type":"Feature","geometry":{"type":"Point","coordinates":[36.06062,36.29418]},"properties":{"probability":0.369,"inBuffer":false,"facType":"police"}},{"type":"Feature","geometry":{"type":"Point","coordinates":[36.06511,36.29418]},"properties":{"probability":0.407,"inBuffer":false,"facType":"police"}},{"type":"Feature","geometry":{"type":"Point","coordinates":[36.0696,36.29418]},"properties":{"probability":0.388,"inBuffer":false,"facType":"police"}},{"type":"Feature","geometry":{"type":"Point","coordinates":[36.0741,36.29418]},"properties":{"probability":0.363,"inBuffer":false,"facType":"police"}},{"type":"Feature","geometry":{"type":"Point","coordinates":[36.07859,36.29418]},"properties":{"probability":0.399,"inBuffer":false,"facType":"police"}},{"type":"Feature","geometry":{"type":"Point","coordinates":[36.08308,36.29418]},"properties":{"probability":0.423,"inBuffer":false,"facType":"police"}},{"type":"Feature","geometry":{"type":"Point","coordinates":[36.08757,36.29418]},"properties":{"probability":0.4,"inBuffer":false,"facType":"police"}},{"type":"Feature","geometry":{"type":"Point","coordinates":[36.09206,36.29418]},"properties":{"probability":0.363,"inBuffer":false,"facType":"police"}},{"type":"Feature","geometry":{"type":"Point","coordinates":[36.09655,36.29418]},"properties":{"probability":0.469,"inBuffer":true,"facType":"police"}},{"type":"Feature","geometry":{"type":"Point","coordinates":[36.10104,36.29418]},"properties":{"probability":0.808,"inBuffer":true,"facType":"police"}},{"type":"Feature","geometry":{"type":"Point","coordinates":[36.10554,36.29418]},"properties":{"probability":0.784,"inBuffer":true,"facType":"police"}},{"type":"Feature","geometry":{"type":"Point","coordinates":[36.11003,36.29418]},"properties":{"probability":0.472,"inBuffer":false,"facType":"police"}},{"type":"Feature","geometry":{"type":"Point","coordinates":[36.11452,36.29418]},"properties":{"probability":0.41,"inBuffer":false,"facType":"police"}},{"type":"Feature","geometry":{"type":"Point","coordinates":[36.11901,36.29418]},"properties":{"probability":0.531,"inBuffer":true,"facType":"police"}},{"type":"Feature","geometry":{"type":"Point","coordinates":[36.14147,36.29418]},"properties":{"probability":0.542,"inBuffer":true,"facType":"police"}},{"type":"Feature","geometry":{"type":"Point","coordinates":[36.14596,36.29418]},"properties":{"probability":0.548,"inBuffer":true,"facType":"police"}},{"type":"Feature","geometry":{"type":"Point","coordinates":[36.15045,36.29418]},"properties":{"probability":0.81,"inBuffer":true,"facType":"police"}},{"type":"Feature","geometry":{"type":"Point","coordinates":[36.15495,36.29418]},"properties":{"probability":0.787,"inBuffer":true,"facType":"police"}},{"type":"Feature","geometry":{"type":"Point","coordinates":[36.15944,36.29418]},"properties":{"probability":0.815,"inBuffer":true,"facType":"police"}},{"type":"Feature","geometry":{"type":"Point","coordinates":[36.16393,36.29418]},"properties":{"probability":0.861,"inBuffer":true,"facType":"police"}},{"type":"Feature","geometry":{"type":"Point","coordinates":[36.16842,36.29418]},"properties":{"probability":0.873,"inBuffer":true,"facType":"police"}},{"type":"Feature","geometry":{"type":"Point","coordinates":[36.17291,36.29418]},"properties":{"probability":0.866,"inBuffer":true,"facType":"police"}},{"type":"Feature","geometry":{"type":"Point","coordinates":[36.1774,36.29418]},"properties":{"probability":0.864,"inBuffer":true,"facType":"police"}},{"type":"Feature","geometry":{"type":"Point","coordinates":[36.18189,36.29418]},"properties":{"probability":0.846,"inBuffer":true,"facType":"police"}},{"type":"Feature","geometry":{"type":"Point","coordinates":[36.18639,36.29418]},"properties":{"probability":0.847,"inBuffer":true,"facType":"police"}},{"type":"Feature","geometry":{"type":"Point","coordinates":[36.19088,36.29418]},"properties":{"probability":0.849,"inBuffer":true,"facType":"police"}},{"type":"Feature","geometry":{"type":"Point","coordinates":[36.19537,36.29418]},"properties":{"probability":0.843,"inBuffer":false,"facType":"police"}},{"type":"Feature","geometry":{"type":"Point","coordinates":[36.19986,36.29418]},"properties":{"probability":0.845,"inBuffer":false,"facType":"police"}},{"type":"Feature","geometry":{"type":"Point","coordinates":[36.20435,36.29418]},"properties":{"probability":0.853,"inBuffer":false,"facType":"police"}},{"type":"Feature","geometry":{"type":"Point","coordinates":[36.20884,36.29418]},"properties":{"probability":0.833,"inBuffer":true,"facType":"police"}},{"type":"Feature","geometry":{"type":"Point","coordinates":[36.21333,36.29418]},"properties":{"probability":0.479,"inBuffer":true,"facType":"police"}},{"type":"Feature","geometry":{"type":"Point","coordinates":[36.21783,36.29418]},"properties":{"probability":0.356,"inBuffer":false,"facType":"police"}},{"type":"Feature","geometry":{"type":"Point","coordinates":[36.24927,36.29418]},"properties":{"probability":0.466,"inBuffer":false,"facType":"police"}},{"type":"Feature","geometry":{"type":"Point","coordinates":[36.25376,36.29418]},"properties":{"probability":0.328,"inBuffer":false,"facType":"police"}},{"type":"Feature","geometry":{"type":"Point","coordinates":[36.25825,36.29418]},"properties":{"probability":0.351,"inBuffer":false,"facType":"police"}},{"type":"Feature","geometry":{"type":"Point","coordinates":[36.26274,36.29418]},"properties":{"probability":0.399,"inBuffer":true,"facType":"police"}},{"type":"Feature","geometry":{"type":"Point","coordinates":[36.26723,36.29418]},"properties":{"probability":0.417,"inBuffer":true,"facType":"police"}},{"type":"Feature","geometry":{"type":"Point","coordinates":[36.27172,36.29418]},"properties":{"probability":0.546,"inBuffer":true,"facType":"police"}},{"type":"Feature","geometry":{"type":"Point","coordinates":[36.27622,36.29418]},"properties":{"probability":0.446,"inBuffer":false,"facType":"police"}},{"type":"Feature","geometry":{"type":"Point","coordinates":[36.28969,36.29418]},"properties":{"probability":0.459,"inBuffer":false,"facType":"police"}},{"type":"Feature","geometry":{"type":"Point","coordinates":[36.05613,36.28969]},"properties":{"probability":0.471,"inBuffer":false,"facType":"police"}},{"type":"Feature","geometry":{"type":"Point","coordinates":[36.06062,36.28969]},"properties":{"probability":0.443,"inBuffer":false,"facType":"police"}},{"type":"Feature","geometry":{"type":"Point","coordinates":[36.06511,36.28969]},"properties":{"probability":0.392,"inBuffer":false,"facType":"police"}},{"type":"Feature","geometry":{"type":"Point","coordinates":[36.0696,36.28969]},"properties":{"probability":0.514,"inBuffer":false,"facType":"police"}},{"type":"Feature","geometry":{"type":"Point","coordinates":[36.0741,36.28969]},"properties":{"probability":0.722,"inBuffer":false,"facType":"police"}},{"type":"Feature","geometry":{"type":"Point","coordinates":[36.07859,36.28969]},"properties":{"probability":0.593,"inBuffer":false,"facType":"police"}},{"type":"Feature","geometry":{"type":"Point","coordinates":[36.08308,36.28969]},"properties":{"probability":0.428,"inBuffer":false,"facType":"police"}},{"type":"Feature","geometry":{"type":"Point","coordinates":[36.08757,36.28969]},"properties":{"probability":0.387,"inBuffer":false,"facType":"police"}},{"type":"Feature","geometry":{"type":"Point","coordinates":[36.09206,36.28969]},"properties":{"probability":0.361,"inBuffer":false,"facType":"police"}},{"type":"Feature","geometry":{"type":"Point","coordinates":[36.09655,36.28969]},"properties":{"probability":0.458,"inBuffer":false,"facType":"police"}},{"type":"Feature","geometry":{"type":"Point","coordinates":[36.10104,36.28969]},"properties":{"probability":0.438,"inBuffer":false,"facType":"police"}},{"type":"Feature","geometry":{"type":"Point","coordinates":[36.10554,36.28969]},"properties":{"probability":0.503,"inBuffer":false,"facType":"police"}},{"type":"Feature","geometry":{"type":"Point","coordinates":[36.11003,36.28969]},"properties":{"probability":0.401,"inBuffer":false,"facType":"police"}},{"type":"Feature","geometry":{"type":"Point","coordinates":[36.11452,36.28969]},"properties":{"probability":0.436,"inBuffer":false,"facType":"police"}},{"type":"Feature","geometry":{"type":"Point","coordinates":[36.11901,36.28969]},"properties":{"probability":0.411,"inBuffer":false,"facType":"police"}},{"type":"Feature","geometry":{"type":"Point","coordinates":[36.1235,36.28969]},"properties":{"probability":0.523,"inBuffer":true,"facType":"police"}},{"type":"Feature","geometry":{"type":"Point","coordinates":[36.12799,36.28969]},"properties":{"probability":0.504,"inBuffer":true,"facType":"police"}},{"type":"Feature","geometry":{"type":"Point","coordinates":[36.13249,36.28969]},"properties":{"probability":0.429,"inBuffer":true,"facType":"police"}},{"type":"Feature","geometry":{"type":"Point","coordinates":[36.13698,36.28969]},"properties":{"probability":0.506,"inBuffer":true,"facType":"police"}},{"type":"Feature","geometry":{"type":"Point","coordinates":[36.14147,36.28969]},"properties":{"probability":0.465,"inBuffer":false,"facType":"police"}},{"type":"Feature","geometry":{"type":"Point","coordinates":[36.14596,36.28969]},"properties":{"probability":0.462,"inBuffer":true,"facType":"police"}},{"type":"Feature","geometry":{"type":"Point","coordinates":[36.15045,36.28969]},"properties":{"probability":0.703,"inBuffer":true,"facType":"police"}},{"type":"Feature","geometry":{"type":"Point","coordinates":[36.15495,36.28969]},"properties":{"probability":0.501,"inBuffer":true,"facType":"police"}},{"type":"Feature","geometry":{"type":"Point","coordinates":[36.15944,36.28969]},"properties":{"probability":0.486,"inBuffer":true,"facType":"police"}},{"type":"Feature","geometry":{"type":"Point","coordinates":[36.16393,36.28969]},"properties":{"probability":0.73,"inBuffer":true,"facType":"police"}},{"type":"Feature","geometry":{"type":"Point","coordinates":[36.16842,36.28969]},"properties":{"probability":0.857,"inBuffer":true,"facType":"police"}},{"type":"Feature","geometry":{"type":"Point","coordinates":[36.17291,36.28969]},"properties":{"probability":0.87,"inBuffer":true,"facType":"police"}},{"type":"Feature","geometry":{"type":"Point","coordinates":[36.1774,36.28969]},"properties":{"probability":0.861,"inBuffer":true,"facType":"police"}},{"type":"Feature","geometry":{"type":"Point","coordinates":[36.18189,36.28969]},"properties":{"probability":0.871,"inBuffer":true,"facType":"police"}},{"type":"Feature","geometry":{"type":"Point","coordinates":[36.18639,36.28969]},"properties":{"probability":0.863,"inBuffer":true,"facType":"police"}},{"type":"Feature","geometry":{"type":"Point","coordinates":[36.19088,36.28969]},"properties":{"probability":0.866,"inBuffer":true,"facType":"police"}},{"type":"Feature","geometry":{"type":"Point","coordinates":[36.19537,36.28969]},"properties":{"probability":0.839,"inBuffer":false,"facType":"police"}},{"type":"Feature","geometry":{"type":"Point","coordinates":[36.19986,36.28969]},"properties":{"probability":0.86,"inBuffer":false,"facType":"police"}},{"type":"Feature","geometry":{"type":"Point","coordinates":[36.20435,36.28969]},"properties":{"probability":0.837,"inBuffer":true,"facType":"police"}},{"type":"Feature","geometry":{"type":"Point","coordinates":[36.20884,36.28969]},"properties":{"probability":0.841,"inBuffer":true,"facType":"police"}},{"type":"Feature","geometry":{"type":"Point","coordinates":[36.21333,36.28969]},"properties":{"probability":0.73,"inBuffer":true,"facType":"police"}},{"type":"Feature","geometry":{"type":"Point","coordinates":[36.21783,36.28969]},"properties":{"probability":0.576,"inBuffer":false,"facType":"police"}},{"type":"Feature","geometry":{"type":"Point","coordinates":[36.22232,36.28969]},"properties":{"probability":0.392,"inBuffer":false,"facType":"police"}},{"type":"Feature","geometry":{"type":"Point","coordinates":[36.22681,36.28969]},"properties":{"probability":0.402,"inBuffer":false,"facType":"police"}},{"type":"Feature","geometry":{"type":"Point","coordinates":[36.2313,36.28969]},"properties":{"probability":0.47,"inBuffer":false,"facType":"police"}},{"type":"Feature","geometry":{"type":"Point","coordinates":[36.23579,36.28969]},"properties":{"probability":0.345,"inBuffer":false,"facType":"police"}},{"type":"Feature","geometry":{"type":"Point","coordinates":[36.24028,36.28969]},"properties":{"probability":0.434,"inBuffer":false,"facType":"police"}},{"type":"Feature","geometry":{"type":"Point","coordinates":[36.24478,36.28969]},"properties":{"probability":0.476,"inBuffer":false,"facType":"police"}},{"type":"Feature","geometry":{"type":"Point","coordinates":[36.24927,36.28969]},"properties":{"probability":0.383,"inBuffer":false,"facType":"police"}},{"type":"Feature","geometry":{"type":"Point","coordinates":[36.25376,36.28969]},"properties":{"probability":0.346,"inBuffer":false,"facType":"police"}},{"type":"Feature","geometry":{"type":"Point","coordinates":[36.25825,36.28969]},"properties":{"probability":0.371,"inBuffer":false,"facType":"police"}},{"type":"Feature","geometry":{"type":"Point","coordinates":[36.26274,36.28969]},"properties":{"probability":0.383,"inBuffer":false,"facType":"police"}},{"type":"Feature","geometry":{"type":"Point","coordinates":[36.26723,36.28969]},"properties":{"probability":0.548,"inBuffer":true,"facType":"police"}},{"type":"Feature","geometry":{"type":"Point","coordinates":[36.2852,36.28969]},"properties":{"probability":0.44,"inBuffer":false,"facType":"police"}},{"type":"Feature","geometry":{"type":"Point","coordinates":[36.28969,36.28969]},"properties":{"probability":0.436,"inBuffer":false,"facType":"police"}},{"type":"Feature","geometry":{"type":"Point","coordinates":[36.29418,36.28969]},"properties":{"probability":0.543,"inBuffer":false,"facType":"police"}},{"type":"Feature","geometry":{"type":"Point","coordinates":[36.05164,36.2852]},"properties":{"probability":0.402,"inBuffer":false,"facType":"police"}},{"type":"Feature","geometry":{"type":"Point","coordinates":[36.05613,36.2852]},"properties":{"probability":0.514,"inBuffer":true,"facType":"police"}},{"type":"Feature","geometry":{"type":"Point","coordinates":[36.06062,36.2852]},"properties":{"probability":0.362,"inBuffer":false,"facType":"police"}},{"type":"Feature","geometry":{"type":"Point","coordinates":[36.06511,36.2852]},"properties":{"probability":0.4,"inBuffer":false,"facType":"police"}},{"type":"Feature","geometry":{"type":"Point","coordinates":[36.0696,36.2852]},"properties":{"probability":0.546,"inBuffer":false,"facType":"police"}},{"type":"Feature","geometry":{"type":"Point","coordinates":[36.0741,36.2852]},"properties":{"probability":0.728,"inBuffer":false,"facType":"police"}},{"type":"Feature","geometry":{"type":"Point","coordinates":[36.07859,36.2852]},"properties":{"probability":0.694,"inBuffer":false,"facType":"police"}},{"type":"Feature","geometry":{"type":"Point","coordinates":[36.08308,36.2852]},"properties":{"probability":0.444,"inBuffer":false,"facType":"police"}},{"type":"Feature","geometry":{"type":"Point","coordinates":[36.08757,36.2852]},"properties":{"probability":0.398,"inBuffer":false,"facType":"police"}},{"type":"Feature","geometry":{"type":"Point","coordinates":[36.09206,36.2852]},"properties":{"probability":0.398,"inBuffer":false,"facType":"police"}},{"type":"Feature","geometry":{"type":"Point","coordinates":[36.09655,36.2852]},"properties":{"probability":0.496,"inBuffer":false,"facType":"police"}},{"type":"Feature","geometry":{"type":"Point","coordinates":[36.10104,36.2852]},"properties":{"probability":0.363,"inBuffer":false,"facType":"police"}},{"type":"Feature","geometry":{"type":"Point","coordinates":[36.10554,36.2852]},"properties":{"probability":0.351,"inBuffer":false,"facType":"police"}},{"type":"Feature","geometry":{"type":"Point","coordinates":[36.11003,36.2852]},"properties":{"probability":0.418,"inBuffer":false,"facType":"police"}},{"type":"Feature","geometry":{"type":"Point","coordinates":[36.11452,36.2852]},"properties":{"probability":0.432,"inBuffer":false,"facType":"police"}},{"type":"Feature","geometry":{"type":"Point","coordinates":[36.11901,36.2852]},"properties":{"probability":0.382,"inBuffer":true,"facType":"police"}},{"type":"Feature","geometry":{"type":"Point","coordinates":[36.1235,36.2852]},"properties":{"probability":0.493,"inBuffer":true,"facType":"police"}},{"type":"Feature","geometry":{"type":"Point","coordinates":[36.12799,36.2852]},"properties":{"probability":0.569,"inBuffer":true,"facType":"police"}},{"type":"Feature","geometry":{"type":"Point","coordinates":[36.13249,36.2852]},"properties":{"probability":0.642,"inBuffer":false,"facType":"police"}},{"type":"Feature","geometry":{"type":"Point","coordinates":[36.13698,36.2852]},"properties":{"probability":0.408,"inBuffer":false,"facType":"police"}},{"type":"Feature","geometry":{"type":"Point","coordinates":[36.14147,36.2852]},"properties":{"probability":0.36,"inBuffer":false,"facType":"police"}},{"type":"Feature","geometry":{"type":"Point","coordinates":[36.14596,36.2852]},"properties":{"probability":0.448,"inBuffer":false,"facType":"police"}},{"type":"Feature","geometry":{"type":"Point","coordinates":[36.15045,36.2852]},"properties":{"probability":0.396,"inBuffer":false,"facType":"police"}},{"type":"Feature","geometry":{"type":"Point","coordinates":[36.15495,36.2852]},"properties":{"probability":0.38,"inBuffer":false,"facType":"police"}},{"type":"Feature","geometry":{"type":"Point","coordinates":[36.15944,36.2852]},"properties":{"probability":0.439,"inBuffer":false,"facType":"police"}},{"type":"Feature","geometry":{"type":"Point","coordinates":[36.16393,36.2852]},"properties":{"probability":0.459,"inBuffer":true,"facType":"police"}},{"type":"Feature","geometry":{"type":"Point","coordinates":[36.16842,36.2852]},"properties":{"probability":0.735,"inBuffer":true,"facType":"police"}},{"type":"Feature","geometry":{"type":"Point","coordinates":[36.17291,36.2852]},"properties":{"probability":0.848,"inBuffer":true,"facType":"police"}},{"type":"Feature","geometry":{"type":"Point","coordinates":[36.1774,36.2852]},"properties":{"probability":0.865,"inBuffer":false,"facType":"police"}},{"type":"Feature","geometry":{"type":"Point","coordinates":[36.18189,36.2852]},"properties":{"probability":0.84,"inBuffer":true,"facType":"police"}},{"type":"Feature","geometry":{"type":"Point","coordinates":[36.18639,36.2852]},"properties":{"probability":0.87,"inBuffer":true,"facType":"police"}},{"type":"Feature","geometry":{"type":"Point","coordinates":[36.19088,36.2852]},"properties":{"probability":0.858,"inBuffer":true,"facType":"police"}},{"type":"Feature","geometry":{"type":"Point","coordinates":[36.19537,36.2852]},"properties":{"probability":0.873,"inBuffer":true,"facType":"police"}},{"type":"Feature","geometry":{"type":"Point","coordinates":[36.19986,36.2852]},"properties":{"probability":0.86,"inBuffer":true,"facType":"police"}},{"type":"Feature","geometry":{"type":"Point","coordinates":[36.20435,36.2852]},"properties":{"probability":0.827,"inBuffer":true,"facType":"police"}},{"type":"Feature","geometry":{"type":"Point","coordinates":[36.20884,36.2852]},"properties":{"probability":0.711,"inBuffer":true,"facType":"police"}},{"type":"Feature","geometry":{"type":"Point","coordinates":[36.21333,36.2852]},"properties":{"probability":0.666,"inBuffer":true,"facType":"police"}},{"type":"Feature","geometry":{"type":"Point","coordinates":[36.21783,36.2852]},"properties":{"probability":0.822,"inBuffer":false,"facType":"police"}},{"type":"Feature","geometry":{"type":"Point","coordinates":[36.22232,36.2852]},"properties":{"probability":0.861,"inBuffer":true,"facType":"police"}},{"type":"Feature","geometry":{"type":"Point","coordinates":[36.22681,36.2852]},"properties":{"probability":0.865,"inBuffer":true,"facType":"police"}},{"type":"Feature","geometry":{"type":"Point","coordinates":[36.2313,36.2852]},"properties":{"probability":0.853,"inBuffer":true,"facType":"police"}},{"type":"Feature","geometry":{"type":"Point","coordinates":[36.23579,36.2852]},"properties":{"probability":0.707,"inBuffer":false,"facType":"police"}},{"type":"Feature","geometry":{"type":"Point","coordinates":[36.24028,36.2852]},"properties":{"probability":0.607,"inBuffer":false,"facType":"police"}},{"type":"Feature","geometry":{"type":"Point","coordinates":[36.24478,36.2852]},"properties":{"probability":0.807,"inBuffer":false,"facType":"police"}},{"type":"Feature","geometry":{"type":"Point","coordinates":[36.24927,36.2852]},"properties":{"probability":0.744,"inBuffer":false,"facType":"police"}},{"type":"Feature","geometry":{"type":"Point","coordinates":[36.25376,36.2852]},"properties":{"probability":0.818,"inBuffer":false,"facType":"police"}},{"type":"Feature","geometry":{"type":"Point","coordinates":[36.25825,36.2852]},"properties":{"probability":0.483,"inBuffer":false,"facType":"police"}},{"type":"Feature","geometry":{"type":"Point","coordinates":[36.26274,36.2852]},"properties":{"probability":0.347,"inBuffer":false,"facType":"police"}},{"type":"Feature","geometry":{"type":"Point","coordinates":[36.26723,36.2852]},"properties":{"probability":0.417,"inBuffer":false,"facType":"police"}},{"type":"Feature","geometry":{"type":"Point","coordinates":[36.05164,36.28071]},"properties":{"probability":0.446,"inBuffer":true,"facType":"police"}},{"type":"Feature","geometry":{"type":"Point","coordinates":[36.05613,36.28071]},"properties":{"probability":0.351,"inBuffer":true,"facType":"police"}},{"type":"Feature","geometry":{"type":"Point","coordinates":[36.06062,36.28071]},"properties":{"probability":0.391,"inBuffer":true,"facType":"police"}},{"type":"Feature","geometry":{"type":"Point","coordinates":[36.06511,36.28071]},"properties":{"probability":0.444,"inBuffer":false,"facType":"police"}},{"type":"Feature","geometry":{"type":"Point","coordinates":[36.0696,36.28071]},"properties":{"probability":0.639,"inBuffer":false,"facType":"police"}},{"type":"Feature","geometry":{"type":"Point","coordinates":[36.0741,36.28071]},"properties":{"probability":0.744,"inBuffer":false,"facType":"police"}},{"type":"Feature","geometry":{"type":"Point","coordinates":[36.07859,36.28071]},"properties":{"probability":0.697,"inBuffer":false,"facType":"police"}},{"type":"Feature","geometry":{"type":"Point","coordinates":[36.08308,36.28071]},"properties":{"probability":0.719,"inBuffer":false,"facType":"police"}},{"type":"Feature","geometry":{"type":"Point","coordinates":[36.08757,36.28071]},"properties":{"probability":0.697,"inBuffer":false,"facType":"police"}},{"type":"Feature","geometry":{"type":"Point","coordinates":[36.09206,36.28071]},"properties":{"probability":0.471,"inBuffer":false,"facType":"police"}},{"type":"Feature","geometry":{"type":"Point","coordinates":[36.09655,36.28071]},"properties":{"probability":0.475,"inBuffer":false,"facType":"police"}},{"type":"Feature","geometry":{"type":"Point","coordinates":[36.10104,36.28071]},"properties":{"probability":0.43,"inBuffer":false,"facType":"police"}},{"type":"Feature","geometry":{"type":"Point","coordinates":[36.10554,36.28071]},"properties":{"probability":0.4,"inBuffer":false,"facType":"police"}},{"type":"Feature","geometry":{"type":"Point","coordinates":[36.11003,36.28071]},"properties":{"probability":0.408,"inBuffer":false,"facType":"police"}},{"type":"Feature","geometry":{"type":"Point","coordinates":[36.11452,36.28071]},"properties":{"probability":0.366,"inBuffer":false,"facType":"police"}},{"type":"Feature","geometry":{"type":"Point","coordinates":[36.11901,36.28071]},"properties":{"probability":0.661,"inBuffer":true,"facType":"police"}},{"type":"Feature","geometry":{"type":"Point","coordinates":[36.1235,36.28071]},"properties":{"probability":0.802,"inBuffer":true,"facType":"police"}},{"type":"Feature","geometry":{"type":"Point","coordinates":[36.12799,36.28071]},"properties":{"probability":0.811,"inBuffer":true,"facType":"police"}},{"type":"Feature","geometry":{"type":"Point","coordinates":[36.13249,36.28071]},"properties":{"probability":0.739,"inBuffer":false,"facType":"police"}},{"type":"Feature","geometry":{"type":"Point","coordinates":[36.13698,36.28071]},"properties":{"probability":0.568,"inBuffer":false,"facType":"police"}},{"type":"Feature","geometry":{"type":"Point","coordinates":[36.14147,36.28071]},"properties":{"probability":0.415,"inBuffer":false,"facType":"police"}},{"type":"Feature","geometry":{"type":"Point","coordinates":[36.14596,36.28071]},"properties":{"probability":0.467,"inBuffer":false,"facType":"police"}},{"type":"Feature","geometry":{"type":"Point","coordinates":[36.15045,36.28071]},"properties":{"probability":0.411,"inBuffer":false,"facType":"police"}},{"type":"Feature","geometry":{"type":"Point","coordinates":[36.15495,36.28071]},"properties":{"probability":0.486,"inBuffer":false,"facType":"police"}},{"type":"Feature","geometry":{"type":"Point","coordinates":[36.15944,36.28071]},"properties":{"probability":0.457,"inBuffer":false,"facType":"police"}},{"type":"Feature","geometry":{"type":"Point","coordinates":[36.16393,36.28071]},"properties":{"probability":0.492,"inBuffer":true,"facType":"police"}},{"type":"Feature","geometry":{"type":"Point","coordinates":[36.16842,36.28071]},"properties":{"probability":0.47,"inBuffer":true,"facType":"police"}},{"type":"Feature","geometry":{"type":"Point","coordinates":[36.17291,36.28071]},"properties":{"probability":0.467,"inBuffer":false,"facType":"police"}},{"type":"Feature","geometry":{"type":"Point","coordinates":[36.1774,36.28071]},"properties":{"probability":0.509,"inBuffer":false,"facType":"police"}},{"type":"Feature","geometry":{"type":"Point","coordinates":[36.18189,36.28071]},"properties":{"probability":0.835,"inBuffer":false,"facType":"police"}},{"type":"Feature","geometry":{"type":"Point","coordinates":[36.18639,36.28071]},"properties":{"probability":0.861,"inBuffer":false,"facType":"police"}},{"type":"Feature","geometry":{"type":"Point","coordinates":[36.19088,36.28071]},"properties":{"probability":0.863,"inBuffer":false,"facType":"police"}},{"type":"Feature","geometry":{"type":"Point","coordinates":[36.19537,36.28071]},"properties":{"probability":0.852,"inBuffer":true,"facType":"police"}},{"type":"Feature","geometry":{"type":"Point","coordinates":[36.19986,36.28071]},"properties":{"probability":0.787,"inBuffer":true,"facType":"police"}},{"type":"Feature","geometry":{"type":"Point","coordinates":[36.20435,36.28071]},"properties":{"probability":0.787,"inBuffer":true,"facType":"police"}},{"type":"Feature","geometry":{"type":"Point","coordinates":[36.20884,36.28071]},"properties":{"probability":0.708,"inBuffer":true,"facType":"police"}},{"type":"Feature","geometry":{"type":"Point","coordinates":[36.21333,36.28071]},"properties":{"probability":0.518,"inBuffer":true,"facType":"police"}},{"type":"Feature","geometry":{"type":"Point","coordinates":[36.21783,36.28071]},"properties":{"probability":0.582,"inBuffer":false,"facType":"police"}},{"type":"Feature","geometry":{"type":"Point","coordinates":[36.22232,36.28071]},"properties":{"probability":0.745,"inBuffer":true,"facType":"police"}},{"type":"Feature","geometry":{"type":"Point","coordinates":[36.22681,36.28071]},"properties":{"probability":0.868,"inBuffer":true,"facType":"police"}},{"type":"Feature","geometry":{"type":"Point","coordinates":[36.2313,36.28071]},"properties":{"probability":0.863,"inBuffer":true,"facType":"police"}},{"type":"Feature","geometry":{"type":"Point","coordinates":[36.23579,36.28071]},"properties":{"probability":0.719,"inBuffer":false,"facType":"police"}},{"type":"Feature","geometry":{"type":"Point","coordinates":[36.24028,36.28071]},"properties":{"probability":0.842,"inBuffer":false,"facType":"police"}},{"type":"Feature","geometry":{"type":"Point","coordinates":[36.24478,36.28071]},"properties":{"probability":0.812,"inBuffer":false,"facType":"police"}},{"type":"Feature","geometry":{"type":"Point","coordinates":[36.24927,36.28071]},"properties":{"probability":0.827,"inBuffer":true,"facType":"police"}},{"type":"Feature","geometry":{"type":"Point","coordinates":[36.25376,36.28071]},"properties":{"probability":0.845,"inBuffer":true,"facType":"police"}},{"type":"Feature","geometry":{"type":"Point","coordinates":[36.25825,36.28071]},"properties":{"probability":0.736,"inBuffer":true,"facType":"police"}},{"type":"Feature","geometry":{"type":"Point","coordinates":[36.26274,36.28071]},"properties":{"probability":0.429,"inBuffer":false,"facType":"police"}},{"type":"Feature","geometry":{"type":"Point","coordinates":[36.26723,36.28071]},"properties":{"probability":0.365,"inBuffer":false,"facType":"police"}},{"type":"Feature","geometry":{"type":"Point","coordinates":[36.27172,36.28071]},"properties":{"probability":0.311,"inBuffer":false,"facType":"police"}},{"type":"Feature","geometry":{"type":"Point","coordinates":[36.05164,36.27622]},"properties":{"probability":0.463,"inBuffer":true,"facType":"police"}},{"type":"Feature","geometry":{"type":"Point","coordinates":[36.05613,36.27622]},"properties":{"probability":0.358,"inBuffer":true,"facType":"police"}},{"type":"Feature","geometry":{"type":"Point","coordinates":[36.06062,36.27622]},"properties":{"probability":0.386,"inBuffer":true,"facType":"police"}},{"type":"Feature","geometry":{"type":"Point","coordinates":[36.06511,36.27622]},"properties":{"probability":0.443,"inBuffer":false,"facType":"police"}},{"type":"Feature","geometry":{"type":"Point","coordinates":[36.0696,36.27622]},"properties":{"probability":0.636,"inBuffer":false,"facType":"police"}},{"type":"Feature","geometry":{"type":"Point","coordinates":[36.0741,36.27622]},"properties":{"probability":0.697,"inBuffer":false,"facType":"police"}},{"type":"Feature","geometry":{"type":"Point","coordinates":[36.07859,36.27622]},"properties":{"probability":0.691,"inBuffer":false,"facType":"police"}},{"type":"Feature","geometry":{"type":"Point","coordinates":[36.08308,36.27622]},"properties":{"probability":0.745,"inBuffer":false,"facType":"police"}},{"type":"Feature","geometry":{"type":"Point","coordinates":[36.08757,36.27622]},"properties":{"probability":0.648,"inBuffer":false,"facType":"police"}},{"type":"Feature","geometry":{"type":"Point","coordinates":[36.09206,36.27622]},"properties":{"probability":0.478,"inBuffer":false,"facType":"police"}},{"type":"Feature","geometry":{"type":"Point","coordinates":[36.09655,36.27622]},"properties":{"probability":0.639,"inBuffer":false,"facType":"police"}},{"type":"Feature","geometry":{"type":"Point","coordinates":[36.10104,36.27622]},"properties":{"probability":0.61,"inBuffer":false,"facType":"police"}},{"type":"Feature","geometry":{"type":"Point","coordinates":[36.10554,36.27622]},"properties":{"probability":0.529,"inBuffer":false,"facType":"police"}},{"type":"Feature","geometry":{"type":"Point","coordinates":[36.11003,36.27622]},"properties":{"probability":0.459,"inBuffer":false,"facType":"police"}},{"type":"Feature","geometry":{"type":"Point","coordinates":[36.11452,36.27622]},"properties":{"probability":0.401,"inBuffer":false,"facType":"police"}},{"type":"Feature","geometry":{"type":"Point","coordinates":[36.11901,36.27622]},"properties":{"probability":0.664,"inBuffer":false,"facType":"police"}},{"type":"Feature","geometry":{"type":"Point","coordinates":[36.1235,36.27622]},"properties":{"probability":0.713,"inBuffer":true,"facType":"police"}},{"type":"Feature","geometry":{"type":"Point","coordinates":[36.12799,36.27622]},"properties":{"probability":0.717,"inBuffer":true,"facType":"police"}},{"type":"Feature","geometry":{"type":"Point","coordinates":[36.13249,36.27622]},"properties":{"probability":0.712,"inBuffer":false,"facType":"police"}},{"type":"Feature","geometry":{"type":"Point","coordinates":[36.13698,36.27622]},"properties":{"probability":0.733,"inBuffer":true,"facType":"police"}},{"type":"Feature","geometry":{"type":"Point","coordinates":[36.14147,36.27622]},"properties":{"probability":0.488,"inBuffer":true,"facType":"police"}},{"type":"Feature","geometry":{"type":"Point","coordinates":[36.14596,36.27622]},"properties":{"probability":0.484,"inBuffer":false,"facType":"police"}},{"type":"Feature","geometry":{"type":"Point","coordinates":[36.15045,36.27622]},"properties":{"probability":0.511,"inBuffer":false,"facType":"police"}},{"type":"Feature","geometry":{"type":"Point","coordinates":[36.15495,36.27622]},"properties":{"probability":0.744,"inBuffer":false,"facType":"police"}},{"type":"Feature","geometry":{"type":"Point","coordinates":[36.15944,36.27622]},"properties":{"probability":0.823,"inBuffer":false,"facType":"police"}},{"type":"Feature","geometry":{"type":"Point","coordinates":[36.16393,36.27622]},"properties":{"probability":0.666,"inBuffer":false,"facType":"police"}},{"type":"Feature","geometry":{"type":"Point","coordinates":[36.16842,36.27622]},"properties":{"probability":0.478,"inBuffer":false,"facType":"police"}},{"type":"Feature","geometry":{"type":"Point","coordinates":[36.17291,36.27622]},"properties":{"probability":0.429,"inBuffer":false,"facType":"police"}},{"type":"Feature","geometry":{"type":"Point","coordinates":[36.1774,36.27622]},"properties":{"probability":0.365,"inBuffer":false,"facType":"police"}},{"type":"Feature","geometry":{"type":"Point","coordinates":[36.18189,36.27622]},"properties":{"probability":0.475,"inBuffer":false,"facType":"police"}},{"type":"Feature","geometry":{"type":"Point","coordinates":[36.18639,36.27622]},"properties":{"probability":0.746,"inBuffer":false,"facType":"police"}},{"type":"Feature","geometry":{"type":"Point","coordinates":[36.19088,36.27622]},"properties":{"probability":0.864,"inBuffer":false,"facType":"police"}},{"type":"Feature","geometry":{"type":"Point","coordinates":[36.19537,36.27622]},"properties":{"probability":0.833,"inBuffer":true,"facType":"police"}},{"type":"Feature","geometry":{"type":"Point","coordinates":[36.19986,36.27622]},"properties":{"probability":0.773,"inBuffer":true,"facType":"police"}},{"type":"Feature","geometry":{"type":"Point","coordinates":[36.20435,36.27622]},"properties":{"probability":0.821,"inBuffer":true,"facType":"police"}},{"type":"Feature","geometry":{"type":"Point","coordinates":[36.20884,36.27622]},"properties":{"probability":0.832,"inBuffer":true,"facType":"police"}},{"type":"Feature","geometry":{"type":"Point","coordinates":[36.21333,36.27622]},"properties":{"probability":0.657,"inBuffer":true,"facType":"police"}},{"type":"Feature","geometry":{"type":"Point","coordinates":[36.21783,36.27622]},"properties":{"probability":0.459,"inBuffer":false,"facType":"police"}},{"type":"Feature","geometry":{"type":"Point","coordinates":[36.22232,36.27622]},"properties":{"probability":0.454,"inBuffer":false,"facType":"police"}},{"type":"Feature","geometry":{"type":"Point","coordinates":[36.22681,36.27622]},"properties":{"probability":0.473,"inBuffer":true,"facType":"police"}},{"type":"Feature","geometry":{"type":"Point","coordinates":[36.2313,36.27622]},"properties":{"probability":0.713,"inBuffer":false,"facType":"police"}},{"type":"Feature","geometry":{"type":"Point","coordinates":[36.23579,36.27622]},"properties":{"probability":0.812,"inBuffer":false,"facType":"police"}},{"type":"Feature","geometry":{"type":"Point","coordinates":[36.24028,36.27622]},"properties":{"probability":0.866,"inBuffer":false,"facType":"police"}},{"type":"Feature","geometry":{"type":"Point","coordinates":[36.24478,36.27622]},"properties":{"probability":0.821,"inBuffer":false,"facType":"police"}},{"type":"Feature","geometry":{"type":"Point","coordinates":[36.24927,36.27622]},"properties":{"probability":0.837,"inBuffer":true,"facType":"police"}},{"type":"Feature","geometry":{"type":"Point","coordinates":[36.25376,36.27622]},"properties":{"probability":0.849,"inBuffer":true,"facType":"police"}},{"type":"Feature","geometry":{"type":"Point","coordinates":[36.25825,36.27622]},"properties":{"probability":0.741,"inBuffer":true,"facType":"police"}},{"type":"Feature","geometry":{"type":"Point","coordinates":[36.26274,36.27622]},"properties":{"probability":0.605,"inBuffer":false,"facType":"police"}},{"type":"Feature","geometry":{"type":"Point","coordinates":[36.26723,36.27622]},"properties":{"probability":0.456,"inBuffer":false,"facType":"police"}},{"type":"Feature","geometry":{"type":"Point","coordinates":[36.27172,36.27622]},"properties":{"probability":0.423,"inBuffer":false,"facType":"police"}},{"type":"Feature","geometry":{"type":"Point","coordinates":[36.27622,36.27622]},"properties":{"probability":0.374,"inBuffer":false,"facType":"police"}},{"type":"Feature","geometry":{"type":"Point","coordinates":[36.05164,36.27172]},"properties":{"probability":0.442,"inBuffer":false,"facType":"police"}},{"type":"Feature","geometry":{"type":"Point","coordinates":[36.05613,36.27172]},"properties":{"probability":0.455,"inBuffer":false,"facType":"police"}},{"type":"Feature","geometry":{"type":"Point","coordinates":[36.06062,36.27172]},"properties":{"probability":0.407,"inBuffer":false,"facType":"police"}},{"type":"Feature","geometry":{"type":"Point","coordinates":[36.06511,36.27172]},"properties":{"probability":0.404,"inBuffer":false,"facType":"police"}},{"type":"Feature","geometry":{"type":"Point","coordinates":[36.0696,36.27172]},"properties":{"probability":0.494,"inBuffer":false,"facType":"police"}},{"type":"Feature","geometry":{"type":"Point","coordinates":[36.0741,36.27172]},"properties":{"probability":0.533,"inBuffer":false,"facType":"police"}},{"type":"Feature","geometry":{"type":"Point","coordinates":[36.07859,36.27172]},"properties":{"probability":0.452,"inBuffer":false,"facType":"police"}},{"type":"Feature","geometry":{"type":"Point","coordinates":[36.08308,36.27172]},"properties":{"probability":0.519,"inBuffer":false,"facType":"police"}},{"type":"Feature","geometry":{"type":"Point","coordinates":[36.08757,36.27172]},"properties":{"probability":0.438,"inBuffer":false,"facType":"police"}},{"type":"Feature","geometry":{"type":"Point","coordinates":[36.09206,36.27172]},"properties":{"probability":0.473,"inBuffer":false,"facType":"police"}},{"type":"Feature","geometry":{"type":"Point","coordinates":[36.09655,36.27172]},"properties":{"probability":0.726,"inBuffer":false,"facType":"police"}},{"type":"Feature","geometry":{"type":"Point","coordinates":[36.10104,36.27172]},"properties":{"probability":0.808,"inBuffer":false,"facType":"police"}},{"type":"Feature","geometry":{"type":"Point","coordinates":[36.10554,36.27172]},"properties":{"probability":0.773,"inBuffer":false,"facType":"police"}},{"type":"Feature","geometry":{"type":"Point","coordinates":[36.11003,36.27172]},"properties":{"probability":0.75,"inBuffer":true,"facType":"police"}},{"type":"Feature","geometry":{"type":"Point","coordinates":[36.11452,36.27172]},"properties":{"probability":0.525,"inBuffer":true,"facType":"police"}},{"type":"Feature","geometry":{"type":"Point","coordinates":[36.11901,36.27172]},"properties":{"probability":0.396,"inBuffer":false,"facType":"police"}},{"type":"Feature","geometry":{"type":"Point","coordinates":[36.1235,36.27172]},"properties":{"probability":0.464,"inBuffer":false,"facType":"police"}},{"type":"Feature","geometry":{"type":"Point","coordinates":[36.12799,36.27172]},"properties":{"probability":0.604,"inBuffer":false,"facType":"police"}},{"type":"Feature","geometry":{"type":"Point","coordinates":[36.13249,36.27172]},"properties":{"probability":0.743,"inBuffer":true,"facType":"police"}},{"type":"Feature","geometry":{"type":"Point","coordinates":[36.13698,36.27172]},"properties":{"probability":0.796,"inBuffer":true,"facType":"police"}},{"type":"Feature","geometry":{"type":"Point","coordinates":[36.14147,36.27172]},"properties":{"probability":0.745,"inBuffer":true,"facType":"police"}},{"type":"Feature","geometry":{"type":"Point","coordinates":[36.14596,36.27172]},"properties":{"probability":0.872,"inBuffer":true,"facType":"police"}},{"type":"Feature","geometry":{"type":"Point","coordinates":[36.15045,36.27172]},"properties":{"probability":0.868,"inBuffer":true,"facType":"police"}},{"type":"Feature","geometry":{"type":"Point","coordinates":[36.15495,36.27172]},"properties":{"probability":0.847,"inBuffer":false,"facType":"police"}},{"type":"Feature","geometry":{"type":"Point","coordinates":[36.15944,36.27172]},"properties":{"probability":0.819,"inBuffer":false,"facType":"police"}},{"type":"Feature","geometry":{"type":"Point","coordinates":[36.16393,36.27172]},"properties":{"probability":0.715,"inBuffer":false,"facType":"police"}},{"type":"Feature","geometry":{"type":"Point","coordinates":[36.16842,36.27172]},"properties":{"probability":0.476,"inBuffer":false,"facType":"police"}},{"type":"Feature","geometry":{"type":"Point","coordinates":[36.17291,36.27172]},"properties":{"probability":0.531,"inBuffer":false,"facType":"police"}},{"type":"Feature","geometry":{"type":"Point","coordinates":[36.1774,36.27172]},"properties":{"probability":0.791,"inBuffer":false,"facType":"police"}},{"type":"Feature","geometry":{"type":"Point","coordinates":[36.18189,36.27172]},"properties":{"probability":0.74,"inBuffer":false,"facType":"police"}},{"type":"Feature","geometry":{"type":"Point","coordinates":[36.18639,36.27172]},"properties":{"probability":0.819,"inBuffer":false,"facType":"police"}},{"type":"Feature","geometry":{"type":"Point","coordinates":[36.19088,36.27172]},"properties":{"probability":0.851,"inBuffer":false,"facType":"police"}},{"type":"Feature","geometry":{"type":"Point","coordinates":[36.19537,36.27172]},"properties":{"probability":0.848,"inBuffer":false,"facType":"police"}},{"type":"Feature","geometry":{"type":"Point","coordinates":[36.19986,36.27172]},"properties":{"probability":0.718,"inBuffer":false,"facType":"police"}},{"type":"Feature","geometry":{"type":"Point","coordinates":[36.20435,36.27172]},"properties":{"probability":0.702,"inBuffer":false,"facType":"police"}},{"type":"Feature","geometry":{"type":"Point","coordinates":[36.20884,36.27172]},"properties":{"probability":0.71,"inBuffer":true,"facType":"police"}},{"type":"Feature","geometry":{"type":"Point","coordinates":[36.21333,36.27172]},"properties":{"probability":0.662,"inBuffer":true,"facType":"police"}},{"type":"Feature","geometry":{"type":"Point","coordinates":[36.21783,36.27172]},"properties":{"probability":0.378,"inBuffer":false,"facType":"police"}},{"type":"Feature","geometry":{"type":"Point","coordinates":[36.22232,36.27172]},"properties":{"probability":0.371,"inBuffer":false,"facType":"police"}},{"type":"Feature","geometry":{"type":"Point","coordinates":[36.22681,36.27172]},"properties":{"probability":0.463,"inBuffer":false,"facType":"police"}},{"type":"Feature","geometry":{"type":"Point","coordinates":[36.2313,36.27172]},"properties":{"probability":0.869,"inBuffer":false,"facType":"police"}},{"type":"Feature","geometry":{"type":"Point","coordinates":[36.23579,36.27172]},"properties":{"probability":0.866,"inBuffer":false,"facType":"police"}},{"type":"Feature","geometry":{"type":"Point","coordinates":[36.24028,36.27172]},"properties":{"probability":0.86,"inBuffer":false,"facType":"police"}},{"type":"Feature","geometry":{"type":"Point","coordinates":[36.24478,36.27172]},"properties":{"probability":0.865,"inBuffer":false,"facType":"police"}},{"type":"Feature","geometry":{"type":"Point","coordinates":[36.24927,36.27172]},"properties":{"probability":0.835,"inBuffer":false,"facType":"police"}},{"type":"Feature","geometry":{"type":"Point","coordinates":[36.25376,36.27172]},"properties":{"probability":0.804,"inBuffer":true,"facType":"police"}},{"type":"Feature","geometry":{"type":"Point","coordinates":[36.25825,36.27172]},"properties":{"probability":0.823,"inBuffer":false,"facType":"police"}},{"type":"Feature","geometry":{"type":"Point","coordinates":[36.26274,36.27172]},"properties":{"probability":0.69,"inBuffer":false,"facType":"police"}},{"type":"Feature","geometry":{"type":"Point","coordinates":[36.26723,36.27172]},"properties":{"probability":0.478,"inBuffer":false,"facType":"police"}},{"type":"Feature","geometry":{"type":"Point","coordinates":[36.27172,36.27172]},"properties":{"probability":0.496,"inBuffer":false,"facType":"police"}},{"type":"Feature","geometry":{"type":"Point","coordinates":[36.27622,36.27172]},"properties":{"probability":0.414,"inBuffer":false,"facType":"police"}},{"type":"Feature","geometry":{"type":"Point","coordinates":[36.28071,36.27172]},"properties":{"probability":0.35,"inBuffer":false,"facType":"police"}},{"type":"Feature","geometry":{"type":"Point","coordinates":[36.05164,36.26723]},"properties":{"probability":0.399,"inBuffer":false,"facType":"police"}},{"type":"Feature","geometry":{"type":"Point","coordinates":[36.05613,36.26723]},"properties":{"probability":0.445,"inBuffer":false,"facType":"police"}},{"type":"Feature","geometry":{"type":"Point","coordinates":[36.06062,36.26723]},"properties":{"probability":0.394,"inBuffer":false,"facType":"police"}},{"type":"Feature","geometry":{"type":"Point","coordinates":[36.06511,36.26723]},"properties":{"probability":0.417,"inBuffer":false,"facType":"police"}},{"type":"Feature","geometry":{"type":"Point","coordinates":[36.0696,36.26723]},"properties":{"probability":0.409,"inBuffer":false,"facType":"police"}},{"type":"Feature","geometry":{"type":"Point","coordinates":[36.0741,36.26723]},"properties":{"probability":0.397,"inBuffer":false,"facType":"police"}},{"type":"Feature","geometry":{"type":"Point","coordinates":[36.07859,36.26723]},"properties":{"probability":0.43,"inBuffer":false,"facType":"police"}},{"type":"Feature","geometry":{"type":"Point","coordinates":[36.08308,36.26723]},"properties":{"probability":0.547,"inBuffer":false,"facType":"police"}},{"type":"Feature","geometry":{"type":"Point","coordinates":[36.08757,36.26723]},"properties":{"probability":0.597,"inBuffer":false,"facType":"police"}},{"type":"Feature","geometry":{"type":"Point","coordinates":[36.09206,36.26723]},"properties":{"probability":0.5,"inBuffer":false,"facType":"police"}},{"type":"Feature","geometry":{"type":"Point","coordinates":[36.09655,36.26723]},"properties":{"probability":0.783,"inBuffer":false,"facType":"police"}},{"type":"Feature","geometry":{"type":"Point","coordinates":[36.10104,36.26723]},"properties":{"probability":0.861,"inBuffer":false,"facType":"police"}},{"type":"Feature","geometry":{"type":"Point","coordinates":[36.10554,36.26723]},"properties":{"probability":0.866,"inBuffer":true,"facType":"police"}},{"type":"Feature","geometry":{"type":"Point","coordinates":[36.11003,36.26723]},"properties":{"probability":0.862,"inBuffer":true,"facType":"police"}},{"type":"Feature","geometry":{"type":"Point","coordinates":[36.11452,36.26723]},"properties":{"probability":0.788,"inBuffer":true,"facType":"police"}},{"type":"Feature","geometry":{"type":"Point","coordinates":[36.11901,36.26723]},"properties":{"probability":0.517,"inBuffer":true,"facType":"police"}},{"type":"Feature","geometry":{"type":"Point","coordinates":[36.1235,36.26723]},"properties":{"probability":0.406,"inBuffer":false,"facType":"police"}},{"type":"Feature","geometry":{"type":"Point","coordinates":[36.12799,36.26723]},"properties":{"probability":0.5,"inBuffer":false,"facType":"police"}},{"type":"Feature","geometry":{"type":"Point","coordinates":[36.13249,36.26723]},"properties":{"probability":0.829,"inBuffer":true,"facType":"police"}},{"type":"Feature","geometry":{"type":"Point","coordinates":[36.13698,36.26723]},"properties":{"probability":0.854,"inBuffer":true,"facType":"police"}},{"type":"Feature","geometry":{"type":"Point","coordinates":[36.14147,36.26723]},"properties":{"probability":0.855,"inBuffer":true,"facType":"police"}},{"type":"Feature","geometry":{"type":"Point","coordinates":[36.14596,36.26723]},"properties":{"probability":0.865,"inBuffer":true,"facType":"police"}},{"type":"Feature","geometry":{"type":"Point","coordinates":[36.15045,36.26723]},"properties":{"probability":0.866,"inBuffer":true,"facType":"police"}},{"type":"Feature","geometry":{"type":"Point","coordinates":[36.15495,36.26723]},"properties":{"probability":0.856,"inBuffer":false,"facType":"police"}},{"type":"Feature","geometry":{"type":"Point","coordinates":[36.15944,36.26723]},"properties":{"probability":0.614,"inBuffer":false,"facType":"police"}},{"type":"Feature","geometry":{"type":"Point","coordinates":[36.16393,36.26723]},"properties":{"probability":0.489,"inBuffer":false,"facType":"police"}},{"type":"Feature","geometry":{"type":"Point","coordinates":[36.16842,36.26723]},"properties":{"probability":0.77,"inBuffer":false,"facType":"police"}},{"type":"Feature","geometry":{"type":"Point","coordinates":[36.17291,36.26723]},"properties":{"probability":0.865,"inBuffer":false,"facType":"police"}},{"type":"Feature","geometry":{"type":"Point","coordinates":[36.1774,36.26723]},"properties":{"probability":0.854,"inBuffer":false,"facType":"police"}},{"type":"Feature","geometry":{"type":"Point","coordinates":[36.18189,36.26723]},"properties":{"probability":0.864,"inBuffer":false,"facType":"police"}},{"type":"Feature","geometry":{"type":"Point","coordinates":[36.18639,36.26723]},"properties":{"probability":0.867,"inBuffer":true,"facType":"police"}},{"type":"Feature","geometry":{"type":"Point","coordinates":[36.19088,36.26723]},"properties":{"probability":0.859,"inBuffer":false,"facType":"police"}},{"type":"Feature","geometry":{"type":"Point","coordinates":[36.19537,36.26723]},"properties":{"probability":0.866,"inBuffer":false,"facType":"police"}},{"type":"Feature","geometry":{"type":"Point","coordinates":[36.19986,36.26723]},"properties":{"probability":0.813,"inBuffer":false,"facType":"police"}},{"type":"Feature","geometry":{"type":"Point","coordinates":[36.20435,36.26723]},"properties":{"probability":0.733,"inBuffer":false,"facType":"police"}},{"type":"Feature","geometry":{"type":"Point","coordinates":[36.20884,36.26723]},"properties":{"probability":0.694,"inBuffer":false,"facType":"police"}},{"type":"Feature","geometry":{"type":"Point","coordinates":[36.21333,36.26723]},"properties":{"probability":0.484,"inBuffer":false,"facType":"police"}},{"type":"Feature","geometry":{"type":"Point","coordinates":[36.21783,36.26723]},"properties":{"probability":0.394,"inBuffer":false,"facType":"police"}},{"type":"Feature","geometry":{"type":"Point","coordinates":[36.22232,36.26723]},"properties":{"probability":0.498,"inBuffer":false,"facType":"police"}},{"type":"Feature","geometry":{"type":"Point","coordinates":[36.22681,36.26723]},"properties":{"probability":0.384,"inBuffer":false,"facType":"police"}},{"type":"Feature","geometry":{"type":"Point","coordinates":[36.2313,36.26723]},"properties":{"probability":0.472,"inBuffer":false,"facType":"police"}},{"type":"Feature","geometry":{"type":"Point","coordinates":[36.23579,36.26723]},"properties":{"probability":0.786,"inBuffer":false,"facType":"police"}},{"type":"Feature","geometry":{"type":"Point","coordinates":[36.24028,36.26723]},"properties":{"probability":0.657,"inBuffer":false,"facType":"police"}},{"type":"Feature","geometry":{"type":"Point","coordinates":[36.24478,36.26723]},"properties":{"probability":0.607,"inBuffer":false,"facType":"police"}},{"type":"Feature","geometry":{"type":"Point","coordinates":[36.24927,36.26723]},"properties":{"probability":0.592,"inBuffer":false,"facType":"police"}},{"type":"Feature","geometry":{"type":"Point","coordinates":[36.25376,36.26723]},"properties":{"probability":0.637,"inBuffer":false,"facType":"police"}},{"type":"Feature","geometry":{"type":"Point","coordinates":[36.25825,36.26723]},"properties":{"probability":0.745,"inBuffer":false,"facType":"police"}},{"type":"Feature","geometry":{"type":"Point","coordinates":[36.26274,36.26723]},"properties":{"probability":0.757,"inBuffer":false,"facType":"police"}},{"type":"Feature","geometry":{"type":"Point","coordinates":[36.26723,36.26723]},"properties":{"probability":0.653,"inBuffer":false,"facType":"police"}},{"type":"Feature","geometry":{"type":"Point","coordinates":[36.27172,36.26723]},"properties":{"probability":0.631,"inBuffer":false,"facType":"police"}},{"type":"Feature","geometry":{"type":"Point","coordinates":[36.27622,36.26723]},"properties":{"probability":0.512,"inBuffer":false,"facType":"police"}},{"type":"Feature","geometry":{"type":"Point","coordinates":[36.28071,36.26723]},"properties":{"probability":0.42,"inBuffer":false,"facType":"police"}},{"type":"Feature","geometry":{"type":"Point","coordinates":[36.2852,36.26723]},"properties":{"probability":0.466,"inBuffer":false,"facType":"police"}},{"type":"Feature","geometry":{"type":"Point","coordinates":[36.05164,36.26274]},"properties":{"probability":0.492,"inBuffer":false,"facType":"police"}},{"type":"Feature","geometry":{"type":"Point","coordinates":[36.05613,36.26274]},"properties":{"probability":0.322,"inBuffer":false,"facType":"police"}},{"type":"Feature","geometry":{"type":"Point","coordinates":[36.06062,36.26274]},"properties":{"probability":0.369,"inBuffer":false,"facType":"police"}},{"type":"Feature","geometry":{"type":"Point","coordinates":[36.06511,36.26274]},"properties":{"probability":0.415,"inBuffer":false,"facType":"police"}},{"type":"Feature","geometry":{"type":"Point","coordinates":[36.0696,36.26274]},"properties":{"probability":0.41,"inBuffer":false,"facType":"police"}},{"type":"Feature","geometry":{"type":"Point","coordinates":[36.0741,36.26274]},"properties":{"probability":0.356,"inBuffer":false,"facType":"police"}},{"type":"Feature","geometry":{"type":"Point","coordinates":[36.07859,36.26274]},"properties":{"probability":0.418,"inBuffer":false,"facType":"police"}},{"type":"Feature","geometry":{"type":"Point","coordinates":[36.08308,36.26274]},"properties":{"probability":0.583,"inBuffer":false,"facType":"police"}},{"type":"Feature","geometry":{"type":"Point","coordinates":[36.08757,36.26274]},"properties":{"probability":0.745,"inBuffer":false,"facType":"police"}},{"type":"Feature","geometry":{"type":"Point","coordinates":[36.09206,36.26274]},"properties":{"probability":0.715,"inBuffer":false,"facType":"police"}},{"type":"Feature","geometry":{"type":"Point","coordinates":[36.09655,36.26274]},"properties":{"probability":0.778,"inBuffer":false,"facType":"police"}},{"type":"Feature","geometry":{"type":"Point","coordinates":[36.10104,36.26274]},"properties":{"probability":0.866,"inBuffer":true,"facType":"police"}},{"type":"Feature","geometry":{"type":"Point","coordinates":[36.10554,36.26274]},"properties":{"probability":0.856,"inBuffer":true,"facType":"police"}},{"type":"Feature","geometry":{"type":"Point","coordinates":[36.11003,36.26274]},"properties":{"probability":0.864,"inBuffer":true,"facType":"police"}},{"type":"Feature","geometry":{"type":"Point","coordinates":[36.11452,36.26274]},"properties":{"probability":0.827,"inBuffer":true,"facType":"police"}},{"type":"Feature","geometry":{"type":"Point","coordinates":[36.11901,36.26274]},"properties":{"probability":0.537,"inBuffer":false,"facType":"police"}},{"type":"Feature","geometry":{"type":"Point","coordinates":[36.1235,36.26274]},"properties":{"probability":0.705,"inBuffer":true,"facType":"police"}},{"type":"Feature","geometry":{"type":"Point","coordinates":[36.12799,36.26274]},"properties":{"probability":0.858,"inBuffer":true,"facType":"police"}},{"type":"Feature","geometry":{"type":"Point","coordinates":[36.13249,36.26274]},"properties":{"probability":0.855,"inBuffer":false,"facType":"police"}},{"type":"Feature","geometry":{"type":"Point","coordinates":[36.13698,36.26274]},"properties":{"probability":0.855,"inBuffer":false,"facType":"police"}},{"type":"Feature","geometry":{"type":"Point","coordinates":[36.14147,36.26274]},"properties":{"probability":0.869,"inBuffer":true,"facType":"police"}},{"type":"Feature","geometry":{"type":"Point","coordinates":[36.14596,36.26274]},"properties":{"probability":0.869,"inBuffer":true,"facType":"police"}},{"type":"Feature","geometry":{"type":"Point","coordinates":[36.15045,36.26274]},"properties":{"probability":0.863,"inBuffer":true,"facType":"police"}},{"type":"Feature","geometry":{"type":"Point","coordinates":[36.15495,36.26274]},"properties":{"probability":0.853,"inBuffer":false,"facType":"police"}},{"type":"Feature","geometry":{"type":"Point","coordinates":[36.15944,36.26274]},"properties":{"probability":0.48,"inBuffer":false,"facType":"police"}},{"type":"Feature","geometry":{"type":"Point","coordinates":[36.16393,36.26274]},"properties":{"probability":0.495,"inBuffer":false,"facType":"police"}},{"type":"Feature","geometry":{"type":"Point","coordinates":[36.16842,36.26274]},"properties":{"probability":0.831,"inBuffer":true,"facType":"police"}},{"type":"Feature","geometry":{"type":"Point","coordinates":[36.17291,36.26274]},"properties":{"probability":0.865,"inBuffer":true,"facType":"police"}},{"type":"Feature","geometry":{"type":"Point","coordinates":[36.1774,36.26274]},"properties":{"probability":0.861,"inBuffer":true,"facType":"police"}},{"type":"Feature","geometry":{"type":"Point","coordinates":[36.18189,36.26274]},"properties":{"probability":0.838,"inBuffer":true,"facType":"police"}},{"type":"Feature","geometry":{"type":"Point","coordinates":[36.18639,36.26274]},"properties":{"probability":0.829,"inBuffer":true,"facType":"police"}},{"type":"Feature","geometry":{"type":"Point","coordinates":[36.19088,36.26274]},"properties":{"probability":0.859,"inBuffer":true,"facType":"police"}},{"type":"Feature","geometry":{"type":"Point","coordinates":[36.19537,36.26274]},"properties":{"probability":0.857,"inBuffer":true,"facType":"police"}},{"type":"Feature","geometry":{"type":"Point","coordinates":[36.19986,36.26274]},"properties":{"probability":0.854,"inBuffer":true,"facType":"police"}},{"type":"Feature","geometry":{"type":"Point","coordinates":[36.20435,36.26274]},"properties":{"probability":0.822,"inBuffer":true,"facType":"police"}},{"type":"Feature","geometry":{"type":"Point","coordinates":[36.20884,36.26274]},"properties":{"probability":0.775,"inBuffer":true,"facType":"police"}},{"type":"Feature","geometry":{"type":"Point","coordinates":[36.21333,36.26274]},"properties":{"probability":0.465,"inBuffer":true,"facType":"police"}},{"type":"Feature","geometry":{"type":"Point","coordinates":[36.21783,36.26274]},"properties":{"probability":0.373,"inBuffer":false,"facType":"police"}},{"type":"Feature","geometry":{"type":"Point","coordinates":[36.22232,36.26274]},"properties":{"probability":0.372,"inBuffer":false,"facType":"police"}},{"type":"Feature","geometry":{"type":"Point","coordinates":[36.22681,36.26274]},"properties":{"probability":0.464,"inBuffer":false,"facType":"police"}},{"type":"Feature","geometry":{"type":"Point","coordinates":[36.2313,36.26274]},"properties":{"probability":0.494,"inBuffer":false,"facType":"police"}},{"type":"Feature","geometry":{"type":"Point","coordinates":[36.23579,36.26274]},"properties":{"probability":0.326,"inBuffer":false,"facType":"police"}},{"type":"Feature","geometry":{"type":"Point","coordinates":[36.24028,36.26274]},"properties":{"probability":0.459,"inBuffer":false,"facType":"police"}},{"type":"Feature","geometry":{"type":"Point","coordinates":[36.24478,36.26274]},"properties":{"probability":0.418,"inBuffer":false,"facType":"police"}},{"type":"Feature","geometry":{"type":"Point","coordinates":[36.24927,36.26274]},"properties":{"probability":0.375,"inBuffer":false,"facType":"police"}},{"type":"Feature","geometry":{"type":"Point","coordinates":[36.25376,36.26274]},"properties":{"probability":0.378,"inBuffer":false,"facType":"police"}},{"type":"Feature","geometry":{"type":"Point","coordinates":[36.25825,36.26274]},"properties":{"probability":0.442,"inBuffer":false,"facType":"police"}},{"type":"Feature","geometry":{"type":"Point","coordinates":[36.26274,36.26274]},"properties":{"probability":0.754,"inBuffer":false,"facType":"police"}},{"type":"Feature","geometry":{"type":"Point","coordinates":[36.26723,36.26274]},"properties":{"probability":0.781,"inBuffer":false,"facType":"police"}},{"type":"Feature","geometry":{"type":"Point","coordinates":[36.27172,36.26274]},"properties":{"probability":0.621,"inBuffer":false,"facType":"police"}},{"type":"Feature","geometry":{"type":"Point","coordinates":[36.27622,36.26274]},"properties":{"probability":0.551,"inBuffer":false,"facType":"police"}},{"type":"Feature","geometry":{"type":"Point","coordinates":[36.28071,36.26274]},"properties":{"probability":0.408,"inBuffer":false,"facType":"police"}},{"type":"Feature","geometry":{"type":"Point","coordinates":[36.2852,36.26274]},"properties":{"probability":0.438,"inBuffer":false,"facType":"police"}},{"type":"Feature","geometry":{"type":"Point","coordinates":[36.28969,36.26274]},"properties":{"probability":0.373,"inBuffer":false,"facType":"police"}},{"type":"Feature","geometry":{"type":"Point","coordinates":[36.29418,36.26274]},"properties":{"probability":0.387,"inBuffer":false,"facType":"police"}},{"type":"Feature","geometry":{"type":"Point","coordinates":[36.29868,36.26274]},"properties":{"probability":0.457,"inBuffer":false,"facType":"police"}},{"type":"Feature","geometry":{"type":"Point","coordinates":[36.05164,36.25825]},"properties":{"probability":0.478,"inBuffer":false,"facType":"police"}},{"type":"Feature","geometry":{"type":"Point","coordinates":[36.05613,36.25825]},"properties":{"probability":0.38,"inBuffer":false,"facType":"police"}},{"type":"Feature","geometry":{"type":"Point","coordinates":[36.06062,36.25825]},"properties":{"probability":0.38,"inBuffer":false,"facType":"police"}},{"type":"Feature","geometry":{"type":"Point","coordinates":[36.06511,36.25825]},"properties":{"probability":0.413,"inBuffer":false,"facType":"police"}},{"type":"Feature","geometry":{"type":"Point","coordinates":[36.0696,36.25825]},"properties":{"probability":0.431,"inBuffer":false,"facType":"police"}},{"type":"Feature","geometry":{"type":"Point","coordinates":[36.0741,36.25825]},"properties":{"probability":0.37,"inBuffer":false,"facType":"police"}},{"type":"Feature","geometry":{"type":"Point","coordinates":[36.07859,36.25825]},"properties":{"probability":0.416,"inBuffer":false,"facType":"police"}},{"type":"Feature","geometry":{"type":"Point","coordinates":[36.08308,36.25825]},"properties":{"probability":0.606,"inBuffer":false,"facType":"police"}},{"type":"Feature","geometry":{"type":"Point","coordinates":[36.08757,36.25825]},"properties":{"probability":0.744,"inBuffer":false,"facType":"police"}},{"type":"Feature","geometry":{"type":"Point","coordinates":[36.09206,36.25825]},"properties":{"probability":0.705,"inBuffer":false,"facType":"police"}},{"type":"Feature","geometry":{"type":"Point","coordinates":[36.09655,36.25825]},"properties":{"probability":0.846,"inBuffer":true,"facType":"police"}},{"type":"Feature","geometry":{"type":"Point","coordinates":[36.10104,36.25825]},"properties":{"probability":0.851,"inBuffer":true,"facType":"police"}},{"type":"Feature","geometry":{"type":"Point","coordinates":[36.10554,36.25825]},"properties":{"probability":0.87,"inBuffer":true,"facType":"police"}},{"type":"Feature","geometry":{"type":"Point","coordinates":[36.11003,36.25825]},"properties":{"probability":0.868,"inBuffer":true,"facType":"police"}},{"type":"Feature","geometry":{"type":"Point","coordinates":[36.11452,36.25825]},"properties":{"probability":0.828,"inBuffer":true,"facType":"police"}},{"type":"Feature","geometry":{"type":"Point","coordinates":[36.11901,36.25825]},"properties":{"probability":0.629,"inBuffer":true,"facType":"police"}},{"type":"Feature","geometry":{"type":"Point","coordinates":[36.1235,36.25825]},"properties":{"probability":0.819,"inBuffer":true,"facType":"police"}},{"type":"Feature","geometry":{"type":"Point","coordinates":[36.12799,36.25825]},"properties":{"probability":0.841,"inBuffer":true,"facType":"police"}},{"type":"Feature","geometry":{"type":"Point","coordinates":[36.13249,36.25825]},"properties":{"probability":0.85,"inBuffer":false,"facType":"police"}},{"type":"Feature","geometry":{"type":"Point","coordinates":[36.13698,36.25825]},"properties":{"probability":0.848,"inBuffer":true,"facType":"police"}},{"type":"Feature","geometry":{"type":"Point","coordinates":[36.14147,36.25825]},"properties":{"probability":0.865,"inBuffer":true,"facType":"police"}},{"type":"Feature","geometry":{"type":"Point","coordinates":[36.14596,36.25825]},"properties":{"probability":0.846,"inBuffer":false,"facType":"police"}},{"type":"Feature","geometry":{"type":"Point","coordinates":[36.15045,36.25825]},"properties":{"probability":0.843,"inBuffer":false,"facType":"police"}},{"type":"Feature","geometry":{"type":"Point","coordinates":[36.15495,36.25825]},"properties":{"probability":0.853,"inBuffer":false,"facType":"police"}},{"type":"Feature","geometry":{"type":"Point","coordinates":[36.15944,36.25825]},"properties":{"probability":0.742,"inBuffer":false,"facType":"police"}},{"type":"Feature","geometry":{"type":"Point","coordinates":[36.16393,36.25825]},"properties":{"probability":0.725,"inBuffer":true,"facType":"police"}},{"type":"Feature","geometry":{"type":"Point","coordinates":[36.16842,36.25825]},"properties":{"probability":0.833,"inBuffer":true,"facType":"police"}},{"type":"Feature","geometry":{"type":"Point","coordinates":[36.17291,36.25825]},"properties":{"probability":0.871,"inBuffer":true,"facType":"police"}},{"type":"Feature","geometry":{"type":"Point","coordinates":[36.1774,36.25825]},"properties":{"probability":0.875,"inBuffer":true,"facType":"police"}},{"type":"Feature","geometry":{"type":"Point","coordinates":[36.18189,36.25825]},"properties":{"probability":0.872,"inBuffer":true,"facType":"police"}},{"type":"Feature","geometry":{"type":"Point","coordinates":[36.18639,36.25825]},"properties":{"probability":0.872,"inBuffer":true,"facType":"police"}},{"type":"Feature","geometry":{"type":"Point","coordinates":[36.19088,36.25825]},"properties":{"probability":0.862,"inBuffer":true,"facType":"police"}},{"type":"Feature","geometry":{"type":"Point","coordinates":[36.19537,36.25825]},"properties":{"probability":0.855,"inBuffer":true,"facType":"police"}},{"type":"Feature","geometry":{"type":"Point","coordinates":[36.19986,36.25825]},"properties":{"probability":0.868,"inBuffer":true,"facType":"police"}},{"type":"Feature","geometry":{"type":"Point","coordinates":[36.20435,36.25825]},"properties":{"probability":0.851,"inBuffer":true,"facType":"police"}},{"type":"Feature","geometry":{"type":"Point","coordinates":[36.20884,36.25825]},"properties":{"probability":0.826,"inBuffer":true,"facType":"police"}},{"type":"Feature","geometry":{"type":"Point","coordinates":[36.21333,36.25825]},"properties":{"probability":0.694,"inBuffer":true,"facType":"police"}},{"type":"Feature","geometry":{"type":"Point","coordinates":[36.21783,36.25825]},"properties":{"probability":0.601,"inBuffer":true,"facType":"police"}},{"type":"Feature","geometry":{"type":"Point","coordinates":[36.22232,36.25825]},"properties":{"probability":0.485,"inBuffer":true,"facType":"police"}},{"type":"Feature","geometry":{"type":"Point","coordinates":[36.22681,36.25825]},"properties":{"probability":0.454,"inBuffer":false,"facType":"police"}},{"type":"Feature","geometry":{"type":"Point","coordinates":[36.2313,36.25825]},"properties":{"probability":0.473,"inBuffer":false,"facType":"police"}},{"type":"Feature","geometry":{"type":"Point","coordinates":[36.23579,36.25825]},"properties":{"probability":0.451,"inBuffer":false,"facType":"police"}},{"type":"Feature","geometry":{"type":"Point","coordinates":[36.24028,36.25825]},"properties":{"probability":0.364,"inBuffer":false,"facType":"police"}},{"type":"Feature","geometry":{"type":"Point","coordinates":[36.24478,36.25825]},"properties":{"probability":0.434,"inBuffer":false,"facType":"police"}},{"type":"Feature","geometry":{"type":"Point","coordinates":[36.24927,36.25825]},"properties":{"probability":0.443,"inBuffer":false,"facType":"police"}},{"type":"Feature","geometry":{"type":"Point","coordinates":[36.25376,36.25825]},"properties":{"probability":0.432,"inBuffer":false,"facType":"police"}},{"type":"Feature","geometry":{"type":"Point","coordinates":[36.25825,36.25825]},"properties":{"probability":0.713,"inBuffer":false,"facType":"police"}},{"type":"Feature","geometry":{"type":"Point","coordinates":[36.26274,36.25825]},"properties":{"probability":0.821,"inBuffer":false,"facType":"police"}},{"type":"Feature","geometry":{"type":"Point","coordinates":[36.26723,36.25825]},"properties":{"probability":0.855,"inBuffer":false,"facType":"police"}},{"type":"Feature","geometry":{"type":"Point","coordinates":[36.27172,36.25825]},"properties":{"probability":0.719,"inBuffer":false,"facType":"police"}},{"type":"Feature","geometry":{"type":"Point","coordinates":[36.27622,36.25825]},"properties":{"probability":0.585,"inBuffer":false,"facType":"police"}},{"type":"Feature","geometry":{"type":"Point","coordinates":[36.28071,36.25825]},"properties":{"probability":0.632,"inBuffer":false,"facType":"police"}},{"type":"Feature","geometry":{"type":"Point","coordinates":[36.2852,36.25825]},"properties":{"probability":0.486,"inBuffer":false,"facType":"police"}},{"type":"Feature","geometry":{"type":"Point","coordinates":[36.28969,36.25825]},"properties":{"probability":0.442,"inBuffer":false,"facType":"police"}},{"type":"Feature","geometry":{"type":"Point","coordinates":[36.29418,36.25825]},"properties":{"probability":0.364,"inBuffer":false,"facType":"police"}},{"type":"Feature","geometry":{"type":"Point","coordinates":[36.29868,36.25825]},"properties":{"probability":0.461,"inBuffer":false,"facType":"police"}},{"type":"Feature","geometry":{"type":"Point","coordinates":[36.05164,36.25376]},"properties":{"probability":0.517,"inBuffer":false,"facType":"police"}},{"type":"Feature","geometry":{"type":"Point","coordinates":[36.05613,36.25376]},"properties":{"probability":0.606,"inBuffer":false,"facType":"police"}},{"type":"Feature","geometry":{"type":"Point","coordinates":[36.06062,36.25376]},"properties":{"probability":0.51,"inBuffer":false,"facType":"police"}},{"type":"Feature","geometry":{"type":"Point","coordinates":[36.06511,36.25376]},"properties":{"probability":0.487,"inBuffer":false,"facType":"police"}},{"type":"Feature","geometry":{"type":"Point","coordinates":[36.0696,36.25376]},"properties":{"probability":0.446,"inBuffer":false,"facType":"police"}},{"type":"Feature","geometry":{"type":"Point","coordinates":[36.0741,36.25376]},"properties":{"probability":0.424,"inBuffer":false,"facType":"police"}},{"type":"Feature","geometry":{"type":"Point","coordinates":[36.07859,36.25376]},"properties":{"probability":0.373,"inBuffer":false,"facType":"police"}},{"type":"Feature","geometry":{"type":"Point","coordinates":[36.08308,36.25376]},"properties":{"probability":0.469,"inBuffer":false,"facType":"police"}},{"type":"Feature","geometry":{"type":"Point","coordinates":[36.08757,36.25376]},"properties":{"probability":0.704,"inBuffer":false,"facType":"police"}},{"type":"Feature","geometry":{"type":"Point","coordinates":[36.09206,36.25376]},"properties":{"probability":0.772,"inBuffer":false,"facType":"police"}},{"type":"Feature","geometry":{"type":"Point","coordinates":[36.09655,36.25376]},"properties":{"probability":0.605,"inBuffer":true,"facType":"police"}},{"type":"Feature","geometry":{"type":"Point","coordinates":[36.10104,36.25376]},"properties":{"probability":0.833,"inBuffer":true,"facType":"police"}},{"type":"Feature","geometry":{"type":"Point","coordinates":[36.10554,36.25376]},"properties":{"probability":0.85,"inBuffer":true,"facType":"police"}},{"type":"Feature","geometry":{"type":"Point","coordinates":[36.11003,36.25376]},"properties":{"probability":0.837,"inBuffer":true,"facType":"police"}},{"type":"Feature","geometry":{"type":"Point","coordinates":[36.11452,36.25376]},"properties":{"probability":0.809,"inBuffer":true,"facType":"police"}},{"type":"Feature","geometry":{"type":"Point","coordinates":[36.11901,36.25376]},"properties":{"probability":0.634,"inBuffer":true,"facType":"police"}},{"type":"Feature","geometry":{"type":"Point","coordinates":[36.1235,36.25376]},"properties":{"probability":0.629,"inBuffer":true,"facType":"police"}},{"type":"Feature","geometry":{"type":"Point","coordinates":[36.12799,36.25376]},"properties":{"probability":0.719,"inBuffer":true,"facType":"police"}},{"type":"Feature","geometry":{"type":"Point","coordinates":[36.13249,36.25376]},"properties":{"probability":0.681,"inBuffer":true,"facType":"police"}},{"type":"Feature","geometry":{"type":"Point","coordinates":[36.13698,36.25376]},"properties":{"probability":0.656,"inBuffer":true,"facType":"police"}},{"type":"Feature","geometry":{"type":"Point","coordinates":[36.14147,36.25376]},"properties":{"probability":0.842,"inBuffer":true,"facType":"police"}},{"type":"Feature","geometry":{"type":"Point","coordinates":[36.14596,36.25376]},"properties":{"probability":0.835,"inBuffer":false,"facType":"police"}},{"type":"Feature","geometry":{"type":"Point","coordinates":[36.15045,36.25376]},"properties":{"probability":0.835,"inBuffer":false,"facType":"police"}},{"type":"Feature","geometry":{"type":"Point","coordinates":[36.15495,36.25376]},"properties":{"probability":0.857,"inBuffer":false,"facType":"police"}},{"type":"Feature","geometry":{"type":"Point","coordinates":[36.15944,36.25376]},"properties":{"probability":0.846,"inBuffer":true,"facType":"police"}},{"type":"Feature","geometry":{"type":"Point","coordinates":[36.16393,36.25376]},"properties":{"probability":0.834,"inBuffer":true,"facType":"police"}},{"type":"Feature","geometry":{"type":"Point","coordinates":[36.16842,36.25376]},"properties":{"probability":0.841,"inBuffer":true,"facType":"police"}},{"type":"Feature","geometry":{"type":"Point","coordinates":[36.17291,36.25376]},"properties":{"probability":0.875,"inBuffer":true,"facType":"police"}},{"type":"Feature","geometry":{"type":"Point","coordinates":[36.1774,36.25376]},"properties":{"probability":0.871,"inBuffer":true,"facType":"police"}},{"type":"Feature","geometry":{"type":"Point","coordinates":[36.18189,36.25376]},"properties":{"probability":0.873,"inBuffer":true,"facType":"police"}},{"type":"Feature","geometry":{"type":"Point","coordinates":[36.18639,36.25376]},"properties":{"probability":0.868,"inBuffer":true,"facType":"police"}},{"type":"Feature","geometry":{"type":"Point","coordinates":[36.19088,36.25376]},"properties":{"probability":0.853,"inBuffer":true,"facType":"police"}},{"type":"Feature","geometry":{"type":"Point","coordinates":[36.19537,36.25376]},"properties":{"probability":0.856,"inBuffer":true,"facType":"police"}},{"type":"Feature","geometry":{"type":"Point","coordinates":[36.19986,36.25376]},"properties":{"probability":0.863,"inBuffer":true,"facType":"police"}},{"type":"Feature","geometry":{"type":"Point","coordinates":[36.20435,36.25376]},"properties":{"probability":0.857,"inBuffer":true,"facType":"police"}},{"type":"Feature","geometry":{"type":"Point","coordinates":[36.20884,36.25376]},"properties":{"probability":0.846,"inBuffer":true,"facType":"police"}},{"type":"Feature","geometry":{"type":"Point","coordinates":[36.21333,36.25376]},"properties":{"probability":0.832,"inBuffer":true,"facType":"police"}},{"type":"Feature","geometry":{"type":"Point","coordinates":[36.21783,36.25376]},"properties":{"probability":0.822,"inBuffer":true,"facType":"police"}},{"type":"Feature","geometry":{"type":"Point","coordinates":[36.22232,36.25376]},"properties":{"probability":0.827,"inBuffer":true,"facType":"police"}},{"type":"Feature","geometry":{"type":"Point","coordinates":[36.22681,36.25376]},"properties":{"probability":0.804,"inBuffer":false,"facType":"police"}},{"type":"Feature","geometry":{"type":"Point","coordinates":[36.2313,36.25376]},"properties":{"probability":0.454,"inBuffer":false,"facType":"police"}},{"type":"Feature","geometry":{"type":"Point","coordinates":[36.23579,36.25376]},"properties":{"probability":0.458,"inBuffer":false,"facType":"police"}},{"type":"Feature","geometry":{"type":"Point","coordinates":[36.24028,36.25376]},"properties":{"probability":0.472,"inBuffer":false,"facType":"police"}},{"type":"Feature","geometry":{"type":"Point","coordinates":[36.24478,36.25376]},"properties":{"probability":0.445,"inBuffer":false,"facType":"police"}},{"type":"Feature","geometry":{"type":"Point","coordinates":[36.24927,36.25376]},"properties":{"probability":0.45,"inBuffer":false,"facType":"police"}},{"type":"Feature","geometry":{"type":"Point","coordinates":[36.25376,36.25376]},"properties":{"probability":0.647,"inBuffer":false,"facType":"police"}},{"type":"Feature","geometry":{"type":"Point","coordinates":[36.25825,36.25376]},"properties":{"probability":0.775,"inBuffer":false,"facType":"police"}},{"type":"Feature","geometry":{"type":"Point","coordinates":[36.26274,36.25376]},"properties":{"probability":0.821,"inBuffer":false,"facType":"police"}},{"type":"Feature","geometry":{"type":"Point","coordinates":[36.26723,36.25376]},"properties":{"probability":0.865,"inBuffer":false,"facType":"police"}},{"type":"Feature","geometry":{"type":"Point","coordinates":[36.27172,36.25376]},"properties":{"probability":0.747,"inBuffer":false,"facType":"police"}},{"type":"Feature","geometry":{"type":"Point","coordinates":[36.27622,36.25376]},"properties":{"probability":0.667,"inBuffer":false,"facType":"police"}},{"type":"Feature","geometry":{"type":"Point","coordinates":[36.28071,36.25376]},"properties":{"probability":0.624,"inBuffer":false,"facType":"police"}},{"type":"Feature","geometry":{"type":"Point","coordinates":[36.2852,36.25376]},"properties":{"probability":0.501,"inBuffer":false,"facType":"police"}},{"type":"Feature","geometry":{"type":"Point","coordinates":[36.28969,36.25376]},"properties":{"probability":0.507,"inBuffer":false,"facType":"police"}},{"type":"Feature","geometry":{"type":"Point","coordinates":[36.29418,36.25376]},"properties":{"probability":0.413,"inBuffer":false,"facType":"police"}},{"type":"Feature","geometry":{"type":"Point","coordinates":[36.29868,36.25376]},"properties":{"probability":0.425,"inBuffer":false,"facType":"police"}},{"type":"Feature","geometry":{"type":"Point","coordinates":[36.05164,36.24927]},"properties":{"probability":0.785,"inBuffer":false,"facType":"police"}},{"type":"Feature","geometry":{"type":"Point","coordinates":[36.05613,36.24927]},"properties":{"probability":0.811,"inBuffer":false,"facType":"police"}},{"type":"Feature","geometry":{"type":"Point","coordinates":[36.06062,36.24927]},"properties":{"probability":0.783,"inBuffer":false,"facType":"police"}},{"type":"Feature","geometry":{"type":"Point","coordinates":[36.06511,36.24927]},"properties":{"probability":0.686,"inBuffer":false,"facType":"police"}},{"type":"Feature","geometry":{"type":"Point","coordinates":[36.0696,36.24927]},"properties":{"probability":0.693,"inBuffer":false,"facType":"police"}},{"type":"Feature","geometry":{"type":"Point","coordinates":[36.0741,36.24927]},"properties":{"probability":0.463,"inBuffer":false,"facType":"police"}},{"type":"Feature","geometry":{"type":"Point","coordinates":[36.07859,36.24927]},"properties":{"probability":0.423,"inBuffer":false,"facType":"police"}},{"type":"Feature","geometry":{"type":"Point","coordinates":[36.08308,36.24927]},"properties":{"probability":0.397,"inBuffer":false,"facType":"police"}},{"type":"Feature","geometry":{"type":"Point","coordinates":[36.08757,36.24927]},"properties":{"probability":0.759,"inBuffer":false,"facType":"police"}},{"type":"Feature","geometry":{"type":"Point","coordinates":[36.09206,36.24927]},"properties":{"probability":0.839,"inBuffer":false,"facType":"police"}},{"type":"Feature","geometry":{"type":"Point","coordinates":[36.09655,36.24927]},"properties":{"probability":0.505,"inBuffer":false,"facType":"police"}},{"type":"Feature","geometry":{"type":"Point","coordinates":[36.10104,36.24927]},"properties":{"probability":0.547,"inBuffer":false,"facType":"police"}},{"type":"Feature","geometry":{"type":"Point","coordinates":[36.10554,36.24927]},"properties":{"probability":0.687,"inBuffer":false,"facType":"police"}},{"type":"Feature","geometry":{"type":"Point","coordinates":[36.11003,36.24927]},"properties":{"probability":0.519,"inBuffer":false,"facType":"police"}},{"type":"Feature","geometry":{"type":"Point","coordinates":[36.11452,36.24927]},"properties":{"probability":0.54,"inBuffer":true,"facType":"police"}},{"type":"Feature","geometry":{"type":"Point","coordinates":[36.11901,36.24927]},"properties":{"probability":0.468,"inBuffer":true,"facType":"police"}},{"type":"Feature","geometry":{"type":"Point","coordinates":[36.1235,36.24927]},"properties":{"probability":0.477,"inBuffer":false,"facType":"police"}},{"type":"Feature","geometry":{"type":"Point","coordinates":[36.12799,36.24927]},"properties":{"probability":0.505,"inBuffer":false,"facType":"police"}},{"type":"Feature","geometry":{"type":"Point","coordinates":[36.13249,36.24927]},"properties":{"probability":0.59,"inBuffer":true,"facType":"police"}},{"type":"Feature","geometry":{"type":"Point","coordinates":[36.13698,36.24927]},"properties":{"probability":0.626,"inBuffer":true,"facType":"police"}},{"type":"Feature","geometry":{"type":"Point","coordinates":[36.14147,36.24927]},"properties":{"probability":0.87,"inBuffer":true,"facType":"police"}},{"type":"Feature","geometry":{"type":"Point","coordinates":[36.14596,36.24927]},"properties":{"probability":0.833,"inBuffer":false,"facType":"police"}},{"type":"Feature","geometry":{"type":"Point","coordinates":[36.15045,36.24927]},"properties":{"probability":0.824,"inBuffer":false,"facType":"police"}},{"type":"Feature","geometry":{"type":"Point","coordinates":[36.15495,36.24927]},"properties":{"probability":0.808,"inBuffer":false,"facType":"police"}},{"type":"Feature","geometry":{"type":"Point","coordinates":[36.15944,36.24927]},"properties":{"probability":0.804,"inBuffer":false,"facType":"police"}},{"type":"Feature","geometry":{"type":"Point","coordinates":[36.16393,36.24927]},"properties":{"probability":0.773,"inBuffer":true,"facType":"police"}},{"type":"Feature","geometry":{"type":"Point","coordinates":[36.16842,36.24927]},"properties":{"probability":0.745,"inBuffer":true,"facType":"police"}},{"type":"Feature","geometry":{"type":"Point","coordinates":[36.17291,36.24927]},"properties":{"probability":0.832,"inBuffer":false,"facType":"police"}},{"type":"Feature","geometry":{"type":"Point","coordinates":[36.1774,36.24927]},"properties":{"probability":0.864,"inBuffer":true,"facType":"police"}},{"type":"Feature","geometry":{"type":"Point","coordinates":[36.18189,36.24927]},"properties":{"probability":0.856,"inBuffer":true,"facType":"police"}},{"type":"Feature","geometry":{"type":"Point","coordinates":[36.18639,36.24927]},"properties":{"probability":0.848,"inBuffer":true,"facType":"police"}},{"type":"Feature","geometry":{"type":"Point","coordinates":[36.19088,36.24927]},"properties":{"probability":0.844,"inBuffer":false,"facType":"police"}},{"type":"Feature","geometry":{"type":"Point","coordinates":[36.19537,36.24927]},"properties":{"probability":0.853,"inBuffer":true,"facType":"police"}},{"type":"Feature","geometry":{"type":"Point","coordinates":[36.19986,36.24927]},"properties":{"probability":0.873,"inBuffer":true,"facType":"police"}},{"type":"Feature","geometry":{"type":"Point","coordinates":[36.20435,36.24927]},"properties":{"probability":0.869,"inBuffer":true,"facType":"police"}},{"type":"Feature","geometry":{"type":"Point","coordinates":[36.20884,36.24927]},"properties":{"probability":0.822,"inBuffer":false,"facType":"police"}},{"type":"Feature","geometry":{"type":"Point","coordinates":[36.21333,36.24927]},"properties":{"probability":0.837,"inBuffer":true,"facType":"police"}},{"type":"Feature","geometry":{"type":"Point","coordinates":[36.21783,36.24927]},"properties":{"probability":0.84,"inBuffer":true,"facType":"police"}},{"type":"Feature","geometry":{"type":"Point","coordinates":[36.22232,36.24927]},"properties":{"probability":0.846,"inBuffer":false,"facType":"police"}},{"type":"Feature","geometry":{"type":"Point","coordinates":[36.22681,36.24927]},"properties":{"probability":0.833,"inBuffer":false,"facType":"police"}},{"type":"Feature","geometry":{"type":"Point","coordinates":[36.2313,36.24927]},"properties":{"probability":0.514,"inBuffer":false,"facType":"police"}},{"type":"Feature","geometry":{"type":"Point","coordinates":[36.23579,36.24927]},"properties":{"probability":0.448,"inBuffer":false,"facType":"police"}},{"type":"Feature","geometry":{"type":"Point","coordinates":[36.24028,36.24927]},"properties":{"probability":0.439,"inBuffer":false,"facType":"police"}},{"type":"Feature","geometry":{"type":"Point","coordinates":[36.24478,36.24927]},"properties":{"probability":0.609,"inBuffer":false,"facType":"police"}},{"type":"Feature","geometry":{"type":"Point","coordinates":[36.24927,36.24927]},"properties":{"probability":0.645,"inBuffer":false,"facType":"police"}},{"type":"Feature","geometry":{"type":"Point","coordinates":[36.25376,36.24927]},"properties":{"probability":0.663,"inBuffer":true,"facType":"police"}},{"type":"Feature","geometry":{"type":"Point","coordinates":[36.25825,36.24927]},"properties":{"probability":0.683,"inBuffer":true,"facType":"police"}},{"type":"Feature","geometry":{"type":"Point","coordinates":[36.26274,36.24927]},"properties":{"probability":0.73,"inBuffer":false,"facType":"police"}},{"type":"Feature","geometry":{"type":"Point","coordinates":[36.26723,36.24927]},"properties":{"probability":0.821,"inBuffer":false,"facType":"police"}},{"type":"Feature","geometry":{"type":"Point","coordinates":[36.27172,36.24927]},"properties":{"probability":0.828,"inBuffer":false,"facType":"police"}},{"type":"Feature","geometry":{"type":"Point","coordinates":[36.27622,36.24927]},"properties":{"probability":0.789,"inBuffer":false,"facType":"police"}},{"type":"Feature","geometry":{"type":"Point","coordinates":[36.28071,36.24927]},"properties":{"probability":0.72,"inBuffer":false,"facType":"police"}},{"type":"Feature","geometry":{"type":"Point","coordinates":[36.2852,36.24927]},"properties":{"probability":0.565,"inBuffer":false,"facType":"police"}},{"type":"Feature","geometry":{"type":"Point","coordinates":[36.28969,36.24927]},"properties":{"probability":0.538,"inBuffer":false,"facType":"police"}},{"type":"Feature","geometry":{"type":"Point","coordinates":[36.29418,36.24927]},"properties":{"probability":0.358,"inBuffer":false,"facType":"police"}},{"type":"Feature","geometry":{"type":"Point","coordinates":[36.29868,36.24927]},"properties":{"probability":0.539,"inBuffer":false,"facType":"police"}},{"type":"Feature","geometry":{"type":"Point","coordinates":[36.05164,36.24478]},"properties":{"probability":0.813,"inBuffer":false,"facType":"police"}},{"type":"Feature","geometry":{"type":"Point","coordinates":[36.05613,36.24478]},"properties":{"probability":0.841,"inBuffer":false,"facType":"police"}},{"type":"Feature","geometry":{"type":"Point","coordinates":[36.06062,36.24478]},"properties":{"probability":0.812,"inBuffer":false,"facType":"police"}},{"type":"Feature","geometry":{"type":"Point","coordinates":[36.06511,36.24478]},"properties":{"probability":0.801,"inBuffer":false,"facType":"police"}},{"type":"Feature","geometry":{"type":"Point","coordinates":[36.0696,36.24478]},"properties":{"probability":0.816,"inBuffer":false,"facType":"police"}},{"type":"Feature","geometry":{"type":"Point","coordinates":[36.0741,36.24478]},"properties":{"probability":0.702,"inBuffer":false,"facType":"police"}},{"type":"Feature","geometry":{"type":"Point","coordinates":[36.07859,36.24478]},"properties":{"probability":0.557,"inBuffer":false,"facType":"police"}},{"type":"Feature","geometry":{"type":"Point","coordinates":[36.08308,36.24478]},"properties":{"probability":0.737,"inBuffer":true,"facType":"police"}},{"type":"Feature","geometry":{"type":"Point","coordinates":[36.08757,36.24478]},"properties":{"probability":0.848,"inBuffer":false,"facType":"police"}},{"type":"Feature","geometry":{"type":"Point","coordinates":[36.09206,36.24478]},"properties":{"probability":0.841,"inBuffer":true,"facType":"police"}},{"type":"Feature","geometry":{"type":"Point","coordinates":[36.09655,36.24478]},"properties":{"probability":0.824,"inBuffer":true,"facType":"police"}},{"type":"Feature","geometry":{"type":"Point","coordinates":[36.10104,36.24478]},"properties":{"probability":0.479,"inBuffer":true,"facType":"police"}},{"type":"Feature","geometry":{"type":"Point","coordinates":[36.10554,36.24478]},"properties":{"probability":0.378,"inBuffer":true,"facType":"police"}},{"type":"Feature","geometry":{"type":"Point","coordinates":[36.11003,36.24478]},"properties":{"probability":0.464,"inBuffer":false,"facType":"police"}},{"type":"Feature","geometry":{"type":"Point","coordinates":[36.11452,36.24478]},"properties":{"probability":0.37,"inBuffer":false,"facType":"police"}},{"type":"Feature","geometry":{"type":"Point","coordinates":[36.11901,36.24478]},"properties":{"probability":0.44,"inBuffer":false,"facType":"police"}},{"type":"Feature","geometry":{"type":"Point","coordinates":[36.1235,36.24478]},"properties":{"probability":0.461,"inBuffer":false,"facType":"police"}},{"type":"Feature","geometry":{"type":"Point","coordinates":[36.12799,36.24478]},"properties":{"probability":0.489,"inBuffer":false,"facType":"police"}},{"type":"Feature","geometry":{"type":"Point","coordinates":[36.13249,36.24478]},"properties":{"probability":0.669,"inBuffer":true,"facType":"police"}},{"type":"Feature","geometry":{"type":"Point","coordinates":[36.13698,36.24478]},"properties":{"probability":0.787,"inBuffer":true,"facType":"police"}},{"type":"Feature","geometry":{"type":"Point","coordinates":[36.14147,36.24478]},"properties":{"probability":0.849,"inBuffer":true,"facType":"police"}},{"type":"Feature","geometry":{"type":"Point","coordinates":[36.14596,36.24478]},"properties":{"probability":0.841,"inBuffer":false,"facType":"police"}},{"type":"Feature","geometry":{"type":"Point","coordinates":[36.15045,36.24478]},"properties":{"probability":0.846,"inBuffer":false,"facType":"police"}},{"type":"Feature","geometry":{"type":"Point","coordinates":[36.15495,36.24478]},"properties":{"probability":0.719,"inBuffer":true,"facType":"police"}},{"type":"Feature","geometry":{"type":"Point","coordinates":[36.15944,36.24478]},"properties":{"probability":0.786,"inBuffer":true,"facType":"police"}},{"type":"Feature","geometry":{"type":"Point","coordinates":[36.16393,36.24478]},"properties":{"probability":0.779,"inBuffer":true,"facType":"police"}},{"type":"Feature","geometry":{"type":"Point","coordinates":[36.16842,36.24478]},"properties":{"probability":0.771,"inBuffer":false,"facType":"police"}},{"type":"Feature","geometry":{"type":"Point","coordinates":[36.17291,36.24478]},"properties":{"probability":0.82,"inBuffer":false,"facType":"police"}},{"type":"Feature","geometry":{"type":"Point","coordinates":[36.1774,36.24478]},"properties":{"probability":0.799,"inBuffer":false,"facType":"police"}},{"type":"Feature","geometry":{"type":"Point","coordinates":[36.18189,36.24478]},"properties":{"probability":0.81,"inBuffer":false,"facType":"police"}},{"type":"Feature","geometry":{"type":"Point","coordinates":[36.18639,36.24478]},"properties":{"probability":0.827,"inBuffer":false,"facType":"police"}},{"type":"Feature","geometry":{"type":"Point","coordinates":[36.19088,36.24478]},"properties":{"probability":0.847,"inBuffer":false,"facType":"police"}},{"type":"Feature","geometry":{"type":"Point","coordinates":[36.19537,36.24478]},"properties":{"probability":0.845,"inBuffer":false,"facType":"police"}},{"type":"Feature","geometry":{"type":"Point","coordinates":[36.19986,36.24478]},"properties":{"probability":0.861,"inBuffer":true,"facType":"police"}},{"type":"Feature","geometry":{"type":"Point","coordinates":[36.20435,36.24478]},"properties":{"probability":0.867,"inBuffer":false,"facType":"police"}},{"type":"Feature","geometry":{"type":"Point","coordinates":[36.20884,36.24478]},"properties":{"probability":0.826,"inBuffer":true,"facType":"police"}},{"type":"Feature","geometry":{"type":"Point","coordinates":[36.21333,36.24478]},"properties":{"probability":0.753,"inBuffer":true,"facType":"police"}},{"type":"Feature","geometry":{"type":"Point","coordinates":[36.21783,36.24478]},"properties":{"probability":0.8,"inBuffer":false,"facType":"police"}},{"type":"Feature","geometry":{"type":"Point","coordinates":[36.22232,36.24478]},"properties":{"probability":0.839,"inBuffer":false,"facType":"police"}},{"type":"Feature","geometry":{"type":"Point","coordinates":[36.22681,36.24478]},"properties":{"probability":0.819,"inBuffer":false,"facType":"police"}},{"type":"Feature","geometry":{"type":"Point","coordinates":[36.2313,36.24478]},"properties":{"probability":0.623,"inBuffer":false,"facType":"police"}},{"type":"Feature","geometry":{"type":"Point","coordinates":[36.23579,36.24478]},"properties":{"probability":0.594,"inBuffer":true,"facType":"police"}},{"type":"Feature","geometry":{"type":"Point","coordinates":[36.24028,36.24478]},"properties":{"probability":0.625,"inBuffer":false,"facType":"police"}},{"type":"Feature","geometry":{"type":"Point","coordinates":[36.24478,36.24478]},"properties":{"probability":0.7,"inBuffer":false,"facType":"police"}},{"type":"Feature","geometry":{"type":"Point","coordinates":[36.24927,36.24478]},"properties":{"probability":0.732,"inBuffer":false,"facType":"police"}},{"type":"Feature","geometry":{"type":"Point","coordinates":[36.25376,36.24478]},"properties":{"probability":0.684,"inBuffer":true,"facType":"police"}},{"type":"Feature","geometry":{"type":"Point","coordinates":[36.25825,36.24478]},"properties":{"probability":0.65,"inBuffer":true,"facType":"police"}},{"type":"Feature","geometry":{"type":"Point","coordinates":[36.26274,36.24478]},"properties":{"probability":0.708,"inBuffer":true,"facType":"police"}},{"type":"Feature","geometry":{"type":"Point","coordinates":[36.26723,36.24478]},"properties":{"probability":0.783,"inBuffer":true,"facType":"police"}},{"type":"Feature","geometry":{"type":"Point","coordinates":[36.27172,36.24478]},"properties":{"probability":0.852,"inBuffer":false,"facType":"police"}},{"type":"Feature","geometry":{"type":"Point","coordinates":[36.27622,36.24478]},"properties":{"probability":0.855,"inBuffer":false,"facType":"police"}},{"type":"Feature","geometry":{"type":"Point","coordinates":[36.28071,36.24478]},"properties":{"probability":0.832,"inBuffer":false,"facType":"police"}},{"type":"Feature","geometry":{"type":"Point","coordinates":[36.2852,36.24478]},"properties":{"probability":0.733,"inBuffer":false,"facType":"police"}},{"type":"Feature","geometry":{"type":"Point","coordinates":[36.28969,36.24478]},"properties":{"probability":0.68,"inBuffer":false,"facType":"police"}},{"type":"Feature","geometry":{"type":"Point","coordinates":[36.29418,36.24478]},"properties":{"probability":0.49,"inBuffer":false,"facType":"police"}},{"type":"Feature","geometry":{"type":"Point","coordinates":[36.29868,36.24478]},"properties":{"probability":0.458,"inBuffer":false,"facType":"police"}},{"type":"Feature","geometry":{"type":"Point","coordinates":[36.05164,36.24028]},"properties":{"probability":0.443,"inBuffer":false,"facType":"police"}},{"type":"Feature","geometry":{"type":"Point","coordinates":[36.05613,36.24028]},"properties":{"probability":0.572,"inBuffer":false,"facType":"police"}},{"type":"Feature","geometry":{"type":"Point","coordinates":[36.06062,36.24028]},"properties":{"probability":0.604,"inBuffer":false,"facType":"police"}},{"type":"Feature","geometry":{"type":"Point","coordinates":[36.06511,36.24028]},"properties":{"probability":0.513,"inBuffer":false,"facType":"police"}},{"type":"Feature","geometry":{"type":"Point","coordinates":[36.0696,36.24028]},"properties":{"probability":0.574,"inBuffer":false,"facType":"police"}},{"type":"Feature","geometry":{"type":"Point","coordinates":[36.0741,36.24028]},"properties":{"probability":0.454,"inBuffer":false,"facType":"police"}},{"type":"Feature","geometry":{"type":"Point","coordinates":[36.07859,36.24028]},"properties":{"probability":0.547,"inBuffer":true,"facType":"police"}},{"type":"Feature","geometry":{"type":"Point","coordinates":[36.08308,36.24028]},"properties":{"probability":0.779,"inBuffer":true,"facType":"police"}},{"type":"Feature","geometry":{"type":"Point","coordinates":[36.08757,36.24028]},"properties":{"probability":0.838,"inBuffer":true,"facType":"police"}},{"type":"Feature","geometry":{"type":"Point","coordinates":[36.09206,36.24028]},"properties":{"probability":0.851,"inBuffer":true,"facType":"police"}},{"type":"Feature","geometry":{"type":"Point","coordinates":[36.09655,36.24028]},"properties":{"probability":0.819,"inBuffer":true,"facType":"police"}},{"type":"Feature","geometry":{"type":"Point","coordinates":[36.10104,36.24028]},"properties":{"probability":0.834,"inBuffer":true,"facType":"police"}},{"type":"Feature","geometry":{"type":"Point","coordinates":[36.10554,36.24028]},"properties":{"probability":0.691,"inBuffer":true,"facType":"police"}},{"type":"Feature","geometry":{"type":"Point","coordinates":[36.11003,36.24028]},"properties":{"probability":0.547,"inBuffer":true,"facType":"police"}},{"type":"Feature","geometry":{"type":"Point","coordinates":[36.11452,36.24028]},"properties":{"probability":0.594,"inBuffer":false,"facType":"police"}},{"type":"Feature","geometry":{"type":"Point","coordinates":[36.11901,36.24028]},"properties":{"probability":0.712,"inBuffer":false,"facType":"police"}},{"type":"Feature","geometry":{"type":"Point","coordinates":[36.1235,36.24028]},"properties":{"probability":0.788,"inBuffer":true,"facType":"police"}},{"type":"Feature","geometry":{"type":"Point","coordinates":[36.12799,36.24028]},"properties":{"probability":0.816,"inBuffer":true,"facType":"police"}},{"type":"Feature","geometry":{"type":"Point","coordinates":[36.13249,36.24028]},"properties":{"probability":0.828,"inBuffer":true,"facType":"police"}},{"type":"Feature","geometry":{"type":"Point","coordinates":[36.13698,36.24028]},"properties":{"probability":0.827,"inBuffer":false,"facType":"police"}},{"type":"Feature","geometry":{"type":"Point","coordinates":[36.14147,36.24028]},"properties":{"probability":0.819,"inBuffer":false,"facType":"police"}},{"type":"Feature","geometry":{"type":"Point","coordinates":[36.14596,36.24028]},"properties":{"probability":0.833,"inBuffer":false,"facType":"police"}},{"type":"Feature","geometry":{"type":"Point","coordinates":[36.15045,36.24028]},"properties":{"probability":0.851,"inBuffer":false,"facType":"police"}},{"type":"Feature","geometry":{"type":"Point","coordinates":[36.15495,36.24028]},"properties":{"probability":0.8,"inBuffer":true,"facType":"police"}},{"type":"Feature","geometry":{"type":"Point","coordinates":[36.15944,36.24028]},"properties":{"probability":0.825,"inBuffer":true,"facType":"police"}},{"type":"Feature","geometry":{"type":"Point","coordinates":[36.16393,36.24028]},"properties":{"probability":0.823,"inBuffer":true,"facType":"police"}},{"type":"Feature","geometry":{"type":"Point","coordinates":[36.16842,36.24028]},"properties":{"probability":0.822,"inBuffer":false,"facType":"police"}},{"type":"Feature","geometry":{"type":"Point","coordinates":[36.17291,36.24028]},"properties":{"probability":0.836,"inBuffer":true,"facType":"police"}},{"type":"Feature","geometry":{"type":"Point","coordinates":[36.1774,36.24028]},"properties":{"probability":0.842,"inBuffer":true,"facType":"police"}},{"type":"Feature","geometry":{"type":"Point","coordinates":[36.18189,36.24028]},"properties":{"probability":0.755,"inBuffer":true,"facType":"police"}},{"type":"Feature","geometry":{"type":"Point","coordinates":[36.18639,36.24028]},"properties":{"probability":0.539,"inBuffer":false,"facType":"police"}},{"type":"Feature","geometry":{"type":"Point","coordinates":[36.19088,36.24028]},"properties":{"probability":0.532,"inBuffer":false,"facType":"police"}},{"type":"Feature","geometry":{"type":"Point","coordinates":[36.19537,36.24028]},"properties":{"probability":0.803,"inBuffer":true,"facType":"police"}},{"type":"Feature","geometry":{"type":"Point","coordinates":[36.19986,36.24028]},"properties":{"probability":0.849,"inBuffer":true,"facType":"police"}},{"type":"Feature","geometry":{"type":"Point","coordinates":[36.20435,36.24028]},"properties":{"probability":0.851,"inBuffer":true,"facType":"police"}},{"type":"Feature","geometry":{"type":"Point","coordinates":[36.20884,36.24028]},"properties":{"probability":0.845,"inBuffer":true,"facType":"police"}},{"type":"Feature","geometry":{"type":"Point","coordinates":[36.21333,36.24028]},"properties":{"probability":0.855,"inBuffer":true,"facType":"police"}},{"type":"Feature","geometry":{"type":"Point","coordinates":[36.21783,36.24028]},"properties":{"probability":0.853,"inBuffer":true,"facType":"police"}},{"type":"Feature","geometry":{"type":"Point","coordinates":[36.22232,36.24028]},"properties":{"probability":0.85,"inBuffer":false,"facType":"police"}},{"type":"Feature","geometry":{"type":"Point","coordinates":[36.22681,36.24028]},"properties":{"probability":0.848,"inBuffer":false,"facType":"police"}},{"type":"Feature","geometry":{"type":"Point","coordinates":[36.2313,36.24028]},"properties":{"probability":0.826,"inBuffer":true,"facType":"police"}},{"type":"Feature","geometry":{"type":"Point","coordinates":[36.23579,36.24028]},"properties":{"probability":0.825,"inBuffer":true,"facType":"police"}},{"type":"Feature","geometry":{"type":"Point","coordinates":[36.24028,36.24028]},"properties":{"probability":0.851,"inBuffer":true,"facType":"police"}},{"type":"Feature","geometry":{"type":"Point","coordinates":[36.24478,36.24028]},"properties":{"probability":0.842,"inBuffer":false,"facType":"police"}},{"type":"Feature","geometry":{"type":"Point","coordinates":[36.24927,36.24028]},"properties":{"probability":0.85,"inBuffer":false,"facType":"police"}},{"type":"Feature","geometry":{"type":"Point","coordinates":[36.25376,36.24028]},"properties":{"probability":0.871,"inBuffer":true,"facType":"police"}},{"type":"Feature","geometry":{"type":"Point","coordinates":[36.25825,36.24028]},"properties":{"probability":0.853,"inBuffer":true,"facType":"police"}},{"type":"Feature","geometry":{"type":"Point","coordinates":[36.26274,36.24028]},"properties":{"probability":0.86,"inBuffer":true,"facType":"police"}},{"type":"Feature","geometry":{"type":"Point","coordinates":[36.26723,36.24028]},"properties":{"probability":0.809,"inBuffer":true,"facType":"police"}},{"type":"Feature","geometry":{"type":"Point","coordinates":[36.27172,36.24028]},"properties":{"probability":0.634,"inBuffer":false,"facType":"police"}},{"type":"Feature","geometry":{"type":"Point","coordinates":[36.27622,36.24028]},"properties":{"probability":0.616,"inBuffer":false,"facType":"police"}},{"type":"Feature","geometry":{"type":"Point","coordinates":[36.28071,36.24028]},"properties":{"probability":0.648,"inBuffer":false,"facType":"police"}},{"type":"Feature","geometry":{"type":"Point","coordinates":[36.2852,36.24028]},"properties":{"probability":0.639,"inBuffer":false,"facType":"police"}},{"type":"Feature","geometry":{"type":"Point","coordinates":[36.28969,36.24028]},"properties":{"probability":0.476,"inBuffer":false,"facType":"police"}},{"type":"Feature","geometry":{"type":"Point","coordinates":[36.29418,36.24028]},"properties":{"probability":0.535,"inBuffer":false,"facType":"police"}},{"type":"Feature","geometry":{"type":"Point","coordinates":[36.29868,36.24028]},"properties":{"probability":0.443,"inBuffer":false,"facType":"police"}},{"type":"Feature","geometry":{"type":"Point","coordinates":[36.05164,36.23579]},"properties":{"probability":0.379,"inBuffer":false,"facType":"police"}},{"type":"Feature","geometry":{"type":"Point","coordinates":[36.05613,36.23579]},"properties":{"probability":0.448,"inBuffer":false,"facType":"police"}},{"type":"Feature","geometry":{"type":"Point","coordinates":[36.06062,36.23579]},"properties":{"probability":0.489,"inBuffer":false,"facType":"police"}},{"type":"Feature","geometry":{"type":"Point","coordinates":[36.06511,36.23579]},"properties":{"probability":0.466,"inBuffer":false,"facType":"police"}},{"type":"Feature","geometry":{"type":"Point","coordinates":[36.0696,36.23579]},"properties":{"probability":0.471,"inBuffer":false,"facType":"police"}},{"type":"Feature","geometry":{"type":"Point","coordinates":[36.0741,36.23579]},"properties":{"probability":0.41,"inBuffer":false,"facType":"police"}},{"type":"Feature","geometry":{"type":"Point","coordinates":[36.07859,36.23579]},"properties":{"probability":0.501,"inBuffer":true,"facType":"police"}},{"type":"Feature","geometry":{"type":"Point","coordinates":[36.08308,36.23579]},"properties":{"probability":0.702,"inBuffer":true,"facType":"police"}},{"type":"Feature","geometry":{"type":"Point","coordinates":[36.08757,36.23579]},"properties":{"probability":0.815,"inBuffer":true,"facType":"police"}},{"type":"Feature","geometry":{"type":"Point","coordinates":[36.09206,36.23579]},"properties":{"probability":0.87,"inBuffer":true,"facType":"police"}},{"type":"Feature","geometry":{"type":"Point","coordinates":[36.09655,36.23579]},"properties":{"probability":0.852,"inBuffer":true,"facType":"police"}},{"type":"Feature","geometry":{"type":"Point","coordinates":[36.10104,36.23579]},"properties":{"probability":0.833,"inBuffer":true,"facType":"police"}},{"type":"Feature","geometry":{"type":"Point","coordinates":[36.10554,36.23579]},"properties":{"probability":0.728,"inBuffer":true,"facType":"police"}},{"type":"Feature","geometry":{"type":"Point","coordinates":[36.11003,36.23579]},"properties":{"probability":0.55,"inBuffer":false,"facType":"police"}},{"type":"Feature","geometry":{"type":"Point","coordinates":[36.11452,36.23579]},"properties":{"probability":0.498,"inBuffer":false,"facType":"police"}},{"type":"Feature","geometry":{"type":"Point","coordinates":[36.11901,36.23579]},"properties":{"probability":0.637,"inBuffer":false,"facType":"police"}},{"type":"Feature","geometry":{"type":"Point","coordinates":[36.1235,36.23579]},"properties":{"probability":0.692,"inBuffer":true,"facType":"police"}},{"type":"Feature","geometry":{"type":"Point","coordinates":[36.12799,36.23579]},"properties":{"probability":0.721,"inBuffer":true,"facType":"police"}},{"type":"Feature","geometry":{"type":"Point","coordinates":[36.13249,36.23579]},"properties":{"probability":0.821,"inBuffer":true,"facType":"police"}},{"type":"Feature","geometry":{"type":"Point","coordinates":[36.13698,36.23579]},"properties":{"probability":0.747,"inBuffer":true,"facType":"police"}},{"type":"Feature","geometry":{"type":"Point","coordinates":[36.14147,36.23579]},"properties":{"probability":0.691,"inBuffer":false,"facType":"police"}},{"type":"Feature","geometry":{"type":"Point","coordinates":[36.14596,36.23579]},"properties":{"probability":0.832,"inBuffer":false,"facType":"police"}},{"type":"Feature","geometry":{"type":"Point","coordinates":[36.15045,36.23579]},"properties":{"probability":0.846,"inBuffer":true,"facType":"police"}},{"type":"Feature","geometry":{"type":"Point","coordinates":[36.15495,36.23579]},"properties":{"probability":0.812,"inBuffer":true,"facType":"police"}},{"type":"Feature","geometry":{"type":"Point","coordinates":[36.15944,36.23579]},"properties":{"probability":0.863,"inBuffer":true,"facType":"police"}},{"type":"Feature","geometry":{"type":"Point","coordinates":[36.16393,36.23579]},"properties":{"probability":0.863,"inBuffer":false,"facType":"police"}},{"type":"Feature","geometry":{"type":"Point","coordinates":[36.16842,36.23579]},"properties":{"probability":0.874,"inBuffer":true,"facType":"police"}},{"type":"Feature","geometry":{"type":"Point","coordinates":[36.17291,36.23579]},"properties":{"probability":0.847,"inBuffer":true,"facType":"police"}},{"type":"Feature","geometry":{"type":"Point","coordinates":[36.1774,36.23579]},"properties":{"probability":0.837,"inBuffer":true,"facType":"police"}},{"type":"Feature","geometry":{"type":"Point","coordinates":[36.18189,36.23579]},"properties":{"probability":0.748,"inBuffer":true,"facType":"police"}},{"type":"Feature","geometry":{"type":"Point","coordinates":[36.18639,36.23579]},"properties":{"probability":0.614,"inBuffer":false,"facType":"police"}},{"type":"Feature","geometry":{"type":"Point","coordinates":[36.19088,36.23579]},"properties":{"probability":0.48,"inBuffer":false,"facType":"police"}},{"type":"Feature","geometry":{"type":"Point","coordinates":[36.19537,36.23579]},"properties":{"probability":0.537,"inBuffer":true,"facType":"police"}},{"type":"Feature","geometry":{"type":"Point","coordinates":[36.19986,36.23579]},"properties":{"probability":0.68,"inBuffer":true,"facType":"police"}},{"type":"Feature","geometry":{"type":"Point","coordinates":[36.20435,36.23579]},"properties":{"probability":0.671,"inBuffer":true,"facType":"police"}},{"type":"Feature","geometry":{"type":"Point","coordinates":[36.20884,36.23579]},"properties":{"probability":0.745,"inBuffer":true,"facType":"police"}},{"type":"Feature","geometry":{"type":"Point","coordinates":[36.21333,36.23579]},"properties":{"probability":0.849,"inBuffer":true,"facType":"police"}},{"type":"Feature","geometry":{"type":"Point","coordinates":[36.21783,36.23579]},"properties":{"probability":0.829,"inBuffer":true,"facType":"police"}},{"type":"Feature","geometry":{"type":"Point","coordinates":[36.22232,36.23579]},"properties":{"probability":0.751,"inBuffer":true,"facType":"police"}},{"type":"Feature","geometry":{"type":"Point","coordinates":[36.22681,36.23579]},"properties":{"probability":0.77,"inBuffer":false,"facType":"police"}},{"type":"Feature","geometry":{"type":"Point","coordinates":[36.2313,36.23579]},"properties":{"probability":0.788,"inBuffer":true,"facType":"police"}},{"type":"Feature","geometry":{"type":"Point","coordinates":[36.23579,36.23579]},"properties":{"probability":0.819,"inBuffer":true,"facType":"police"}},{"type":"Feature","geometry":{"type":"Point","coordinates":[36.24028,36.23579]},"properties":{"probability":0.835,"inBuffer":true,"facType":"police"}},{"type":"Feature","geometry":{"type":"Point","coordinates":[36.24478,36.23579]},"properties":{"probability":0.832,"inBuffer":false,"facType":"police"}},{"type":"Feature","geometry":{"type":"Point","coordinates":[36.24927,36.23579]},"properties":{"probability":0.838,"inBuffer":false,"facType":"police"}},{"type":"Feature","geometry":{"type":"Point","coordinates":[36.25376,36.23579]},"properties":{"probability":0.839,"inBuffer":false,"facType":"police"}},{"type":"Feature","geometry":{"type":"Point","coordinates":[36.25825,36.23579]},"properties":{"probability":0.86,"inBuffer":false,"facType":"police"}},{"type":"Feature","geometry":{"type":"Point","coordinates":[36.26274,36.23579]},"properties":{"probability":0.838,"inBuffer":true,"facType":"police"}},{"type":"Feature","geometry":{"type":"Point","coordinates":[36.26723,36.23579]},"properties":{"probability":0.709,"inBuffer":false,"facType":"police"}},{"type":"Feature","geometry":{"type":"Point","coordinates":[36.27172,36.23579]},"properties":{"probability":0.676,"inBuffer":false,"facType":"police"}},{"type":"Feature","geometry":{"type":"Point","coordinates":[36.27622,36.23579]},"properties":{"probability":0.706,"inBuffer":false,"facType":"police"}},{"type":"Feature","geometry":{"type":"Point","coordinates":[36.28071,36.23579]},"properties":{"probability":0.721,"inBuffer":true,"facType":"police"}},{"type":"Feature","geometry":{"type":"Point","coordinates":[36.2852,36.23579]},"properties":{"probability":0.717,"inBuffer":false,"facType":"police"}},{"type":"Feature","geometry":{"type":"Point","coordinates":[36.28969,36.23579]},"properties":{"probability":0.637,"inBuffer":false,"facType":"police"}},{"type":"Feature","geometry":{"type":"Point","coordinates":[36.29418,36.23579]},"properties":{"probability":0.637,"inBuffer":false,"facType":"police"}},{"type":"Feature","geometry":{"type":"Point","coordinates":[36.29868,36.23579]},"properties":{"probability":0.481,"inBuffer":false,"facType":"police"}},{"type":"Feature","geometry":{"type":"Point","coordinates":[36.05164,36.2313]},"properties":{"probability":0.36,"inBuffer":false,"facType":"police"}},{"type":"Feature","geometry":{"type":"Point","coordinates":[36.05613,36.2313]},"properties":{"probability":0.382,"inBuffer":false,"facType":"police"}},{"type":"Feature","geometry":{"type":"Point","coordinates":[36.06062,36.2313]},"properties":{"probability":0.408,"inBuffer":false,"facType":"police"}},{"type":"Feature","geometry":{"type":"Point","coordinates":[36.06511,36.2313]},"properties":{"probability":0.45,"inBuffer":false,"facType":"police"}},{"type":"Feature","geometry":{"type":"Point","coordinates":[36.0696,36.2313]},"properties":{"probability":0.452,"inBuffer":false,"facType":"police"}},{"type":"Feature","geometry":{"type":"Point","coordinates":[36.0741,36.2313]},"properties":{"probability":0.467,"inBuffer":false,"facType":"police"}},{"type":"Feature","geometry":{"type":"Point","coordinates":[36.07859,36.2313]},"properties":{"probability":0.636,"inBuffer":true,"facType":"police"}},{"type":"Feature","geometry":{"type":"Point","coordinates":[36.08308,36.2313]},"properties":{"probability":0.669,"inBuffer":true,"facType":"police"}},{"type":"Feature","geometry":{"type":"Point","coordinates":[36.08757,36.2313]},"properties":{"probability":0.744,"inBuffer":true,"facType":"police"}},{"type":"Feature","geometry":{"type":"Point","coordinates":[36.09206,36.2313]},"properties":{"probability":0.796,"inBuffer":false,"facType":"police"}},{"type":"Feature","geometry":{"type":"Point","coordinates":[36.09655,36.2313]},"properties":{"probability":0.765,"inBuffer":true,"facType":"police"}},{"type":"Feature","geometry":{"type":"Point","coordinates":[36.10104,36.2313]},"properties":{"probability":0.728,"inBuffer":true,"facType":"police"}},{"type":"Feature","geometry":{"type":"Point","coordinates":[36.10554,36.2313]},"properties":{"probability":0.706,"inBuffer":true,"facType":"police"}},{"type":"Feature","geometry":{"type":"Point","coordinates":[36.11003,36.2313]},"properties":{"probability":0.527,"inBuffer":false,"facType":"police"}},{"type":"Feature","geometry":{"type":"Point","coordinates":[36.11452,36.2313]},"properties":{"probability":0.405,"inBuffer":false,"facType":"police"}},{"type":"Feature","geometry":{"type":"Point","coordinates":[36.11901,36.2313]},"properties":{"probability":0.392,"inBuffer":false,"facType":"police"}},{"type":"Feature","geometry":{"type":"Point","coordinates":[36.1235,36.2313]},"properties":{"probability":0.46,"inBuffer":false,"facType":"police"}},{"type":"Feature","geometry":{"type":"Point","coordinates":[36.12799,36.2313]},"properties":{"probability":0.629,"inBuffer":true,"facType":"police"}},{"type":"Feature","geometry":{"type":"Point","coordinates":[36.13249,36.2313]},"properties":{"probability":0.774,"inBuffer":true,"facType":"police"}},{"type":"Feature","geometry":{"type":"Point","coordinates":[36.13698,36.2313]},"properties":{"probability":0.71,"inBuffer":true,"facType":"police"}},{"type":"Feature","geometry":{"type":"Point","coordinates":[36.14147,36.2313]},"properties":{"probability":0.708,"inBuffer":false,"facType":"police"}},{"type":"Feature","geometry":{"type":"Point","coordinates":[36.14596,36.2313]},"properties":{"probability":0.848,"inBuffer":true,"facType":"police"}},{"type":"Feature","geometry":{"type":"Point","coordinates":[36.15045,36.2313]},"properties":{"probability":0.851,"inBuffer":true,"facType":"police"}},{"type":"Feature","geometry":{"type":"Point","coordinates":[36.15495,36.2313]},"properties":{"probability":0.819,"inBuffer":true,"facType":"police"}},{"type":"Feature","geometry":{"type":"Point","coordinates":[36.15944,36.2313]},"properties":{"probability":0.834,"inBuffer":true,"facType":"police"}},{"type":"Feature","geometry":{"type":"Point","coordinates":[36.16393,36.2313]},"properties":{"probability":0.854,"inBuffer":false,"facType":"police"}},{"type":"Feature","geometry":{"type":"Point","coordinates":[36.16842,36.2313]},"properties":{"probability":0.87,"inBuffer":true,"facType":"police"}},{"type":"Feature","geometry":{"type":"Point","coordinates":[36.17291,36.2313]},"properties":{"probability":0.865,"inBuffer":true,"facType":"police"}},{"type":"Feature","geometry":{"type":"Point","coordinates":[36.1774,36.2313]},"properties":{"probability":0.804,"inBuffer":true,"facType":"police"}},{"type":"Feature","geometry":{"type":"Point","coordinates":[36.18189,36.2313]},"properties":{"probability":0.799,"inBuffer":true,"facType":"police"}},{"type":"Feature","geometry":{"type":"Point","coordinates":[36.18639,36.2313]},"properties":{"probability":0.831,"inBuffer":false,"facType":"police"}},{"type":"Feature","geometry":{"type":"Point","coordinates":[36.19088,36.2313]},"properties":{"probability":0.684,"inBuffer":false,"facType":"police"}},{"type":"Feature","geometry":{"type":"Point","coordinates":[36.19537,36.2313]},"properties":{"probability":0.469,"inBuffer":true,"facType":"police"}},{"type":"Feature","geometry":{"type":"Point","coordinates":[36.19986,36.2313]},"properties":{"probability":0.474,"inBuffer":true,"facType":"police"}},{"type":"Feature","geometry":{"type":"Point","coordinates":[36.20435,36.2313]},"properties":{"probability":0.475,"inBuffer":false,"facType":"police"}},{"type":"Feature","geometry":{"type":"Point","coordinates":[36.20884,36.2313]},"properties":{"probability":0.47,"inBuffer":false,"facType":"police"}},{"type":"Feature","geometry":{"type":"Point","coordinates":[36.21333,36.2313]},"properties":{"probability":0.742,"inBuffer":true,"facType":"police"}},{"type":"Feature","geometry":{"type":"Point","coordinates":[36.21783,36.2313]},"properties":{"probability":0.757,"inBuffer":true,"facType":"police"}},{"type":"Feature","geometry":{"type":"Point","coordinates":[36.22232,36.2313]},"properties":{"probability":0.587,"inBuffer":false,"facType":"police"}},{"type":"Feature","geometry":{"type":"Point","coordinates":[36.22681,36.2313]},"properties":{"probability":0.428,"inBuffer":true,"facType":"police"}},{"type":"Feature","geometry":{"type":"Point","coordinates":[36.2313,36.2313]},"properties":{"probability":0.474,"inBuffer":false,"facType":"police"}},{"type":"Feature","geometry":{"type":"Point","coordinates":[36.23579,36.2313]},"properties":{"probability":0.706,"inBuffer":true,"facType":"police"}},{"type":"Feature","geometry":{"type":"Point","coordinates":[36.24028,36.2313]},"properties":{"probability":0.601,"inBuffer":false,"facType":"police"}},{"type":"Feature","geometry":{"type":"Point","coordinates":[36.24478,36.2313]},"properties":{"probability":0.63,"inBuffer":false,"facType":"police"}},{"type":"Feature","geometry":{"type":"Point","coordinates":[36.24927,36.2313]},"properties":{"probability":0.797,"inBuffer":false,"facType":"police"}},{"type":"Feature","geometry":{"type":"Point","coordinates":[36.25376,36.2313]},"properties":{"probability":0.83,"inBuffer":false,"facType":"police"}},{"type":"Feature","geometry":{"type":"Point","coordinates":[36.25825,36.2313]},"properties":{"probability":0.798,"inBuffer":false,"facType":"police"}},{"type":"Feature","geometry":{"type":"Point","coordinates":[36.26274,36.2313]},"properties":{"probability":0.469,"inBuffer":false,"facType":"police"}},{"type":"Feature","geometry":{"type":"Point","coordinates":[36.26723,36.2313]},"properties":{"probability":0.443,"inBuffer":false,"facType":"police"}},{"type":"Feature","geometry":{"type":"Point","coordinates":[36.27172,36.2313]},"properties":{"probability":0.734,"inBuffer":false,"facType":"police"}},{"type":"Feature","geometry":{"type":"Point","coordinates":[36.27622,36.2313]},"properties":{"probability":0.779,"inBuffer":true,"facType":"police"}},{"type":"Feature","geometry":{"type":"Point","coordinates":[36.28071,36.2313]},"properties":{"probability":0.732,"inBuffer":true,"facType":"police"}},{"type":"Feature","geometry":{"type":"Point","coordinates":[36.2852,36.2313]},"properties":{"probability":0.748,"inBuffer":true,"facType":"police"}},{"type":"Feature","geometry":{"type":"Point","coordinates":[36.28969,36.2313]},"properties":{"probability":0.698,"inBuffer":false,"facType":"police"}},{"type":"Feature","geometry":{"type":"Point","coordinates":[36.29418,36.2313]},"properties":{"probability":0.701,"inBuffer":false,"facType":"police"}},{"type":"Feature","geometry":{"type":"Point","coordinates":[36.29868,36.2313]},"properties":{"probability":0.518,"inBuffer":false,"facType":"police"}},{"type":"Feature","geometry":{"type":"Point","coordinates":[36.05164,36.22681]},"properties":{"probability":0.378,"inBuffer":false,"facType":"police"}},{"type":"Feature","geometry":{"type":"Point","coordinates":[36.05613,36.22681]},"properties":{"probability":0.359,"inBuffer":false,"facType":"police"}},{"type":"Feature","geometry":{"type":"Point","coordinates":[36.06062,36.22681]},"properties":{"probability":0.37,"inBuffer":false,"facType":"police"}},{"type":"Feature","geometry":{"type":"Point","coordinates":[36.06511,36.22681]},"properties":{"probability":0.416,"inBuffer":false,"facType":"police"}},{"type":"Feature","geometry":{"type":"Point","coordinates":[36.0696,36.22681]},"properties":{"probability":0.514,"inBuffer":false,"facType":"police"}},{"type":"Feature","geometry":{"type":"Point","coordinates":[36.0741,36.22681]},"properties":{"probability":0.62,"inBuffer":false,"facType":"police"}},{"type":"Feature","geometry":{"type":"Point","coordinates":[36.07859,36.22681]},"properties":{"probability":0.697,"inBuffer":false,"facType":"police"}},{"type":"Feature","geometry":{"type":"Point","coordinates":[36.08308,36.22681]},"properties":{"probability":0.768,"inBuffer":true,"facType":"police"}},{"type":"Feature","geometry":{"type":"Point","coordinates":[36.08757,36.22681]},"properties":{"probability":0.729,"inBuffer":false,"facType":"police"}},{"type":"Feature","geometry":{"type":"Point","coordinates":[36.09206,36.22681]},"properties":{"probability":0.626,"inBuffer":false,"facType":"police"}},{"type":"Feature","geometry":{"type":"Point","coordinates":[36.09655,36.22681]},"properties":{"probability":0.539,"inBuffer":false,"facType":"police"}},{"type":"Feature","geometry":{"type":"Point","coordinates":[36.10104,36.22681]},"properties":{"probability":0.738,"inBuffer":false,"facType":"police"}},{"type":"Feature","geometry":{"type":"Point","coordinates":[36.10554,36.22681]},"properties":{"probability":0.823,"inBuffer":false,"facType":"police"}},{"type":"Feature","geometry":{"type":"Point","coordinates":[36.11003,36.22681]},"properties":{"probability":0.722,"inBuffer":false,"facType":"police"}},{"type":"Feature","geometry":{"type":"Point","coordinates":[36.11452,36.22681]},"properties":{"probability":0.72,"inBuffer":false,"facType":"police"}},{"type":"Feature","geometry":{"type":"Point","coordinates":[36.11901,36.22681]},"properties":{"probability":0.62,"inBuffer":false,"facType":"police"}},{"type":"Feature","geometry":{"type":"Point","coordinates":[36.1235,36.22681]},"properties":{"probability":0.498,"inBuffer":false,"facType":"police"}},{"type":"Feature","geometry":{"type":"Point","coordinates":[36.12799,36.22681]},"properties":{"probability":0.668,"inBuffer":false,"facType":"police"}},{"type":"Feature","geometry":{"type":"Point","coordinates":[36.13249,36.22681]},"properties":{"probability":0.773,"inBuffer":true,"facType":"police"}},{"type":"Feature","geometry":{"type":"Point","coordinates":[36.13698,36.22681]},"properties":{"probability":0.721,"inBuffer":false,"facType":"police"}},{"type":"Feature","geometry":{"type":"Point","coordinates":[36.14147,36.22681]},"properties":{"probability":0.774,"inBuffer":false,"facType":"police"}},{"type":"Feature","geometry":{"type":"Point","coordinates":[36.14596,36.22681]},"properties":{"probability":0.834,"inBuffer":false,"facType":"police"}},{"type":"Feature","geometry":{"type":"Point","coordinates":[36.15045,36.22681]},"properties":{"probability":0.83,"inBuffer":true,"facType":"police"}},{"type":"Feature","geometry":{"type":"Point","coordinates":[36.15495,36.22681]},"properties":{"probability":0.719,"inBuffer":true,"facType":"police"}},{"type":"Feature","geometry":{"type":"Point","coordinates":[36.15944,36.22681]},"properties":{"probability":0.7,"inBuffer":false,"facType":"police"}},{"type":"Feature","geometry":{"type":"Point","coordinates":[36.16393,36.22681]},"properties":{"probability":0.825,"inBuffer":true,"facType":"police"}},{"type":"Feature","geometry":{"type":"Point","coordinates":[36.16842,36.22681]},"properties":{"probability":0.854,"inBuffer":true,"facType":"police"}},{"type":"Feature","geometry":{"type":"Point","coordinates":[36.17291,36.22681]},"properties":{"probability":0.709,"inBuffer":true,"facType":"police"}},{"type":"Feature","geometry":{"type":"Point","coordinates":[36.1774,36.22681]},"properties":{"probability":0.726,"inBuffer":true,"facType":"police"}},{"type":"Feature","geometry":{"type":"Point","coordinates":[36.18189,36.22681]},"properties":{"probability":0.823,"inBuffer":true,"facType":"police"}},{"type":"Feature","geometry":{"type":"Point","coordinates":[36.18639,36.22681]},"properties":{"probability":0.838,"inBuffer":false,"facType":"police"}},{"type":"Feature","geometry":{"type":"Point","coordinates":[36.19088,36.22681]},"properties":{"probability":0.779,"inBuffer":false,"facType":"police"}},{"type":"Feature","geometry":{"type":"Point","coordinates":[36.19537,36.22681]},"properties":{"probability":0.511,"inBuffer":false,"facType":"police"}},{"type":"Feature","geometry":{"type":"Point","coordinates":[36.19986,36.22681]},"properties":{"probability":0.461,"inBuffer":false,"facType":"police"}},{"type":"Feature","geometry":{"type":"Point","coordinates":[36.20435,36.22681]},"properties":{"probability":0.382,"inBuffer":false,"facType":"police"}},{"type":"Feature","geometry":{"type":"Point","coordinates":[36.20884,36.22681]},"properties":{"probability":0.438,"inBuffer":false,"facType":"police"}},{"type":"Feature","geometry":{"type":"Point","coordinates":[36.21333,36.22681]},"properties":{"probability":0.693,"inBuffer":false,"facType":"police"}},{"type":"Feature","geometry":{"type":"Point","coordinates":[36.21783,36.22681]},"properties":{"probability":0.765,"inBuffer":false,"facType":"police"}},{"type":"Feature","geometry":{"type":"Point","coordinates":[36.22232,36.22681]},"properties":{"probability":0.543,"inBuffer":true,"facType":"police"}},{"type":"Feature","geometry":{"type":"Point","coordinates":[36.22681,36.22681]},"properties":{"probability":0.446,"inBuffer":true,"facType":"police"}},{"type":"Feature","geometry":{"type":"Point","coordinates":[36.2313,36.22681]},"properties":{"probability":0.407,"inBuffer":true,"facType":"police"}},{"type":"Feature","geometry":{"type":"Point","coordinates":[36.23579,36.22681]},"properties":{"probability":0.408,"inBuffer":false,"facType":"police"}},{"type":"Feature","geometry":{"type":"Point","coordinates":[36.24028,36.22681]},"properties":{"probability":0.364,"inBuffer":false,"facType":"police"}},{"type":"Feature","geometry":{"type":"Point","coordinates":[36.24478,36.22681]},"properties":{"probability":0.386,"inBuffer":false,"facType":"police"}},{"type":"Feature","geometry":{"type":"Point","coordinates":[36.24927,36.22681]},"properties":{"probability":0.431,"inBuffer":false,"facType":"police"}},{"type":"Feature","geometry":{"type":"Point","coordinates":[36.25376,36.22681]},"properties":{"probability":0.446,"inBuffer":false,"facType":"police"}},{"type":"Feature","geometry":{"type":"Point","coordinates":[36.25825,36.22681]},"properties":{"probability":0.506,"inBuffer":false,"facType":"police"}},{"type":"Feature","geometry":{"type":"Point","coordinates":[36.26274,36.22681]},"properties":{"probability":0.418,"inBuffer":false,"facType":"police"}},{"type":"Feature","geometry":{"type":"Point","coordinates":[36.26723,36.22681]},"properties":{"probability":0.571,"inBuffer":true,"facType":"police"}},{"type":"Feature","geometry":{"type":"Point","coordinates":[36.27172,36.22681]},"properties":{"probability":0.768,"inBuffer":true,"facType":"police"}},{"type":"Feature","geometry":{"type":"Point","coordinates":[36.27622,36.22681]},"properties":{"probability":0.722,"inBuffer":true,"facType":"police"}},{"type":"Feature","geometry":{"type":"Point","coordinates":[36.28071,36.22681]},"properties":{"probability":0.703,"inBuffer":true,"facType":"police"}},{"type":"Feature","geometry":{"type":"Point","coordinates":[36.2852,36.22681]},"properties":{"probability":0.794,"inBuffer":true,"facType":"police"}},{"type":"Feature","geometry":{"type":"Point","coordinates":[36.28969,36.22681]},"properties":{"probability":0.836,"inBuffer":true,"facType":"police"}},{"type":"Feature","geometry":{"type":"Point","coordinates":[36.29418,36.22681]},"properties":{"probability":0.744,"inBuffer":false,"facType":"police"}},{"type":"Feature","geometry":{"type":"Point","coordinates":[36.29868,36.22681]},"properties":{"probability":0.49,"inBuffer":false,"facType":"police"}},{"type":"Feature","geometry":{"type":"Point","coordinates":[36.05164,36.22232]},"properties":{"probability":0.37,"inBuffer":false,"facType":"police"}},{"type":"Feature","geometry":{"type":"Point","coordinates":[36.05613,36.22232]},"properties":{"probability":0.445,"inBuffer":false,"facType":"police"}},{"type":"Feature","geometry":{"type":"Point","coordinates":[36.06062,36.22232]},"properties":{"probability":0.442,"inBuffer":false,"facType":"police"}},{"type":"Feature","geometry":{"type":"Point","coordinates":[36.06511,36.22232]},"properties":{"probability":0.443,"inBuffer":false,"facType":"police"}},{"type":"Feature","geometry":{"type":"Point","coordinates":[36.0696,36.22232]},"properties":{"probability":0.607,"inBuffer":false,"facType":"police"}},{"type":"Feature","geometry":{"type":"Point","coordinates":[36.0741,36.22232]},"properties":{"probability":0.691,"inBuffer":false,"facType":"police"}},{"type":"Feature","geometry":{"type":"Point","coordinates":[36.07859,36.22232]},"properties":{"probability":0.815,"inBuffer":false,"facType":"police"}},{"type":"Feature","geometry":{"type":"Point","coordinates":[36.08308,36.22232]},"properties":{"probability":0.792,"inBuffer":false,"facType":"police"}},{"type":"Feature","geometry":{"type":"Point","coordinates":[36.08757,36.22232]},"properties":{"probability":0.648,"inBuffer":false,"facType":"police"}},{"type":"Feature","geometry":{"type":"Point","coordinates":[36.09206,36.22232]},"properties":{"probability":0.531,"inBuffer":false,"facType":"police"}},{"type":"Feature","geometry":{"type":"Point","coordinates":[36.09655,36.22232]},"properties":{"probability":0.662,"inBuffer":false,"facType":"police"}},{"type":"Feature","geometry":{"type":"Point","coordinates":[36.10104,36.22232]},"properties":{"probability":0.779,"inBuffer":false,"facType":"police"}},{"type":"Feature","geometry":{"type":"Point","coordinates":[36.10554,36.22232]},"properties":{"probability":0.833,"inBuffer":false,"facType":"police"}},{"type":"Feature","geometry":{"type":"Point","coordinates":[36.11003,36.22232]},"properties":{"probability":0.803,"inBuffer":false,"facType":"police"}},{"type":"Feature","geometry":{"type":"Point","coordinates":[36.11452,36.22232]},"properties":{"probability":0.615,"inBuffer":false,"facType":"police"}},{"type":"Feature","geometry":{"type":"Point","coordinates":[36.11901,36.22232]},"properties":{"probability":0.707,"inBuffer":false,"facType":"police"}},{"type":"Feature","geometry":{"type":"Point","coordinates":[36.1235,36.22232]},"properties":{"probability":0.626,"inBuffer":false,"facType":"police"}},{"type":"Feature","geometry":{"type":"Point","coordinates":[36.12799,36.22232]},"properties":{"probability":0.688,"inBuffer":false,"facType":"police"}},{"type":"Feature","geometry":{"type":"Point","coordinates":[36.13249,36.22232]},"properties":{"probability":0.709,"inBuffer":false,"facType":"police"}},{"type":"Feature","geometry":{"type":"Point","coordinates":[36.13698,36.22232]},"properties":{"probability":0.678,"inBuffer":true,"facType":"police"}},{"type":"Feature","geometry":{"type":"Point","coordinates":[36.14147,36.22232]},"properties":{"probability":0.703,"inBuffer":false,"facType":"police"}},{"type":"Feature","geometry":{"type":"Point","coordinates":[36.14596,36.22232]},"properties":{"probability":0.737,"inBuffer":false,"facType":"police"}},{"type":"Feature","geometry":{"type":"Point","coordinates":[36.15045,36.22232]},"properties":{"probability":0.781,"inBuffer":false,"facType":"police"}},{"type":"Feature","geometry":{"type":"Point","coordinates":[36.15495,36.22232]},"properties":{"probability":0.738,"inBuffer":false,"facType":"police"}},{"type":"Feature","geometry":{"type":"Point","coordinates":[36.15944,36.22232]},"properties":{"probability":0.682,"inBuffer":false,"facType":"police"}},{"type":"Feature","geometry":{"type":"Point","coordinates":[36.16393,36.22232]},"properties":{"probability":0.664,"inBuffer":false,"facType":"police"}},{"type":"Feature","geometry":{"type":"Point","coordinates":[36.16842,36.22232]},"properties":{"probability":0.707,"inBuffer":true,"facType":"police"}},{"type":"Feature","geometry":{"type":"Point","coordinates":[36.17291,36.22232]},"properties":{"probability":0.671,"inBuffer":true,"facType":"police"}},{"type":"Feature","geometry":{"type":"Point","coordinates":[36.1774,36.22232]},"properties":{"probability":0.808,"inBuffer":true,"facType":"police"}},{"type":"Feature","geometry":{"type":"Point","coordinates":[36.18189,36.22232]},"properties":{"probability":0.821,"inBuffer":true,"facType":"police"}},{"type":"Feature","geometry":{"type":"Point","coordinates":[36.18639,36.22232]},"properties":{"probability":0.749,"inBuffer":false,"facType":"police"}},{"type":"Feature","geometry":{"type":"Point","coordinates":[36.19088,36.22232]},"properties":{"probability":0.708,"inBuffer":false,"facType":"police"}},{"type":"Feature","geometry":{"type":"Point","coordinates":[36.19537,36.22232]},"properties":{"probability":0.786,"inBuffer":false,"facType":"police"}},{"type":"Feature","geometry":{"type":"Point","coordinates":[36.19986,36.22232]},"properties":{"probability":0.711,"inBuffer":false,"facType":"police"}},{"type":"Feature","geometry":{"type":"Point","coordinates":[36.20435,36.22232]},"properties":{"probability":0.428,"inBuffer":false,"facType":"police"}},{"type":"Feature","geometry":{"type":"Point","coordinates":[36.20884,36.22232]},"properties":{"probability":0.392,"inBuffer":false,"facType":"police"}},{"type":"Feature","geometry":{"type":"Point","coordinates":[36.21333,36.22232]},"properties":{"probability":0.455,"inBuffer":false,"facType":"police"}},{"type":"Feature","geometry":{"type":"Point","coordinates":[36.21783,36.22232]},"properties":{"probability":0.562,"inBuffer":false,"facType":"police"}},{"type":"Feature","geometry":{"type":"Point","coordinates":[36.22232,36.22232]},"properties":{"probability":0.466,"inBuffer":true,"facType":"police"}},{"type":"Feature","geometry":{"type":"Point","coordinates":[36.22681,36.22232]},"properties":{"probability":0.445,"inBuffer":true,"facType":"police"}},{"type":"Feature","geometry":{"type":"Point","coordinates":[36.2313,36.22232]},"properties":{"probability":0.384,"inBuffer":true,"facType":"police"}},{"type":"Feature","geometry":{"type":"Point","coordinates":[36.23579,36.22232]},"properties":{"probability":0.407,"inBuffer":false,"facType":"police"}},{"type":"Feature","geometry":{"type":"Point","coordinates":[36.24028,36.22232]},"properties":{"probability":0.419,"inBuffer":false,"facType":"police"}},{"type":"Feature","geometry":{"type":"Point","coordinates":[36.24478,36.22232]},"properties":{"probability":0.409,"inBuffer":false,"facType":"police"}},{"type":"Feature","geometry":{"type":"Point","coordinates":[36.24927,36.22232]},"properties":{"probability":0.367,"inBuffer":false,"facType":"police"}},{"type":"Feature","geometry":{"type":"Point","coordinates":[36.25376,36.22232]},"properties":{"probability":0.36,"inBuffer":false,"facType":"police"}},{"type":"Feature","geometry":{"type":"Point","coordinates":[36.25825,36.22232]},"properties":{"probability":0.38,"inBuffer":false,"facType":"police"}},{"type":"Feature","geometry":{"type":"Point","coordinates":[36.26274,36.22232]},"properties":{"probability":0.423,"inBuffer":false,"facType":"police"}},{"type":"Feature","geometry":{"type":"Point","coordinates":[36.26723,36.22232]},"properties":{"probability":0.565,"inBuffer":true,"facType":"police"}},{"type":"Feature","geometry":{"type":"Point","coordinates":[36.27172,36.22232]},"properties":{"probability":0.742,"inBuffer":true,"facType":"police"}},{"type":"Feature","geometry":{"type":"Point","coordinates":[36.27622,36.22232]},"properties":{"probability":0.712,"inBuffer":true,"facType":"police"}},{"type":"Feature","geometry":{"type":"Point","coordinates":[36.28071,36.22232]},"properties":{"probability":0.735,"inBuffer":false,"facType":"police"}},{"type":"Feature","geometry":{"type":"Point","coordinates":[36.2852,36.22232]},"properties":{"probability":0.82,"inBuffer":true,"facType":"police"}},{"type":"Feature","geometry":{"type":"Point","coordinates":[36.28969,36.22232]},"properties":{"probability":0.87,"inBuffer":true,"facType":"police"}},{"type":"Feature","geometry":{"type":"Point","coordinates":[36.29418,36.22232]},"properties":{"probability":0.855,"inBuffer":true,"facType":"police"}},{"type":"Feature","geometry":{"type":"Point","coordinates":[36.29868,36.22232]},"properties":{"probability":0.485,"inBuffer":false,"facType":"police"}},{"type":"Feature","geometry":{"type":"Point","coordinates":[36.05164,36.21783]},"properties":{"probability":0.482,"inBuffer":false,"facType":"police"}},{"type":"Feature","geometry":{"type":"Point","coordinates":[36.05613,36.21783]},"properties":{"probability":0.472,"inBuffer":false,"facType":"police"}},{"type":"Feature","geometry":{"type":"Point","coordinates":[36.06062,36.21783]},"properties":{"probability":0.458,"inBuffer":false,"facType":"police"}},{"type":"Feature","geometry":{"type":"Point","coordinates":[36.06511,36.21783]},"properties":{"probability":0.484,"inBuffer":false,"facType":"police"}},{"type":"Feature","geometry":{"type":"Point","coordinates":[36.0696,36.21783]},"properties":{"probability":0.618,"inBuffer":false,"facType":"police"}},{"type":"Feature","geometry":{"type":"Point","coordinates":[36.0741,36.21783]},"properties":{"probability":0.696,"inBuffer":false,"facType":"police"}},{"type":"Feature","geometry":{"type":"Point","coordinates":[36.07859,36.21783]},"properties":{"probability":0.794,"inBuffer":false,"facType":"police"}},{"type":"Feature","geometry":{"type":"Point","coordinates":[36.08308,36.21783]},"properties":{"probability":0.764,"inBuffer":false,"facType":"police"}},{"type":"Feature","geometry":{"type":"Point","coordinates":[36.08757,36.21783]},"properties":{"probability":0.608,"inBuffer":false,"facType":"police"}},{"type":"Feature","geometry":{"type":"Point","coordinates":[36.09206,36.21783]},"properties":{"probability":0.491,"inBuffer":false,"facType":"police"}},{"type":"Feature","geometry":{"type":"Point","coordinates":[36.09655,36.21783]},"properties":{"probability":0.639,"inBuffer":false,"facType":"police"}},{"type":"Feature","geometry":{"type":"Point","coordinates":[36.10104,36.21783]},"properties":{"probability":0.697,"inBuffer":false,"facType":"police"}},{"type":"Feature","geometry":{"type":"Point","coordinates":[36.10554,36.21783]},"properties":{"probability":0.816,"inBuffer":false,"facType":"police"}},{"type":"Feature","geometry":{"type":"Point","coordinates":[36.11003,36.21783]},"properties":{"probability":0.677,"inBuffer":false,"facType":"police"}},{"type":"Feature","geometry":{"type":"Point","coordinates":[36.11452,36.21783]},"properties":{"probability":0.438,"inBuffer":false,"facType":"police"}},{"type":"Feature","geometry":{"type":"Point","coordinates":[36.11901,36.21783]},"properties":{"probability":0.444,"inBuffer":false,"facType":"police"}},{"type":"Feature","geometry":{"type":"Point","coordinates":[36.1235,36.21783]},"properties":{"probability":0.608,"inBuffer":false,"facType":"police"}},{"type":"Feature","geometry":{"type":"Point","coordinates":[36.12799,36.21783]},"properties":{"probability":0.693,"inBuffer":false,"facType":"police"}},{"type":"Feature","geometry":{"type":"Point","coordinates":[36.13249,36.21783]},"properties":{"probability":0.652,"inBuffer":true,"facType":"police"}},{"type":"Feature","geometry":{"type":"Point","coordinates":[36.13698,36.21783]},"properties":{"probability":0.746,"inBuffer":true,"facType":"police"}},{"type":"Feature","geometry":{"type":"Point","coordinates":[36.14147,36.21783]},"properties":{"probability":0.817,"inBuffer":true,"facType":"police"}},{"type":"Feature","geometry":{"type":"Point","coordinates":[36.14596,36.21783]},"properties":{"probability":0.767,"inBuffer":false,"facType":"police"}},{"type":"Feature","geometry":{"type":"Point","coordinates":[36.15045,36.21783]},"properties":{"probability":0.733,"inBuffer":false,"facType":"police"}},{"type":"Feature","geometry":{"type":"Point","coordinates":[36.15495,36.21783]},"properties":{"probability":0.833,"inBuffer":false,"facType":"police"}},{"type":"Feature","geometry":{"type":"Point","coordinates":[36.15944,36.21783]},"properties":{"probability":0.768,"inBuffer":false,"facType":"police"}},{"type":"Feature","geometry":{"type":"Point","coordinates":[36.16393,36.21783]},"properties":{"probability":0.561,"inBuffer":false,"facType":"police"}},{"type":"Feature","geometry":{"type":"Point","coordinates":[36.16842,36.21783]},"properties":{"probability":0.576,"inBuffer":false,"facType":"police"}},{"type":"Feature","geometry":{"type":"Point","coordinates":[36.17291,36.21783]},"properties":{"probability":0.702,"inBuffer":false,"facType":"police"}},{"type":"Feature","geometry":{"type":"Point","coordinates":[36.1774,36.21783]},"properties":{"probability":0.702,"inBuffer":false,"facType":"police"}},{"type":"Feature","geometry":{"type":"Point","coordinates":[36.18189,36.21783]},"properties":{"probability":0.743,"inBuffer":false,"facType":"police"}},{"type":"Feature","geometry":{"type":"Point","coordinates":[36.18639,36.21783]},"properties":{"probability":0.616,"inBuffer":false,"facType":"police"}},{"type":"Feature","geometry":{"type":"Point","coordinates":[36.19088,36.21783]},"properties":{"probability":0.575,"inBuffer":false,"facType":"police"}},{"type":"Feature","geometry":{"type":"Point","coordinates":[36.19537,36.21783]},"properties":{"probability":0.787,"inBuffer":false,"facType":"police"}},{"type":"Feature","geometry":{"type":"Point","coordinates":[36.19986,36.21783]},"properties":{"probability":0.791,"inBuffer":true,"facType":"police"}},{"type":"Feature","geometry":{"type":"Point","coordinates":[36.20435,36.21783]},"properties":{"probability":0.697,"inBuffer":true,"facType":"police"}},{"type":"Feature","geometry":{"type":"Point","coordinates":[36.20884,36.21783]},"properties":{"probability":0.57,"inBuffer":true,"facType":"police"}},{"type":"Feature","geometry":{"type":"Point","coordinates":[36.21333,36.21783]},"properties":{"probability":0.412,"inBuffer":false,"facType":"police"}},{"type":"Feature","geometry":{"type":"Point","coordinates":[36.21783,36.21783]},"properties":{"probability":0.478,"inBuffer":false,"facType":"police"}},{"type":"Feature","geometry":{"type":"Point","coordinates":[36.22232,36.21783]},"properties":{"probability":0.697,"inBuffer":false,"facType":"police"}},{"type":"Feature","geometry":{"type":"Point","coordinates":[36.22681,36.21783]},"properties":{"probability":0.691,"inBuffer":false,"facType":"police"}},{"type":"Feature","geometry":{"type":"Point","coordinates":[36.2313,36.21783]},"properties":{"probability":0.601,"inBuffer":false,"facType":"police"}},{"type":"Feature","geometry":{"type":"Point","coordinates":[36.23579,36.21783]},"properties":{"probability":0.419,"inBuffer":false,"facType":"police"}},{"type":"Feature","geometry":{"type":"Point","coordinates":[36.24028,36.21783]},"properties":{"probability":0.421,"inBuffer":false,"facType":"police"}},{"type":"Feature","geometry":{"type":"Point","coordinates":[36.24478,36.21783]},"properties":{"probability":0.42,"inBuffer":false,"facType":"police"}},{"type":"Feature","geometry":{"type":"Point","coordinates":[36.24927,36.21783]},"properties":{"probability":0.481,"inBuffer":false,"facType":"police"}},{"type":"Feature","geometry":{"type":"Point","coordinates":[36.25376,36.21783]},"properties":{"probability":0.393,"inBuffer":false,"facType":"police"}},{"type":"Feature","geometry":{"type":"Point","coordinates":[36.25825,36.21783]},"properties":{"probability":0.367,"inBuffer":false,"facType":"police"}},{"type":"Feature","geometry":{"type":"Point","coordinates":[36.26274,36.21783]},"properties":{"probability":0.529,"inBuffer":false,"facType":"police"}},{"type":"Feature","geometry":{"type":"Point","coordinates":[36.26723,36.21783]},"properties":{"probability":0.644,"inBuffer":true,"facType":"police"}},{"type":"Feature","geometry":{"type":"Point","coordinates":[36.27172,36.21783]},"properties":{"probability":0.693,"inBuffer":true,"facType":"police"}},{"type":"Feature","geometry":{"type":"Point","coordinates":[36.27622,36.21783]},"properties":{"probability":0.705,"inBuffer":false,"facType":"police"}},{"type":"Feature","geometry":{"type":"Point","coordinates":[36.28071,36.21783]},"properties":{"probability":0.629,"inBuffer":false,"facType":"police"}},{"type":"Feature","geometry":{"type":"Point","coordinates":[36.2852,36.21783]},"properties":{"probability":0.598,"inBuffer":true,"facType":"police"}},{"type":"Feature","geometry":{"type":"Point","coordinates":[36.28969,36.21783]},"properties":{"probability":0.802,"inBuffer":true,"facType":"police"}},{"type":"Feature","geometry":{"type":"Point","coordinates":[36.29418,36.21783]},"properties":{"probability":0.791,"inBuffer":true,"facType":"police"}},{"type":"Feature","geometry":{"type":"Point","coordinates":[36.29868,36.21783]},"properties":{"probability":0.637,"inBuffer":false,"facType":"police"}},{"type":"Feature","geometry":{"type":"Point","coordinates":[36.05164,36.21333]},"properties":{"probability":0.45,"inBuffer":false,"facType":"police"}},{"type":"Feature","geometry":{"type":"Point","coordinates":[36.05613,36.21333]},"properties":{"probability":0.613,"inBuffer":false,"facType":"police"}},{"type":"Feature","geometry":{"type":"Point","coordinates":[36.06062,36.21333]},"properties":{"probability":0.637,"inBuffer":false,"facType":"police"}},{"type":"Feature","geometry":{"type":"Point","coordinates":[36.06511,36.21333]},"properties":{"probability":0.549,"inBuffer":false,"facType":"police"}},{"type":"Feature","geometry":{"type":"Point","coordinates":[36.0696,36.21333]},"properties":{"probability":0.639,"inBuffer":false,"facType":"police"}},{"type":"Feature","geometry":{"type":"Point","coordinates":[36.0741,36.21333]},"properties":{"probability":0.523,"inBuffer":false,"facType":"police"}},{"type":"Feature","geometry":{"type":"Point","coordinates":[36.07859,36.21333]},"properties":{"probability":0.48,"inBuffer":false,"facType":"police"}},{"type":"Feature","geometry":{"type":"Point","coordinates":[36.08308,36.21333]},"properties":{"probability":0.613,"inBuffer":false,"facType":"police"}},{"type":"Feature","geometry":{"type":"Point","coordinates":[36.08757,36.21333]},"properties":{"probability":0.625,"inBuffer":false,"facType":"police"}},{"type":"Feature","geometry":{"type":"Point","coordinates":[36.09206,36.21333]},"properties":{"probability":0.702,"inBuffer":true,"facType":"police"}},{"type":"Feature","geometry":{"type":"Point","coordinates":[36.09655,36.21333]},"properties":{"probability":0.712,"inBuffer":true,"facType":"police"}},{"type":"Feature","geometry":{"type":"Point","coordinates":[36.10104,36.21333]},"properties":{"probability":0.67,"inBuffer":true,"facType":"police"}},{"type":"Feature","geometry":{"type":"Point","coordinates":[36.10554,36.21333]},"properties":{"probability":0.608,"inBuffer":false,"facType":"police"}},{"type":"Feature","geometry":{"type":"Point","coordinates":[36.11003,36.21333]},"properties":{"probability":0.458,"inBuffer":false,"facType":"police"}},{"type":"Feature","geometry":{"type":"Point","coordinates":[36.11452,36.21333]},"properties":{"probability":0.402,"inBuffer":false,"facType":"police"}},{"type":"Feature","geometry":{"type":"Point","coordinates":[36.11901,36.21333]},"properties":{"probability":0.426,"inBuffer":false,"facType":"police"}},{"type":"Feature","geometry":{"type":"Point","coordinates":[36.1235,36.21333]},"properties":{"probability":0.511,"inBuffer":false,"facType":"police"}},{"type":"Feature","geometry":{"type":"Point","coordinates":[36.12799,36.21333]},"properties":{"probability":0.622,"inBuffer":false,"facType":"police"}},{"type":"Feature","geometry":{"type":"Point","coordinates":[36.13249,36.21333]},"properties":{"probability":0.698,"inBuffer":true,"facType":"police"}},{"type":"Feature","geometry":{"type":"Point","coordinates":[36.13698,36.21333]},"properties":{"probability":0.845,"inBuffer":true,"facType":"police"}},{"type":"Feature","geometry":{"type":"Point","coordinates":[36.14147,36.21333]},"properties":{"probability":0.868,"inBuffer":true,"facType":"police"}},{"type":"Feature","geometry":{"type":"Point","coordinates":[36.14596,36.21333]},"properties":{"probability":0.851,"inBuffer":false,"facType":"police"}},{"type":"Feature","geometry":{"type":"Point","coordinates":[36.15045,36.21333]},"properties":{"probability":0.772,"inBuffer":false,"facType":"police"}},{"type":"Feature","geometry":{"type":"Point","coordinates":[36.15495,36.21333]},"properties":{"probability":0.744,"inBuffer":false,"facType":"police"}},{"type":"Feature","geometry":{"type":"Point","coordinates":[36.15944,36.21333]},"properties":{"probability":0.739,"inBuffer":false,"facType":"police"}},{"type":"Feature","geometry":{"type":"Point","coordinates":[36.16393,36.21333]},"properties":{"probability":0.712,"inBuffer":false,"facType":"police"}},{"type":"Feature","geometry":{"type":"Point","coordinates":[36.16842,36.21333]},"properties":{"probability":0.706,"inBuffer":false,"facType":"police"}},{"type":"Feature","geometry":{"type":"Point","coordinates":[36.17291,36.21333]},"properties":{"probability":0.794,"inBuffer":false,"facType":"police"}},{"type":"Feature","geometry":{"type":"Point","coordinates":[36.1774,36.21333]},"properties":{"probability":0.787,"inBuffer":false,"facType":"police"}},{"type":"Feature","geometry":{"type":"Point","coordinates":[36.18189,36.21333]},"properties":{"probability":0.737,"inBuffer":false,"facType":"police"}},{"type":"Feature","geometry":{"type":"Point","coordinates":[36.18639,36.21333]},"properties":{"probability":0.702,"inBuffer":false,"facType":"police"}},{"type":"Feature","geometry":{"type":"Point","coordinates":[36.19088,36.21333]},"properties":{"probability":0.575,"inBuffer":false,"facType":"police"}},{"type":"Feature","geometry":{"type":"Point","coordinates":[36.19537,36.21333]},"properties":{"probability":0.669,"inBuffer":false,"facType":"police"}},{"type":"Feature","geometry":{"type":"Point","coordinates":[36.19986,36.21333]},"properties":{"probability":0.688,"inBuffer":true,"facType":"police"}},{"type":"Feature","geometry":{"type":"Point","coordinates":[36.20435,36.21333]},"properties":{"probability":0.705,"inBuffer":true,"facType":"police"}},{"type":"Feature","geometry":{"type":"Point","coordinates":[36.20884,36.21333]},"properties":{"probability":0.686,"inBuffer":true,"facType":"police"}},{"type":"Feature","geometry":{"type":"Point","coordinates":[36.21333,36.21333]},"properties":{"probability":0.478,"inBuffer":false,"facType":"police"}},{"type":"Feature","geometry":{"type":"Point","coordinates":[36.21783,36.21333]},"properties":{"probability":0.595,"inBuffer":false,"facType":"police"}},{"type":"Feature","geometry":{"type":"Point","coordinates":[36.22232,36.21333]},"properties":{"probability":0.797,"inBuffer":false,"facType":"police"}},{"type":"Feature","geometry":{"type":"Point","coordinates":[36.22681,36.21333]},"properties":{"probability":0.831,"inBuffer":true,"facType":"police"}},{"type":"Feature","geometry":{"type":"Point","coordinates":[36.2313,36.21333]},"properties":{"probability":0.786,"inBuffer":true,"facType":"police"}},{"type":"Feature","geometry":{"type":"Point","coordinates":[36.23579,36.21333]},"properties":{"probability":0.697,"inBuffer":false,"facType":"police"}},{"type":"Feature","geometry":{"type":"Point","coordinates":[36.24028,36.21333]},"properties":{"probability":0.602,"inBuffer":false,"facType":"police"}},{"type":"Feature","geometry":{"type":"Point","coordinates":[36.24478,36.21333]},"properties":{"probability":0.409,"inBuffer":false,"facType":"police"}},{"type":"Feature","geometry":{"type":"Point","coordinates":[36.24927,36.21333]},"properties":{"probability":0.393,"inBuffer":false,"facType":"police"}},{"type":"Feature","geometry":{"type":"Point","coordinates":[36.25376,36.21333]},"properties":{"probability":0.413,"inBuffer":false,"facType":"police"}},{"type":"Feature","geometry":{"type":"Point","coordinates":[36.25825,36.21333]},"properties":{"probability":0.41,"inBuffer":false,"facType":"police"}},{"type":"Feature","geometry":{"type":"Point","coordinates":[36.26274,36.21333]},"properties":{"probability":0.534,"inBuffer":false,"facType":"police"}},{"type":"Feature","geometry":{"type":"Point","coordinates":[36.26723,36.21333]},"properties":{"probability":0.53,"inBuffer":false,"facType":"police"}},{"type":"Feature","geometry":{"type":"Point","coordinates":[36.27172,36.21333]},"properties":{"probability":0.448,"inBuffer":false,"facType":"police"}},{"type":"Feature","geometry":{"type":"Point","coordinates":[36.27622,36.21333]},"properties":{"probability":0.405,"inBuffer":false,"facType":"police"}},{"type":"Feature","geometry":{"type":"Point","coordinates":[36.28071,36.21333]},"properties":{"probability":0.359,"inBuffer":false,"facType":"police"}},{"type":"Feature","geometry":{"type":"Point","coordinates":[36.2852,36.21333]},"properties":{"probability":0.403,"inBuffer":false,"facType":"police"}},{"type":"Feature","geometry":{"type":"Point","coordinates":[36.28969,36.21333]},"properties":{"probability":0.434,"inBuffer":false,"facType":"police"}},{"type":"Feature","geometry":{"type":"Point","coordinates":[36.29418,36.21333]},"properties":{"probability":0.553,"inBuffer":false,"facType":"police"}},{"type":"Feature","geometry":{"type":"Point","coordinates":[36.29868,36.21333]},"properties":{"probability":0.502,"inBuffer":false,"facType":"police"}},{"type":"Feature","geometry":{"type":"Point","coordinates":[36.05164,36.20884]},"properties":{"probability":0.455,"inBuffer":false,"facType":"police"}},{"type":"Feature","geometry":{"type":"Point","coordinates":[36.05613,36.20884]},"properties":{"probability":0.701,"inBuffer":false,"facType":"police"}},{"type":"Feature","geometry":{"type":"Point","coordinates":[36.06062,36.20884]},"properties":{"probability":0.806,"inBuffer":false,"facType":"police"}},{"type":"Feature","geometry":{"type":"Point","coordinates":[36.06511,36.20884]},"properties":{"probability":0.707,"inBuffer":false,"facType":"police"}},{"type":"Feature","geometry":{"type":"Point","coordinates":[36.0696,36.20884]},"properties":{"probability":0.508,"inBuffer":false,"facType":"police"}},{"type":"Feature","geometry":{"type":"Point","coordinates":[36.0741,36.20884]},"properties":{"probability":0.528,"inBuffer":false,"facType":"police"}},{"type":"Feature","geometry":{"type":"Point","coordinates":[36.07859,36.20884]},"properties":{"probability":0.498,"inBuffer":false,"facType":"police"}},{"type":"Feature","geometry":{"type":"Point","coordinates":[36.08308,36.20884]},"properties":{"probability":0.523,"inBuffer":false,"facType":"police"}},{"type":"Feature","geometry":{"type":"Point","coordinates":[36.08757,36.20884]},"properties":{"probability":0.684,"inBuffer":false,"facType":"police"}},{"type":"Feature","geometry":{"type":"Point","coordinates":[36.09206,36.20884]},"properties":{"probability":0.777,"inBuffer":true,"facType":"police"}},{"type":"Feature","geometry":{"type":"Point","coordinates":[36.09655,36.20884]},"properties":{"probability":0.798,"inBuffer":true,"facType":"police"}},{"type":"Feature","geometry":{"type":"Point","coordinates":[36.10104,36.20884]},"properties":{"probability":0.536,"inBuffer":true,"facType":"police"}},{"type":"Feature","geometry":{"type":"Point","coordinates":[36.10554,36.20884]},"properties":{"probability":0.456,"inBuffer":true,"facType":"police"}},{"type":"Feature","geometry":{"type":"Point","coordinates":[36.11003,36.20884]},"properties":{"probability":0.433,"inBuffer":false,"facType":"police"}},{"type":"Feature","geometry":{"type":"Point","coordinates":[36.11452,36.20884]},"properties":{"probability":0.44,"inBuffer":false,"facType":"police"}},{"type":"Feature","geometry":{"type":"Point","coordinates":[36.11901,36.20884]},"properties":{"probability":0.45,"inBuffer":false,"facType":"police"}},{"type":"Feature","geometry":{"type":"Point","coordinates":[36.1235,36.20884]},"properties":{"probability":0.636,"inBuffer":false,"facType":"police"}},{"type":"Feature","geometry":{"type":"Point","coordinates":[36.12799,36.20884]},"properties":{"probability":0.644,"inBuffer":false,"facType":"police"}},{"type":"Feature","geometry":{"type":"Point","coordinates":[36.13249,36.20884]},"properties":{"probability":0.652,"inBuffer":false,"facType":"police"}},{"type":"Feature","geometry":{"type":"Point","coordinates":[36.13698,36.20884]},"properties":{"probability":0.832,"inBuffer":true,"facType":"police"}},{"type":"Feature","geometry":{"type":"Point","coordinates":[36.14147,36.20884]},"properties":{"probability":0.87,"inBuffer":true,"facType":"police"}},{"type":"Feature","geometry":{"type":"Point","coordinates":[36.14596,36.20884]},"properties":{"probability":0.83,"inBuffer":false,"facType":"police"}},{"type":"Feature","geometry":{"type":"Point","coordinates":[36.15045,36.20884]},"properties":{"probability":0.745,"inBuffer":true,"facType":"police"}},{"type":"Feature","geometry":{"type":"Point","coordinates":[36.15495,36.20884]},"properties":{"probability":0.742,"inBuffer":true,"facType":"police"}},{"type":"Feature","geometry":{"type":"Point","coordinates":[36.15944,36.20884]},"properties":{"probability":0.746,"inBuffer":false,"facType":"police"}},{"type":"Feature","geometry":{"type":"Point","coordinates":[36.16393,36.20884]},"properties":{"probability":0.716,"inBuffer":false,"facType":"police"}},{"type":"Feature","geometry":{"type":"Point","coordinates":[36.16842,36.20884]},"properties":{"probability":0.72,"inBuffer":false,"facType":"police"}},{"type":"Feature","geometry":{"type":"Point","coordinates":[36.17291,36.20884]},"properties":{"probability":0.746,"inBuffer":false,"facType":"police"}},{"type":"Feature","geometry":{"type":"Point","coordinates":[36.1774,36.20884]},"properties":{"probability":0.74,"inBuffer":false,"facType":"police"}},{"type":"Feature","geometry":{"type":"Point","coordinates":[36.18189,36.20884]},"properties":{"probability":0.704,"inBuffer":false,"facType":"police"}},{"type":"Feature","geometry":{"type":"Point","coordinates":[36.18639,36.20884]},"properties":{"probability":0.664,"inBuffer":false,"facType":"police"}},{"type":"Feature","geometry":{"type":"Point","coordinates":[36.19088,36.20884]},"properties":{"probability":0.622,"inBuffer":false,"facType":"police"}},{"type":"Feature","geometry":{"type":"Point","coordinates":[36.19537,36.20884]},"properties":{"probability":0.678,"inBuffer":false,"facType":"police"}},{"type":"Feature","geometry":{"type":"Point","coordinates":[36.19986,36.20884]},"properties":{"probability":0.577,"inBuffer":true,"facType":"police"}},{"type":"Feature","geometry":{"type":"Point","coordinates":[36.20435,36.20884]},"properties":{"probability":0.639,"inBuffer":true,"facType":"police"}},{"type":"Feature","geometry":{"type":"Point","coordinates":[36.20884,36.20884]},"properties":{"probability":0.601,"inBuffer":true,"facType":"police"}},{"type":"Feature","geometry":{"type":"Point","coordinates":[36.21333,36.20884]},"properties":{"probability":0.479,"inBuffer":false,"facType":"police"}},{"type":"Feature","geometry":{"type":"Point","coordinates":[36.21783,36.20884]},"properties":{"probability":0.511,"inBuffer":false,"facType":"police"}},{"type":"Feature","geometry":{"type":"Point","coordinates":[36.22232,36.20884]},"properties":{"probability":0.723,"inBuffer":true,"facType":"police"}},{"type":"Feature","geometry":{"type":"Point","coordinates":[36.22681,36.20884]},"properties":{"probability":0.775,"inBuffer":true,"facType":"police"}},{"type":"Feature","geometry":{"type":"Point","coordinates":[36.2313,36.20884]},"properties":{"probability":0.775,"inBuffer":true,"facType":"police"}},{"type":"Feature","geometry":{"type":"Point","coordinates":[36.23579,36.20884]},"properties":{"probability":0.784,"inBuffer":false,"facType":"police"}},{"type":"Feature","geometry":{"type":"Point","coordinates":[36.24028,36.20884]},"properties":{"probability":0.602,"inBuffer":false,"facType":"police"}},{"type":"Feature","geometry":{"type":"Point","coordinates":[36.24478,36.20884]},"properties":{"probability":0.457,"inBuffer":false,"facType":"police"}},{"type":"Feature","geometry":{"type":"Point","coordinates":[36.24927,36.20884]},"properties":{"probability":0.392,"inBuffer":false,"facType":"police"}},{"type":"Feature","geometry":{"type":"Point","coordinates":[36.25376,36.20884]},"properties":{"probability":0.392,"inBuffer":false,"facType":"police"}},{"type":"Feature","geometry":{"type":"Point","coordinates":[36.25825,36.20884]},"properties":{"probability":0.505,"inBuffer":false,"facType":"police"}},{"type":"Feature","geometry":{"type":"Point","coordinates":[36.26274,36.20884]},"properties":{"probability":0.677,"inBuffer":false,"facType":"police"}},{"type":"Feature","geometry":{"type":"Point","coordinates":[36.26723,36.20884]},"properties":{"probability":0.47,"inBuffer":false,"facType":"police"}},{"type":"Feature","geometry":{"type":"Point","coordinates":[36.27172,36.20884]},"properties":{"probability":0.407,"inBuffer":false,"facType":"police"}},{"type":"Feature","geometry":{"type":"Point","coordinates":[36.27622,36.20884]},"properties":{"probability":0.345,"inBuffer":false,"facType":"police"}},{"type":"Feature","geometry":{"type":"Point","coordinates":[36.28071,36.20884]},"properties":{"probability":0.336,"inBuffer":false,"facType":"police"}},{"type":"Feature","geometry":{"type":"Point","coordinates":[36.2852,36.20884]},"properties":{"probability":0.352,"inBuffer":false,"facType":"police"}},{"type":"Feature","geometry":{"type":"Point","coordinates":[36.28969,36.20884]},"properties":{"probability":0.408,"inBuffer":false,"facType":"police"}},{"type":"Feature","geometry":{"type":"Point","coordinates":[36.29418,36.20884]},"properties":{"probability":0.323,"inBuffer":false,"facType":"police"}},{"type":"Feature","geometry":{"type":"Point","coordinates":[36.29868,36.20884]},"properties":{"probability":0.335,"inBuffer":false,"facType":"police"}},{"type":"Feature","geometry":{"type":"Point","coordinates":[36.05164,36.20435]},"properties":{"probability":0.395,"inBuffer":false,"facType":"police"}},{"type":"Feature","geometry":{"type":"Point","coordinates":[36.05613,36.20435]},"properties":{"probability":0.688,"inBuffer":false,"facType":"police"}},{"type":"Feature","geometry":{"type":"Point","coordinates":[36.06062,36.20435]},"properties":{"probability":0.833,"inBuffer":false,"facType":"police"}},{"type":"Feature","geometry":{"type":"Point","coordinates":[36.06511,36.20435]},"properties":{"probability":0.805,"inBuffer":false,"facType":"police"}},{"type":"Feature","geometry":{"type":"Point","coordinates":[36.0696,36.20435]},"properties":{"probability":0.545,"inBuffer":false,"facType":"police"}},{"type":"Feature","geometry":{"type":"Point","coordinates":[36.0741,36.20435]},"properties":{"probability":0.673,"inBuffer":false,"facType":"police"}},{"type":"Feature","geometry":{"type":"Point","coordinates":[36.07859,36.20435]},"properties":{"probability":0.604,"inBuffer":false,"facType":"police"}},{"type":"Feature","geometry":{"type":"Point","coordinates":[36.08308,36.20435]},"properties":{"probability":0.405,"inBuffer":false,"facType":"police"}},{"type":"Feature","geometry":{"type":"Point","coordinates":[36.08757,36.20435]},"properties":{"probability":0.493,"inBuffer":false,"facType":"police"}},{"type":"Feature","geometry":{"type":"Point","coordinates":[36.09206,36.20435]},"properties":{"probability":0.653,"inBuffer":true,"facType":"police"}},{"type":"Feature","geometry":{"type":"Point","coordinates":[36.09655,36.20435]},"properties":{"probability":0.646,"inBuffer":true,"facType":"police"}},{"type":"Feature","geometry":{"type":"Point","coordinates":[36.10104,36.20435]},"properties":{"probability":0.413,"inBuffer":true,"facType":"police"}},{"type":"Feature","geometry":{"type":"Point","coordinates":[36.10554,36.20435]},"properties":{"probability":0.435,"inBuffer":true,"facType":"police"}},{"type":"Feature","geometry":{"type":"Point","coordinates":[36.11003,36.20435]},"properties":{"probability":0.375,"inBuffer":false,"facType":"police"}},{"type":"Feature","geometry":{"type":"Point","coordinates":[36.11452,36.20435]},"properties":{"probability":0.387,"inBuffer":false,"facType":"police"}},{"type":"Feature","geometry":{"type":"Point","coordinates":[36.11901,36.20435]},"properties":{"probability":0.436,"inBuffer":false,"facType":"police"}},{"type":"Feature","geometry":{"type":"Point","coordinates":[36.1235,36.20435]},"properties":{"probability":0.711,"inBuffer":false,"facType":"police"}},{"type":"Feature","geometry":{"type":"Point","coordinates":[36.12799,36.20435]},"properties":{"probability":0.705,"inBuffer":false,"facType":"police"}},{"type":"Feature","geometry":{"type":"Point","coordinates":[36.13249,36.20435]},"properties":{"probability":0.698,"inBuffer":true,"facType":"police"}},{"type":"Feature","geometry":{"type":"Point","coordinates":[36.13698,36.20435]},"properties":{"probability":0.831,"inBuffer":true,"facType":"police"}},{"type":"Feature","geometry":{"type":"Point","coordinates":[36.14147,36.20435]},"properties":{"probability":0.834,"inBuffer":true,"facType":"police"}},{"type":"Feature","geometry":{"type":"Point","coordinates":[36.14596,36.20435]},"properties":{"probability":0.776,"inBuffer":false,"facType":"police"}},{"type":"Feature","geometry":{"type":"Point","coordinates":[36.15045,36.20435]},"properties":{"probability":0.713,"inBuffer":true,"facType":"police"}},{"type":"Feature","geometry":{"type":"Point","coordinates":[36.15495,36.20435]},"properties":{"probability":0.74,"inBuffer":true,"facType":"police"}},{"type":"Feature","geometry":{"type":"Point","coordinates":[36.15944,36.20435]},"properties":{"probability":0.709,"inBuffer":true,"facType":"police"}},{"type":"Feature","geometry":{"type":"Point","coordinates":[36.16393,36.20435]},"properties":{"probability":0.668,"inBuffer":false,"facType":"police"}},{"type":"Feature","geometry":{"type":"Point","coordinates":[36.16842,36.20435]},"properties":{"probability":0.632,"inBuffer":false,"facType":"police"}},{"type":"Feature","geometry":{"type":"Point","coordinates":[36.17291,36.20435]},"properties":{"probability":0.688,"inBuffer":false,"facType":"police"}},{"type":"Feature","geometry":{"type":"Point","coordinates":[36.1774,36.20435]},"properties":{"probability":0.616,"inBuffer":false,"facType":"police"}},{"type":"Feature","geometry":{"type":"Point","coordinates":[36.18189,36.20435]},"properties":{"probability":0.493,"inBuffer":false,"facType":"police"}},{"type":"Feature","geometry":{"type":"Point","coordinates":[36.18639,36.20435]},"properties":{"probability":0.505,"inBuffer":false,"facType":"police"}},{"type":"Feature","geometry":{"type":"Point","coordinates":[36.19088,36.20435]},"properties":{"probability":0.619,"inBuffer":false,"facType":"police"}},{"type":"Feature","geometry":{"type":"Point","coordinates":[36.19537,36.20435]},"properties":{"probability":0.692,"inBuffer":false,"facType":"police"}},{"type":"Feature","geometry":{"type":"Point","coordinates":[36.19986,36.20435]},"properties":{"probability":0.702,"inBuffer":false,"facType":"police"}},{"type":"Feature","geometry":{"type":"Point","coordinates":[36.20435,36.20435]},"properties":{"probability":0.621,"inBuffer":false,"facType":"police"}},{"type":"Feature","geometry":{"type":"Point","coordinates":[36.20884,36.20435]},"properties":{"probability":0.502,"inBuffer":false,"facType":"police"}},{"type":"Feature","geometry":{"type":"Point","coordinates":[36.21333,36.20435]},"properties":{"probability":0.538,"inBuffer":false,"facType":"police"}},{"type":"Feature","geometry":{"type":"Point","coordinates":[36.21783,36.20435]},"properties":{"probability":0.473,"inBuffer":false,"facType":"police"}},{"type":"Feature","geometry":{"type":"Point","coordinates":[36.22232,36.20435]},"properties":{"probability":0.644,"inBuffer":true,"facType":"police"}},{"type":"Feature","geometry":{"type":"Point","coordinates":[36.22681,36.20435]},"properties":{"probability":0.655,"inBuffer":true,"facType":"police"}},{"type":"Feature","geometry":{"type":"Point","coordinates":[36.2313,36.20435]},"properties":{"probability":0.489,"inBuffer":true,"facType":"police"}},{"type":"Feature","geometry":{"type":"Point","coordinates":[36.23579,36.20435]},"properties":{"probability":0.437,"inBuffer":false,"facType":"police"}},{"type":"Feature","geometry":{"type":"Point","coordinates":[36.24028,36.20435]},"properties":{"probability":0.481,"inBuffer":false,"facType":"police"}},{"type":"Feature","geometry":{"type":"Point","coordinates":[36.24478,36.20435]},"properties":{"probability":0.524,"inBuffer":false,"facType":"police"}},{"type":"Feature","geometry":{"type":"Point","coordinates":[36.24927,36.20435]},"properties":{"probability":0.454,"inBuffer":false,"facType":"police"}},{"type":"Feature","geometry":{"type":"Point","coordinates":[36.25376,36.20435]},"properties":{"probability":0.43,"inBuffer":false,"facType":"police"}},{"type":"Feature","geometry":{"type":"Point","coordinates":[36.25825,36.20435]},"properties":{"probability":0.522,"inBuffer":false,"facType":"police"}},{"type":"Feature","geometry":{"type":"Point","coordinates":[36.26274,36.20435]},"properties":{"probability":0.528,"inBuffer":false,"facType":"police"}},{"type":"Feature","geometry":{"type":"Point","coordinates":[36.26723,36.20435]},"properties":{"probability":0.411,"inBuffer":false,"facType":"police"}},{"type":"Feature","geometry":{"type":"Point","coordinates":[36.27172,36.20435]},"properties":{"probability":0.324,"inBuffer":false,"facType":"police"}},{"type":"Feature","geometry":{"type":"Point","coordinates":[36.27622,36.20435]},"properties":{"probability":0.382,"inBuffer":false,"facType":"police"}},{"type":"Feature","geometry":{"type":"Point","coordinates":[36.28071,36.20435]},"properties":{"probability":0.375,"inBuffer":false,"facType":"police"}},{"type":"Feature","geometry":{"type":"Point","coordinates":[36.2852,36.20435]},"properties":{"probability":0.462,"inBuffer":false,"facType":"police"}},{"type":"Feature","geometry":{"type":"Point","coordinates":[36.28969,36.20435]},"properties":{"probability":0.44,"inBuffer":false,"facType":"police"}},{"type":"Feature","geometry":{"type":"Point","coordinates":[36.29418,36.20435]},"properties":{"probability":0.382,"inBuffer":false,"facType":"police"}},{"type":"Feature","geometry":{"type":"Point","coordinates":[36.29868,36.20435]},"properties":{"probability":0.416,"inBuffer":false,"facType":"police"}},{"type":"Feature","geometry":{"type":"Point","coordinates":[36.05164,36.19986]},"properties":{"probability":0.386,"inBuffer":false,"facType":"police"}},{"type":"Feature","geometry":{"type":"Point","coordinates":[36.05613,36.19986]},"properties":{"probability":0.484,"inBuffer":false,"facType":"police"}},{"type":"Feature","geometry":{"type":"Point","coordinates":[36.06062,36.19986]},"properties":{"probability":0.813,"inBuffer":false,"facType":"police"}},{"type":"Feature","geometry":{"type":"Point","coordinates":[36.06511,36.19986]},"properties":{"probability":0.785,"inBuffer":false,"facType":"police"}},{"type":"Feature","geometry":{"type":"Point","coordinates":[36.0696,36.19986]},"properties":{"probability":0.479,"inBuffer":false,"facType":"police"}},{"type":"Feature","geometry":{"type":"Point","coordinates":[36.0741,36.19986]},"properties":{"probability":0.429,"inBuffer":false,"facType":"police"}},{"type":"Feature","geometry":{"type":"Point","coordinates":[36.07859,36.19986]},"properties":{"probability":0.403,"inBuffer":false,"facType":"police"}},{"type":"Feature","geometry":{"type":"Point","coordinates":[36.08308,36.19986]},"properties":{"probability":0.412,"inBuffer":false,"facType":"police"}},{"type":"Feature","geometry":{"type":"Point","coordinates":[36.08757,36.19986]},"properties":{"probability":0.445,"inBuffer":false,"facType":"police"}},{"type":"Feature","geometry":{"type":"Point","coordinates":[36.09206,36.19986]},"properties":{"probability":0.439,"inBuffer":false,"facType":"police"}},{"type":"Feature","geometry":{"type":"Point","coordinates":[36.09655,36.19986]},"properties":{"probability":0.43,"inBuffer":true,"facType":"police"}},{"type":"Feature","geometry":{"type":"Point","coordinates":[36.10104,36.19986]},"properties":{"probability":0.404,"inBuffer":true,"facType":"police"}},{"type":"Feature","geometry":{"type":"Point","coordinates":[36.10554,36.19986]},"properties":{"probability":0.431,"inBuffer":true,"facType":"police"}},{"type":"Feature","geometry":{"type":"Point","coordinates":[36.11003,36.19986]},"properties":{"probability":0.383,"inBuffer":false,"facType":"police"}},{"type":"Feature","geometry":{"type":"Point","coordinates":[36.11452,36.19986]},"properties":{"probability":0.42,"inBuffer":false,"facType":"police"}},{"type":"Feature","geometry":{"type":"Point","coordinates":[36.11901,36.19986]},"properties":{"probability":0.47,"inBuffer":false,"facType":"police"}},{"type":"Feature","geometry":{"type":"Point","coordinates":[36.1235,36.19986]},"properties":{"probability":0.513,"inBuffer":false,"facType":"police"}},{"type":"Feature","geometry":{"type":"Point","coordinates":[36.12799,36.19986]},"properties":{"probability":0.669,"inBuffer":false,"facType":"police"}},{"type":"Feature","geometry":{"type":"Point","coordinates":[36.13249,36.19986]},"properties":{"probability":0.815,"inBuffer":true,"facType":"police"}},{"type":"Feature","geometry":{"type":"Point","coordinates":[36.13698,36.19986]},"properties":{"probability":0.87,"inBuffer":true,"facType":"police"}},{"type":"Feature","geometry":{"type":"Point","coordinates":[36.14147,36.19986]},"properties":{"probability":0.815,"inBuffer":true,"facType":"police"}},{"type":"Feature","geometry":{"type":"Point","coordinates":[36.14596,36.19986]},"properties":{"probability":0.703,"inBuffer":false,"facType":"police"}},{"type":"Feature","geometry":{"type":"Point","coordinates":[36.15045,36.19986]},"properties":{"probability":0.609,"inBuffer":true,"facType":"police"}},{"type":"Feature","geometry":{"type":"Point","coordinates":[36.15495,36.19986]},"properties":{"probability":0.568,"inBuffer":true,"facType":"police"}},{"type":"Feature","geometry":{"type":"Point","coordinates":[36.15944,36.19986]},"properties":{"probability":0.492,"inBuffer":true,"facType":"police"}},{"type":"Feature","geometry":{"type":"Point","coordinates":[36.16393,36.19986]},"properties":{"probability":0.478,"inBuffer":false,"facType":"police"}},{"type":"Feature","geometry":{"type":"Point","coordinates":[36.16842,36.19986]},"properties":{"probability":0.595,"inBuffer":false,"facType":"police"}},{"type":"Feature","geometry":{"type":"Point","coordinates":[36.17291,36.19986]},"properties":{"probability":0.735,"inBuffer":false,"facType":"police"}},{"type":"Feature","geometry":{"type":"Point","coordinates":[36.1774,36.19986]},"properties":{"probability":0.707,"inBuffer":false,"facType":"police"}},{"type":"Feature","geometry":{"type":"Point","coordinates":[36.18189,36.19986]},"properties":{"probability":0.597,"inBuffer":false,"facType":"police"}},{"type":"Feature","geometry":{"type":"Point","coordinates":[36.18639,36.19986]},"properties":{"probability":0.55,"inBuffer":false,"facType":"police"}},{"type":"Feature","geometry":{"type":"Point","coordinates":[36.19088,36.19986]},"properties":{"probability":0.638,"inBuffer":false,"facType":"police"}},{"type":"Feature","geometry":{"type":"Point","coordinates":[36.19537,36.19986]},"properties":{"probability":0.665,"inBuffer":false,"facType":"police"}},{"type":"Feature","geometry":{"type":"Point","coordinates":[36.19986,36.19986]},"properties":{"probability":0.703,"inBuffer":true,"facType":"police"}},{"type":"Feature","geometry":{"type":"Point","coordinates":[36.20435,36.19986]},"properties":{"probability":0.657,"inBuffer":true,"facType":"police"}},{"type":"Feature","geometry":{"type":"Point","coordinates":[36.20884,36.19986]},"properties":{"probability":0.565,"inBuffer":true,"facType":"police"}},{"type":"Feature","geometry":{"type":"Point","coordinates":[36.21333,36.19986]},"properties":{"probability":0.399,"inBuffer":false,"facType":"police"}},{"type":"Feature","geometry":{"type":"Point","coordinates":[36.21783,36.19986]},"properties":{"probability":0.409,"inBuffer":false,"facType":"police"}},{"type":"Feature","geometry":{"type":"Point","coordinates":[36.22232,36.19986]},"properties":{"probability":0.464,"inBuffer":false,"facType":"police"}},{"type":"Feature","geometry":{"type":"Point","coordinates":[36.22681,36.19986]},"properties":{"probability":0.478,"inBuffer":false,"facType":"police"}},{"type":"Feature","geometry":{"type":"Point","coordinates":[36.2313,36.19986]},"properties":{"probability":0.445,"inBuffer":false,"facType":"police"}},{"type":"Feature","geometry":{"type":"Point","coordinates":[36.23579,36.19986]},"properties":{"probability":0.354,"inBuffer":false,"facType":"police"}},{"type":"Feature","geometry":{"type":"Point","coordinates":[36.24028,36.19986]},"properties":{"probability":0.468,"inBuffer":true,"facType":"police"}},{"type":"Feature","geometry":{"type":"Point","coordinates":[36.24478,36.19986]},"properties":{"probability":0.518,"inBuffer":true,"facType":"police"}},{"type":"Feature","geometry":{"type":"Point","coordinates":[36.24927,36.19986]},"properties":{"probability":0.435,"inBuffer":true,"facType":"police"}},{"type":"Feature","geometry":{"type":"Point","coordinates":[36.25376,36.19986]},"properties":{"probability":0.381,"inBuffer":false,"facType":"police"}},{"type":"Feature","geometry":{"type":"Point","coordinates":[36.25825,36.19986]},"properties":{"probability":0.355,"inBuffer":false,"facType":"police"}},{"type":"Feature","geometry":{"type":"Point","coordinates":[36.26274,36.19986]},"properties":{"probability":0.384,"inBuffer":false,"facType":"police"}},{"type":"Feature","geometry":{"type":"Point","coordinates":[36.26723,36.19986]},"properties":{"probability":0.354,"inBuffer":false,"facType":"police"}},{"type":"Feature","geometry":{"type":"Point","coordinates":[36.27172,36.19986]},"properties":{"probability":0.41,"inBuffer":false,"facType":"police"}},{"type":"Feature","geometry":{"type":"Point","coordinates":[36.27622,36.19986]},"properties":{"probability":0.504,"inBuffer":false,"facType":"police"}},{"type":"Feature","geometry":{"type":"Point","coordinates":[36.28071,36.19986]},"properties":{"probability":0.433,"inBuffer":false,"facType":"police"}},{"type":"Feature","geometry":{"type":"Point","coordinates":[36.2852,36.19986]},"properties":{"probability":0.353,"inBuffer":false,"facType":"police"}},{"type":"Feature","geometry":{"type":"Point","coordinates":[36.28969,36.19986]},"properties":{"probability":0.407,"inBuffer":false,"facType":"police"}},{"type":"Feature","geometry":{"type":"Point","coordinates":[36.29418,36.19986]},"properties":{"probability":0.479,"inBuffer":false,"facType":"police"}},{"type":"Feature","geometry":{"type":"Point","coordinates":[36.29868,36.19986]},"properties":{"probability":0.438,"inBuffer":false,"facType":"police"}},{"type":"Feature","geometry":{"type":"Point","coordinates":[36.05164,36.19537]},"properties":{"probability":0.355,"inBuffer":false,"facType":"police"}},{"type":"Feature","geometry":{"type":"Point","coordinates":[36.05613,36.19537]},"properties":{"probability":0.436,"inBuffer":false,"facType":"police"}},{"type":"Feature","geometry":{"type":"Point","coordinates":[36.06062,36.19537]},"properties":{"probability":0.61,"inBuffer":false,"facType":"police"}},{"type":"Feature","geometry":{"type":"Point","coordinates":[36.06511,36.19537]},"properties":{"probability":0.629,"inBuffer":false,"facType":"police"}},{"type":"Feature","geometry":{"type":"Point","coordinates":[36.0696,36.19537]},"properties":{"probability":0.449,"inBuffer":false,"facType":"police"}},{"type":"Feature","geometry":{"type":"Point","coordinates":[36.0741,36.19537]},"properties":{"probability":0.368,"inBuffer":false,"facType":"police"}},{"type":"Feature","geometry":{"type":"Point","coordinates":[36.07859,36.19537]},"properties":{"probability":0.388,"inBuffer":false,"facType":"police"}},{"type":"Feature","geometry":{"type":"Point","coordinates":[36.08308,36.19537]},"properties":{"probability":0.358,"inBuffer":false,"facType":"police"}},{"type":"Feature","geometry":{"type":"Point","coordinates":[36.08757,36.19537]},"properties":{"probability":0.455,"inBuffer":false,"facType":"police"}},{"type":"Feature","geometry":{"type":"Point","coordinates":[36.09206,36.19537]},"properties":{"probability":0.469,"inBuffer":false,"facType":"police"}},{"type":"Feature","geometry":{"type":"Point","coordinates":[36.09655,36.19537]},"properties":{"probability":0.48,"inBuffer":false,"facType":"police"}},{"type":"Feature","geometry":{"type":"Point","coordinates":[36.10104,36.19537]},"properties":{"probability":0.434,"inBuffer":false,"facType":"police"}},{"type":"Feature","geometry":{"type":"Point","coordinates":[36.10554,36.19537]},"properties":{"probability":0.341,"inBuffer":false,"facType":"police"}},{"type":"Feature","geometry":{"type":"Point","coordinates":[36.11003,36.19537]},"properties":{"probability":0.4,"inBuffer":false,"facType":"police"}},{"type":"Feature","geometry":{"type":"Point","coordinates":[36.11452,36.19537]},"properties":{"probability":0.404,"inBuffer":false,"facType":"police"}},{"type":"Feature","geometry":{"type":"Point","coordinates":[36.11901,36.19537]},"properties":{"probability":0.365,"inBuffer":false,"facType":"police"}},{"type":"Feature","geometry":{"type":"Point","coordinates":[36.1235,36.19537]},"properties":{"probability":0.345,"inBuffer":false,"facType":"police"}},{"type":"Feature","geometry":{"type":"Point","coordinates":[36.12799,36.19537]},"properties":{"probability":0.437,"inBuffer":false,"facType":"police"}},{"type":"Feature","geometry":{"type":"Point","coordinates":[36.13249,36.19537]},"properties":{"probability":0.831,"inBuffer":true,"facType":"police"}},{"type":"Feature","geometry":{"type":"Point","coordinates":[36.13698,36.19537]},"properties":{"probability":0.86,"inBuffer":true,"facType":"police"}},{"type":"Feature","geometry":{"type":"Point","coordinates":[36.14147,36.19537]},"properties":{"probability":0.744,"inBuffer":false,"facType":"police"}},{"type":"Feature","geometry":{"type":"Point","coordinates":[36.14596,36.19537]},"properties":{"probability":0.594,"inBuffer":false,"facType":"police"}},{"type":"Feature","geometry":{"type":"Point","coordinates":[36.15045,36.19537]},"properties":{"probability":0.473,"inBuffer":true,"facType":"police"}},{"type":"Feature","geometry":{"type":"Point","coordinates":[36.15495,36.19537]},"properties":{"probability":0.535,"inBuffer":true,"facType":"police"}},{"type":"Feature","geometry":{"type":"Point","coordinates":[36.15944,36.19537]},"properties":{"probability":0.428,"inBuffer":false,"facType":"police"}},{"type":"Feature","geometry":{"type":"Point","coordinates":[36.16393,36.19537]},"properties":{"probability":0.411,"inBuffer":false,"facType":"police"}},{"type":"Feature","geometry":{"type":"Point","coordinates":[36.16842,36.19537]},"properties":{"probability":0.578,"inBuffer":false,"facType":"police"}},{"type":"Feature","geometry":{"type":"Point","coordinates":[36.17291,36.19537]},"properties":{"probability":0.718,"inBuffer":false,"facType":"police"}},{"type":"Feature","geometry":{"type":"Point","coordinates":[36.1774,36.19537]},"properties":{"probability":0.708,"inBuffer":false,"facType":"police"}},{"type":"Feature","geometry":{"type":"Point","coordinates":[36.18189,36.19537]},"properties":{"probability":0.641,"inBuffer":false,"facType":"police"}},{"type":"Feature","geometry":{"type":"Point","coordinates":[36.18639,36.19537]},"properties":{"probability":0.694,"inBuffer":false,"facType":"police"}},{"type":"Feature","geometry":{"type":"Point","coordinates":[36.19088,36.19537]},"properties":{"probability":0.627,"inBuffer":false,"facType":"police"}},{"type":"Feature","geometry":{"type":"Point","coordinates":[36.19537,36.19537]},"properties":{"probability":0.533,"inBuffer":false,"facType":"police"}},{"type":"Feature","geometry":{"type":"Point","coordinates":[36.19986,36.19537]},"properties":{"probability":0.511,"inBuffer":true,"facType":"police"}},{"type":"Feature","geometry":{"type":"Point","coordinates":[36.20435,36.19537]},"properties":{"probability":0.638,"inBuffer":true,"facType":"police"}},{"type":"Feature","geometry":{"type":"Point","coordinates":[36.20884,36.19537]},"properties":{"probability":0.702,"inBuffer":true,"facType":"police"}},{"type":"Feature","geometry":{"type":"Point","coordinates":[36.21333,36.19537]},"properties":{"probability":0.351,"inBuffer":false,"facType":"police"}},{"type":"Feature","geometry":{"type":"Point","coordinates":[36.21783,36.19537]},"properties":{"probability":0.36,"inBuffer":false,"facType":"police"}},{"type":"Feature","geometry":{"type":"Point","coordinates":[36.22232,36.19537]},"properties":{"probability":0.382,"inBuffer":false,"facType":"police"}},{"type":"Feature","geometry":{"type":"Point","coordinates":[36.22681,36.19537]},"properties":{"probability":0.381,"inBuffer":false,"facType":"police"}},{"type":"Feature","geometry":{"type":"Point","coordinates":[36.2313,36.19537]},"properties":{"probability":0.416,"inBuffer":false,"facType":"police"}},{"type":"Feature","geometry":{"type":"Point","coordinates":[36.23579,36.19537]},"properties":{"probability":0.381,"inBuffer":false,"facType":"police"}},{"type":"Feature","geometry":{"type":"Point","coordinates":[36.24028,36.19537]},"properties":{"probability":0.424,"inBuffer":true,"facType":"police"}},{"type":"Feature","geometry":{"type":"Point","coordinates":[36.24478,36.19537]},"properties":{"probability":0.61,"inBuffer":true,"facType":"police"}},{"type":"Feature","geometry":{"type":"Point","coordinates":[36.24927,36.19537]},"properties":{"probability":0.621,"inBuffer":true,"facType":"police"}},{"type":"Feature","geometry":{"type":"Point","coordinates":[36.25376,36.19537]},"properties":{"probability":0.437,"inBuffer":false,"facType":"police"}},{"type":"Feature","geometry":{"type":"Point","coordinates":[36.25825,36.19537]},"properties":{"probability":0.449,"inBuffer":false,"facType":"police"}},{"type":"Feature","geometry":{"type":"Point","coordinates":[36.26274,36.19537]},"properties":{"probability":0.409,"inBuffer":false,"facType":"police"}},{"type":"Feature","geometry":{"type":"Point","coordinates":[36.26723,36.19537]},"properties":{"probability":0.368,"inBuffer":false,"facType":"police"}},{"type":"Feature","geometry":{"type":"Point","coordinates":[36.27622,36.19537]},"properties":{"probability":0.443,"inBuffer":false,"facType":"police"}},{"type":"Feature","geometry":{"type":"Point","coordinates":[36.28071,36.19537]},"properties":{"probability":0.441,"inBuffer":false,"facType":"police"}},{"type":"Feature","geometry":{"type":"Point","coordinates":[36.2852,36.19537]},"properties":{"probability":0.315,"inBuffer":false,"facType":"police"}},{"type":"Feature","geometry":{"type":"Point","coordinates":[36.28969,36.19537]},"properties":{"probability":0.408,"inBuffer":false,"facType":"police"}},{"type":"Feature","geometry":{"type":"Point","coordinates":[36.29418,36.19537]},"properties":{"probability":0.492,"inBuffer":false,"facType":"police"}},{"type":"Feature","geometry":{"type":"Point","coordinates":[36.29868,36.19537]},"properties":{"probability":0.426,"inBuffer":false,"facType":"police"}},{"type":"Feature","geometry":{"type":"Point","coordinates":[36.05164,36.19088]},"properties":{"probability":0.359,"inBuffer":false,"facType":"police"}},{"type":"Feature","geometry":{"type":"Point","coordinates":[36.05613,36.19088]},"properties":{"probability":0.382,"inBuffer":false,"facType":"police"}},{"type":"Feature","geometry":{"type":"Point","coordinates":[36.06062,36.19088]},"properties":{"probability":0.647,"inBuffer":false,"facType":"police"}},{"type":"Feature","geometry":{"type":"Point","coordinates":[36.06511,36.19088]},"properties":{"probability":0.654,"inBuffer":false,"facType":"police"}},{"type":"Feature","geometry":{"type":"Point","coordinates":[36.0696,36.19088]},"properties":{"probability":0.489,"inBuffer":false,"facType":"police"}},{"type":"Feature","geometry":{"type":"Point","coordinates":[36.0741,36.19088]},"properties":{"probability":0.483,"inBuffer":false,"facType":"police"}},{"type":"Feature","geometry":{"type":"Point","coordinates":[36.07859,36.19088]},"properties":{"probability":0.385,"inBuffer":false,"facType":"police"}},{"type":"Feature","geometry":{"type":"Point","coordinates":[36.08308,36.19088]},"properties":{"probability":0.381,"inBuffer":false,"facType":"police"}},{"type":"Feature","geometry":{"type":"Point","coordinates":[36.08757,36.19088]},"properties":{"probability":0.392,"inBuffer":false,"facType":"police"}},{"type":"Feature","geometry":{"type":"Point","coordinates":[36.09206,36.19088]},"properties":{"probability":0.399,"inBuffer":false,"facType":"police"}},{"type":"Feature","geometry":{"type":"Point","coordinates":[36.09655,36.19088]},"properties":{"probability":0.377,"inBuffer":false,"facType":"police"}},{"type":"Feature","geometry":{"type":"Point","coordinates":[36.10104,36.19088]},"properties":{"probability":0.368,"inBuffer":false,"facType":"police"}},{"type":"Feature","geometry":{"type":"Point","coordinates":[36.10554,36.19088]},"properties":{"probability":0.374,"inBuffer":false,"facType":"police"}},{"type":"Feature","geometry":{"type":"Point","coordinates":[36.11003,36.19088]},"properties":{"probability":0.444,"inBuffer":false,"facType":"police"}},{"type":"Feature","geometry":{"type":"Point","coordinates":[36.11452,36.19088]},"properties":{"probability":0.375,"inBuffer":false,"facType":"police"}},{"type":"Feature","geometry":{"type":"Point","coordinates":[36.11901,36.19088]},"properties":{"probability":0.341,"inBuffer":false,"facType":"police"}},{"type":"Feature","geometry":{"type":"Point","coordinates":[36.1235,36.19088]},"properties":{"probability":0.31,"inBuffer":false,"facType":"police"}},{"type":"Feature","geometry":{"type":"Point","coordinates":[36.12799,36.19088]},"properties":{"probability":0.441,"inBuffer":false,"facType":"police"}},{"type":"Feature","geometry":{"type":"Point","coordinates":[36.13249,36.19088]},"properties":{"probability":0.518,"inBuffer":false,"facType":"police"}},{"type":"Feature","geometry":{"type":"Point","coordinates":[36.13698,36.19088]},"properties":{"probability":0.627,"inBuffer":false,"facType":"police"}},{"type":"Feature","geometry":{"type":"Point","coordinates":[36.14147,36.19088]},"properties":{"probability":0.506,"inBuffer":false,"facType":"police"}},{"type":"Feature","geometry":{"type":"Point","coordinates":[36.14596,36.19088]},"properties":{"probability":0.417,"inBuffer":false,"facType":"police"}},{"type":"Feature","geometry":{"type":"Point","coordinates":[36.15045,36.19088]},"properties":{"probability":0.379,"inBuffer":false,"facType":"police"}},{"type":"Feature","geometry":{"type":"Point","coordinates":[36.15495,36.19088]},"properties":{"probability":0.482,"inBuffer":false,"facType":"police"}},{"type":"Feature","geometry":{"type":"Point","coordinates":[36.15944,36.19088]},"properties":{"probability":0.457,"inBuffer":false,"facType":"police"}},{"type":"Feature","geometry":{"type":"Point","coordinates":[36.16393,36.19088]},"properties":{"probability":0.378,"inBuffer":false,"facType":"police"}},{"type":"Feature","geometry":{"type":"Point","coordinates":[36.16842,36.19088]},"properties":{"probability":0.45,"inBuffer":false,"facType":"police"}},{"type":"Feature","geometry":{"type":"Point","coordinates":[36.17291,36.19088]},"properties":{"probability":0.58,"inBuffer":false,"facType":"police"}},{"type":"Feature","geometry":{"type":"Point","coordinates":[36.1774,36.19088]},"properties":{"probability":0.55,"inBuffer":false,"facType":"police"}},{"type":"Feature","geometry":{"type":"Point","coordinates":[36.18189,36.19088]},"properties":{"probability":0.497,"inBuffer":false,"facType":"police"}},{"type":"Feature","geometry":{"type":"Point","coordinates":[36.18639,36.19088]},"properties":{"probability":0.62,"inBuffer":false,"facType":"police"}},{"type":"Feature","geometry":{"type":"Point","coordinates":[36.19088,36.19088]},"properties":{"probability":0.633,"inBuffer":false,"facType":"police"}},{"type":"Feature","geometry":{"type":"Point","coordinates":[36.19537,36.19088]},"properties":{"probability":0.509,"inBuffer":false,"facType":"police"}},{"type":"Feature","geometry":{"type":"Point","coordinates":[36.19986,36.19088]},"properties":{"probability":0.403,"inBuffer":false,"facType":"police"}},{"type":"Feature","geometry":{"type":"Point","coordinates":[36.20435,36.19088]},"properties":{"probability":0.446,"inBuffer":true,"facType":"police"}},{"type":"Feature","geometry":{"type":"Point","coordinates":[36.20884,36.19088]},"properties":{"probability":0.542,"inBuffer":false,"facType":"police"}},{"type":"Feature","geometry":{"type":"Point","coordinates":[36.21333,36.19088]},"properties":{"probability":0.338,"inBuffer":false,"facType":"police"}},{"type":"Feature","geometry":{"type":"Point","coordinates":[36.21783,36.19088]},"properties":{"probability":0.368,"inBuffer":false,"facType":"police"}},{"type":"Feature","geometry":{"type":"Point","coordinates":[36.22232,36.19088]},"properties":{"probability":0.349,"inBuffer":false,"facType":"police"}},{"type":"Feature","geometry":{"type":"Point","coordinates":[36.22681,36.19088]},"properties":{"probability":0.323,"inBuffer":false,"facType":"police"}},{"type":"Feature","geometry":{"type":"Point","coordinates":[36.2313,36.19088]},"properties":{"probability":0.318,"inBuffer":false,"facType":"police"}},{"type":"Feature","geometry":{"type":"Point","coordinates":[36.23579,36.19088]},"properties":{"probability":0.357,"inBuffer":false,"facType":"police"}},{"type":"Feature","geometry":{"type":"Point","coordinates":[36.24028,36.19088]},"properties":{"probability":0.361,"inBuffer":false,"facType":"police"}},{"type":"Feature","geometry":{"type":"Point","coordinates":[36.24478,36.19088]},"properties":{"probability":0.486,"inBuffer":true,"facType":"police"}},{"type":"Feature","geometry":{"type":"Point","coordinates":[36.24927,36.19088]},"properties":{"probability":0.427,"inBuffer":false,"facType":"police"}},{"type":"Feature","geometry":{"type":"Point","coordinates":[36.25376,36.19088]},"properties":{"probability":0.457,"inBuffer":false,"facType":"police"}},{"type":"Feature","geometry":{"type":"Point","coordinates":[36.25825,36.19088]},"properties":{"probability":0.541,"inBuffer":false,"facType":"police"}},{"type":"Feature","geometry":{"type":"Point","coordinates":[36.26274,36.19088]},"properties":{"probability":0.408,"inBuffer":false,"facType":"police"}},{"type":"Feature","geometry":{"type":"Point","coordinates":[36.26723,36.19088]},"properties":{"probability":0.4,"inBuffer":false,"facType":"police"}},{"type":"Feature","geometry":{"type":"Point","coordinates":[36.27622,36.19088]},"properties":{"probability":0.444,"inBuffer":false,"facType":"police"}},{"type":"Feature","geometry":{"type":"Point","coordinates":[36.28071,36.19088]},"properties":{"probability":0.478,"inBuffer":false,"facType":"police"}},{"type":"Feature","geometry":{"type":"Point","coordinates":[36.2852,36.19088]},"properties":{"probability":0.346,"inBuffer":false,"facType":"police"}},{"type":"Feature","geometry":{"type":"Point","coordinates":[36.28969,36.19088]},"properties":{"probability":0.357,"inBuffer":false,"facType":"police"}},{"type":"Feature","geometry":{"type":"Point","coordinates":[36.29418,36.19088]},"properties":{"probability":0.432,"inBuffer":false,"facType":"police"}},{"type":"Feature","geometry":{"type":"Point","coordinates":[36.29868,36.19088]},"properties":{"probability":0.484,"inBuffer":false,"facType":"police"}}]}