{"type":"FeatureCollection","features":[{"type":"Feature","geometry":{"type":"Point","coordinates":[-89.95056,30.07335]},"properties":{"probability":0.86,"inBuffer":false,"facType":"unknown"}},{"type":"Feature","geometry":{"type":"Point","coordinates":[-89.94606,30.07335]},"properties":{"probability":0.85,"inBuffer":false,"facType":"unknown"}},{"type":"Feature","geometry":{"type":"Point","coordinates":[-89.94157,30.07335]},"properties":{"probability":0.844,"inBuffer":false,"facType":"unknown"}},{"type":"Feature","geometry":{"type":"Point","coordinates":[-89.95954,30.06886]},"properties":{"probability":0.31,"inBuffer":false,"facType":"unknown"}},{"type":"Feature","geometry":{"type":"Point","coordinates":[-89.95505,30.06886]},"properties":{"probability":0.399,"inBuffer":false,"facType":"unknown"}},{"type":"Feature","geometry":{"type":"Point","coordinates":[-89.95056,30.06886]},"properties":{"probability":0.848,"inBuffer":false,"facType":"unknown"}},{"type":"Feature","geometry":{"type":"Point","coordinates":[-89.94606,30.06886]},"properties":{"probability":0.86,"inBuffer":false,"facType":"unknown"}},{"type":"Feature","geometry":{"type":"Point","coordinates":[-89.94157,30.06886]},"properties":{"probability":0.844,"inBuffer":false,"facType":"unknown"}},{"type":"Feature","geometry":{"type":"Point","coordinates":[-89.95505,30.06437]},"properties":{"probability":0.869,"inBuffer":false,"facType":"unknown"}},{"type":"Feature","geometry":{"type":"Point","coordinates":[-89.95056,30.06437]},"properties":{"probability":0.876,"inBuffer":false,"facType":"unknown"}},{"type":"Feature","geometry":{"type":"Point","coordinates":[-89.94606,30.06437]},"properties":{"probability":0.862,"inBuffer":false,"facType":"unknown"}},{"type":"Feature","geometry":{"type":"Point","coordinates":[-89.94157,30.06437]},"properties":{"probability":0.843,"inBuffer":false,"facType":"unknown"}},{"type":"Feature","geometry":{"type":"Point","coordinates":[-89.93259,30.06437]},"properties":{"probability":0.119,"inBuffer":false,"facType":"unknown"}},{"type":"Feature","geometry":{"type":"Point","coordinates":[-89.9281,30.06437]},"properties":{"probability":0.119,"inBuffer":false,"facType":"unknown"}},{"type":"Feature","geometry":{"type":"Point","coordinates":[-89.96852,30.05988]},"properties":{"probability":0.202,"inBuffer":false,"facType":"unknown"}},{"type":"Feature","geometry":{"type":"Point","coordinates":[-89.96403,30.05988]},"properties":{"probability":0.31,"inBuffer":false,"facType":"unknown"}},{"type":"Feature","geometry":{"type":"Point","coordinates":[-89.95954,30.05988]},"properties":{"probability":0.383,"inBuffer":false,"facType":"unknown"}},{"type":"Feature","geometry":{"type":"Point","coordinates":[-89.95505,30.05988]},"properties":{"probability":0.908,"inBuffer":false,"facType":"unknown"}},{"type":"Feature","geometry":{"type":"Point","coordinates":[-89.95056,30.05988]},"properties":{"probability":0.908,"inBuffer":false,"facType":"unknown"}},{"type":"Feature","geometry":{"type":"Point","coordinates":[-89.94606,30.05988]},"properties":{"probability":0.869,"inBuffer":false,"facType":"unknown"}},{"type":"Feature","geometry":{"type":"Point","coordinates":[-89.94157,30.05988]},"properties":{"probability":0.149,"inBuffer":false,"facType":"unknown"}},{"type":"Feature","geometry":{"type":"Point","coordinates":[-89.93708,30.05988]},"properties":{"probability":0.141,"inBuffer":false,"facType":"unknown"}},{"type":"Feature","geometry":{"type":"Point","coordinates":[-89.93259,30.05988]},"properties":{"probability":0.119,"inBuffer":false,"facType":"unknown"}},{"type":"Feature","geometry":{"type":"Point","coordinates":[-89.9281,30.05988]},"properties":{"probability":0.118,"inBuffer":false,"facType":"unknown"}},{"type":"Feature","geometry":{"type":"Point","coordinates":[-89.92361,30.05988]},"properties":{"probability":0.121,"inBuffer":false,"facType":"unknown"}},{"type":"Feature","geometry":{"type":"Point","coordinates":[-89.96852,30.05538]},"properties":{"probability":0.382,"inBuffer":false,"facType":"unknown"}},{"type":"Feature","geometry":{"type":"Point","coordinates":[-89.96403,30.05538]},"properties":{"probability":0.418,"inBuffer":false,"facType":"unknown"}},{"type":"Feature","geometry":{"type":"Point","coordinates":[-89.95954,30.05538]},"properties":{"probability":0.411,"inBuffer":false,"facType":"unknown"}},{"type":"Feature","geometry":{"type":"Point","coordinates":[-89.95505,30.05538]},"properties":{"probability":0.089,"inBuffer":false,"facType":"unknown"}},{"type":"Feature","geometry":{"type":"Point","coordinates":[-89.95056,30.05538]},"properties":{"probability":0.258,"inBuffer":false,"facType":"unknown"}},{"type":"Feature","geometry":{"type":"Point","coordinates":[-89.94606,30.05538]},"properties":{"probability":0.259,"inBuffer":false,"facType":"unknown"}},{"type":"Feature","geometry":{"type":"Point","coordinates":[-89.94157,30.05538]},"properties":{"probability":0.15,"inBuffer":false,"facType":"unknown"}},{"type":"Feature","geometry":{"type":"Point","coordinates":[-89.93708,30.05538]},"properties":{"probability":0.12,"inBuffer":false,"facType":"unknown"}},{"type":"Feature","geometry":{"type":"Point","coordinates":[-89.93259,30.05538]},"properties":{"probability":0.119,"inBuffer":false,"facType":"unknown"}},{"type":"Feature","geometry":{"type":"Point","coordinates":[-89.9281,30.05538]},"properties":{"probability":0.119,"inBuffer":false,"facType":"unknown"}},{"type":"Feature","geometry":{"type":"Point","coordinates":[-89.97301,30.05089]},"properties":{"probability":0.057,"inBuffer":false,"facType":"unknown"}},{"type":"Feature","geometry":{"type":"Point","coordinates":[-89.96852,30.05089]},"properties":{"probability":0.08,"inBuffer":false,"facType":"unknown"}},{"type":"Feature","geometry":{"type":"Point","coordinates":[-89.96403,30.05089]},"properties":{"probability":0.482,"inBuffer":false,"facType":"unknown"}},{"type":"Feature","geometry":{"type":"Point","coordinates":[-89.95954,30.05089]},"properties":{"probability":0.483,"inBuffer":false,"facType":"unknown"}},{"type":"Feature","geometry":{"type":"Point","coordinates":[-89.95505,30.05089]},"properties":{"probability":0.176,"inBuffer":false,"facType":"unknown"}},{"type":"Feature","geometry":{"type":"Point","coordinates":[-89.95056,30.05089]},"properties":{"probability":0.169,"inBuffer":false,"facType":"unknown"}},{"type":"Feature","geometry":{"type":"Point","coordinates":[-89.94606,30.05089]},"properties":{"probability":0.245,"inBuffer":false,"facType":"unknown"}},{"type":"Feature","geometry":{"type":"Point","coordinates":[-89.94157,30.05089]},"properties":{"probability":0.124,"inBuffer":false,"facType":"unknown"}},{"type":"Feature","geometry":{"type":"Point","coordinates":[-89.93708,30.05089]},"properties":{"probability":0.12,"inBuffer":false,"facType":"unknown"}},{"type":"Feature","geometry":{"type":"Point","coordinates":[-89.93259,30.05089]},"properties":{"probability":0.12,"inBuffer":false,"facType":"unknown"}},{"type":"Feature","geometry":{"type":"Point","coordinates":[-90.02691,30.0464]},"properties":{"probability":0.848,"inBuffer":false,"facType":"unknown"}},{"type":"Feature","geometry":{"type":"Point","coordinates":[-90.02242,30.0464]},"properties":{"probability":0.853,"inBuffer":false,"facType":"unknown"}},{"type":"Feature","geometry":{"type":"Point","coordinates":[-89.99996,30.0464]},"properties":{"probability":0.203,"inBuffer":false,"facType":"unknown"}},{"type":"Feature","geometry":{"type":"Point","coordinates":[-89.99547,30.0464]},"properties":{"probability":0.21,"inBuffer":false,"facType":"unknown"}},{"type":"Feature","geometry":{"type":"Point","coordinates":[-89.99098,30.0464]},"properties":{"probability":0.245,"inBuffer":false,"facType":"unknown"}},{"type":"Feature","geometry":{"type":"Point","coordinates":[-89.98649,30.0464]},"properties":{"probability":0.261,"inBuffer":false,"facType":"unknown"}},{"type":"Feature","geometry":{"type":"Point","coordinates":[-89.982,30.0464]},"properties":{"probability":0.267,"inBuffer":false,"facType":"unknown"}},{"type":"Feature","geometry":{"type":"Point","coordinates":[-89.9775,30.0464]},"properties":{"probability":0.076,"inBuffer":false,"facType":"unknown"}},{"type":"Feature","geometry":{"type":"Point","coordinates":[-89.97301,30.0464]},"properties":{"probability":0.064,"inBuffer":false,"facType":"unknown"}},{"type":"Feature","geometry":{"type":"Point","coordinates":[-89.96852,30.0464]},"properties":{"probability":0.164,"inBuffer":false,"facType":"unknown"}},{"type":"Feature","geometry":{"type":"Point","coordinates":[-89.96403,30.0464]},"properties":{"probability":0.171,"inBuffer":false,"facType":"unknown"}},{"type":"Feature","geometry":{"type":"Point","coordinates":[-89.95954,30.0464]},"properties":{"probability":0.175,"inBuffer":false,"facType":"unknown"}},{"type":"Feature","geometry":{"type":"Point","coordinates":[-89.95505,30.0464]},"properties":{"probability":0.166,"inBuffer":false,"facType":"unknown"}},{"type":"Feature","geometry":{"type":"Point","coordinates":[-89.95056,30.0464]},"properties":{"probability":0.153,"inBuffer":false,"facType":"unknown"}},{"type":"Feature","geometry":{"type":"Point","coordinates":[-89.94606,30.0464]},"properties":{"probability":0.189,"inBuffer":false,"facType":"unknown"}},{"type":"Feature","geometry":{"type":"Point","coordinates":[-89.94157,30.0464]},"properties":{"probability":0.122,"inBuffer":false,"facType":"unknown"}},{"type":"Feature","geometry":{"type":"Point","coordinates":[-89.93708,30.0464]},"properties":{"probability":0.12,"inBuffer":false,"facType":"unknown"}},{"type":"Feature","geometry":{"type":"Point","coordinates":[-89.93259,30.0464]},"properties":{"probability":0.119,"inBuffer":false,"facType":"unknown"}},{"type":"Feature","geometry":{"type":"Point","coordinates":[-89.9281,30.0464]},"properties":{"probability":0.122,"inBuffer":false,"facType":"unknown"}},{"type":"Feature","geometry":{"type":"Point","coordinates":[-90.0314,30.04191]},"properties":{"probability":0.855,"inBuffer":false,"facType":"unknown"}},{"type":"Feature","geometry":{"type":"Point","coordinates":[-90.02691,30.04191]},"properties":{"probability":0.847,"inBuffer":false,"facType":"unknown"}},{"type":"Feature","geometry":{"type":"Point","coordinates":[-90.02242,30.04191]},"properties":{"probability":0.86,"inBuffer":false,"facType":"unknown"}},{"type":"Feature","geometry":{"type":"Point","coordinates":[-90.01793,30.04191]},"properties":{"probability":0.845,"inBuffer":false,"facType":"unknown"}},{"type":"Feature","geometry":{"type":"Point","coordinates":[-90.01344,30.04191]},"properties":{"probability":0.323,"inBuffer":false,"facType":"unknown"}},{"type":"Feature","geometry":{"type":"Point","coordinates":[-90.00895,30.04191]},"properties":{"probability":0.199,"inBuffer":false,"facType":"unknown"}},{"type":"Feature","geometry":{"type":"Point","coordinates":[-90.00445,30.04191]},"properties":{"probability":0.18,"inBuffer":false,"facType":"unknown"}},{"type":"Feature","geometry":{"type":"Point","coordinates":[-89.99996,30.04191]},"properties":{"probability":0.183,"inBuffer":false,"facType":"unknown"}},{"type":"Feature","geometry":{"type":"Point","coordinates":[-89.99547,30.04191]},"properties":{"probability":0.228,"inBuffer":false,"facType":"unknown"}},{"type":"Feature","geometry":{"type":"Point","coordinates":[-89.99098,30.04191]},"properties":{"probability":0.26,"inBuffer":false,"facType":"unknown"}},{"type":"Feature","geometry":{"type":"Point","coordinates":[-89.98649,30.04191]},"properties":{"probability":0.263,"inBuffer":false,"facType":"unknown"}},{"type":"Feature","geometry":{"type":"Point","coordinates":[-89.982,30.04191]},"properties":{"probability":0.266,"inBuffer":false,"facType":"unknown"}},{"type":"Feature","geometry":{"type":"Point","coordinates":[-89.9775,30.04191]},"properties":{"probability":0.293,"inBuffer":false,"facType":"unknown"}},{"type":"Feature","geometry":{"type":"Point","coordinates":[-89.97301,30.04191]},"properties":{"probability":0.261,"inBuffer":false,"facType":"unknown"}},{"type":"Feature","geometry":{"type":"Point","coordinates":[-89.96852,30.04191]},"properties":{"probability":0.288,"inBuffer":false,"facType":"unknown"}},{"type":"Feature","geometry":{"type":"Point","coordinates":[-89.96403,30.04191]},"properties":{"probability":0.16,"inBuffer":false,"facType":"unknown"}},{"type":"Feature","geometry":{"type":"Point","coordinates":[-89.95954,30.04191]},"properties":{"probability":0.162,"inBuffer":false,"facType":"unknown"}},{"type":"Feature","geometry":{"type":"Point","coordinates":[-89.95505,30.04191]},"properties":{"probability":0.161,"inBuffer":false,"facType":"unknown"}},{"type":"Feature","geometry":{"type":"Point","coordinates":[-89.95056,30.04191]},"properties":{"probability":0.055,"inBuffer":false,"facType":"unknown"}},{"type":"Feature","geometry":{"type":"Point","coordinates":[-89.94157,30.04191]},"properties":{"probability":0.12,"inBuffer":false,"facType":"unknown"}},{"type":"Feature","geometry":{"type":"Point","coordinates":[-89.93708,30.04191]},"properties":{"probability":0.121,"inBuffer":false,"facType":"unknown"}},{"type":"Feature","geometry":{"type":"Point","coordinates":[-89.93259,30.04191]},"properties":{"probability":0.131,"inBuffer":false,"facType":"unknown"}},{"type":"Feature","geometry":{"type":"Point","coordinates":[-89.9281,30.04191]},"properties":{"probability":0.157,"inBuffer":false,"facType":"unknown"}},{"type":"Feature","geometry":{"type":"Point","coordinates":[-89.92361,30.04191]},"properties":{"probability":0.154,"inBuffer":false,"facType":"unknown"}},{"type":"Feature","geometry":{"type":"Point","coordinates":[-89.91462,30.04191]},"properties":{"probability":0.053,"inBuffer":false,"facType":"unknown"}},{"type":"Feature","geometry":{"type":"Point","coordinates":[-89.91013,30.04191]},"properties":{"probability":0.214,"inBuffer":false,"facType":"unknown"}},{"type":"Feature","geometry":{"type":"Point","coordinates":[-89.90564,30.04191]},"properties":{"probability":0.157,"inBuffer":false,"facType":"unknown"}},{"type":"Feature","geometry":{"type":"Point","coordinates":[-89.90115,30.04191]},"properties":{"probability":0.296,"inBuffer":false,"facType":"unknown"}},{"type":"Feature","geometry":{"type":"Point","coordinates":[-90.07632,30.03742]},"properties":{"probability":0.136,"inBuffer":false,"facType":"unknown"}},{"type":"Feature","geometry":{"type":"Point","coordinates":[-90.07183,30.03742]},"properties":{"probability":0.154,"inBuffer":false,"facType":"unknown"}},{"type":"Feature","geometry":{"type":"Point","coordinates":[-90.06734,30.03742]},"properties":{"probability":0.178,"inBuffer":false,"facType":"unknown"}},{"type":"Feature","geometry":{"type":"Point","coordinates":[-90.06284,30.03742]},"properties":{"probability":0.175,"inBuffer":false,"facType":"unknown"}},{"type":"Feature","geometry":{"type":"Point","coordinates":[-90.05835,30.03742]},"properties":{"probability":0.208,"inBuffer":false,"facType":"unknown"}},{"type":"Feature","geometry":{"type":"Point","coordinates":[-90.05386,30.03742]},"properties":{"probability":0.222,"inBuffer":false,"facType":"unknown"}},{"type":"Feature","geometry":{"type":"Point","coordinates":[-90.04937,30.03742]},"properties":{"probability":0.069,"inBuffer":false,"facType":"unknown"}},{"type":"Feature","geometry":{"type":"Point","coordinates":[-90.04488,30.03742]},"properties":{"probability":0.205,"inBuffer":false,"facType":"unknown"}},{"type":"Feature","geometry":{"type":"Point","coordinates":[-90.04039,30.03742]},"properties":{"probability":0.156,"inBuffer":false,"facType":"unknown"}},{"type":"Feature","geometry":{"type":"Point","coordinates":[-90.0359,30.03742]},"properties":{"probability":0.08,"inBuffer":false,"facType":"unknown"}},{"type":"Feature","geometry":{"type":"Point","coordinates":[-90.0314,30.03742]},"properties":{"probability":0.352,"inBuffer":false,"facType":"unknown"}},{"type":"Feature","geometry":{"type":"Point","coordinates":[-90.02691,30.03742]},"properties":{"probability":0.926,"inBuffer":false,"facType":"unknown"}},{"type":"Feature","geometry":{"type":"Point","coordinates":[-90.02242,30.03742]},"properties":{"probability":0.91,"inBuffer":false,"facType":"unknown"}},{"type":"Feature","geometry":{"type":"Point","coordinates":[-90.01793,30.03742]},"properties":{"probability":0.337,"inBuffer":false,"facType":"unknown"}},{"type":"Feature","geometry":{"type":"Point","coordinates":[-90.01344,30.03742]},"properties":{"probability":0.244,"inBuffer":false,"facType":"unknown"}},{"type":"Feature","geometry":{"type":"Point","coordinates":[-90.00895,30.03742]},"properties":{"probability":0.244,"inBuffer":false,"facType":"unknown"}},{"type":"Feature","geometry":{"type":"Point","coordinates":[-90.00445,30.03742]},"properties":{"probability":0.241,"inBuffer":false,"facType":"unknown"}},{"type":"Feature","geometry":{"type":"Point","coordinates":[-89.99996,30.03742]},"properties":{"probability":0.267,"inBuffer":false,"facType":"unknown"}},{"type":"Feature","geometry":{"type":"Point","coordinates":[-89.99547,30.03742]},"properties":{"probability":0.289,"inBuffer":false,"facType":"unknown"}},{"type":"Feature","geometry":{"type":"Point","coordinates":[-89.99098,30.03742]},"properties":{"probability":0.295,"inBuffer":false,"facType":"unknown"}},{"type":"Feature","geometry":{"type":"Point","coordinates":[-89.98649,30.03742]},"properties":{"probability":0.296,"inBuffer":false,"facType":"unknown"}},{"type":"Feature","geometry":{"type":"Point","coordinates":[-89.982,30.03742]},"properties":{"probability":0.38,"inBuffer":false,"facType":"unknown"}},{"type":"Feature","geometry":{"type":"Point","coordinates":[-89.9775,30.03742]},"properties":{"probability":0.369,"inBuffer":false,"facType":"unknown"}},{"type":"Feature","geometry":{"type":"Point","coordinates":[-89.97301,30.03742]},"properties":{"probability":0.376,"inBuffer":false,"facType":"unknown"}},{"type":"Feature","geometry":{"type":"Point","coordinates":[-89.96852,30.03742]},"properties":{"probability":0.236,"inBuffer":false,"facType":"unknown"}},{"type":"Feature","geometry":{"type":"Point","coordinates":[-89.96403,30.03742]},"properties":{"probability":0.204,"inBuffer":false,"facType":"unknown"}},{"type":"Feature","geometry":{"type":"Point","coordinates":[-89.95954,30.03742]},"properties":{"probability":0.058,"inBuffer":false,"facType":"unknown"}},{"type":"Feature","geometry":{"type":"Point","coordinates":[-89.95505,30.03742]},"properties":{"probability":0.068,"inBuffer":false,"facType":"unknown"}},{"type":"Feature","geometry":{"type":"Point","coordinates":[-89.95056,30.03742]},"properties":{"probability":0.077,"inBuffer":false,"facType":"unknown"}},{"type":"Feature","geometry":{"type":"Point","coordinates":[-89.94157,30.03742]},"properties":{"probability":0.121,"inBuffer":false,"facType":"unknown"}},{"type":"Feature","geometry":{"type":"Point","coordinates":[-89.93708,30.03742]},"properties":{"probability":0.121,"inBuffer":false,"facType":"unknown"}},{"type":"Feature","geometry":{"type":"Point","coordinates":[-89.93259,30.03742]},"properties":{"probability":0.18,"inBuffer":false,"facType":"unknown"}},{"type":"Feature","geometry":{"type":"Point","coordinates":[-89.9281,30.03742]},"properties":{"probability":0.898,"inBuffer":false,"facType":"unknown"}},{"type":"Feature","geometry":{"type":"Point","coordinates":[-89.92361,30.03742]},"properties":{"probability":0.925,"inBuffer":false,"facType":"unknown"}},{"type":"Feature","geometry":{"type":"Point","coordinates":[-89.91911,30.03742]},"properties":{"probability":0.258,"inBuffer":false,"facType":"unknown"}},{"type":"Feature","geometry":{"type":"Point","coordinates":[-89.91462,30.03742]},"properties":{"probability":0.533,"inBuffer":false,"facType":"unknown"}},{"type":"Feature","geometry":{"type":"Point","coordinates":[-89.91013,30.03742]},"properties":{"probability":0.71,"inBuffer":false,"facType":"unknown"}},{"type":"Feature","geometry":{"type":"Point","coordinates":[-89.90564,30.03742]},"properties":{"probability":0.486,"inBuffer":false,"facType":"unknown"}},{"type":"Feature","geometry":{"type":"Point","coordinates":[-89.90115,30.03742]},"properties":{"probability":0.414,"inBuffer":false,"facType":"unknown"}},{"type":"Feature","geometry":{"type":"Point","coordinates":[-90.19759,30.03293]},"properties":{"probability":0.189,"inBuffer":false,"facType":"unknown"}},{"type":"Feature","geometry":{"type":"Point","coordinates":[-90.16166,30.03293]},"properties":{"probability":0.139,"inBuffer":false,"facType":"unknown"}},{"type":"Feature","geometry":{"type":"Point","coordinates":[-90.15717,30.03293]},"properties":{"probability":0.138,"inBuffer":false,"facType":"unknown"}},{"type":"Feature","geometry":{"type":"Point","coordinates":[-90.15268,30.03293]},"properties":{"probability":0.138,"inBuffer":false,"facType":"unknown"}},{"type":"Feature","geometry":{"type":"Point","coordinates":[-90.14818,30.03293]},"properties":{"probability":0.138,"inBuffer":false,"facType":"unknown"}},{"type":"Feature","geometry":{"type":"Point","coordinates":[-90.11225,30.03293]},"properties":{"probability":0.122,"inBuffer":false,"facType":"unknown"}},{"type":"Feature","geometry":{"type":"Point","coordinates":[-90.10776,30.03293]},"properties":{"probability":0.134,"inBuffer":false,"facType":"unknown"}},{"type":"Feature","geometry":{"type":"Point","coordinates":[-90.10327,30.03293]},"properties":{"probability":0.122,"inBuffer":false,"facType":"unknown"}},{"type":"Feature","geometry":{"type":"Point","coordinates":[-90.09878,30.03293]},"properties":{"probability":0.129,"inBuffer":false,"facType":"unknown"}},{"type":"Feature","geometry":{"type":"Point","coordinates":[-90.09429,30.03293]},"properties":{"probability":0.133,"inBuffer":false,"facType":"unknown"}},{"type":"Feature","geometry":{"type":"Point","coordinates":[-90.08979,30.03293]},"properties":{"probability":0.128,"inBuffer":false,"facType":"unknown"}},{"type":"Feature","geometry":{"type":"Point","coordinates":[-90.0853,30.03293]},"properties":{"probability":0.121,"inBuffer":false,"facType":"unknown"}},{"type":"Feature","geometry":{"type":"Point","coordinates":[-90.08081,30.03293]},"properties":{"probability":0.133,"inBuffer":false,"facType":"unknown"}},{"type":"Feature","geometry":{"type":"Point","coordinates":[-90.07632,30.03293]},"properties":{"probability":0.189,"inBuffer":false,"facType":"unknown"}},{"type":"Feature","geometry":{"type":"Point","coordinates":[-90.07183,30.03293]},"properties":{"probability":0.241,"inBuffer":false,"facType":"unknown"}},{"type":"Feature","geometry":{"type":"Point","coordinates":[-90.06734,30.03293]},"properties":{"probability":0.942,"inBuffer":false,"facType":"unknown"}},{"type":"Feature","geometry":{"type":"Point","coordinates":[-90.06284,30.03293]},"properties":{"probability":0.943,"inBuffer":false,"facType":"unknown"}},{"type":"Feature","geometry":{"type":"Point","coordinates":[-90.05835,30.03293]},"properties":{"probability":0.917,"inBuffer":false,"facType":"unknown"}},{"type":"Feature","geometry":{"type":"Point","coordinates":[-90.05386,30.03293]},"properties":{"probability":0.272,"inBuffer":false,"facType":"unknown"}},{"type":"Feature","geometry":{"type":"Point","coordinates":[-90.04937,30.03293]},"properties":{"probability":0.486,"inBuffer":false,"facType":"unknown"}},{"type":"Feature","geometry":{"type":"Point","coordinates":[-90.04488,30.03293]},"properties":{"probability":0.603,"inBuffer":false,"facType":"unknown"}},{"type":"Feature","geometry":{"type":"Point","coordinates":[-90.04039,30.03293]},"properties":{"probability":0.485,"inBuffer":false,"facType":"unknown"}},{"type":"Feature","geometry":{"type":"Point","coordinates":[-90.0359,30.03293]},"properties":{"probability":0.236,"inBuffer":false,"facType":"unknown"}},{"type":"Feature","geometry":{"type":"Point","coordinates":[-90.0314,30.03293]},"properties":{"probability":0.147,"inBuffer":false,"facType":"unknown"}},{"type":"Feature","geometry":{"type":"Point","coordinates":[-90.02691,30.03293]},"properties":{"probability":0.377,"inBuffer":false,"facType":"unknown"}},{"type":"Feature","geometry":{"type":"Point","coordinates":[-90.02242,30.03293]},"properties":{"probability":0.384,"inBuffer":false,"facType":"unknown"}},{"type":"Feature","geometry":{"type":"Point","coordinates":[-90.01793,30.03293]},"properties":{"probability":0.213,"inBuffer":false,"facType":"unknown"}},{"type":"Feature","geometry":{"type":"Point","coordinates":[-90.01344,30.03293]},"properties":{"probability":0.208,"inBuffer":false,"facType":"unknown"}},{"type":"Feature","geometry":{"type":"Point","coordinates":[-90.00895,30.03293]},"properties":{"probability":0.193,"inBuffer":false,"facType":"unknown"}},{"type":"Feature","geometry":{"type":"Point","coordinates":[-90.00445,30.03293]},"properties":{"probability":0.193,"inBuffer":false,"facType":"unknown"}},{"type":"Feature","geometry":{"type":"Point","coordinates":[-89.99996,30.03293]},"properties":{"probability":0.285,"inBuffer":false,"facType":"unknown"}},{"type":"Feature","geometry":{"type":"Point","coordinates":[-89.99547,30.03293]},"properties":{"probability":0.296,"inBuffer":false,"facType":"unknown"}},{"type":"Feature","geometry":{"type":"Point","coordinates":[-89.99098,30.03293]},"properties":{"probability":0.292,"inBuffer":false,"facType":"unknown"}},{"type":"Feature","geometry":{"type":"Point","coordinates":[-89.98649,30.03293]},"properties":{"probability":0.377,"inBuffer":false,"facType":"unknown"}},{"type":"Feature","geometry":{"type":"Point","coordinates":[-89.982,30.03293]},"properties":{"probability":0.947,"inBuffer":false,"facType":"unknown"}},{"type":"Feature","geometry":{"type":"Point","coordinates":[-89.9775,30.03293]},"properties":{"probability":0.956,"inBuffer":false,"facType":"unknown"}},{"type":"Feature","geometry":{"type":"Point","coordinates":[-89.97301,30.03293]},"properties":{"probability":0.949,"inBuffer":false,"facType":"unknown"}},{"type":"Feature","geometry":{"type":"Point","coordinates":[-89.96852,30.03293]},"properties":{"probability":0.919,"inBuffer":false,"facType":"unknown"}},{"type":"Feature","geometry":{"type":"Point","coordinates":[-89.96403,30.03293]},"properties":{"probability":0.878,"inBuffer":false,"facType":"unknown"}},{"type":"Feature","geometry":{"type":"Point","coordinates":[-89.95954,30.03293]},"properties":{"probability":0.301,"inBuffer":false,"facType":"unknown"}},{"type":"Feature","geometry":{"type":"Point","coordinates":[-89.95505,30.03293]},"properties":{"probability":0.328,"inBuffer":false,"facType":"unknown"}},{"type":"Feature","geometry":{"type":"Point","coordinates":[-89.95056,30.03293]},"properties":{"probability":0.073,"inBuffer":false,"facType":"unknown"}},{"type":"Feature","geometry":{"type":"Point","coordinates":[-89.94157,30.03293]},"properties":{"probability":0.124,"inBuffer":false,"facType":"unknown"}},{"type":"Feature","geometry":{"type":"Point","coordinates":[-89.93708,30.03293]},"properties":{"probability":0.142,"inBuffer":false,"facType":"unknown"}},{"type":"Feature","geometry":{"type":"Point","coordinates":[-89.93259,30.03293]},"properties":{"probability":0.929,"inBuffer":false,"facType":"unknown"}},{"type":"Feature","geometry":{"type":"Point","coordinates":[-89.9281,30.03293]},"properties":{"probability":0.943,"inBuffer":false,"facType":"unknown"}},{"type":"Feature","geometry":{"type":"Point","coordinates":[-89.92361,30.03293]},"properties":{"probability":0.923,"inBuffer":false,"facType":"unknown"}},{"type":"Feature","geometry":{"type":"Point","coordinates":[-89.91911,30.03293]},"properties":{"probability":0.423,"inBuffer":false,"facType":"unknown"}},{"type":"Feature","geometry":{"type":"Point","coordinates":[-89.91462,30.03293]},"properties":{"probability":0.606,"inBuffer":false,"facType":"unknown"}},{"type":"Feature","geometry":{"type":"Point","coordinates":[-89.91013,30.03293]},"properties":{"probability":0.656,"inBuffer":false,"facType":"unknown"}},{"type":"Feature","geometry":{"type":"Point","coordinates":[-89.90564,30.03293]},"properties":{"probability":0.653,"inBuffer":false,"facType":"unknown"}},{"type":"Feature","geometry":{"type":"Point","coordinates":[-89.90115,30.03293]},"properties":{"probability":0.434,"inBuffer":false,"facType":"unknown"}},{"type":"Feature","geometry":{"type":"Point","coordinates":[-90.20208,30.02843]},"properties":{"probability":0.054,"inBuffer":false,"facType":"unknown"}},{"type":"Feature","geometry":{"type":"Point","coordinates":[-90.19759,30.02843]},"properties":{"probability":0.234,"inBuffer":false,"facType":"unknown"}},{"type":"Feature","geometry":{"type":"Point","coordinates":[-90.1931,30.02843]},"properties":{"probability":0.21,"inBuffer":false,"facType":"unknown"}},{"type":"Feature","geometry":{"type":"Point","coordinates":[-90.18861,30.02843]},"properties":{"probability":0.198,"inBuffer":false,"facType":"unknown"}},{"type":"Feature","geometry":{"type":"Point","coordinates":[-90.18412,30.02843]},"properties":{"probability":0.181,"inBuffer":false,"facType":"unknown"}},{"type":"Feature","geometry":{"type":"Point","coordinates":[-90.17963,30.02843]},"properties":{"probability":0.188,"inBuffer":false,"facType":"unknown"}},{"type":"Feature","geometry":{"type":"Point","coordinates":[-90.17513,30.02843]},"properties":{"probability":0.187,"inBuffer":false,"facType":"unknown"}},{"type":"Feature","geometry":{"type":"Point","coordinates":[-90.16615,30.02843]},"properties":{"probability":0.135,"inBuffer":false,"facType":"unknown"}},{"type":"Feature","geometry":{"type":"Point","coordinates":[-90.16166,30.02843]},"properties":{"probability":0.142,"inBuffer":false,"facType":"unknown"}},{"type":"Feature","geometry":{"type":"Point","coordinates":[-90.15717,30.02843]},"properties":{"probability":0.166,"inBuffer":false,"facType":"unknown"}},{"type":"Feature","geometry":{"type":"Point","coordinates":[-90.15268,30.02843]},"properties":{"probability":0.175,"inBuffer":false,"facType":"unknown"}},{"type":"Feature","geometry":{"type":"Point","coordinates":[-90.14818,30.02843]},"properties":{"probability":0.17,"inBuffer":false,"facType":"unknown"}},{"type":"Feature","geometry":{"type":"Point","coordinates":[-90.14369,30.02843]},"properties":{"probability":0.136,"inBuffer":false,"facType":"unknown"}},{"type":"Feature","geometry":{"type":"Point","coordinates":[-90.1392,30.02843]},"properties":{"probability":0.144,"inBuffer":false,"facType":"unknown"}},{"type":"Feature","geometry":{"type":"Point","coordinates":[-90.11674,30.02843]},"properties":{"probability":0.063,"inBuffer":false,"facType":"unknown"}},{"type":"Feature","geometry":{"type":"Point","coordinates":[-90.11225,30.02843]},"properties":{"probability":0.177,"inBuffer":false,"facType":"unknown"}},{"type":"Feature","geometry":{"type":"Point","coordinates":[-90.10776,30.02843]},"properties":{"probability":0.138,"inBuffer":false,"facType":"unknown"}},{"type":"Feature","geometry":{"type":"Point","coordinates":[-90.10327,30.02843]},"properties":{"probability":0.185,"inBuffer":false,"facType":"unknown"}},{"type":"Feature","geometry":{"type":"Point","coordinates":[-90.09878,30.02843]},"properties":{"probability":0.197,"inBuffer":false,"facType":"unknown"}},{"type":"Feature","geometry":{"type":"Point","coordinates":[-90.09429,30.02843]},"properties":{"probability":0.193,"inBuffer":false,"facType":"unknown"}},{"type":"Feature","geometry":{"type":"Point","coordinates":[-90.08979,30.02843]},"properties":{"probability":0.182,"inBuffer":false,"facType":"unknown"}},{"type":"Feature","geometry":{"type":"Point","coordinates":[-90.0853,30.02843]},"properties":{"probability":0.181,"inBuffer":false,"facType":"unknown"}},{"type":"Feature","geometry":{"type":"Point","coordinates":[-90.08081,30.02843]},"properties":{"probability":0.182,"inBuffer":false,"facType":"unknown"}},{"type":"Feature","geometry":{"type":"Point","coordinates":[-90.07632,30.02843]},"properties":{"probability":0.205,"inBuffer":false,"facType":"unknown"}},{"type":"Feature","geometry":{"type":"Point","coordinates":[-90.07183,30.02843]},"properties":{"probability":0.272,"inBuffer":false,"facType":"unknown"}},{"type":"Feature","geometry":{"type":"Point","coordinates":[-90.06734,30.02843]},"properties":{"probability":0.951,"inBuffer":false,"facType":"unknown"}},{"type":"Feature","geometry":{"type":"Point","coordinates":[-90.06284,30.02843]},"properties":{"probability":0.948,"inBuffer":false,"facType":"unknown"}},{"type":"Feature","geometry":{"type":"Point","coordinates":[-90.05835,30.02843]},"properties":{"probability":0.946,"inBuffer":false,"facType":"unknown"}},{"type":"Feature","geometry":{"type":"Point","coordinates":[-90.05386,30.02843]},"properties":{"probability":0.946,"inBuffer":false,"facType":"unknown"}},{"type":"Feature","geometry":{"type":"Point","coordinates":[-90.04937,30.02843]},"properties":{"probability":0.435,"inBuffer":false,"facType":"unknown"}},{"type":"Feature","geometry":{"type":"Point","coordinates":[-90.04488,30.02843]},"properties":{"probability":0.602,"inBuffer":false,"facType":"unknown"}},{"type":"Feature","geometry":{"type":"Point","coordinates":[-90.04039,30.02843]},"properties":{"probability":0.486,"inBuffer":false,"facType":"unknown"}},{"type":"Feature","geometry":{"type":"Point","coordinates":[-90.0359,30.02843]},"properties":{"probability":0.317,"inBuffer":false,"facType":"unknown"}},{"type":"Feature","geometry":{"type":"Point","coordinates":[-90.0314,30.02843]},"properties":{"probability":0.268,"inBuffer":false,"facType":"unknown"}},{"type":"Feature","geometry":{"type":"Point","coordinates":[-90.02691,30.02843]},"properties":{"probability":0.956,"inBuffer":false,"facType":"unknown"}},{"type":"Feature","geometry":{"type":"Point","coordinates":[-90.02242,30.02843]},"properties":{"probability":0.947,"inBuffer":false,"facType":"unknown"}},{"type":"Feature","geometry":{"type":"Point","coordinates":[-90.01793,30.02843]},"properties":{"probability":0.259,"inBuffer":false,"facType":"unknown"}},{"type":"Feature","geometry":{"type":"Point","coordinates":[-90.01344,30.02843]},"properties":{"probability":0.227,"inBuffer":false,"facType":"unknown"}},{"type":"Feature","geometry":{"type":"Point","coordinates":[-90.00895,30.02843]},"properties":{"probability":0.191,"inBuffer":false,"facType":"unknown"}},{"type":"Feature","geometry":{"type":"Point","coordinates":[-90.00445,30.02843]},"properties":{"probability":0.191,"inBuffer":false,"facType":"unknown"}},{"type":"Feature","geometry":{"type":"Point","coordinates":[-89.99996,30.02843]},"properties":{"probability":0.291,"inBuffer":false,"facType":"unknown"}},{"type":"Feature","geometry":{"type":"Point","coordinates":[-89.99547,30.02843]},"properties":{"probability":0.298,"inBuffer":false,"facType":"unknown"}},{"type":"Feature","geometry":{"type":"Point","coordinates":[-89.99098,30.02843]},"properties":{"probability":0.287,"inBuffer":false,"facType":"unknown"}},{"type":"Feature","geometry":{"type":"Point","coordinates":[-89.98649,30.02843]},"properties":{"probability":0.38,"inBuffer":false,"facType":"unknown"}},{"type":"Feature","geometry":{"type":"Point","coordinates":[-89.982,30.02843]},"properties":{"probability":0.954,"inBuffer":false,"facType":"unknown"}},{"type":"Feature","geometry":{"type":"Point","coordinates":[-89.9775,30.02843]},"properties":{"probability":0.955,"inBuffer":false,"facType":"unknown"}},{"type":"Feature","geometry":{"type":"Point","coordinates":[-89.97301,30.02843]},"properties":{"probability":0.945,"inBuffer":false,"facType":"unknown"}},{"type":"Feature","geometry":{"type":"Point","coordinates":[-89.96852,30.02843]},"properties":{"probability":0.931,"inBuffer":false,"facType":"unknown"}},{"type":"Feature","geometry":{"type":"Point","coordinates":[-89.96403,30.02843]},"properties":{"probability":0.907,"inBuffer":false,"facType":"unknown"}},{"type":"Feature","geometry":{"type":"Point","coordinates":[-89.95954,30.02843]},"properties":{"probability":0.4,"inBuffer":false,"facType":"unknown"}},{"type":"Feature","geometry":{"type":"Point","coordinates":[-89.95505,30.02843]},"properties":{"probability":0.43,"inBuffer":false,"facType":"unknown"}},{"type":"Feature","geometry":{"type":"Point","coordinates":[-89.95056,30.02843]},"properties":{"probability":0.09,"inBuffer":false,"facType":"unknown"}},{"type":"Feature","geometry":{"type":"Point","coordinates":[-89.94606,30.02843]},"properties":{"probability":0.065,"inBuffer":false,"facType":"unknown"}},{"type":"Feature","geometry":{"type":"Point","coordinates":[-89.94157,30.02843]},"properties":{"probability":0.12,"inBuffer":false,"facType":"unknown"}},{"type":"Feature","geometry":{"type":"Point","coordinates":[-89.93708,30.02843]},"properties":{"probability":0.151,"inBuffer":false,"facType":"unknown"}},{"type":"Feature","geometry":{"type":"Point","coordinates":[-89.93259,30.02843]},"properties":{"probability":0.942,"inBuffer":false,"facType":"unknown"}},{"type":"Feature","geometry":{"type":"Point","coordinates":[-89.9281,30.02843]},"properties":{"probability":0.944,"inBuffer":false,"facType":"unknown"}},{"type":"Feature","geometry":{"type":"Point","coordinates":[-89.92361,30.02843]},"properties":{"probability":0.941,"inBuffer":false,"facType":"unknown"}},{"type":"Feature","geometry":{"type":"Point","coordinates":[-89.91911,30.02843]},"properties":{"probability":0.487,"inBuffer":false,"facType":"unknown"}},{"type":"Feature","geometry":{"type":"Point","coordinates":[-89.91462,30.02843]},"properties":{"probability":0.606,"inBuffer":false,"facType":"unknown"}},{"type":"Feature","geometry":{"type":"Point","coordinates":[-89.91013,30.02843]},"properties":{"probability":0.56,"inBuffer":false,"facType":"unknown"}},{"type":"Feature","geometry":{"type":"Point","coordinates":[-89.90564,30.02843]},"properties":{"probability":0.451,"inBuffer":false,"facType":"unknown"}},{"type":"Feature","geometry":{"type":"Point","coordinates":[-89.90115,30.02843]},"properties":{"probability":0.436,"inBuffer":false,"facType":"unknown"}},{"type":"Feature","geometry":{"type":"Point","coordinates":[-90.20208,30.02394]},"properties":{"probability":0.24,"inBuffer":false,"facType":"unknown"}},{"type":"Feature","geometry":{"type":"Point","coordinates":[-90.19759,30.02394]},"properties":{"probability":0.289,"inBuffer":false,"facType":"unknown"}},{"type":"Feature","geometry":{"type":"Point","coordinates":[-90.1931,30.02394]},"properties":{"probability":0.292,"inBuffer":false,"facType":"unknown"}},{"type":"Feature","geometry":{"type":"Point","coordinates":[-90.18861,30.02394]},"properties":{"probability":0.287,"inBuffer":false,"facType":"unknown"}},{"type":"Feature","geometry":{"type":"Point","coordinates":[-90.18412,30.02394]},"properties":{"probability":0.327,"inBuffer":false,"facType":"unknown"}},{"type":"Feature","geometry":{"type":"Point","coordinates":[-90.17963,30.02394]},"properties":{"probability":0.3,"inBuffer":false,"facType":"unknown"}},{"type":"Feature","geometry":{"type":"Point","coordinates":[-90.17513,30.02394]},"properties":{"probability":0.226,"inBuffer":false,"facType":"unknown"}},{"type":"Feature","geometry":{"type":"Point","coordinates":[-90.16166,30.02394]},"properties":{"probability":0.179,"inBuffer":false,"facType":"unknown"}},{"type":"Feature","geometry":{"type":"Point","coordinates":[-90.15717,30.02394]},"properties":{"probability":0.862,"inBuffer":false,"facType":"unknown"}},{"type":"Feature","geometry":{"type":"Point","coordinates":[-90.15268,30.02394]},"properties":{"probability":0.867,"inBuffer":false,"facType":"unknown"}},{"type":"Feature","geometry":{"type":"Point","coordinates":[-90.14818,30.02394]},"properties":{"probability":0.175,"inBuffer":false,"facType":"unknown"}},{"type":"Feature","geometry":{"type":"Point","coordinates":[-90.14369,30.02394]},"properties":{"probability":0.202,"inBuffer":false,"facType":"unknown"}},{"type":"Feature","geometry":{"type":"Point","coordinates":[-90.1392,30.02394]},"properties":{"probability":0.176,"inBuffer":false,"facType":"unknown"}},{"type":"Feature","geometry":{"type":"Point","coordinates":[-90.13471,30.02394]},"properties":{"probability":0.144,"inBuffer":false,"facType":"unknown"}},{"type":"Feature","geometry":{"type":"Point","coordinates":[-90.12573,30.02394]},"properties":{"probability":0.063,"inBuffer":false,"facType":"unknown"}},{"type":"Feature","geometry":{"type":"Point","coordinates":[-90.12124,30.02394]},"properties":{"probability":0.112,"inBuffer":false,"facType":"unknown"}},{"type":"Feature","geometry":{"type":"Point","coordinates":[-90.11674,30.02394]},"properties":{"probability":0.14,"inBuffer":false,"facType":"unknown"}},{"type":"Feature","geometry":{"type":"Point","coordinates":[-90.11225,30.02394]},"properties":{"probability":0.235,"inBuffer":false,"facType":"unknown"}},{"type":"Feature","geometry":{"type":"Point","coordinates":[-90.10776,30.02394]},"properties":{"probability":0.204,"inBuffer":false,"facType":"unknown"}},{"type":"Feature","geometry":{"type":"Point","coordinates":[-90.10327,30.02394]},"properties":{"probability":0.894,"inBuffer":false,"facType":"unknown"}},{"type":"Feature","geometry":{"type":"Point","coordinates":[-90.09878,30.02394]},"properties":{"probability":0.893,"inBuffer":false,"facType":"unknown"}},{"type":"Feature","geometry":{"type":"Point","coordinates":[-90.09429,30.02394]},"properties":{"probability":0.905,"inBuffer":false,"facType":"unknown"}},{"type":"Feature","geometry":{"type":"Point","coordinates":[-90.08979,30.02394]},"properties":{"probability":0.202,"inBuffer":false,"facType":"unknown"}},{"type":"Feature","geometry":{"type":"Point","coordinates":[-90.0853,30.02394]},"properties":{"probability":0.196,"inBuffer":false,"facType":"unknown"}},{"type":"Feature","geometry":{"type":"Point","coordinates":[-90.08081,30.02394]},"properties":{"probability":0.205,"inBuffer":false,"facType":"unknown"}},{"type":"Feature","geometry":{"type":"Point","coordinates":[-90.07632,30.02394]},"properties":{"probability":0.21,"inBuffer":false,"facType":"unknown"}},{"type":"Feature","geometry":{"type":"Point","coordinates":[-90.07183,30.02394]},"properties":{"probability":0.224,"inBuffer":false,"facType":"unknown"}},{"type":"Feature","geometry":{"type":"Point","coordinates":[-90.06734,30.02394]},"properties":{"probability":0.27,"inBuffer":false,"facType":"unknown"}},{"type":"Feature","geometry":{"type":"Point","coordinates":[-90.06284,30.02394]},"properties":{"probability":0.944,"inBuffer":false,"facType":"unknown"}},{"type":"Feature","geometry":{"type":"Point","coordinates":[-90.05835,30.02394]},"properties":{"probability":0.944,"inBuffer":false,"facType":"unknown"}},{"type":"Feature","geometry":{"type":"Point","coordinates":[-90.05386,30.02394]},"properties":{"probability":0.261,"inBuffer":false,"facType":"unknown"}},{"type":"Feature","geometry":{"type":"Point","coordinates":[-90.04937,30.02394]},"properties":{"probability":0.228,"inBuffer":false,"facType":"unknown"}},{"type":"Feature","geometry":{"type":"Point","coordinates":[-90.04488,30.02394]},"properties":{"probability":0.086,"inBuffer":false,"facType":"unknown"}},{"type":"Feature","geometry":{"type":"Point","coordinates":[-90.04039,30.02394]},"properties":{"probability":0.087,"inBuffer":false,"facType":"unknown"}},{"type":"Feature","geometry":{"type":"Point","coordinates":[-90.0359,30.02394]},"properties":{"probability":0.084,"inBuffer":false,"facType":"unknown"}},{"type":"Feature","geometry":{"type":"Point","coordinates":[-90.0314,30.02394]},"properties":{"probability":0.273,"inBuffer":false,"facType":"unknown"}},{"type":"Feature","geometry":{"type":"Point","coordinates":[-90.02691,30.02394]},"properties":{"probability":0.956,"inBuffer":false,"facType":"unknown"}},{"type":"Feature","geometry":{"type":"Point","coordinates":[-90.02242,30.02394]},"properties":{"probability":0.946,"inBuffer":false,"facType":"unknown"}},{"type":"Feature","geometry":{"type":"Point","coordinates":[-90.01793,30.02394]},"properties":{"probability":0.946,"inBuffer":false,"facType":"unknown"}},{"type":"Feature","geometry":{"type":"Point","coordinates":[-90.01344,30.02394]},"properties":{"probability":0.227,"inBuffer":false,"facType":"unknown"}},{"type":"Feature","geometry":{"type":"Point","coordinates":[-90.00895,30.02394]},"properties":{"probability":0.187,"inBuffer":false,"facType":"unknown"}},{"type":"Feature","geometry":{"type":"Point","coordinates":[-90.00445,30.02394]},"properties":{"probability":0.182,"inBuffer":false,"facType":"unknown"}},{"type":"Feature","geometry":{"type":"Point","coordinates":[-89.99996,30.02394]},"properties":{"probability":0.237,"inBuffer":false,"facType":"unknown"}},{"type":"Feature","geometry":{"type":"Point","coordinates":[-89.99547,30.02394]},"properties":{"probability":0.295,"inBuffer":false,"facType":"unknown"}},{"type":"Feature","geometry":{"type":"Point","coordinates":[-89.99098,30.02394]},"properties":{"probability":0.246,"inBuffer":false,"facType":"unknown"}},{"type":"Feature","geometry":{"type":"Point","coordinates":[-89.98649,30.02394]},"properties":{"probability":0.332,"inBuffer":false,"facType":"unknown"}},{"type":"Feature","geometry":{"type":"Point","coordinates":[-89.982,30.02394]},"properties":{"probability":0.355,"inBuffer":false,"facType":"unknown"}},{"type":"Feature","geometry":{"type":"Point","coordinates":[-89.9775,30.02394]},"properties":{"probability":0.941,"inBuffer":false,"facType":"unknown"}},{"type":"Feature","geometry":{"type":"Point","coordinates":[-89.97301,30.02394]},"properties":{"probability":0.947,"inBuffer":false,"facType":"unknown"}},{"type":"Feature","geometry":{"type":"Point","coordinates":[-89.96852,30.02394]},"properties":{"probability":0.944,"inBuffer":false,"facType":"unknown"}},{"type":"Feature","geometry":{"type":"Point","coordinates":[-89.96403,30.02394]},"properties":{"probability":0.928,"inBuffer":false,"facType":"unknown"}},{"type":"Feature","geometry":{"type":"Point","coordinates":[-89.95954,30.02394]},"properties":{"probability":0.455,"inBuffer":false,"facType":"unknown"}},{"type":"Feature","geometry":{"type":"Point","coordinates":[-89.95505,30.02394]},"properties":{"probability":0.435,"inBuffer":false,"facType":"unknown"}},{"type":"Feature","geometry":{"type":"Point","coordinates":[-89.95056,30.02394]},"properties":{"probability":0.091,"inBuffer":false,"facType":"unknown"}},{"type":"Feature","geometry":{"type":"Point","coordinates":[-89.94606,30.02394]},"properties":{"probability":0.064,"inBuffer":false,"facType":"unknown"}},{"type":"Feature","geometry":{"type":"Point","coordinates":[-89.94157,30.02394]},"properties":{"probability":0.119,"inBuffer":false,"facType":"unknown"}},{"type":"Feature","geometry":{"type":"Point","coordinates":[-89.93708,30.02394]},"properties":{"probability":0.145,"inBuffer":false,"facType":"unknown"}},{"type":"Feature","geometry":{"type":"Point","coordinates":[-89.93259,30.02394]},"properties":{"probability":0.91,"inBuffer":false,"facType":"unknown"}},{"type":"Feature","geometry":{"type":"Point","coordinates":[-89.9281,30.02394]},"properties":{"probability":0.932,"inBuffer":false,"facType":"unknown"}},{"type":"Feature","geometry":{"type":"Point","coordinates":[-89.92361,30.02394]},"properties":{"probability":0.362,"inBuffer":false,"facType":"unknown"}},{"type":"Feature","geometry":{"type":"Point","coordinates":[-89.91911,30.02394]},"properties":{"probability":0.601,"inBuffer":false,"facType":"unknown"}},{"type":"Feature","geometry":{"type":"Point","coordinates":[-89.91462,30.02394]},"properties":{"probability":0.56,"inBuffer":false,"facType":"unknown"}},{"type":"Feature","geometry":{"type":"Point","coordinates":[-89.91013,30.02394]},"properties":{"probability":0.261,"inBuffer":false,"facType":"unknown"}},{"type":"Feature","geometry":{"type":"Point","coordinates":[-89.90564,30.02394]},"properties":{"probability":0.348,"inBuffer":false,"facType":"unknown"}},{"type":"Feature","geometry":{"type":"Point","coordinates":[-89.90115,30.02394]},"properties":{"probability":0.306,"inBuffer":false,"facType":"unknown"}},{"type":"Feature","geometry":{"type":"Point","coordinates":[-90.20208,30.01945]},"properties":{"probability":0.244,"inBuffer":false,"facType":"unknown"}},{"type":"Feature","geometry":{"type":"Point","coordinates":[-90.19759,30.01945]},"properties":{"probability":0.288,"inBuffer":false,"facType":"unknown"}},{"type":"Feature","geometry":{"type":"Point","coordinates":[-90.1931,30.01945]},"properties":{"probability":0.289,"inBuffer":false,"facType":"unknown"}},{"type":"Feature","geometry":{"type":"Point","coordinates":[-90.18861,30.01945]},"properties":{"probability":0.369,"inBuffer":false,"facType":"unknown"}},{"type":"Feature","geometry":{"type":"Point","coordinates":[-90.18412,30.01945]},"properties":{"probability":0.947,"inBuffer":false,"facType":"unknown"}},{"type":"Feature","geometry":{"type":"Point","coordinates":[-90.17963,30.01945]},"properties":{"probability":0.941,"inBuffer":false,"facType":"unknown"}},{"type":"Feature","geometry":{"type":"Point","coordinates":[-90.17513,30.01945]},"properties":{"probability":0.38,"inBuffer":false,"facType":"unknown"}},{"type":"Feature","geometry":{"type":"Point","coordinates":[-90.17064,30.01945]},"properties":{"probability":0.139,"inBuffer":false,"facType":"unknown"}},{"type":"Feature","geometry":{"type":"Point","coordinates":[-90.16615,30.01945]},"properties":{"probability":0.15,"inBuffer":false,"facType":"unknown"}},{"type":"Feature","geometry":{"type":"Point","coordinates":[-90.16166,30.01945]},"properties":{"probability":0.611,"inBuffer":false,"facType":"unknown"}},{"type":"Feature","geometry":{"type":"Point","coordinates":[-90.15717,30.01945]},"properties":{"probability":0.961,"inBuffer":false,"facType":"unknown"}},{"type":"Feature","geometry":{"type":"Point","coordinates":[-90.15268,30.01945]},"properties":{"probability":0.958,"inBuffer":false,"facType":"unknown"}},{"type":"Feature","geometry":{"type":"Point","coordinates":[-90.14818,30.01945]},"properties":{"probability":0.95,"inBuffer":false,"facType":"unknown"}},{"type":"Feature","geometry":{"type":"Point","coordinates":[-90.14369,30.01945]},"properties":{"probability":0.23,"inBuffer":false,"facType":"unknown"}},{"type":"Feature","geometry":{"type":"Point","coordinates":[-90.1392,30.01945]},"properties":{"probability":0.21,"inBuffer":false,"facType":"unknown"}},{"type":"Feature","geometry":{"type":"Point","coordinates":[-90.13471,30.01945]},"properties":{"probability":0.064,"inBuffer":false,"facType":"unknown"}},{"type":"Feature","geometry":{"type":"Point","coordinates":[-90.13022,30.01945]},"properties":{"probability":0.082,"inBuffer":false,"facType":"unknown"}},{"type":"Feature","geometry":{"type":"Point","coordinates":[-90.12573,30.01945]},"properties":{"probability":0.144,"inBuffer":false,"facType":"unknown"}},{"type":"Feature","geometry":{"type":"Point","coordinates":[-90.12124,30.01945]},"properties":{"probability":0.168,"inBuffer":false,"facType":"unknown"}},{"type":"Feature","geometry":{"type":"Point","coordinates":[-90.11674,30.01945]},"properties":{"probability":0.15,"inBuffer":false,"facType":"unknown"}},{"type":"Feature","geometry":{"type":"Point","coordinates":[-90.11225,30.01945]},"properties":{"probability":0.144,"inBuffer":false,"facType":"unknown"}},{"type":"Feature","geometry":{"type":"Point","coordinates":[-90.10776,30.01945]},"properties":{"probability":0.226,"inBuffer":false,"facType":"unknown"}},{"type":"Feature","geometry":{"type":"Point","coordinates":[-90.10327,30.01945]},"properties":{"probability":0.909,"inBuffer":false,"facType":"unknown"}},{"type":"Feature","geometry":{"type":"Point","coordinates":[-90.09878,30.01945]},"properties":{"probability":0.894,"inBuffer":false,"facType":"unknown"}},{"type":"Feature","geometry":{"type":"Point","coordinates":[-90.09429,30.01945]},"properties":{"probability":0.901,"inBuffer":false,"facType":"unknown"}},{"type":"Feature","geometry":{"type":"Point","coordinates":[-90.08979,30.01945]},"properties":{"probability":0.211,"inBuffer":false,"facType":"unknown"}},{"type":"Feature","geometry":{"type":"Point","coordinates":[-90.0853,30.01945]},"properties":{"probability":0.202,"inBuffer":false,"facType":"unknown"}},{"type":"Feature","geometry":{"type":"Point","coordinates":[-90.08081,30.01945]},"properties":{"probability":0.213,"inBuffer":false,"facType":"unknown"}},{"type":"Feature","geometry":{"type":"Point","coordinates":[-90.07632,30.01945]},"properties":{"probability":0.247,"inBuffer":false,"facType":"unknown"}},{"type":"Feature","geometry":{"type":"Point","coordinates":[-90.07183,30.01945]},"properties":{"probability":0.213,"inBuffer":false,"facType":"unknown"}},{"type":"Feature","geometry":{"type":"Point","coordinates":[-90.06734,30.01945]},"properties":{"probability":0.212,"inBuffer":false,"facType":"unknown"}},{"type":"Feature","geometry":{"type":"Point","coordinates":[-90.06284,30.01945]},"properties":{"probability":0.251,"inBuffer":false,"facType":"unknown"}},{"type":"Feature","geometry":{"type":"Point","coordinates":[-90.05835,30.01945]},"properties":{"probability":0.945,"inBuffer":false,"facType":"unknown"}},{"type":"Feature","geometry":{"type":"Point","coordinates":[-90.05386,30.01945]},"properties":{"probability":0.921,"inBuffer":false,"facType":"unknown"}},{"type":"Feature","geometry":{"type":"Point","coordinates":[-90.04937,30.01945]},"properties":{"probability":0.909,"inBuffer":false,"facType":"unknown"}},{"type":"Feature","geometry":{"type":"Point","coordinates":[-90.04488,30.01945]},"properties":{"probability":0.377,"inBuffer":false,"facType":"unknown"}},{"type":"Feature","geometry":{"type":"Point","coordinates":[-90.04039,30.01945]},"properties":{"probability":0.064,"inBuffer":false,"facType":"unknown"}},{"type":"Feature","geometry":{"type":"Point","coordinates":[-90.0359,30.01945]},"properties":{"probability":0.401,"inBuffer":false,"facType":"unknown"}},{"type":"Feature","geometry":{"type":"Point","coordinates":[-90.0314,30.01945]},"properties":{"probability":0.603,"inBuffer":false,"facType":"unknown"}},{"type":"Feature","geometry":{"type":"Point","coordinates":[-90.02691,30.01945]},"properties":{"probability":0.645,"inBuffer":false,"facType":"unknown"}},{"type":"Feature","geometry":{"type":"Point","coordinates":[-90.02242,30.01945]},"properties":{"probability":0.952,"inBuffer":false,"facType":"unknown"}},{"type":"Feature","geometry":{"type":"Point","coordinates":[-90.01793,30.01945]},"properties":{"probability":0.946,"inBuffer":false,"facType":"unknown"}},{"type":"Feature","geometry":{"type":"Point","coordinates":[-90.01344,30.01945]},"properties":{"probability":0.209,"inBuffer":false,"facType":"unknown"}},{"type":"Feature","geometry":{"type":"Point","coordinates":[-90.00895,30.01945]},"properties":{"probability":0.181,"inBuffer":false,"facType":"unknown"}},{"type":"Feature","geometry":{"type":"Point","coordinates":[-90.00445,30.01945]},"properties":{"probability":0.182,"inBuffer":false,"facType":"unknown"}},{"type":"Feature","geometry":{"type":"Point","coordinates":[-89.99996,30.01945]},"properties":{"probability":0.212,"inBuffer":false,"facType":"unknown"}},{"type":"Feature","geometry":{"type":"Point","coordinates":[-89.99547,30.01945]},"properties":{"probability":0.255,"inBuffer":false,"facType":"unknown"}},{"type":"Feature","geometry":{"type":"Point","coordinates":[-89.99098,30.01945]},"properties":{"probability":0.243,"inBuffer":false,"facType":"unknown"}},{"type":"Feature","geometry":{"type":"Point","coordinates":[-89.98649,30.01945]},"properties":{"probability":0.259,"inBuffer":false,"facType":"unknown"}},{"type":"Feature","geometry":{"type":"Point","coordinates":[-89.982,30.01945]},"properties":{"probability":0.263,"inBuffer":false,"facType":"unknown"}},{"type":"Feature","geometry":{"type":"Point","coordinates":[-89.9775,30.01945]},"properties":{"probability":0.376,"inBuffer":false,"facType":"unknown"}},{"type":"Feature","geometry":{"type":"Point","coordinates":[-89.97301,30.01945]},"properties":{"probability":0.263,"inBuffer":false,"facType":"unknown"}},{"type":"Feature","geometry":{"type":"Point","coordinates":[-89.96852,30.01945]},"properties":{"probability":0.258,"inBuffer":false,"facType":"unknown"}},{"type":"Feature","geometry":{"type":"Point","coordinates":[-89.96403,30.01945]},"properties":{"probability":0.27,"inBuffer":false,"facType":"unknown"}},{"type":"Feature","geometry":{"type":"Point","coordinates":[-89.95954,30.01945]},"properties":{"probability":0.069,"inBuffer":false,"facType":"unknown"}},{"type":"Feature","geometry":{"type":"Point","coordinates":[-89.95505,30.01945]},"properties":{"probability":0.067,"inBuffer":false,"facType":"unknown"}},{"type":"Feature","geometry":{"type":"Point","coordinates":[-89.94606,30.01945]},"properties":{"probability":0.289,"inBuffer":false,"facType":"unknown"}},{"type":"Feature","geometry":{"type":"Point","coordinates":[-89.94157,30.01945]},"properties":{"probability":0.299,"inBuffer":false,"facType":"unknown"}},{"type":"Feature","geometry":{"type":"Point","coordinates":[-89.93708,30.01945]},"properties":{"probability":0.157,"inBuffer":false,"facType":"unknown"}},{"type":"Feature","geometry":{"type":"Point","coordinates":[-89.93259,30.01945]},"properties":{"probability":0.852,"inBuffer":false,"facType":"unknown"}},{"type":"Feature","geometry":{"type":"Point","coordinates":[-89.9281,30.01945]},"properties":{"probability":0.894,"inBuffer":false,"facType":"unknown"}},{"type":"Feature","geometry":{"type":"Point","coordinates":[-89.92361,30.01945]},"properties":{"probability":0.903,"inBuffer":false,"facType":"unknown"}},{"type":"Feature","geometry":{"type":"Point","coordinates":[-89.91911,30.01945]},"properties":{"probability":0.074,"inBuffer":false,"facType":"unknown"}},{"type":"Feature","geometry":{"type":"Point","coordinates":[-89.91462,30.01945]},"properties":{"probability":0.071,"inBuffer":false,"facType":"unknown"}},{"type":"Feature","geometry":{"type":"Point","coordinates":[-90.20208,30.01496]},"properties":{"probability":0.238,"inBuffer":false,"facType":"unknown"}},{"type":"Feature","geometry":{"type":"Point","coordinates":[-90.19759,30.01496]},"properties":{"probability":0.288,"inBuffer":false,"facType":"unknown"}},{"type":"Feature","geometry":{"type":"Point","coordinates":[-90.1931,30.01496]},"properties":{"probability":0.376,"inBuffer":false,"facType":"unknown"}},{"type":"Feature","geometry":{"type":"Point","coordinates":[-90.18861,30.01496]},"properties":{"probability":0.95,"inBuffer":false,"facType":"unknown"}},{"type":"Feature","geometry":{"type":"Point","coordinates":[-90.18412,30.01496]},"properties":{"probability":0.955,"inBuffer":false,"facType":"unknown"}},{"type":"Feature","geometry":{"type":"Point","coordinates":[-90.17963,30.01496]},"properties":{"probability":0.955,"inBuffer":false,"facType":"unknown"}},{"type":"Feature","geometry":{"type":"Point","coordinates":[-90.17513,30.01496]},"properties":{"probability":0.951,"inBuffer":false,"facType":"unknown"}},{"type":"Feature","geometry":{"type":"Point","coordinates":[-90.17064,30.01496]},"properties":{"probability":0.281,"inBuffer":false,"facType":"unknown"}},{"type":"Feature","geometry":{"type":"Point","coordinates":[-90.16615,30.01496]},"properties":{"probability":0.957,"inBuffer":false,"facType":"unknown"}},{"type":"Feature","geometry":{"type":"Point","coordinates":[-90.16166,30.01496]},"properties":{"probability":0.731,"inBuffer":false,"facType":"unknown"}},{"type":"Feature","geometry":{"type":"Point","coordinates":[-90.15717,30.01496]},"properties":{"probability":0.958,"inBuffer":false,"facType":"unknown"}},{"type":"Feature","geometry":{"type":"Point","coordinates":[-90.15268,30.01496]},"properties":{"probability":0.957,"inBuffer":false,"facType":"unknown"}},{"type":"Feature","geometry":{"type":"Point","coordinates":[-90.14818,30.01496]},"properties":{"probability":0.945,"inBuffer":false,"facType":"unknown"}},{"type":"Feature","geometry":{"type":"Point","coordinates":[-90.14369,30.01496]},"properties":{"probability":0.268,"inBuffer":false,"facType":"unknown"}},{"type":"Feature","geometry":{"type":"Point","coordinates":[-90.1392,30.01496]},"properties":{"probability":0.243,"inBuffer":false,"facType":"unknown"}},{"type":"Feature","geometry":{"type":"Point","coordinates":[-90.13471,30.01496]},"properties":{"probability":0.102,"inBuffer":false,"facType":"unknown"}},{"type":"Feature","geometry":{"type":"Point","coordinates":[-90.13022,30.01496]},"properties":{"probability":0.133,"inBuffer":false,"facType":"unknown"}},{"type":"Feature","geometry":{"type":"Point","coordinates":[-90.12573,30.01496]},"properties":{"probability":0.166,"inBuffer":false,"facType":"unknown"}},{"type":"Feature","geometry":{"type":"Point","coordinates":[-90.12124,30.01496]},"properties":{"probability":0.593,"inBuffer":false,"facType":"unknown"}},{"type":"Feature","geometry":{"type":"Point","coordinates":[-90.11674,30.01496]},"properties":{"probability":0.516,"inBuffer":false,"facType":"unknown"}},{"type":"Feature","geometry":{"type":"Point","coordinates":[-90.11225,30.01496]},"properties":{"probability":0.406,"inBuffer":false,"facType":"unknown"}},{"type":"Feature","geometry":{"type":"Point","coordinates":[-90.10776,30.01496]},"properties":{"probability":0.211,"inBuffer":false,"facType":"unknown"}},{"type":"Feature","geometry":{"type":"Point","coordinates":[-90.10327,30.01496]},"properties":{"probability":0.906,"inBuffer":false,"facType":"unknown"}},{"type":"Feature","geometry":{"type":"Point","coordinates":[-90.09878,30.01496]},"properties":{"probability":0.875,"inBuffer":false,"facType":"unknown"}},{"type":"Feature","geometry":{"type":"Point","coordinates":[-90.09429,30.01496]},"properties":{"probability":0.862,"inBuffer":false,"facType":"unknown"}},{"type":"Feature","geometry":{"type":"Point","coordinates":[-90.08979,30.01496]},"properties":{"probability":0.189,"inBuffer":false,"facType":"unknown"}},{"type":"Feature","geometry":{"type":"Point","coordinates":[-90.0853,30.01496]},"properties":{"probability":0.19,"inBuffer":false,"facType":"unknown"}},{"type":"Feature","geometry":{"type":"Point","coordinates":[-90.08081,30.01496]},"properties":{"probability":0.211,"inBuffer":false,"facType":"unknown"}},{"type":"Feature","geometry":{"type":"Point","coordinates":[-90.07632,30.01496]},"properties":{"probability":0.235,"inBuffer":false,"facType":"unknown"}},{"type":"Feature","geometry":{"type":"Point","coordinates":[-90.07183,30.01496]},"properties":{"probability":0.081,"inBuffer":false,"facType":"unknown"}},{"type":"Feature","geometry":{"type":"Point","coordinates":[-90.06734,30.01496]},"properties":{"probability":0.212,"inBuffer":false,"facType":"unknown"}},{"type":"Feature","geometry":{"type":"Point","coordinates":[-90.06284,30.01496]},"properties":{"probability":0.229,"inBuffer":false,"facType":"unknown"}},{"type":"Feature","geometry":{"type":"Point","coordinates":[-90.05835,30.01496]},"properties":{"probability":0.929,"inBuffer":false,"facType":"unknown"}},{"type":"Feature","geometry":{"type":"Point","coordinates":[-90.05386,30.01496]},"properties":{"probability":0.927,"inBuffer":false,"facType":"unknown"}},{"type":"Feature","geometry":{"type":"Point","coordinates":[-90.04937,30.01496]},"properties":{"probability":0.911,"inBuffer":false,"facType":"unknown"}},{"type":"Feature","geometry":{"type":"Point","coordinates":[-90.04488,30.01496]},"properties":{"probability":0.426,"inBuffer":false,"facType":"unknown"}},{"type":"Feature","geometry":{"type":"Point","coordinates":[-90.04039,30.01496]},"properties":{"probability":0.402,"inBuffer":false,"facType":"unknown"}},{"type":"Feature","geometry":{"type":"Point","coordinates":[-90.0359,30.01496]},"properties":{"probability":0.42,"inBuffer":false,"facType":"unknown"}},{"type":"Feature","geometry":{"type":"Point","coordinates":[-90.0314,30.01496]},"properties":{"probability":0.622,"inBuffer":false,"facType":"unknown"}},{"type":"Feature","geometry":{"type":"Point","coordinates":[-90.02691,30.01496]},"properties":{"probability":0.658,"inBuffer":false,"facType":"unknown"}},{"type":"Feature","geometry":{"type":"Point","coordinates":[-90.02242,30.01496]},"properties":{"probability":0.651,"inBuffer":false,"facType":"unknown"}},{"type":"Feature","geometry":{"type":"Point","coordinates":[-90.01793,30.01496]},"properties":{"probability":0.538,"inBuffer":false,"facType":"unknown"}},{"type":"Feature","geometry":{"type":"Point","coordinates":[-90.01344,30.01496]},"properties":{"probability":0.36,"inBuffer":false,"facType":"unknown"}},{"type":"Feature","geometry":{"type":"Point","coordinates":[-90.00895,30.01496]},"properties":{"probability":0.252,"inBuffer":false,"facType":"unknown"}},{"type":"Feature","geometry":{"type":"Point","coordinates":[-90.00445,30.01496]},"properties":{"probability":0.263,"inBuffer":false,"facType":"unknown"}},{"type":"Feature","geometry":{"type":"Point","coordinates":[-89.99996,30.01496]},"properties":{"probability":0.286,"inBuffer":false,"facType":"unknown"}},{"type":"Feature","geometry":{"type":"Point","coordinates":[-89.99547,30.01496]},"properties":{"probability":0.29,"inBuffer":false,"facType":"unknown"}},{"type":"Feature","geometry":{"type":"Point","coordinates":[-89.99098,30.01496]},"properties":{"probability":0.263,"inBuffer":false,"facType":"unknown"}},{"type":"Feature","geometry":{"type":"Point","coordinates":[-89.98649,30.01496]},"properties":{"probability":0.292,"inBuffer":false,"facType":"unknown"}},{"type":"Feature","geometry":{"type":"Point","coordinates":[-89.982,30.01496]},"properties":{"probability":0.288,"inBuffer":false,"facType":"unknown"}},{"type":"Feature","geometry":{"type":"Point","coordinates":[-89.9775,30.01496]},"properties":{"probability":0.286,"inBuffer":false,"facType":"unknown"}},{"type":"Feature","geometry":{"type":"Point","coordinates":[-89.97301,30.01496]},"properties":{"probability":0.238,"inBuffer":false,"facType":"unknown"}},{"type":"Feature","geometry":{"type":"Point","coordinates":[-89.96852,30.01496]},"properties":{"probability":0.209,"inBuffer":false,"facType":"unknown"}},{"type":"Feature","geometry":{"type":"Point","coordinates":[-89.96403,30.01496]},"properties":{"probability":0.186,"inBuffer":false,"facType":"unknown"}},{"type":"Feature","geometry":{"type":"Point","coordinates":[-89.94606,30.01496]},"properties":{"probability":0.078,"inBuffer":false,"facType":"unknown"}},{"type":"Feature","geometry":{"type":"Point","coordinates":[-89.94157,30.01496]},"properties":{"probability":0.883,"inBuffer":false,"facType":"unknown"}},{"type":"Feature","geometry":{"type":"Point","coordinates":[-89.93708,30.01496]},"properties":{"probability":0.889,"inBuffer":false,"facType":"unknown"}},{"type":"Feature","geometry":{"type":"Point","coordinates":[-89.93259,30.01496]},"properties":{"probability":0.867,"inBuffer":false,"facType":"unknown"}},{"type":"Feature","geometry":{"type":"Point","coordinates":[-89.9281,30.01496]},"properties":{"probability":0.854,"inBuffer":false,"facType":"unknown"}},{"type":"Feature","geometry":{"type":"Point","coordinates":[-89.92361,30.01496]},"properties":{"probability":0.846,"inBuffer":false,"facType":"unknown"}},{"type":"Feature","geometry":{"type":"Point","coordinates":[-89.91911,30.01496]},"properties":{"probability":0.152,"inBuffer":false,"facType":"unknown"}},{"type":"Feature","geometry":{"type":"Point","coordinates":[-90.20208,30.01047]},"properties":{"probability":0.251,"inBuffer":false,"facType":"unknown"}},{"type":"Feature","geometry":{"type":"Point","coordinates":[-90.19759,30.01047]},"properties":{"probability":0.292,"inBuffer":false,"facType":"unknown"}},{"type":"Feature","geometry":{"type":"Point","coordinates":[-90.1931,30.01047]},"properties":{"probability":0.371,"inBuffer":false,"facType":"unknown"}},{"type":"Feature","geometry":{"type":"Point","coordinates":[-90.18861,30.01047]},"properties":{"probability":0.373,"inBuffer":false,"facType":"unknown"}},{"type":"Feature","geometry":{"type":"Point","coordinates":[-90.18412,30.01047]},"properties":{"probability":0.956,"inBuffer":false,"facType":"unknown"}},{"type":"Feature","geometry":{"type":"Point","coordinates":[-90.17963,30.01047]},"properties":{"probability":0.956,"inBuffer":false,"facType":"unknown"}},{"type":"Feature","geometry":{"type":"Point","coordinates":[-90.17513,30.01047]},"properties":{"probability":0.952,"inBuffer":false,"facType":"unknown"}},{"type":"Feature","geometry":{"type":"Point","coordinates":[-90.17064,30.01047]},"properties":{"probability":0.956,"inBuffer":false,"facType":"unknown"}},{"type":"Feature","geometry":{"type":"Point","coordinates":[-90.16615,30.01047]},"properties":{"probability":0.961,"inBuffer":false,"facType":"unknown"}},{"type":"Feature","geometry":{"type":"Point","coordinates":[-90.16166,30.01047]},"properties":{"probability":0.962,"inBuffer":false,"facType":"unknown"}},{"type":"Feature","geometry":{"type":"Point","coordinates":[-90.15717,30.01047]},"properties":{"probability":0.958,"inBuffer":false,"facType":"unknown"}},{"type":"Feature","geometry":{"type":"Point","coordinates":[-90.15268,30.01047]},"properties":{"probability":0.957,"inBuffer":false,"facType":"unknown"}},{"type":"Feature","geometry":{"type":"Point","coordinates":[-90.14818,30.01047]},"properties":{"probability":0.947,"inBuffer":false,"facType":"unknown"}},{"type":"Feature","geometry":{"type":"Point","coordinates":[-90.14369,30.01047]},"properties":{"probability":0.253,"inBuffer":false,"facType":"unknown"}},{"type":"Feature","geometry":{"type":"Point","coordinates":[-90.1392,30.01047]},"properties":{"probability":0.239,"inBuffer":false,"facType":"unknown"}},{"type":"Feature","geometry":{"type":"Point","coordinates":[-90.13471,30.01047]},"properties":{"probability":0.236,"inBuffer":false,"facType":"unknown"}},{"type":"Feature","geometry":{"type":"Point","coordinates":[-90.13022,30.01047]},"properties":{"probability":0.14,"inBuffer":false,"facType":"unknown"}},{"type":"Feature","geometry":{"type":"Point","coordinates":[-90.12573,30.01047]},"properties":{"probability":0.158,"inBuffer":false,"facType":"unknown"}},{"type":"Feature","geometry":{"type":"Point","coordinates":[-90.12124,30.01047]},"properties":{"probability":0.595,"inBuffer":false,"facType":"unknown"}},{"type":"Feature","geometry":{"type":"Point","coordinates":[-90.11674,30.01047]},"properties":{"probability":0.483,"inBuffer":false,"facType":"unknown"}},{"type":"Feature","geometry":{"type":"Point","coordinates":[-90.11225,30.01047]},"properties":{"probability":0.439,"inBuffer":false,"facType":"unknown"}},{"type":"Feature","geometry":{"type":"Point","coordinates":[-90.10776,30.01047]},"properties":{"probability":0.914,"inBuffer":false,"facType":"unknown"}},{"type":"Feature","geometry":{"type":"Point","coordinates":[-90.10327,30.01047]},"properties":{"probability":0.907,"inBuffer":false,"facType":"unknown"}},{"type":"Feature","geometry":{"type":"Point","coordinates":[-90.09878,30.01047]},"properties":{"probability":0.169,"inBuffer":false,"facType":"unknown"}},{"type":"Feature","geometry":{"type":"Point","coordinates":[-90.09429,30.01047]},"properties":{"probability":0.138,"inBuffer":false,"facType":"unknown"}},{"type":"Feature","geometry":{"type":"Point","coordinates":[-90.08979,30.01047]},"properties":{"probability":0.133,"inBuffer":false,"facType":"unknown"}},{"type":"Feature","geometry":{"type":"Point","coordinates":[-90.0853,30.01047]},"properties":{"probability":0.185,"inBuffer":false,"facType":"unknown"}},{"type":"Feature","geometry":{"type":"Point","coordinates":[-90.08081,30.01047]},"properties":{"probability":0.208,"inBuffer":false,"facType":"unknown"}},{"type":"Feature","geometry":{"type":"Point","coordinates":[-90.07632,30.01047]},"properties":{"probability":0.212,"inBuffer":false,"facType":"unknown"}},{"type":"Feature","geometry":{"type":"Point","coordinates":[-90.07183,30.01047]},"properties":{"probability":0.212,"inBuffer":false,"facType":"unknown"}},{"type":"Feature","geometry":{"type":"Point","coordinates":[-90.06734,30.01047]},"properties":{"probability":0.08,"inBuffer":false,"facType":"unknown"}},{"type":"Feature","geometry":{"type":"Point","coordinates":[-90.06284,30.01047]},"properties":{"probability":0.087,"inBuffer":false,"facType":"unknown"}},{"type":"Feature","geometry":{"type":"Point","coordinates":[-90.05835,30.01047]},"properties":{"probability":0.225,"inBuffer":false,"facType":"unknown"}},{"type":"Feature","geometry":{"type":"Point","coordinates":[-90.05386,30.01047]},"properties":{"probability":0.928,"inBuffer":false,"facType":"unknown"}},{"type":"Feature","geometry":{"type":"Point","coordinates":[-90.04937,30.01047]},"properties":{"probability":0.449,"inBuffer":false,"facType":"unknown"}},{"type":"Feature","geometry":{"type":"Point","coordinates":[-90.04488,30.01047]},"properties":{"probability":0.471,"inBuffer":false,"facType":"unknown"}},{"type":"Feature","geometry":{"type":"Point","coordinates":[-90.04039,30.01047]},"properties":{"probability":0.487,"inBuffer":false,"facType":"unknown"}},{"type":"Feature","geometry":{"type":"Point","coordinates":[-90.0359,30.01047]},"properties":{"probability":0.386,"inBuffer":false,"facType":"unknown"}},{"type":"Feature","geometry":{"type":"Point","coordinates":[-90.0314,30.01047]},"properties":{"probability":0.608,"inBuffer":false,"facType":"unknown"}},{"type":"Feature","geometry":{"type":"Point","coordinates":[-90.02691,30.01047]},"properties":{"probability":0.956,"inBuffer":false,"facType":"unknown"}},{"type":"Feature","geometry":{"type":"Point","coordinates":[-90.02242,30.01047]},"properties":{"probability":0.959,"inBuffer":false,"facType":"unknown"}},{"type":"Feature","geometry":{"type":"Point","coordinates":[-90.01793,30.01047]},"properties":{"probability":0.958,"inBuffer":false,"facType":"unknown"}},{"type":"Feature","geometry":{"type":"Point","coordinates":[-90.01344,30.01047]},"properties":{"probability":0.377,"inBuffer":false,"facType":"unknown"}},{"type":"Feature","geometry":{"type":"Point","coordinates":[-90.00895,30.01047]},"properties":{"probability":0.29,"inBuffer":false,"facType":"unknown"}},{"type":"Feature","geometry":{"type":"Point","coordinates":[-90.00445,30.01047]},"properties":{"probability":0.288,"inBuffer":false,"facType":"unknown"}},{"type":"Feature","geometry":{"type":"Point","coordinates":[-89.99996,30.01047]},"properties":{"probability":0.288,"inBuffer":false,"facType":"unknown"}},{"type":"Feature","geometry":{"type":"Point","coordinates":[-89.99547,30.01047]},"properties":{"probability":0.293,"inBuffer":false,"facType":"unknown"}},{"type":"Feature","geometry":{"type":"Point","coordinates":[-89.99098,30.01047]},"properties":{"probability":0.262,"inBuffer":false,"facType":"unknown"}},{"type":"Feature","geometry":{"type":"Point","coordinates":[-89.98649,30.01047]},"properties":{"probability":0.229,"inBuffer":false,"facType":"unknown"}},{"type":"Feature","geometry":{"type":"Point","coordinates":[-89.982,30.01047]},"properties":{"probability":0.212,"inBuffer":false,"facType":"unknown"}},{"type":"Feature","geometry":{"type":"Point","coordinates":[-89.9775,30.01047]},"properties":{"probability":0.209,"inBuffer":false,"facType":"unknown"}},{"type":"Feature","geometry":{"type":"Point","coordinates":[-89.97301,30.01047]},"properties":{"probability":0.187,"inBuffer":false,"facType":"unknown"}},{"type":"Feature","geometry":{"type":"Point","coordinates":[-89.96852,30.01047]},"properties":{"probability":0.182,"inBuffer":false,"facType":"unknown"}},{"type":"Feature","geometry":{"type":"Point","coordinates":[-89.96403,30.01047]},"properties":{"probability":0.187,"inBuffer":false,"facType":"unknown"}},{"type":"Feature","geometry":{"type":"Point","coordinates":[-89.95954,30.01047]},"properties":{"probability":0.053,"inBuffer":false,"facType":"unknown"}},{"type":"Feature","geometry":{"type":"Point","coordinates":[-89.94606,30.01047]},"properties":{"probability":0.171,"inBuffer":false,"facType":"unknown"}},{"type":"Feature","geometry":{"type":"Point","coordinates":[-89.94157,30.01047]},"properties":{"probability":0.654,"inBuffer":false,"facType":"unknown"}},{"type":"Feature","geometry":{"type":"Point","coordinates":[-89.93708,30.01047]},"properties":{"probability":0.643,"inBuffer":false,"facType":"unknown"}},{"type":"Feature","geometry":{"type":"Point","coordinates":[-89.93259,30.01047]},"properties":{"probability":0.848,"inBuffer":false,"facType":"unknown"}},{"type":"Feature","geometry":{"type":"Point","coordinates":[-89.9281,30.01047]},"properties":{"probability":0.3,"inBuffer":false,"facType":"unknown"}},{"type":"Feature","geometry":{"type":"Point","coordinates":[-89.92361,30.01047]},"properties":{"probability":0.15,"inBuffer":false,"facType":"unknown"}},{"type":"Feature","geometry":{"type":"Point","coordinates":[-89.91911,30.01047]},"properties":{"probability":0.126,"inBuffer":false,"facType":"unknown"}},{"type":"Feature","geometry":{"type":"Point","coordinates":[-89.91462,30.01047]},"properties":{"probability":0.129,"inBuffer":false,"facType":"unknown"}},{"type":"Feature","geometry":{"type":"Point","coordinates":[-90.20208,30.00598]},"properties":{"probability":0.253,"inBuffer":false,"facType":"unknown"}},{"type":"Feature","geometry":{"type":"Point","coordinates":[-90.19759,30.00598]},"properties":{"probability":0.307,"inBuffer":false,"facType":"unknown"}},{"type":"Feature","geometry":{"type":"Point","coordinates":[-90.1931,30.00598]},"properties":{"probability":0.385,"inBuffer":false,"facType":"unknown"}},{"type":"Feature","geometry":{"type":"Point","coordinates":[-90.18861,30.00598]},"properties":{"probability":0.385,"inBuffer":false,"facType":"unknown"}},{"type":"Feature","geometry":{"type":"Point","coordinates":[-90.18412,30.00598]},"properties":{"probability":0.375,"inBuffer":false,"facType":"unknown"}},{"type":"Feature","geometry":{"type":"Point","coordinates":[-90.17963,30.00598]},"properties":{"probability":0.385,"inBuffer":false,"facType":"unknown"}},{"type":"Feature","geometry":{"type":"Point","coordinates":[-90.17513,30.00598]},"properties":{"probability":0.384,"inBuffer":false,"facType":"unknown"}},{"type":"Feature","geometry":{"type":"Point","coordinates":[-90.17064,30.00598]},"properties":{"probability":0.282,"inBuffer":false,"facType":"unknown"}},{"type":"Feature","geometry":{"type":"Point","coordinates":[-90.16615,30.00598]},"properties":{"probability":0.961,"inBuffer":false,"facType":"unknown"}},{"type":"Feature","geometry":{"type":"Point","coordinates":[-90.16166,30.00598]},"properties":{"probability":0.961,"inBuffer":false,"facType":"unknown"}},{"type":"Feature","geometry":{"type":"Point","coordinates":[-90.15717,30.00598]},"properties":{"probability":0.958,"inBuffer":false,"facType":"unknown"}},{"type":"Feature","geometry":{"type":"Point","coordinates":[-90.15268,30.00598]},"properties":{"probability":0.958,"inBuffer":false,"facType":"unknown"}},{"type":"Feature","geometry":{"type":"Point","coordinates":[-90.14818,30.00598]},"properties":{"probability":0.264,"inBuffer":false,"facType":"unknown"}},{"type":"Feature","geometry":{"type":"Point","coordinates":[-90.14369,30.00598]},"properties":{"probability":0.241,"inBuffer":false,"facType":"unknown"}},{"type":"Feature","geometry":{"type":"Point","coordinates":[-90.1392,30.00598]},"properties":{"probability":0.263,"inBuffer":false,"facType":"unknown"}},{"type":"Feature","geometry":{"type":"Point","coordinates":[-90.13471,30.00598]},"properties":{"probability":0.26,"inBuffer":false,"facType":"unknown"}},{"type":"Feature","geometry":{"type":"Point","coordinates":[-90.13022,30.00598]},"properties":{"probability":0.142,"inBuffer":false,"facType":"unknown"}},{"type":"Feature","geometry":{"type":"Point","coordinates":[-90.12573,30.00598]},"properties":{"probability":0.156,"inBuffer":false,"facType":"unknown"}},{"type":"Feature","geometry":{"type":"Point","coordinates":[-90.12124,30.00598]},"properties":{"probability":0.362,"inBuffer":false,"facType":"unknown"}},{"type":"Feature","geometry":{"type":"Point","coordinates":[-90.11674,30.00598]},"properties":{"probability":0.473,"inBuffer":false,"facType":"unknown"}},{"type":"Feature","geometry":{"type":"Point","coordinates":[-90.11225,30.00598]},"properties":{"probability":0.944,"inBuffer":false,"facType":"unknown"}},{"type":"Feature","geometry":{"type":"Point","coordinates":[-90.10776,30.00598]},"properties":{"probability":0.934,"inBuffer":false,"facType":"unknown"}},{"type":"Feature","geometry":{"type":"Point","coordinates":[-90.10327,30.00598]},"properties":{"probability":0.917,"inBuffer":false,"facType":"unknown"}},{"type":"Feature","geometry":{"type":"Point","coordinates":[-90.09878,30.00598]},"properties":{"probability":0.893,"inBuffer":false,"facType":"unknown"}},{"type":"Feature","geometry":{"type":"Point","coordinates":[-90.09429,30.00598]},"properties":{"probability":0.169,"inBuffer":false,"facType":"unknown"}},{"type":"Feature","geometry":{"type":"Point","coordinates":[-90.08979,30.00598]},"properties":{"probability":0.127,"inBuffer":false,"facType":"unknown"}},{"type":"Feature","geometry":{"type":"Point","coordinates":[-90.0853,30.00598]},"properties":{"probability":0.185,"inBuffer":false,"facType":"unknown"}},{"type":"Feature","geometry":{"type":"Point","coordinates":[-90.08081,30.00598]},"properties":{"probability":0.204,"inBuffer":false,"facType":"unknown"}},{"type":"Feature","geometry":{"type":"Point","coordinates":[-90.07632,30.00598]},"properties":{"probability":0.229,"inBuffer":false,"facType":"unknown"}},{"type":"Feature","geometry":{"type":"Point","coordinates":[-90.07183,30.00598]},"properties":{"probability":0.228,"inBuffer":false,"facType":"unknown"}},{"type":"Feature","geometry":{"type":"Point","coordinates":[-90.06734,30.00598]},"properties":{"probability":0.087,"inBuffer":false,"facType":"unknown"}},{"type":"Feature","geometry":{"type":"Point","coordinates":[-90.06284,30.00598]},"properties":{"probability":0.476,"inBuffer":false,"facType":"unknown"}},{"type":"Feature","geometry":{"type":"Point","coordinates":[-90.05835,30.00598]},"properties":{"probability":0.344,"inBuffer":false,"facType":"unknown"}},{"type":"Feature","geometry":{"type":"Point","coordinates":[-90.05386,30.00598]},"properties":{"probability":0.084,"inBuffer":false,"facType":"unknown"}},{"type":"Feature","geometry":{"type":"Point","coordinates":[-90.04937,30.00598]},"properties":{"probability":0.125,"inBuffer":false,"facType":"unknown"}},{"type":"Feature","geometry":{"type":"Point","coordinates":[-90.04488,30.00598]},"properties":{"probability":0.15,"inBuffer":false,"facType":"unknown"}},{"type":"Feature","geometry":{"type":"Point","coordinates":[-90.04039,30.00598]},"properties":{"probability":0.957,"inBuffer":false,"facType":"unknown"}},{"type":"Feature","geometry":{"type":"Point","coordinates":[-90.0359,30.00598]},"properties":{"probability":0.956,"inBuffer":false,"facType":"unknown"}},{"type":"Feature","geometry":{"type":"Point","coordinates":[-90.0314,30.00598]},"properties":{"probability":0.956,"inBuffer":false,"facType":"unknown"}},{"type":"Feature","geometry":{"type":"Point","coordinates":[-90.02691,30.00598]},"properties":{"probability":0.954,"inBuffer":false,"facType":"unknown"}},{"type":"Feature","geometry":{"type":"Point","coordinates":[-90.02242,30.00598]},"properties":{"probability":0.958,"inBuffer":false,"facType":"unknown"}},{"type":"Feature","geometry":{"type":"Point","coordinates":[-90.01793,30.00598]},"properties":{"probability":0.396,"inBuffer":false,"facType":"unknown"}},{"type":"Feature","geometry":{"type":"Point","coordinates":[-90.01344,30.00598]},"properties":{"probability":0.373,"inBuffer":false,"facType":"unknown"}},{"type":"Feature","geometry":{"type":"Point","coordinates":[-90.00895,30.00598]},"properties":{"probability":0.292,"inBuffer":false,"facType":"unknown"}},{"type":"Feature","geometry":{"type":"Point","coordinates":[-90.00445,30.00598]},"properties":{"probability":0.289,"inBuffer":false,"facType":"unknown"}},{"type":"Feature","geometry":{"type":"Point","coordinates":[-89.99996,30.00598]},"properties":{"probability":0.261,"inBuffer":false,"facType":"unknown"}},{"type":"Feature","geometry":{"type":"Point","coordinates":[-89.99547,30.00598]},"properties":{"probability":0.249,"inBuffer":false,"facType":"unknown"}},{"type":"Feature","geometry":{"type":"Point","coordinates":[-89.99098,30.00598]},"properties":{"probability":0.197,"inBuffer":false,"facType":"unknown"}},{"type":"Feature","geometry":{"type":"Point","coordinates":[-89.98649,30.00598]},"properties":{"probability":0.181,"inBuffer":false,"facType":"unknown"}},{"type":"Feature","geometry":{"type":"Point","coordinates":[-89.982,30.00598]},"properties":{"probability":0.196,"inBuffer":false,"facType":"unknown"}},{"type":"Feature","geometry":{"type":"Point","coordinates":[-89.9775,30.00598]},"properties":{"probability":0.147,"inBuffer":false,"facType":"unknown"}},{"type":"Feature","geometry":{"type":"Point","coordinates":[-89.97301,30.00598]},"properties":{"probability":0.144,"inBuffer":false,"facType":"unknown"}},{"type":"Feature","geometry":{"type":"Point","coordinates":[-89.96852,30.00598]},"properties":{"probability":0.171,"inBuffer":false,"facType":"unknown"}},{"type":"Feature","geometry":{"type":"Point","coordinates":[-89.96403,30.00598]},"properties":{"probability":0.201,"inBuffer":false,"facType":"unknown"}},{"type":"Feature","geometry":{"type":"Point","coordinates":[-89.95954,30.00598]},"properties":{"probability":0.06,"inBuffer":false,"facType":"unknown"}},{"type":"Feature","geometry":{"type":"Point","coordinates":[-89.94157,30.00598]},"properties":{"probability":0.416,"inBuffer":false,"facType":"unknown"}},{"type":"Feature","geometry":{"type":"Point","coordinates":[-89.93708,30.00598]},"properties":{"probability":0.579,"inBuffer":false,"facType":"unknown"}},{"type":"Feature","geometry":{"type":"Point","coordinates":[-89.93259,30.00598]},"properties":{"probability":0.269,"inBuffer":false,"facType":"unknown"}},{"type":"Feature","geometry":{"type":"Point","coordinates":[-89.92361,30.00598]},"properties":{"probability":0.209,"inBuffer":false,"facType":"unknown"}},{"type":"Feature","geometry":{"type":"Point","coordinates":[-90.20208,30.00148]},"properties":{"probability":0.288,"inBuffer":false,"facType":"unknown"}},{"type":"Feature","geometry":{"type":"Point","coordinates":[-90.19759,30.00148]},"properties":{"probability":0.364,"inBuffer":false,"facType":"unknown"}},{"type":"Feature","geometry":{"type":"Point","coordinates":[-90.1931,30.00148]},"properties":{"probability":0.38,"inBuffer":false,"facType":"unknown"}},{"type":"Feature","geometry":{"type":"Point","coordinates":[-90.18861,30.00148]},"properties":{"probability":0.958,"inBuffer":false,"facType":"unknown"}},{"type":"Feature","geometry":{"type":"Point","coordinates":[-90.18412,30.00148]},"properties":{"probability":0.959,"inBuffer":false,"facType":"unknown"}},{"type":"Feature","geometry":{"type":"Point","coordinates":[-90.17963,30.00148]},"properties":{"probability":0.393,"inBuffer":false,"facType":"unknown"}},{"type":"Feature","geometry":{"type":"Point","coordinates":[-90.17513,30.00148]},"properties":{"probability":0.228,"inBuffer":false,"facType":"unknown"}},{"type":"Feature","geometry":{"type":"Point","coordinates":[-90.17064,30.00148]},"properties":{"probability":0.192,"inBuffer":false,"facType":"unknown"}},{"type":"Feature","geometry":{"type":"Point","coordinates":[-90.16615,30.00148]},"properties":{"probability":0.957,"inBuffer":false,"facType":"unknown"}},{"type":"Feature","geometry":{"type":"Point","coordinates":[-90.16166,30.00148]},"properties":{"probability":0.96,"inBuffer":false,"facType":"unknown"}},{"type":"Feature","geometry":{"type":"Point","coordinates":[-90.15717,30.00148]},"properties":{"probability":0.959,"inBuffer":false,"facType":"unknown"}},{"type":"Feature","geometry":{"type":"Point","coordinates":[-90.15268,30.00148]},"properties":{"probability":0.958,"inBuffer":false,"facType":"unknown"}},{"type":"Feature","geometry":{"type":"Point","coordinates":[-90.14818,30.00148]},"properties":{"probability":0.37,"inBuffer":false,"facType":"unknown"}},{"type":"Feature","geometry":{"type":"Point","coordinates":[-90.14369,30.00148]},"properties":{"probability":0.267,"inBuffer":false,"facType":"unknown"}},{"type":"Feature","geometry":{"type":"Point","coordinates":[-90.1392,30.00148]},"properties":{"probability":0.955,"inBuffer":false,"facType":"unknown"}},{"type":"Feature","geometry":{"type":"Point","coordinates":[-90.13471,30.00148]},"properties":{"probability":0.955,"inBuffer":false,"facType":"unknown"}},{"type":"Feature","geometry":{"type":"Point","coordinates":[-90.13022,30.00148]},"properties":{"probability":0.62,"inBuffer":false,"facType":"unknown"}},{"type":"Feature","geometry":{"type":"Point","coordinates":[-90.12573,30.00148]},"properties":{"probability":0.677,"inBuffer":false,"facType":"unknown"}},{"type":"Feature","geometry":{"type":"Point","coordinates":[-90.12124,30.00148]},"properties":{"probability":0.641,"inBuffer":false,"facType":"unknown"}},{"type":"Feature","geometry":{"type":"Point","coordinates":[-90.11674,30.00148]},"properties":{"probability":0.14,"inBuffer":false,"facType":"unknown"}},{"type":"Feature","geometry":{"type":"Point","coordinates":[-90.11225,30.00148]},"properties":{"probability":0.931,"inBuffer":false,"facType":"unknown"}},{"type":"Feature","geometry":{"type":"Point","coordinates":[-90.10776,30.00148]},"properties":{"probability":0.934,"inBuffer":false,"facType":"unknown"}},{"type":"Feature","geometry":{"type":"Point","coordinates":[-90.10327,30.00148]},"properties":{"probability":0.916,"inBuffer":false,"facType":"unknown"}},{"type":"Feature","geometry":{"type":"Point","coordinates":[-90.09878,30.00148]},"properties":{"probability":0.193,"inBuffer":false,"facType":"unknown"}},{"type":"Feature","geometry":{"type":"Point","coordinates":[-90.09429,30.00148]},"properties":{"probability":0.168,"inBuffer":false,"facType":"unknown"}},{"type":"Feature","geometry":{"type":"Point","coordinates":[-90.08979,30.00148]},"properties":{"probability":0.151,"inBuffer":false,"facType":"unknown"}},{"type":"Feature","geometry":{"type":"Point","coordinates":[-90.0853,30.00148]},"properties":{"probability":0.204,"inBuffer":false,"facType":"unknown"}},{"type":"Feature","geometry":{"type":"Point","coordinates":[-90.08081,30.00148]},"properties":{"probability":0.232,"inBuffer":false,"facType":"unknown"}},{"type":"Feature","geometry":{"type":"Point","coordinates":[-90.07632,30.00148]},"properties":{"probability":0.925,"inBuffer":false,"facType":"unknown"}},{"type":"Feature","geometry":{"type":"Point","coordinates":[-90.07183,30.00148]},"properties":{"probability":0.912,"inBuffer":false,"facType":"unknown"}},{"type":"Feature","geometry":{"type":"Point","coordinates":[-90.06734,30.00148]},"properties":{"probability":0.451,"inBuffer":false,"facType":"unknown"}},{"type":"Feature","geometry":{"type":"Point","coordinates":[-90.06284,30.00148]},"properties":{"probability":0.64,"inBuffer":false,"facType":"unknown"}},{"type":"Feature","geometry":{"type":"Point","coordinates":[-90.05835,30.00148]},"properties":{"probability":0.642,"inBuffer":false,"facType":"unknown"}},{"type":"Feature","geometry":{"type":"Point","coordinates":[-90.05386,30.00148]},"properties":{"probability":0.092,"inBuffer":false,"facType":"unknown"}},{"type":"Feature","geometry":{"type":"Point","coordinates":[-90.04937,30.00148]},"properties":{"probability":0.108,"inBuffer":false,"facType":"unknown"}},{"type":"Feature","geometry":{"type":"Point","coordinates":[-90.04488,30.00148]},"properties":{"probability":0.263,"inBuffer":false,"facType":"unknown"}},{"type":"Feature","geometry":{"type":"Point","coordinates":[-90.04039,30.00148]},"properties":{"probability":0.955,"inBuffer":false,"facType":"unknown"}},{"type":"Feature","geometry":{"type":"Point","coordinates":[-90.0359,30.00148]},"properties":{"probability":0.956,"inBuffer":false,"facType":"unknown"}},{"type":"Feature","geometry":{"type":"Point","coordinates":[-90.0314,30.00148]},"properties":{"probability":0.956,"inBuffer":false,"facType":"unknown"}},{"type":"Feature","geometry":{"type":"Point","coordinates":[-90.02691,30.00148]},"properties":{"probability":0.257,"inBuffer":false,"facType":"unknown"}},{"type":"Feature","geometry":{"type":"Point","coordinates":[-90.02242,30.00148]},"properties":{"probability":0.375,"inBuffer":false,"facType":"unknown"}},{"type":"Feature","geometry":{"type":"Point","coordinates":[-90.01793,30.00148]},"properties":{"probability":0.373,"inBuffer":false,"facType":"unknown"}},{"type":"Feature","geometry":{"type":"Point","coordinates":[-90.01344,30.00148]},"properties":{"probability":0.287,"inBuffer":false,"facType":"unknown"}},{"type":"Feature","geometry":{"type":"Point","coordinates":[-90.00895,30.00148]},"properties":{"probability":0.21,"inBuffer":false,"facType":"unknown"}},{"type":"Feature","geometry":{"type":"Point","coordinates":[-90.00445,30.00148]},"properties":{"probability":0.188,"inBuffer":false,"facType":"unknown"}},{"type":"Feature","geometry":{"type":"Point","coordinates":[-89.99996,30.00148]},"properties":{"probability":0.231,"inBuffer":false,"facType":"unknown"}},{"type":"Feature","geometry":{"type":"Point","coordinates":[-89.99547,30.00148]},"properties":{"probability":0.207,"inBuffer":false,"facType":"unknown"}},{"type":"Feature","geometry":{"type":"Point","coordinates":[-89.98649,30.00148]},"properties":{"probability":0.182,"inBuffer":false,"facType":"unknown"}},{"type":"Feature","geometry":{"type":"Point","coordinates":[-89.982,30.00148]},"properties":{"probability":0.181,"inBuffer":false,"facType":"unknown"}},{"type":"Feature","geometry":{"type":"Point","coordinates":[-89.9775,30.00148]},"properties":{"probability":0.12,"inBuffer":false,"facType":"unknown"}},{"type":"Feature","geometry":{"type":"Point","coordinates":[-89.97301,30.00148]},"properties":{"probability":0.124,"inBuffer":false,"facType":"unknown"}},{"type":"Feature","geometry":{"type":"Point","coordinates":[-89.96852,30.00148]},"properties":{"probability":0.119,"inBuffer":false,"facType":"unknown"}},{"type":"Feature","geometry":{"type":"Point","coordinates":[-90.20208,29.99699]},"properties":{"probability":0.265,"inBuffer":false,"facType":"unknown"}},{"type":"Feature","geometry":{"type":"Point","coordinates":[-90.19759,29.99699]},"properties":{"probability":0.376,"inBuffer":false,"facType":"unknown"}},{"type":"Feature","geometry":{"type":"Point","coordinates":[-90.1931,29.99699]},"properties":{"probability":0.955,"inBuffer":false,"facType":"unknown"}},{"type":"Feature","geometry":{"type":"Point","coordinates":[-90.18861,29.99699]},"properties":{"probability":0.958,"inBuffer":false,"facType":"unknown"}},{"type":"Feature","geometry":{"type":"Point","coordinates":[-90.18412,29.99699]},"properties":{"probability":0.959,"inBuffer":false,"facType":"unknown"}},{"type":"Feature","geometry":{"type":"Point","coordinates":[-90.17963,29.99699]},"properties":{"probability":0.957,"inBuffer":false,"facType":"unknown"}},{"type":"Feature","geometry":{"type":"Point","coordinates":[-90.17513,29.99699]},"properties":{"probability":0.638,"inBuffer":false,"facType":"unknown"}},{"type":"Feature","geometry":{"type":"Point","coordinates":[-90.17064,29.99699]},"properties":{"probability":0.6,"inBuffer":false,"facType":"unknown"}},{"type":"Feature","geometry":{"type":"Point","coordinates":[-90.16615,29.99699]},"properties":{"probability":0.957,"inBuffer":false,"facType":"unknown"}},{"type":"Feature","geometry":{"type":"Point","coordinates":[-90.16166,29.99699]},"properties":{"probability":0.959,"inBuffer":false,"facType":"unknown"}},{"type":"Feature","geometry":{"type":"Point","coordinates":[-90.15717,29.99699]},"properties":{"probability":0.959,"inBuffer":false,"facType":"unknown"}},{"type":"Feature","geometry":{"type":"Point","coordinates":[-90.15268,29.99699]},"properties":{"probability":0.957,"inBuffer":false,"facType":"unknown"}},{"type":"Feature","geometry":{"type":"Point","coordinates":[-90.14818,29.99699]},"properties":{"probability":0.95,"inBuffer":false,"facType":"unknown"}},{"type":"Feature","geometry":{"type":"Point","coordinates":[-90.14369,29.99699]},"properties":{"probability":0.267,"inBuffer":false,"facType":"unknown"}},{"type":"Feature","geometry":{"type":"Point","coordinates":[-90.1392,29.99699]},"properties":{"probability":0.952,"inBuffer":false,"facType":"unknown"}},{"type":"Feature","geometry":{"type":"Point","coordinates":[-90.13471,29.99699]},"properties":{"probability":0.953,"inBuffer":false,"facType":"unknown"}},{"type":"Feature","geometry":{"type":"Point","coordinates":[-90.13022,29.99699]},"properties":{"probability":0.954,"inBuffer":false,"facType":"unknown"}},{"type":"Feature","geometry":{"type":"Point","coordinates":[-90.12573,29.99699]},"properties":{"probability":0.663,"inBuffer":false,"facType":"unknown"}},{"type":"Feature","geometry":{"type":"Point","coordinates":[-90.12124,29.99699]},"properties":{"probability":0.646,"inBuffer":false,"facType":"unknown"}},{"type":"Feature","geometry":{"type":"Point","coordinates":[-90.11674,29.99699]},"properties":{"probability":0.094,"inBuffer":false,"facType":"unknown"}},{"type":"Feature","geometry":{"type":"Point","coordinates":[-90.11225,29.99699]},"properties":{"probability":0.231,"inBuffer":false,"facType":"unknown"}},{"type":"Feature","geometry":{"type":"Point","coordinates":[-90.10776,29.99699]},"properties":{"probability":0.228,"inBuffer":false,"facType":"unknown"}},{"type":"Feature","geometry":{"type":"Point","coordinates":[-90.10327,29.99699]},"properties":{"probability":0.208,"inBuffer":false,"facType":"unknown"}},{"type":"Feature","geometry":{"type":"Point","coordinates":[-90.09878,29.99699]},"properties":{"probability":0.169,"inBuffer":false,"facType":"unknown"}},{"type":"Feature","geometry":{"type":"Point","coordinates":[-90.09429,29.99699]},"properties":{"probability":0.155,"inBuffer":false,"facType":"unknown"}},{"type":"Feature","geometry":{"type":"Point","coordinates":[-90.08979,29.99699]},"properties":{"probability":0.211,"inBuffer":false,"facType":"unknown"}},{"type":"Feature","geometry":{"type":"Point","coordinates":[-90.0853,29.99699]},"properties":{"probability":0.254,"inBuffer":false,"facType":"unknown"}},{"type":"Feature","geometry":{"type":"Point","coordinates":[-90.08081,29.99699]},"properties":{"probability":0.942,"inBuffer":false,"facType":"unknown"}},{"type":"Feature","geometry":{"type":"Point","coordinates":[-90.07632,29.99699]},"properties":{"probability":0.944,"inBuffer":false,"facType":"unknown"}},{"type":"Feature","geometry":{"type":"Point","coordinates":[-90.07183,29.99699]},"properties":{"probability":0.917,"inBuffer":false,"facType":"unknown"}},{"type":"Feature","geometry":{"type":"Point","coordinates":[-90.06734,29.99699]},"properties":{"probability":0.473,"inBuffer":false,"facType":"unknown"}},{"type":"Feature","geometry":{"type":"Point","coordinates":[-90.06284,29.99699]},"properties":{"probability":0.642,"inBuffer":false,"facType":"unknown"}},{"type":"Feature","geometry":{"type":"Point","coordinates":[-90.05835,29.99699]},"properties":{"probability":0.596,"inBuffer":false,"facType":"unknown"}},{"type":"Feature","geometry":{"type":"Point","coordinates":[-90.05386,29.99699]},"properties":{"probability":0.086,"inBuffer":false,"facType":"unknown"}},{"type":"Feature","geometry":{"type":"Point","coordinates":[-90.04937,29.99699]},"properties":{"probability":0.086,"inBuffer":false,"facType":"unknown"}},{"type":"Feature","geometry":{"type":"Point","coordinates":[-90.04488,29.99699]},"properties":{"probability":0.532,"inBuffer":false,"facType":"unknown"}},{"type":"Feature","geometry":{"type":"Point","coordinates":[-90.04039,29.99699]},"properties":{"probability":0.552,"inBuffer":false,"facType":"unknown"}},{"type":"Feature","geometry":{"type":"Point","coordinates":[-90.0359,29.99699]},"properties":{"probability":0.953,"inBuffer":false,"facType":"unknown"}},{"type":"Feature","geometry":{"type":"Point","coordinates":[-90.0314,29.99699]},"properties":{"probability":0.955,"inBuffer":false,"facType":"unknown"}},{"type":"Feature","geometry":{"type":"Point","coordinates":[-90.02691,29.99699]},"properties":{"probability":0.92,"inBuffer":false,"facType":"unknown"}},{"type":"Feature","geometry":{"type":"Point","coordinates":[-90.02242,29.99699]},"properties":{"probability":0.354,"inBuffer":false,"facType":"unknown"}},{"type":"Feature","geometry":{"type":"Point","coordinates":[-90.01793,29.99699]},"properties":{"probability":0.338,"inBuffer":false,"facType":"unknown"}},{"type":"Feature","geometry":{"type":"Point","coordinates":[-90.01344,29.99699]},"properties":{"probability":0.246,"inBuffer":false,"facType":"unknown"}},{"type":"Feature","geometry":{"type":"Point","coordinates":[-90.00895,29.99699]},"properties":{"probability":0.181,"inBuffer":false,"facType":"unknown"}},{"type":"Feature","geometry":{"type":"Point","coordinates":[-90.00445,29.99699]},"properties":{"probability":0.182,"inBuffer":false,"facType":"unknown"}},{"type":"Feature","geometry":{"type":"Point","coordinates":[-90.20208,29.9925]},"properties":{"probability":0.08,"inBuffer":false,"facType":"unknown"}},{"type":"Feature","geometry":{"type":"Point","coordinates":[-90.19759,29.9925]},"properties":{"probability":0.383,"inBuffer":false,"facType":"unknown"}},{"type":"Feature","geometry":{"type":"Point","coordinates":[-90.1931,29.9925]},"properties":{"probability":0.369,"inBuffer":false,"facType":"unknown"}},{"type":"Feature","geometry":{"type":"Point","coordinates":[-90.18861,29.9925]},"properties":{"probability":0.956,"inBuffer":false,"facType":"unknown"}},{"type":"Feature","geometry":{"type":"Point","coordinates":[-90.18412,29.9925]},"properties":{"probability":0.957,"inBuffer":false,"facType":"unknown"}},{"type":"Feature","geometry":{"type":"Point","coordinates":[-90.17963,29.9925]},"properties":{"probability":0.479,"inBuffer":false,"facType":"unknown"}},{"type":"Feature","geometry":{"type":"Point","coordinates":[-90.17513,29.9925]},"properties":{"probability":0.689,"inBuffer":false,"facType":"unknown"}},{"type":"Feature","geometry":{"type":"Point","coordinates":[-90.17064,29.9925]},"properties":{"probability":0.645,"inBuffer":false,"facType":"unknown"}},{"type":"Feature","geometry":{"type":"Point","coordinates":[-90.16615,29.9925]},"properties":{"probability":0.599,"inBuffer":false,"facType":"unknown"}},{"type":"Feature","geometry":{"type":"Point","coordinates":[-90.16166,29.9925]},"properties":{"probability":0.382,"inBuffer":false,"facType":"unknown"}},{"type":"Feature","geometry":{"type":"Point","coordinates":[-90.15717,29.9925]},"properties":{"probability":0.957,"inBuffer":false,"facType":"unknown"}},{"type":"Feature","geometry":{"type":"Point","coordinates":[-90.15268,29.9925]},"properties":{"probability":0.956,"inBuffer":false,"facType":"unknown"}},{"type":"Feature","geometry":{"type":"Point","coordinates":[-90.14818,29.9925]},"properties":{"probability":0.946,"inBuffer":false,"facType":"unknown"}},{"type":"Feature","geometry":{"type":"Point","coordinates":[-90.14369,29.9925]},"properties":{"probability":0.379,"inBuffer":false,"facType":"unknown"}},{"type":"Feature","geometry":{"type":"Point","coordinates":[-90.1392,29.9925]},"properties":{"probability":0.946,"inBuffer":false,"facType":"unknown"}},{"type":"Feature","geometry":{"type":"Point","coordinates":[-90.13471,29.9925]},"properties":{"probability":0.947,"inBuffer":false,"facType":"unknown"}},{"type":"Feature","geometry":{"type":"Point","coordinates":[-90.13022,29.9925]},"properties":{"probability":0.947,"inBuffer":false,"facType":"unknown"}},{"type":"Feature","geometry":{"type":"Point","coordinates":[-90.12573,29.9925]},"properties":{"probability":0.348,"inBuffer":false,"facType":"unknown"}},{"type":"Feature","geometry":{"type":"Point","coordinates":[-90.12124,29.9925]},"properties":{"probability":0.139,"inBuffer":false,"facType":"unknown"}},{"type":"Feature","geometry":{"type":"Point","coordinates":[-90.11674,29.9925]},"properties":{"probability":0.269,"inBuffer":false,"facType":"unknown"}},{"type":"Feature","geometry":{"type":"Point","coordinates":[-90.11225,29.9925]},"properties":{"probability":0.234,"inBuffer":false,"facType":"unknown"}},{"type":"Feature","geometry":{"type":"Point","coordinates":[-90.10776,29.9925]},"properties":{"probability":0.231,"inBuffer":false,"facType":"unknown"}},{"type":"Feature","geometry":{"type":"Point","coordinates":[-90.10327,29.9925]},"properties":{"probability":0.221,"inBuffer":false,"facType":"unknown"}},{"type":"Feature","geometry":{"type":"Point","coordinates":[-90.09878,29.9925]},"properties":{"probability":0.069,"inBuffer":false,"facType":"unknown"}},{"type":"Feature","geometry":{"type":"Point","coordinates":[-90.09429,29.9925]},"properties":{"probability":0.198,"inBuffer":false,"facType":"unknown"}},{"type":"Feature","geometry":{"type":"Point","coordinates":[-90.08979,29.9925]},"properties":{"probability":0.239,"inBuffer":false,"facType":"unknown"}},{"type":"Feature","geometry":{"type":"Point","coordinates":[-90.0853,29.9925]},"properties":{"probability":0.251,"inBuffer":false,"facType":"unknown"}},{"type":"Feature","geometry":{"type":"Point","coordinates":[-90.08081,29.9925]},"properties":{"probability":0.266,"inBuffer":false,"facType":"unknown"}},{"type":"Feature","geometry":{"type":"Point","coordinates":[-90.07632,29.9925]},"properties":{"probability":0.949,"inBuffer":false,"facType":"unknown"}},{"type":"Feature","geometry":{"type":"Point","coordinates":[-90.07183,29.9925]},"properties":{"probability":0.947,"inBuffer":false,"facType":"unknown"}},{"type":"Feature","geometry":{"type":"Point","coordinates":[-90.06734,29.9925]},"properties":{"probability":0.259,"inBuffer":false,"facType":"unknown"}},{"type":"Feature","geometry":{"type":"Point","coordinates":[-90.06284,29.9925]},"properties":{"probability":0.17,"inBuffer":false,"facType":"unknown"}},{"type":"Feature","geometry":{"type":"Point","coordinates":[-90.05835,29.9925]},"properties":{"probability":0.17,"inBuffer":false,"facType":"unknown"}},{"type":"Feature","geometry":{"type":"Point","coordinates":[-90.05386,29.9925]},"properties":{"probability":0.128,"inBuffer":false,"facType":"unknown"}},{"type":"Feature","geometry":{"type":"Point","coordinates":[-90.04937,29.9925]},"properties":{"probability":0.493,"inBuffer":false,"facType":"unknown"}},{"type":"Feature","geometry":{"type":"Point","coordinates":[-90.04488,29.9925]},"properties":{"probability":0.507,"inBuffer":false,"facType":"unknown"}},{"type":"Feature","geometry":{"type":"Point","coordinates":[-90.04039,29.9925]},"properties":{"probability":0.526,"inBuffer":false,"facType":"unknown"}},{"type":"Feature","geometry":{"type":"Point","coordinates":[-90.0359,29.9925]},"properties":{"probability":0.94,"inBuffer":false,"facType":"unknown"}},{"type":"Feature","geometry":{"type":"Point","coordinates":[-90.0314,29.9925]},"properties":{"probability":0.942,"inBuffer":false,"facType":"unknown"}},{"type":"Feature","geometry":{"type":"Point","coordinates":[-90.02691,29.9925]},"properties":{"probability":0.904,"inBuffer":false,"facType":"unknown"}},{"type":"Feature","geometry":{"type":"Point","coordinates":[-90.02242,29.9925]},"properties":{"probability":0.876,"inBuffer":false,"facType":"unknown"}},{"type":"Feature","geometry":{"type":"Point","coordinates":[-90.01793,29.9925]},"properties":{"probability":0.321,"inBuffer":false,"facType":"unknown"}},{"type":"Feature","geometry":{"type":"Point","coordinates":[-90.01344,29.9925]},"properties":{"probability":0.197,"inBuffer":false,"facType":"unknown"}},{"type":"Feature","geometry":{"type":"Point","coordinates":[-90.00895,29.9925]},"properties":{"probability":0.186,"inBuffer":false,"facType":"unknown"}},{"type":"Feature","geometry":{"type":"Point","coordinates":[-90.20208,29.98801]},"properties":{"probability":0.123,"inBuffer":false,"facType":"unknown"}},{"type":"Feature","geometry":{"type":"Point","coordinates":[-90.19759,29.98801]},"properties":{"probability":0.105,"inBuffer":false,"facType":"unknown"}},{"type":"Feature","geometry":{"type":"Point","coordinates":[-90.1931,29.98801]},"properties":{"probability":0.374,"inBuffer":false,"facType":"unknown"}},{"type":"Feature","geometry":{"type":"Point","coordinates":[-90.18861,29.98801]},"properties":{"probability":0.376,"inBuffer":false,"facType":"unknown"}},{"type":"Feature","geometry":{"type":"Point","coordinates":[-90.18412,29.98801]},"properties":{"probability":0.367,"inBuffer":false,"facType":"unknown"}},{"type":"Feature","geometry":{"type":"Point","coordinates":[-90.17963,29.98801]},"properties":{"probability":0.176,"inBuffer":false,"facType":"unknown"}},{"type":"Feature","geometry":{"type":"Point","coordinates":[-90.17513,29.98801]},"properties":{"probability":0.617,"inBuffer":false,"facType":"unknown"}},{"type":"Feature","geometry":{"type":"Point","coordinates":[-90.17064,29.98801]},"properties":{"probability":0.597,"inBuffer":false,"facType":"unknown"}},{"type":"Feature","geometry":{"type":"Point","coordinates":[-90.16615,29.98801]},"properties":{"probability":0.394,"inBuffer":false,"facType":"unknown"}},{"type":"Feature","geometry":{"type":"Point","coordinates":[-90.16166,29.98801]},"properties":{"probability":0.367,"inBuffer":false,"facType":"unknown"}},{"type":"Feature","geometry":{"type":"Point","coordinates":[-90.15717,29.98801]},"properties":{"probability":0.95,"inBuffer":false,"facType":"unknown"}},{"type":"Feature","geometry":{"type":"Point","coordinates":[-90.15268,29.98801]},"properties":{"probability":0.952,"inBuffer":false,"facType":"unknown"}},{"type":"Feature","geometry":{"type":"Point","coordinates":[-90.14818,29.98801]},"properties":{"probability":0.374,"inBuffer":false,"facType":"unknown"}},{"type":"Feature","geometry":{"type":"Point","coordinates":[-90.14369,29.98801]},"properties":{"probability":0.268,"inBuffer":false,"facType":"unknown"}},{"type":"Feature","geometry":{"type":"Point","coordinates":[-90.1392,29.98801]},"properties":{"probability":0.267,"inBuffer":false,"facType":"unknown"}},{"type":"Feature","geometry":{"type":"Point","coordinates":[-90.13471,29.98801]},"properties":{"probability":0.255,"inBuffer":false,"facType":"unknown"}},{"type":"Feature","geometry":{"type":"Point","coordinates":[-90.13022,29.98801]},"properties":{"probability":0.264,"inBuffer":false,"facType":"unknown"}},{"type":"Feature","geometry":{"type":"Point","coordinates":[-90.12573,29.98801]},"properties":{"probability":0.142,"inBuffer":false,"facType":"unknown"}},{"type":"Feature","geometry":{"type":"Point","coordinates":[-90.12124,29.98801]},"properties":{"probability":0.265,"inBuffer":false,"facType":"unknown"}},{"type":"Feature","geometry":{"type":"Point","coordinates":[-90.11674,29.98801]},"properties":{"probability":0.269,"inBuffer":false,"facType":"unknown"}},{"type":"Feature","geometry":{"type":"Point","coordinates":[-90.11225,29.98801]},"properties":{"probability":0.942,"inBuffer":false,"facType":"unknown"}},{"type":"Feature","geometry":{"type":"Point","coordinates":[-90.10776,29.98801]},"properties":{"probability":0.95,"inBuffer":false,"facType":"unknown"}},{"type":"Feature","geometry":{"type":"Point","coordinates":[-90.10327,29.98801]},"properties":{"probability":0.537,"inBuffer":false,"facType":"unknown"}},{"type":"Feature","geometry":{"type":"Point","coordinates":[-90.09878,29.98801]},"properties":{"probability":0.225,"inBuffer":false,"facType":"unknown"}},{"type":"Feature","geometry":{"type":"Point","coordinates":[-90.09429,29.98801]},"properties":{"probability":0.927,"inBuffer":false,"facType":"unknown"}},{"type":"Feature","geometry":{"type":"Point","coordinates":[-90.08979,29.98801]},"properties":{"probability":0.26,"inBuffer":false,"facType":"unknown"}},{"type":"Feature","geometry":{"type":"Point","coordinates":[-90.0853,29.98801]},"properties":{"probability":0.267,"inBuffer":false,"facType":"unknown"}},{"type":"Feature","geometry":{"type":"Point","coordinates":[-90.08081,29.98801]},"properties":{"probability":0.242,"inBuffer":false,"facType":"unknown"}},{"type":"Feature","geometry":{"type":"Point","coordinates":[-90.07632,29.98801]},"properties":{"probability":0.254,"inBuffer":false,"facType":"unknown"}},{"type":"Feature","geometry":{"type":"Point","coordinates":[-90.07183,29.98801]},"properties":{"probability":0.261,"inBuffer":false,"facType":"unknown"}},{"type":"Feature","geometry":{"type":"Point","coordinates":[-90.06734,29.98801]},"properties":{"probability":0.25,"inBuffer":false,"facType":"unknown"}},{"type":"Feature","geometry":{"type":"Point","coordinates":[-90.06284,29.98801]},"properties":{"probability":0.267,"inBuffer":false,"facType":"unknown"}},{"type":"Feature","geometry":{"type":"Point","coordinates":[-90.05835,29.98801]},"properties":{"probability":0.268,"inBuffer":false,"facType":"unknown"}},{"type":"Feature","geometry":{"type":"Point","coordinates":[-90.05386,29.98801]},"properties":{"probability":0.155,"inBuffer":false,"facType":"unknown"}},{"type":"Feature","geometry":{"type":"Point","coordinates":[-90.04937,29.98801]},"properties":{"probability":0.597,"inBuffer":false,"facType":"unknown"}},{"type":"Feature","geometry":{"type":"Point","coordinates":[-90.04488,29.98801]},"properties":{"probability":0.521,"inBuffer":false,"facType":"unknown"}},{"type":"Feature","geometry":{"type":"Point","coordinates":[-90.04039,29.98801]},"properties":{"probability":0.446,"inBuffer":false,"facType":"unknown"}},{"type":"Feature","geometry":{"type":"Point","coordinates":[-90.0359,29.98801]},"properties":{"probability":0.941,"inBuffer":false,"facType":"unknown"}},{"type":"Feature","geometry":{"type":"Point","coordinates":[-90.0314,29.98801]},"properties":{"probability":0.939,"inBuffer":false,"facType":"unknown"}},{"type":"Feature","geometry":{"type":"Point","coordinates":[-90.02691,29.98801]},"properties":{"probability":0.911,"inBuffer":false,"facType":"unknown"}},{"type":"Feature","geometry":{"type":"Point","coordinates":[-90.02242,29.98801]},"properties":{"probability":0.326,"inBuffer":false,"facType":"unknown"}},{"type":"Feature","geometry":{"type":"Point","coordinates":[-90.01793,29.98801]},"properties":{"probability":0.332,"inBuffer":false,"facType":"unknown"}},{"type":"Feature","geometry":{"type":"Point","coordinates":[-90.01344,29.98801]},"properties":{"probability":0.182,"inBuffer":false,"facType":"unknown"}},{"type":"Feature","geometry":{"type":"Point","coordinates":[-90.20208,29.98352]},"properties":{"probability":0.142,"inBuffer":false,"facType":"unknown"}},{"type":"Feature","geometry":{"type":"Point","coordinates":[-90.19759,29.98352]},"properties":{"probability":0.127,"inBuffer":false,"facType":"unknown"}},{"type":"Feature","geometry":{"type":"Point","coordinates":[-90.1931,29.98352]},"properties":{"probability":0.238,"inBuffer":false,"facType":"unknown"}},{"type":"Feature","geometry":{"type":"Point","coordinates":[-90.18861,29.98352]},"properties":{"probability":0.258,"inBuffer":false,"facType":"unknown"}},{"type":"Feature","geometry":{"type":"Point","coordinates":[-90.18412,29.98352]},"properties":{"probability":0.269,"inBuffer":false,"facType":"unknown"}},{"type":"Feature","geometry":{"type":"Point","coordinates":[-90.17963,29.98352]},"properties":{"probability":0.269,"inBuffer":false,"facType":"unknown"}},{"type":"Feature","geometry":{"type":"Point","coordinates":[-90.17513,29.98352]},"properties":{"probability":0.159,"inBuffer":false,"facType":"unknown"}},{"type":"Feature","geometry":{"type":"Point","coordinates":[-90.17064,29.98352]},"properties":{"probability":0.145,"inBuffer":false,"facType":"unknown"}},{"type":"Feature","geometry":{"type":"Point","coordinates":[-90.16615,29.98352]},"properties":{"probability":0.145,"inBuffer":false,"facType":"unknown"}},{"type":"Feature","geometry":{"type":"Point","coordinates":[-90.16166,29.98352]},"properties":{"probability":0.272,"inBuffer":false,"facType":"unknown"}},{"type":"Feature","geometry":{"type":"Point","coordinates":[-90.15717,29.98352]},"properties":{"probability":0.276,"inBuffer":false,"facType":"unknown"}},{"type":"Feature","geometry":{"type":"Point","coordinates":[-90.15268,29.98352]},"properties":{"probability":0.276,"inBuffer":false,"facType":"unknown"}},{"type":"Feature","geometry":{"type":"Point","coordinates":[-90.14818,29.98352]},"properties":{"probability":0.949,"inBuffer":false,"facType":"unknown"}},{"type":"Feature","geometry":{"type":"Point","coordinates":[-90.14369,29.98352]},"properties":{"probability":0.953,"inBuffer":false,"facType":"unknown"}},{"type":"Feature","geometry":{"type":"Point","coordinates":[-90.1392,29.98352]},"properties":{"probability":0.95,"inBuffer":false,"facType":"unknown"}},{"type":"Feature","geometry":{"type":"Point","coordinates":[-90.13471,29.98352]},"properties":{"probability":0.948,"inBuffer":false,"facType":"unknown"}},{"type":"Feature","geometry":{"type":"Point","coordinates":[-90.13022,29.98352]},"properties":{"probability":0.261,"inBuffer":false,"facType":"unknown"}},{"type":"Feature","geometry":{"type":"Point","coordinates":[-90.12573,29.98352]},"properties":{"probability":0.244,"inBuffer":false,"facType":"unknown"}},{"type":"Feature","geometry":{"type":"Point","coordinates":[-90.12124,29.98352]},"properties":{"probability":0.217,"inBuffer":false,"facType":"unknown"}},{"type":"Feature","geometry":{"type":"Point","coordinates":[-90.11674,29.98352]},"properties":{"probability":0.906,"inBuffer":false,"facType":"unknown"}},{"type":"Feature","geometry":{"type":"Point","coordinates":[-90.11225,29.98352]},"properties":{"probability":0.947,"inBuffer":false,"facType":"unknown"}},{"type":"Feature","geometry":{"type":"Point","coordinates":[-90.10776,29.98352]},"properties":{"probability":0.648,"inBuffer":false,"facType":"unknown"}},{"type":"Feature","geometry":{"type":"Point","coordinates":[-90.10327,29.98352]},"properties":{"probability":0.637,"inBuffer":false,"facType":"unknown"}},{"type":"Feature","geometry":{"type":"Point","coordinates":[-90.09878,29.98352]},"properties":{"probability":0.948,"inBuffer":false,"facType":"unknown"}},{"type":"Feature","geometry":{"type":"Point","coordinates":[-90.09429,29.98352]},"properties":{"probability":0.947,"inBuffer":false,"facType":"unknown"}},{"type":"Feature","geometry":{"type":"Point","coordinates":[-90.08979,29.98352]},"properties":{"probability":0.948,"inBuffer":false,"facType":"unknown"}},{"type":"Feature","geometry":{"type":"Point","coordinates":[-90.0853,29.98352]},"properties":{"probability":0.942,"inBuffer":false,"facType":"unknown"}},{"type":"Feature","geometry":{"type":"Point","coordinates":[-90.08081,29.98352]},"properties":{"probability":0.255,"inBuffer":false,"facType":"unknown"}},{"type":"Feature","geometry":{"type":"Point","coordinates":[-90.07632,29.98352]},"properties":{"probability":0.239,"inBuffer":false,"facType":"unknown"}},{"type":"Feature","geometry":{"type":"Point","coordinates":[-90.07183,29.98352]},"properties":{"probability":0.244,"inBuffer":false,"facType":"unknown"}},{"type":"Feature","geometry":{"type":"Point","coordinates":[-90.06734,29.98352]},"properties":{"probability":0.265,"inBuffer":false,"facType":"unknown"}},{"type":"Feature","geometry":{"type":"Point","coordinates":[-90.06284,29.98352]},"properties":{"probability":0.95,"inBuffer":false,"facType":"unknown"}},{"type":"Feature","geometry":{"type":"Point","coordinates":[-90.05835,29.98352]},"properties":{"probability":0.956,"inBuffer":false,"facType":"unknown"}},{"type":"Feature","geometry":{"type":"Point","coordinates":[-90.05386,29.98352]},"properties":{"probability":0.953,"inBuffer":false,"facType":"unknown"}},{"type":"Feature","geometry":{"type":"Point","coordinates":[-90.04937,29.98352]},"properties":{"probability":0.548,"inBuffer":false,"facType":"unknown"}},{"type":"Feature","geometry":{"type":"Point","coordinates":[-90.04488,29.98352]},"properties":{"probability":0.494,"inBuffer":false,"facType":"unknown"}},{"type":"Feature","geometry":{"type":"Point","coordinates":[-90.04039,29.98352]},"properties":{"probability":0.924,"inBuffer":false,"facType":"unknown"}},{"type":"Feature","geometry":{"type":"Point","coordinates":[-90.0359,29.98352]},"properties":{"probability":0.937,"inBuffer":false,"facType":"unknown"}},{"type":"Feature","geometry":{"type":"Point","coordinates":[-90.0314,29.98352]},"properties":{"probability":0.934,"inBuffer":false,"facType":"unknown"}},{"type":"Feature","geometry":{"type":"Point","coordinates":[-90.02691,29.98352]},"properties":{"probability":0.216,"inBuffer":false,"facType":"unknown"}},{"type":"Feature","geometry":{"type":"Point","coordinates":[-90.02242,29.98352]},"properties":{"probability":0.337,"inBuffer":false,"facType":"unknown"}},{"type":"Feature","geometry":{"type":"Point","coordinates":[-90.01793,29.98352]},"properties":{"probability":0.23,"inBuffer":false,"facType":"unknown"}},{"type":"Feature","geometry":{"type":"Point","coordinates":[-90.20208,29.97903]},"properties":{"probability":0.398,"inBuffer":false,"facType":"unknown"}},{"type":"Feature","geometry":{"type":"Point","coordinates":[-90.19759,29.97903]},"properties":{"probability":0.17,"inBuffer":false,"facType":"unknown"}},{"type":"Feature","geometry":{"type":"Point","coordinates":[-90.1931,29.97903]},"properties":{"probability":0.263,"inBuffer":false,"facType":"unknown"}},{"type":"Feature","geometry":{"type":"Point","coordinates":[-90.18861,29.97903]},"properties":{"probability":0.952,"inBuffer":false,"facType":"unknown"}},{"type":"Feature","geometry":{"type":"Point","coordinates":[-90.18412,29.97903]},"properties":{"probability":0.952,"inBuffer":false,"facType":"unknown"}},{"type":"Feature","geometry":{"type":"Point","coordinates":[-90.17963,29.97903]},"properties":{"probability":0.956,"inBuffer":false,"facType":"unknown"}},{"type":"Feature","geometry":{"type":"Point","coordinates":[-90.17513,29.97903]},"properties":{"probability":0.955,"inBuffer":false,"facType":"unknown"}},{"type":"Feature","geometry":{"type":"Point","coordinates":[-90.17064,29.97903]},"properties":{"probability":0.263,"inBuffer":false,"facType":"unknown"}},{"type":"Feature","geometry":{"type":"Point","coordinates":[-90.16615,29.97903]},"properties":{"probability":0.279,"inBuffer":false,"facType":"unknown"}},{"type":"Feature","geometry":{"type":"Point","coordinates":[-90.16166,29.97903]},"properties":{"probability":0.959,"inBuffer":false,"facType":"unknown"}},{"type":"Feature","geometry":{"type":"Point","coordinates":[-90.15717,29.97903]},"properties":{"probability":0.959,"inBuffer":false,"facType":"unknown"}},{"type":"Feature","geometry":{"type":"Point","coordinates":[-90.15268,29.97903]},"properties":{"probability":0.957,"inBuffer":false,"facType":"unknown"}},{"type":"Feature","geometry":{"type":"Point","coordinates":[-90.14818,29.97903]},"properties":{"probability":0.955,"inBuffer":false,"facType":"unknown"}},{"type":"Feature","geometry":{"type":"Point","coordinates":[-90.14369,29.97903]},"properties":{"probability":0.952,"inBuffer":false,"facType":"unknown"}},{"type":"Feature","geometry":{"type":"Point","coordinates":[-90.1392,29.97903]},"properties":{"probability":0.947,"inBuffer":false,"facType":"unknown"}},{"type":"Feature","geometry":{"type":"Point","coordinates":[-90.13471,29.97903]},"properties":{"probability":0.947,"inBuffer":false,"facType":"unknown"}},{"type":"Feature","geometry":{"type":"Point","coordinates":[-90.13022,29.97903]},"properties":{"probability":0.256,"inBuffer":false,"facType":"unknown"}},{"type":"Feature","geometry":{"type":"Point","coordinates":[-90.12573,29.97903]},"properties":{"probability":0.238,"inBuffer":false,"facType":"unknown"}},{"type":"Feature","geometry":{"type":"Point","coordinates":[-90.12124,29.97903]},"properties":{"probability":0.208,"inBuffer":false,"facType":"unknown"}},{"type":"Feature","geometry":{"type":"Point","coordinates":[-90.11674,29.97903]},"properties":{"probability":0.231,"inBuffer":false,"facType":"unknown"}},{"type":"Feature","geometry":{"type":"Point","coordinates":[-90.11225,29.97903]},"properties":{"probability":0.48,"inBuffer":false,"facType":"unknown"}},{"type":"Feature","geometry":{"type":"Point","coordinates":[-90.10776,29.97903]},"properties":{"probability":0.646,"inBuffer":false,"facType":"unknown"}},{"type":"Feature","geometry":{"type":"Point","coordinates":[-90.10327,29.97903]},"properties":{"probability":0.618,"inBuffer":false,"facType":"unknown"}},{"type":"Feature","geometry":{"type":"Point","coordinates":[-90.09878,29.97903]},"properties":{"probability":0.958,"inBuffer":false,"facType":"unknown"}},{"type":"Feature","geometry":{"type":"Point","coordinates":[-90.09429,29.97903]},"properties":{"probability":0.954,"inBuffer":false,"facType":"unknown"}},{"type":"Feature","geometry":{"type":"Point","coordinates":[-90.08979,29.97903]},"properties":{"probability":0.948,"inBuffer":false,"facType":"unknown"}},{"type":"Feature","geometry":{"type":"Point","coordinates":[-90.0853,29.97903]},"properties":{"probability":0.262,"inBuffer":false,"facType":"unknown"}},{"type":"Feature","geometry":{"type":"Point","coordinates":[-90.08081,29.97903]},"properties":{"probability":0.252,"inBuffer":false,"facType":"unknown"}},{"type":"Feature","geometry":{"type":"Point","coordinates":[-90.07632,29.97903]},"properties":{"probability":0.238,"inBuffer":false,"facType":"unknown"}},{"type":"Feature","geometry":{"type":"Point","coordinates":[-90.07183,29.97903]},"properties":{"probability":0.238,"inBuffer":false,"facType":"unknown"}},{"type":"Feature","geometry":{"type":"Point","coordinates":[-90.06734,29.97903]},"properties":{"probability":0.261,"inBuffer":false,"facType":"unknown"}},{"type":"Feature","geometry":{"type":"Point","coordinates":[-90.06284,29.97903]},"properties":{"probability":0.946,"inBuffer":false,"facType":"unknown"}},{"type":"Feature","geometry":{"type":"Point","coordinates":[-90.05835,29.97903]},"properties":{"probability":0.947,"inBuffer":false,"facType":"unknown"}},{"type":"Feature","geometry":{"type":"Point","coordinates":[-90.05386,29.97903]},"properties":{"probability":0.947,"inBuffer":false,"facType":"unknown"}},{"type":"Feature","geometry":{"type":"Point","coordinates":[-90.04937,29.97903]},"properties":{"probability":0.258,"inBuffer":false,"facType":"unknown"}},{"type":"Feature","geometry":{"type":"Point","coordinates":[-90.04488,29.97903]},"properties":{"probability":0.091,"inBuffer":false,"facType":"unknown"}},{"type":"Feature","geometry":{"type":"Point","coordinates":[-90.04039,29.97903]},"properties":{"probability":0.923,"inBuffer":false,"facType":"unknown"}},{"type":"Feature","geometry":{"type":"Point","coordinates":[-90.0359,29.97903]},"properties":{"probability":0.943,"inBuffer":false,"facType":"unknown"}},{"type":"Feature","geometry":{"type":"Point","coordinates":[-90.0314,29.97903]},"properties":{"probability":0.945,"inBuffer":false,"facType":"unknown"}},{"type":"Feature","geometry":{"type":"Point","coordinates":[-90.02691,29.97903]},"properties":{"probability":0.229,"inBuffer":false,"facType":"unknown"}},{"type":"Feature","geometry":{"type":"Point","coordinates":[-90.02242,29.97903]},"properties":{"probability":0.173,"inBuffer":false,"facType":"unknown"}},{"type":"Feature","geometry":{"type":"Point","coordinates":[-90.01793,29.97903]},"properties":{"probability":0.164,"inBuffer":false,"facType":"unknown"}},{"type":"Feature","geometry":{"type":"Point","coordinates":[-90.00445,29.97903]},"properties":{"probability":0.298,"inBuffer":false,"facType":"unknown"}},{"type":"Feature","geometry":{"type":"Point","coordinates":[-89.99996,29.97903]},"properties":{"probability":0.31,"inBuffer":false,"facType":"unknown"}},{"type":"Feature","geometry":{"type":"Point","coordinates":[-90.20208,29.97454]},"properties":{"probability":0.165,"inBuffer":false,"facType":"unknown"}},{"type":"Feature","geometry":{"type":"Point","coordinates":[-90.19759,29.97454]},"properties":{"probability":0.16,"inBuffer":false,"facType":"unknown"}},{"type":"Feature","geometry":{"type":"Point","coordinates":[-90.1931,29.97454]},"properties":{"probability":0.262,"inBuffer":false,"facType":"unknown"}},{"type":"Feature","geometry":{"type":"Point","coordinates":[-90.18861,29.97454]},"properties":{"probability":0.955,"inBuffer":false,"facType":"unknown"}},{"type":"Feature","geometry":{"type":"Point","coordinates":[-90.18412,29.97454]},"properties":{"probability":0.95,"inBuffer":false,"facType":"unknown"}},{"type":"Feature","geometry":{"type":"Point","coordinates":[-90.17963,29.97454]},"properties":{"probability":0.955,"inBuffer":false,"facType":"unknown"}},{"type":"Feature","geometry":{"type":"Point","coordinates":[-90.17513,29.97454]},"properties":{"probability":0.955,"inBuffer":false,"facType":"unknown"}},{"type":"Feature","geometry":{"type":"Point","coordinates":[-90.17064,29.97454]},"properties":{"probability":0.266,"inBuffer":false,"facType":"unknown"}},{"type":"Feature","geometry":{"type":"Point","coordinates":[-90.16615,29.97454]},"properties":{"probability":0.28,"inBuffer":false,"facType":"unknown"}},{"type":"Feature","geometry":{"type":"Point","coordinates":[-90.16166,29.97454]},"properties":{"probability":0.958,"inBuffer":false,"facType":"unknown"}},{"type":"Feature","geometry":{"type":"Point","coordinates":[-90.15717,29.97454]},"properties":{"probability":0.958,"inBuffer":false,"facType":"unknown"}},{"type":"Feature","geometry":{"type":"Point","coordinates":[-90.15268,29.97454]},"properties":{"probability":0.66,"inBuffer":false,"facType":"unknown"}},{"type":"Feature","geometry":{"type":"Point","coordinates":[-90.14818,29.97454]},"properties":{"probability":0.653,"inBuffer":false,"facType":"unknown"}},{"type":"Feature","geometry":{"type":"Point","coordinates":[-90.14369,29.97454]},"properties":{"probability":0.955,"inBuffer":false,"facType":"unknown"}},{"type":"Feature","geometry":{"type":"Point","coordinates":[-90.1392,29.97454]},"properties":{"probability":0.954,"inBuffer":false,"facType":"unknown"}},{"type":"Feature","geometry":{"type":"Point","coordinates":[-90.13471,29.97454]},"properties":{"probability":0.268,"inBuffer":false,"facType":"unknown"}},{"type":"Feature","geometry":{"type":"Point","coordinates":[-90.13022,29.97454]},"properties":{"probability":0.255,"inBuffer":false,"facType":"unknown"}},{"type":"Feature","geometry":{"type":"Point","coordinates":[-90.12573,29.97454]},"properties":{"probability":0.139,"inBuffer":false,"facType":"unknown"}},{"type":"Feature","geometry":{"type":"Point","coordinates":[-90.12124,29.97454]},"properties":{"probability":0.145,"inBuffer":false,"facType":"unknown"}},{"type":"Feature","geometry":{"type":"Point","coordinates":[-90.11674,29.97454]},"properties":{"probability":0.126,"inBuffer":false,"facType":"unknown"}},{"type":"Feature","geometry":{"type":"Point","coordinates":[-90.11225,29.97454]},"properties":{"probability":0.161,"inBuffer":false,"facType":"unknown"}},{"type":"Feature","geometry":{"type":"Point","coordinates":[-90.10776,29.97454]},"properties":{"probability":0.173,"inBuffer":false,"facType":"unknown"}},{"type":"Feature","geometry":{"type":"Point","coordinates":[-90.10327,29.97454]},"properties":{"probability":0.179,"inBuffer":false,"facType":"unknown"}},{"type":"Feature","geometry":{"type":"Point","coordinates":[-90.09878,29.97454]},"properties":{"probability":0.27,"inBuffer":false,"facType":"unknown"}},{"type":"Feature","geometry":{"type":"Point","coordinates":[-90.09429,29.97454]},"properties":{"probability":0.274,"inBuffer":false,"facType":"unknown"}},{"type":"Feature","geometry":{"type":"Point","coordinates":[-90.08979,29.97454]},"properties":{"probability":0.266,"inBuffer":false,"facType":"unknown"}},{"type":"Feature","geometry":{"type":"Point","coordinates":[-90.0853,29.97454]},"properties":{"probability":0.257,"inBuffer":false,"facType":"unknown"}},{"type":"Feature","geometry":{"type":"Point","coordinates":[-90.08081,29.97454]},"properties":{"probability":0.164,"inBuffer":false,"facType":"unknown"}},{"type":"Feature","geometry":{"type":"Point","coordinates":[-90.07632,29.97454]},"properties":{"probability":0.244,"inBuffer":false,"facType":"unknown"}},{"type":"Feature","geometry":{"type":"Point","coordinates":[-90.07183,29.97454]},"properties":{"probability":0.244,"inBuffer":false,"facType":"unknown"}},{"type":"Feature","geometry":{"type":"Point","coordinates":[-90.06734,29.97454]},"properties":{"probability":0.266,"inBuffer":false,"facType":"unknown"}},{"type":"Feature","geometry":{"type":"Point","coordinates":[-90.06284,29.97454]},"properties":{"probability":0.955,"inBuffer":false,"facType":"unknown"}},{"type":"Feature","geometry":{"type":"Point","coordinates":[-90.05835,29.97454]},"properties":{"probability":0.956,"inBuffer":false,"facType":"unknown"}},{"type":"Feature","geometry":{"type":"Point","coordinates":[-90.05386,29.97454]},"properties":{"probability":0.956,"inBuffer":false,"facType":"unknown"}},{"type":"Feature","geometry":{"type":"Point","coordinates":[-90.04937,29.97454]},"properties":{"probability":0.265,"inBuffer":false,"facType":"unknown"}},{"type":"Feature","geometry":{"type":"Point","coordinates":[-90.04488,29.97454]},"properties":{"probability":0.269,"inBuffer":false,"facType":"unknown"}},{"type":"Feature","geometry":{"type":"Point","coordinates":[-90.04039,29.97454]},"properties":{"probability":0.94,"inBuffer":false,"facType":"unknown"}},{"type":"Feature","geometry":{"type":"Point","coordinates":[-90.0359,29.97454]},"properties":{"probability":0.943,"inBuffer":false,"facType":"unknown"}},{"type":"Feature","geometry":{"type":"Point","coordinates":[-90.0314,29.97454]},"properties":{"probability":0.945,"inBuffer":false,"facType":"unknown"}},{"type":"Feature","geometry":{"type":"Point","coordinates":[-90.02691,29.97454]},"properties":{"probability":0.242,"inBuffer":false,"facType":"unknown"}},{"type":"Feature","geometry":{"type":"Point","coordinates":[-90.02242,29.97454]},"properties":{"probability":0.183,"inBuffer":false,"facType":"unknown"}},{"type":"Feature","geometry":{"type":"Point","coordinates":[-90.01793,29.97454]},"properties":{"probability":0.192,"inBuffer":false,"facType":"unknown"}},{"type":"Feature","geometry":{"type":"Point","coordinates":[-90.01344,29.97454]},"properties":{"probability":0.204,"inBuffer":false,"facType":"unknown"}},{"type":"Feature","geometry":{"type":"Point","coordinates":[-90.00895,29.97454]},"properties":{"probability":0.349,"inBuffer":false,"facType":"unknown"}},{"type":"Feature","geometry":{"type":"Point","coordinates":[-90.00445,29.97454]},"properties":{"probability":0.396,"inBuffer":false,"facType":"unknown"}},{"type":"Feature","geometry":{"type":"Point","coordinates":[-89.99996,29.97454]},"properties":{"probability":0.388,"inBuffer":false,"facType":"unknown"}},{"type":"Feature","geometry":{"type":"Point","coordinates":[-89.99547,29.97454]},"properties":{"probability":0.314,"inBuffer":false,"facType":"unknown"}},{"type":"Feature","geometry":{"type":"Point","coordinates":[-89.99098,29.97454]},"properties":{"probability":0.31,"inBuffer":false,"facType":"unknown"}},{"type":"Feature","geometry":{"type":"Point","coordinates":[-89.98649,29.97454]},"properties":{"probability":0.268,"inBuffer":false,"facType":"unknown"}},{"type":"Feature","geometry":{"type":"Point","coordinates":[-90.20208,29.97004]},"properties":{"probability":0.377,"inBuffer":false,"facType":"unknown"}},{"type":"Feature","geometry":{"type":"Point","coordinates":[-90.19759,29.97004]},"properties":{"probability":0.269,"inBuffer":false,"facType":"unknown"}},{"type":"Feature","geometry":{"type":"Point","coordinates":[-90.1931,29.97004]},"properties":{"probability":0.952,"inBuffer":false,"facType":"unknown"}},{"type":"Feature","geometry":{"type":"Point","coordinates":[-90.18861,29.97004]},"properties":{"probability":0.629,"inBuffer":false,"facType":"unknown"}},{"type":"Feature","geometry":{"type":"Point","coordinates":[-90.18412,29.97004]},"properties":{"probability":0.402,"inBuffer":false,"facType":"unknown"}},{"type":"Feature","geometry":{"type":"Point","coordinates":[-90.17963,29.97004]},"properties":{"probability":0.27,"inBuffer":false,"facType":"unknown"}},{"type":"Feature","geometry":{"type":"Point","coordinates":[-90.17513,29.97004]},"properties":{"probability":0.264,"inBuffer":false,"facType":"unknown"}},{"type":"Feature","geometry":{"type":"Point","coordinates":[-90.17064,29.97004]},"properties":{"probability":0.253,"inBuffer":false,"facType":"unknown"}},{"type":"Feature","geometry":{"type":"Point","coordinates":[-90.16615,29.97004]},"properties":{"probability":0.262,"inBuffer":false,"facType":"unknown"}},{"type":"Feature","geometry":{"type":"Point","coordinates":[-90.16166,29.97004]},"properties":{"probability":0.957,"inBuffer":false,"facType":"unknown"}},{"type":"Feature","geometry":{"type":"Point","coordinates":[-90.15717,29.97004]},"properties":{"probability":0.615,"inBuffer":false,"facType":"unknown"}},{"type":"Feature","geometry":{"type":"Point","coordinates":[-90.15268,29.97004]},"properties":{"probability":0.65,"inBuffer":false,"facType":"unknown"}},{"type":"Feature","geometry":{"type":"Point","coordinates":[-90.14818,29.97004]},"properties":{"probability":0.616,"inBuffer":false,"facType":"unknown"}},{"type":"Feature","geometry":{"type":"Point","coordinates":[-90.14369,29.97004]},"properties":{"probability":0.266,"inBuffer":false,"facType":"unknown"}},{"type":"Feature","geometry":{"type":"Point","coordinates":[-90.1392,29.97004]},"properties":{"probability":0.271,"inBuffer":false,"facType":"unknown"}},{"type":"Feature","geometry":{"type":"Point","coordinates":[-90.13471,29.97004]},"properties":{"probability":0.266,"inBuffer":false,"facType":"unknown"}},{"type":"Feature","geometry":{"type":"Point","coordinates":[-90.13022,29.97004]},"properties":{"probability":0.149,"inBuffer":false,"facType":"unknown"}},{"type":"Feature","geometry":{"type":"Point","coordinates":[-90.12573,29.97004]},"properties":{"probability":0.145,"inBuffer":false,"facType":"unknown"}},{"type":"Feature","geometry":{"type":"Point","coordinates":[-90.12124,29.97004]},"properties":{"probability":0.448,"inBuffer":false,"facType":"unknown"}},{"type":"Feature","geometry":{"type":"Point","coordinates":[-90.11674,29.97004]},"properties":{"probability":0.535,"inBuffer":false,"facType":"unknown"}},{"type":"Feature","geometry":{"type":"Point","coordinates":[-90.11225,29.97004]},"properties":{"probability":0.19,"inBuffer":false,"facType":"unknown"}},{"type":"Feature","geometry":{"type":"Point","coordinates":[-90.10776,29.97004]},"properties":{"probability":0.197,"inBuffer":false,"facType":"unknown"}},{"type":"Feature","geometry":{"type":"Point","coordinates":[-90.10327,29.97004]},"properties":{"probability":0.607,"inBuffer":false,"facType":"unknown"}},{"type":"Feature","geometry":{"type":"Point","coordinates":[-90.09878,29.97004]},"properties":{"probability":0.956,"inBuffer":false,"facType":"unknown"}},{"type":"Feature","geometry":{"type":"Point","coordinates":[-90.09429,29.97004]},"properties":{"probability":0.957,"inBuffer":false,"facType":"unknown"}},{"type":"Feature","geometry":{"type":"Point","coordinates":[-90.08979,29.97004]},"properties":{"probability":0.956,"inBuffer":false,"facType":"unknown"}},{"type":"Feature","geometry":{"type":"Point","coordinates":[-90.0853,29.97004]},"properties":{"probability":0.507,"inBuffer":false,"facType":"unknown"}},{"type":"Feature","geometry":{"type":"Point","coordinates":[-90.08081,29.97004]},"properties":{"probability":0.178,"inBuffer":false,"facType":"unknown"}},{"type":"Feature","geometry":{"type":"Point","coordinates":[-90.07632,29.97004]},"properties":{"probability":0.264,"inBuffer":false,"facType":"unknown"}},{"type":"Feature","geometry":{"type":"Point","coordinates":[-90.07183,29.97004]},"properties":{"probability":0.269,"inBuffer":false,"facType":"unknown"}},{"type":"Feature","geometry":{"type":"Point","coordinates":[-90.06734,29.97004]},"properties":{"probability":0.266,"inBuffer":false,"facType":"unknown"}},{"type":"Feature","geometry":{"type":"Point","coordinates":[-90.06284,29.97004]},"properties":{"probability":0.265,"inBuffer":false,"facType":"unknown"}},{"type":"Feature","geometry":{"type":"Point","coordinates":[-90.05835,29.97004]},"properties":{"probability":0.266,"inBuffer":false,"facType":"unknown"}},{"type":"Feature","geometry":{"type":"Point","coordinates":[-90.05386,29.97004]},"properties":{"probability":0.171,"inBuffer":false,"facType":"unknown"}},{"type":"Feature","geometry":{"type":"Point","coordinates":[-90.04937,29.97004]},"properties":{"probability":0.17,"inBuffer":false,"facType":"unknown"}},{"type":"Feature","geometry":{"type":"Point","coordinates":[-90.04488,29.97004]},"properties":{"probability":0.274,"inBuffer":false,"facType":"unknown"}},{"type":"Feature","geometry":{"type":"Point","coordinates":[-90.04039,29.97004]},"properties":{"probability":0.945,"inBuffer":false,"facType":"unknown"}},{"type":"Feature","geometry":{"type":"Point","coordinates":[-90.0359,29.97004]},"properties":{"probability":0.946,"inBuffer":false,"facType":"unknown"}},{"type":"Feature","geometry":{"type":"Point","coordinates":[-90.0314,29.97004]},"properties":{"probability":0.946,"inBuffer":false,"facType":"unknown"}},{"type":"Feature","geometry":{"type":"Point","coordinates":[-90.02691,29.97004]},"properties":{"probability":0.286,"inBuffer":false,"facType":"unknown"}},{"type":"Feature","geometry":{"type":"Point","coordinates":[-90.02242,29.97004]},"properties":{"probability":0.227,"inBuffer":false,"facType":"unknown"}},{"type":"Feature","geometry":{"type":"Point","coordinates":[-90.01793,29.97004]},"properties":{"probability":0.913,"inBuffer":false,"facType":"unknown"}},{"type":"Feature","geometry":{"type":"Point","coordinates":[-90.01344,29.97004]},"properties":{"probability":0.917,"inBuffer":false,"facType":"unknown"}},{"type":"Feature","geometry":{"type":"Point","coordinates":[-90.00895,29.97004]},"properties":{"probability":0.913,"inBuffer":false,"facType":"unknown"}},{"type":"Feature","geometry":{"type":"Point","coordinates":[-90.00445,29.97004]},"properties":{"probability":0.398,"inBuffer":false,"facType":"unknown"}},{"type":"Feature","geometry":{"type":"Point","coordinates":[-89.99996,29.97004]},"properties":{"probability":0.388,"inBuffer":false,"facType":"unknown"}},{"type":"Feature","geometry":{"type":"Point","coordinates":[-89.99547,29.97004]},"properties":{"probability":0.402,"inBuffer":false,"facType":"unknown"}},{"type":"Feature","geometry":{"type":"Point","coordinates":[-89.99098,29.97004]},"properties":{"probability":0.342,"inBuffer":false,"facType":"unknown"}},{"type":"Feature","geometry":{"type":"Point","coordinates":[-89.98649,29.97004]},"properties":{"probability":0.288,"inBuffer":false,"facType":"unknown"}},{"type":"Feature","geometry":{"type":"Point","coordinates":[-90.20208,29.96555]},"properties":{"probability":0.957,"inBuffer":false,"facType":"unknown"}},{"type":"Feature","geometry":{"type":"Point","coordinates":[-90.19759,29.96555]},"properties":{"probability":0.958,"inBuffer":false,"facType":"unknown"}},{"type":"Feature","geometry":{"type":"Point","coordinates":[-90.1931,29.96555]},"properties":{"probability":0.957,"inBuffer":false,"facType":"unknown"}},{"type":"Feature","geometry":{"type":"Point","coordinates":[-90.18861,29.96555]},"properties":{"probability":0.74,"inBuffer":false,"facType":"unknown"}},{"type":"Feature","geometry":{"type":"Point","coordinates":[-90.18412,29.96555]},"properties":{"probability":0.959,"inBuffer":false,"facType":"unknown"}},{"type":"Feature","geometry":{"type":"Point","coordinates":[-90.17963,29.96555]},"properties":{"probability":0.957,"inBuffer":false,"facType":"unknown"}},{"type":"Feature","geometry":{"type":"Point","coordinates":[-90.17513,29.96555]},"properties":{"probability":0.365,"inBuffer":false,"facType":"unknown"}},{"type":"Feature","geometry":{"type":"Point","coordinates":[-90.17064,29.96555]},"properties":{"probability":0.268,"inBuffer":false,"facType":"unknown"}},{"type":"Feature","geometry":{"type":"Point","coordinates":[-90.16615,29.96555]},"properties":{"probability":0.953,"inBuffer":false,"facType":"unknown"}},{"type":"Feature","geometry":{"type":"Point","coordinates":[-90.16166,29.96555]},"properties":{"probability":0.956,"inBuffer":false,"facType":"unknown"}},{"type":"Feature","geometry":{"type":"Point","coordinates":[-90.15717,29.96555]},"properties":{"probability":0.957,"inBuffer":false,"facType":"unknown"}},{"type":"Feature","geometry":{"type":"Point","coordinates":[-90.15268,29.96555]},"properties":{"probability":0.956,"inBuffer":false,"facType":"unknown"}},{"type":"Feature","geometry":{"type":"Point","coordinates":[-90.14818,29.96555]},"properties":{"probability":0.956,"inBuffer":false,"facType":"unknown"}},{"type":"Feature","geometry":{"type":"Point","coordinates":[-90.14369,29.96555]},"properties":{"probability":0.956,"inBuffer":false,"facType":"unknown"}},{"type":"Feature","geometry":{"type":"Point","coordinates":[-90.1392,29.96555]},"properties":{"probability":0.955,"inBuffer":false,"facType":"unknown"}},{"type":"Feature","geometry":{"type":"Point","coordinates":[-90.13471,29.96555]},"properties":{"probability":0.956,"inBuffer":false,"facType":"unknown"}},{"type":"Feature","geometry":{"type":"Point","coordinates":[-90.13022,29.96555]},"properties":{"probability":0.615,"inBuffer":false,"facType":"unknown"}},{"type":"Feature","geometry":{"type":"Point","coordinates":[-90.12573,29.96555]},"properties":{"probability":0.545,"inBuffer":false,"facType":"unknown"}},{"type":"Feature","geometry":{"type":"Point","coordinates":[-90.12124,29.96555]},"properties":{"probability":0.575,"inBuffer":false,"facType":"unknown"}},{"type":"Feature","geometry":{"type":"Point","coordinates":[-90.11674,29.96555]},"properties":{"probability":0.639,"inBuffer":false,"facType":"unknown"}},{"type":"Feature","geometry":{"type":"Point","coordinates":[-90.11225,29.96555]},"properties":{"probability":0.66,"inBuffer":false,"facType":"unknown"}},{"type":"Feature","geometry":{"type":"Point","coordinates":[-90.10776,29.96555]},"properties":{"probability":0.675,"inBuffer":false,"facType":"unknown"}},{"type":"Feature","geometry":{"type":"Point","coordinates":[-90.10327,29.96555]},"properties":{"probability":0.682,"inBuffer":false,"facType":"unknown"}},{"type":"Feature","geometry":{"type":"Point","coordinates":[-90.09878,29.96555]},"properties":{"probability":0.957,"inBuffer":false,"facType":"unknown"}},{"type":"Feature","geometry":{"type":"Point","coordinates":[-90.09429,29.96555]},"properties":{"probability":0.957,"inBuffer":false,"facType":"unknown"}},{"type":"Feature","geometry":{"type":"Point","coordinates":[-90.08979,29.96555]},"properties":{"probability":0.728,"inBuffer":false,"facType":"unknown"}},{"type":"Feature","geometry":{"type":"Point","coordinates":[-90.0853,29.96555]},"properties":{"probability":0.727,"inBuffer":false,"facType":"unknown"}},{"type":"Feature","geometry":{"type":"Point","coordinates":[-90.08081,29.96555]},"properties":{"probability":0.661,"inBuffer":false,"facType":"unknown"}},{"type":"Feature","geometry":{"type":"Point","coordinates":[-90.07632,29.96555]},"properties":{"probability":0.956,"inBuffer":false,"facType":"unknown"}},{"type":"Feature","geometry":{"type":"Point","coordinates":[-90.07183,29.96555]},"properties":{"probability":0.956,"inBuffer":false,"facType":"unknown"}},{"type":"Feature","geometry":{"type":"Point","coordinates":[-90.06734,29.96555]},"properties":{"probability":0.958,"inBuffer":false,"facType":"unknown"}},{"type":"Feature","geometry":{"type":"Point","coordinates":[-90.06284,29.96555]},"properties":{"probability":0.956,"inBuffer":false,"facType":"unknown"}},{"type":"Feature","geometry":{"type":"Point","coordinates":[-90.05835,29.96555]},"properties":{"probability":0.956,"inBuffer":false,"facType":"unknown"}},{"type":"Feature","geometry":{"type":"Point","coordinates":[-90.05386,29.96555]},"properties":{"probability":0.635,"inBuffer":false,"facType":"unknown"}},{"type":"Feature","geometry":{"type":"Point","coordinates":[-90.04937,29.96555]},"properties":{"probability":0.391,"inBuffer":false,"facType":"unknown"}},{"type":"Feature","geometry":{"type":"Point","coordinates":[-90.04488,29.96555]},"properties":{"probability":0.16,"inBuffer":false,"facType":"unknown"}},{"type":"Feature","geometry":{"type":"Point","coordinates":[-90.04039,29.96555]},"properties":{"probability":0.27,"inBuffer":false,"facType":"unknown"}},{"type":"Feature","geometry":{"type":"Point","coordinates":[-90.0359,29.96555]},"properties":{"probability":0.945,"inBuffer":false,"facType":"unknown"}},{"type":"Feature","geometry":{"type":"Point","coordinates":[-90.0314,29.96555]},"properties":{"probability":0.946,"inBuffer":false,"facType":"unknown"}},{"type":"Feature","geometry":{"type":"Point","coordinates":[-90.02691,29.96555]},"properties":{"probability":0.943,"inBuffer":false,"facType":"unknown"}},{"type":"Feature","geometry":{"type":"Point","coordinates":[-90.02242,29.96555]},"properties":{"probability":0.233,"inBuffer":false,"facType":"unknown"}},{"type":"Feature","geometry":{"type":"Point","coordinates":[-90.01793,29.96555]},"properties":{"probability":0.934,"inBuffer":false,"facType":"unknown"}},{"type":"Feature","geometry":{"type":"Point","coordinates":[-90.01344,29.96555]},"properties":{"probability":0.944,"inBuffer":false,"facType":"unknown"}},{"type":"Feature","geometry":{"type":"Point","coordinates":[-90.00895,29.96555]},"properties":{"probability":0.934,"inBuffer":false,"facType":"unknown"}},{"type":"Feature","geometry":{"type":"Point","coordinates":[-90.00445,29.96555]},"properties":{"probability":0.932,"inBuffer":false,"facType":"unknown"}},{"type":"Feature","geometry":{"type":"Point","coordinates":[-89.99996,29.96555]},"properties":{"probability":0.922,"inBuffer":false,"facType":"unknown"}},{"type":"Feature","geometry":{"type":"Point","coordinates":[-89.99547,29.96555]},"properties":{"probability":0.912,"inBuffer":false,"facType":"unknown"}},{"type":"Feature","geometry":{"type":"Point","coordinates":[-89.99098,29.96555]},"properties":{"probability":0.181,"inBuffer":false,"facType":"unknown"}},{"type":"Feature","geometry":{"type":"Point","coordinates":[-89.98649,29.96555]},"properties":{"probability":0.144,"inBuffer":false,"facType":"unknown"}},{"type":"Feature","geometry":{"type":"Point","coordinates":[-89.982,29.96555]},"properties":{"probability":0.138,"inBuffer":false,"facType":"unknown"}},{"type":"Feature","geometry":{"type":"Point","coordinates":[-89.9775,29.96555]},"properties":{"probability":0.139,"inBuffer":false,"facType":"unknown"}},{"type":"Feature","geometry":{"type":"Point","coordinates":[-89.97301,29.96555]},"properties":{"probability":0.121,"inBuffer":false,"facType":"unknown"}},{"type":"Feature","geometry":{"type":"Point","coordinates":[-90.20208,29.96106]},"properties":{"probability":0.957,"inBuffer":false,"facType":"unknown"}},{"type":"Feature","geometry":{"type":"Point","coordinates":[-90.19759,29.96106]},"properties":{"probability":0.958,"inBuffer":false,"facType":"unknown"}},{"type":"Feature","geometry":{"type":"Point","coordinates":[-90.1931,29.96106]},"properties":{"probability":0.958,"inBuffer":false,"facType":"unknown"}},{"type":"Feature","geometry":{"type":"Point","coordinates":[-90.18861,29.96106]},"properties":{"probability":0.726,"inBuffer":false,"facType":"unknown"}},{"type":"Feature","geometry":{"type":"Point","coordinates":[-90.18412,29.96106]},"properties":{"probability":0.959,"inBuffer":false,"facType":"unknown"}},{"type":"Feature","geometry":{"type":"Point","coordinates":[-90.17963,29.96106]},"properties":{"probability":0.958,"inBuffer":false,"facType":"unknown"}},{"type":"Feature","geometry":{"type":"Point","coordinates":[-90.17513,29.96106]},"properties":{"probability":0.367,"inBuffer":false,"facType":"unknown"}},{"type":"Feature","geometry":{"type":"Point","coordinates":[-90.17064,29.96106]},"properties":{"probability":0.265,"inBuffer":false,"facType":"unknown"}},{"type":"Feature","geometry":{"type":"Point","coordinates":[-90.16615,29.96106]},"properties":{"probability":0.956,"inBuffer":false,"facType":"unknown"}},{"type":"Feature","geometry":{"type":"Point","coordinates":[-90.16166,29.96106]},"properties":{"probability":0.956,"inBuffer":false,"facType":"unknown"}},{"type":"Feature","geometry":{"type":"Point","coordinates":[-90.15717,29.96106]},"properties":{"probability":0.954,"inBuffer":false,"facType":"unknown"}},{"type":"Feature","geometry":{"type":"Point","coordinates":[-90.15268,29.96106]},"properties":{"probability":0.956,"inBuffer":false,"facType":"unknown"}},{"type":"Feature","geometry":{"type":"Point","coordinates":[-90.14818,29.96106]},"properties":{"probability":0.956,"inBuffer":false,"facType":"unknown"}},{"type":"Feature","geometry":{"type":"Point","coordinates":[-90.14369,29.96106]},"properties":{"probability":0.956,"inBuffer":false,"facType":"unknown"}},{"type":"Feature","geometry":{"type":"Point","coordinates":[-90.1392,29.96106]},"properties":{"probability":0.956,"inBuffer":false,"facType":"unknown"}},{"type":"Feature","geometry":{"type":"Point","coordinates":[-90.13471,29.96106]},"properties":{"probability":0.659,"inBuffer":false,"facType":"unknown"}},{"type":"Feature","geometry":{"type":"Point","coordinates":[-90.13022,29.96106]},"properties":{"probability":0.657,"inBuffer":false,"facType":"unknown"}},{"type":"Feature","geometry":{"type":"Point","coordinates":[-90.12573,29.96106]},"properties":{"probability":0.657,"inBuffer":false,"facType":"unknown"}},{"type":"Feature","geometry":{"type":"Point","coordinates":[-90.12124,29.96106]},"properties":{"probability":0.61,"inBuffer":false,"facType":"unknown"}},{"type":"Feature","geometry":{"type":"Point","coordinates":[-90.11674,29.96106]},"properties":{"probability":0.642,"inBuffer":false,"facType":"unknown"}},{"type":"Feature","geometry":{"type":"Point","coordinates":[-90.11225,29.96106]},"properties":{"probability":0.416,"inBuffer":false,"facType":"unknown"}},{"type":"Feature","geometry":{"type":"Point","coordinates":[-90.10776,29.96106]},"properties":{"probability":0.504,"inBuffer":false,"facType":"unknown"}},{"type":"Feature","geometry":{"type":"Point","coordinates":[-90.10327,29.96106]},"properties":{"probability":0.659,"inBuffer":false,"facType":"unknown"}},{"type":"Feature","geometry":{"type":"Point","coordinates":[-90.09878,29.96106]},"properties":{"probability":0.96,"inBuffer":false,"facType":"unknown"}},{"type":"Feature","geometry":{"type":"Point","coordinates":[-90.09429,29.96106]},"properties":{"probability":0.96,"inBuffer":false,"facType":"unknown"}},{"type":"Feature","geometry":{"type":"Point","coordinates":[-90.08979,29.96106]},"properties":{"probability":0.727,"inBuffer":false,"facType":"unknown"}},{"type":"Feature","geometry":{"type":"Point","coordinates":[-90.0853,29.96106]},"properties":{"probability":0.959,"inBuffer":false,"facType":"unknown"}},{"type":"Feature","geometry":{"type":"Point","coordinates":[-90.08081,29.96106]},"properties":{"probability":0.959,"inBuffer":false,"facType":"unknown"}},{"type":"Feature","geometry":{"type":"Point","coordinates":[-90.07632,29.96106]},"properties":{"probability":0.958,"inBuffer":false,"facType":"unknown"}},{"type":"Feature","geometry":{"type":"Point","coordinates":[-90.07183,29.96106]},"properties":{"probability":0.958,"inBuffer":false,"facType":"unknown"}},{"type":"Feature","geometry":{"type":"Point","coordinates":[-90.06734,29.96106]},"properties":{"probability":0.961,"inBuffer":false,"facType":"unknown"}},{"type":"Feature","geometry":{"type":"Point","coordinates":[-90.06284,29.96106]},"properties":{"probability":0.684,"inBuffer":false,"facType":"unknown"}},{"type":"Feature","geometry":{"type":"Point","coordinates":[-90.05835,29.96106]},"properties":{"probability":0.643,"inBuffer":false,"facType":"unknown"}},{"type":"Feature","geometry":{"type":"Point","coordinates":[-90.05386,29.96106]},"properties":{"probability":0.494,"inBuffer":false,"facType":"unknown"}},{"type":"Feature","geometry":{"type":"Point","coordinates":[-90.04937,29.96106]},"properties":{"probability":0.428,"inBuffer":false,"facType":"unknown"}},{"type":"Feature","geometry":{"type":"Point","coordinates":[-90.04488,29.96106]},"properties":{"probability":0.136,"inBuffer":false,"facType":"unknown"}},{"type":"Feature","geometry":{"type":"Point","coordinates":[-90.04039,29.96106]},"properties":{"probability":0.25,"inBuffer":false,"facType":"unknown"}},{"type":"Feature","geometry":{"type":"Point","coordinates":[-90.0359,29.96106]},"properties":{"probability":0.926,"inBuffer":false,"facType":"unknown"}},{"type":"Feature","geometry":{"type":"Point","coordinates":[-90.0314,29.96106]},"properties":{"probability":0.924,"inBuffer":false,"facType":"unknown"}},{"type":"Feature","geometry":{"type":"Point","coordinates":[-90.02691,29.96106]},"properties":{"probability":0.911,"inBuffer":false,"facType":"unknown"}},{"type":"Feature","geometry":{"type":"Point","coordinates":[-90.02242,29.96106]},"properties":{"probability":0.228,"inBuffer":false,"facType":"unknown"}},{"type":"Feature","geometry":{"type":"Point","coordinates":[-90.01793,29.96106]},"properties":{"probability":0.934,"inBuffer":false,"facType":"unknown"}},{"type":"Feature","geometry":{"type":"Point","coordinates":[-90.01344,29.96106]},"properties":{"probability":0.944,"inBuffer":false,"facType":"unknown"}},{"type":"Feature","geometry":{"type":"Point","coordinates":[-90.00895,29.96106]},"properties":{"probability":0.945,"inBuffer":false,"facType":"unknown"}},{"type":"Feature","geometry":{"type":"Point","coordinates":[-90.00445,29.96106]},"properties":{"probability":0.946,"inBuffer":false,"facType":"unknown"}},{"type":"Feature","geometry":{"type":"Point","coordinates":[-89.99996,29.96106]},"properties":{"probability":0.943,"inBuffer":false,"facType":"unknown"}},{"type":"Feature","geometry":{"type":"Point","coordinates":[-89.99547,29.96106]},"properties":{"probability":0.921,"inBuffer":false,"facType":"unknown"}},{"type":"Feature","geometry":{"type":"Point","coordinates":[-89.99098,29.96106]},"properties":{"probability":0.945,"inBuffer":false,"facType":"unknown"}},{"type":"Feature","geometry":{"type":"Point","coordinates":[-89.98649,29.96106]},"properties":{"probability":0.94,"inBuffer":false,"facType":"unknown"}},{"type":"Feature","geometry":{"type":"Point","coordinates":[-89.982,29.96106]},"properties":{"probability":0.942,"inBuffer":false,"facType":"unknown"}},{"type":"Feature","geometry":{"type":"Point","coordinates":[-89.9775,29.96106]},"properties":{"probability":0.211,"inBuffer":false,"facType":"unknown"}},{"type":"Feature","geometry":{"type":"Point","coordinates":[-89.97301,29.96106]},"properties":{"probability":0.186,"inBuffer":false,"facType":"unknown"}},{"type":"Feature","geometry":{"type":"Point","coordinates":[-90.20208,29.95657]},"properties":{"probability":0.955,"inBuffer":false,"facType":"unknown"}},{"type":"Feature","geometry":{"type":"Point","coordinates":[-90.19759,29.95657]},"properties":{"probability":0.956,"inBuffer":false,"facType":"unknown"}},{"type":"Feature","geometry":{"type":"Point","coordinates":[-90.1931,29.95657]},"properties":{"probability":0.274,"inBuffer":false,"facType":"unknown"}},{"type":"Feature","geometry":{"type":"Point","coordinates":[-90.18861,29.95657]},"properties":{"probability":0.277,"inBuffer":false,"facType":"unknown"}},{"type":"Feature","geometry":{"type":"Point","coordinates":[-90.18412,29.95657]},"properties":{"probability":0.956,"inBuffer":false,"facType":"unknown"}},{"type":"Feature","geometry":{"type":"Point","coordinates":[-90.17963,29.95657]},"properties":{"probability":0.413,"inBuffer":false,"facType":"unknown"}},{"type":"Feature","geometry":{"type":"Point","coordinates":[-90.17513,29.95657]},"properties":{"probability":0.374,"inBuffer":false,"facType":"unknown"}},{"type":"Feature","geometry":{"type":"Point","coordinates":[-90.17064,29.95657]},"properties":{"probability":0.254,"inBuffer":false,"facType":"unknown"}},{"type":"Feature","geometry":{"type":"Point","coordinates":[-90.16615,29.95657]},"properties":{"probability":0.265,"inBuffer":false,"facType":"unknown"}},{"type":"Feature","geometry":{"type":"Point","coordinates":[-90.16166,29.95657]},"properties":{"probability":0.26,"inBuffer":false,"facType":"unknown"}},{"type":"Feature","geometry":{"type":"Point","coordinates":[-90.15717,29.95657]},"properties":{"probability":0.938,"inBuffer":false,"facType":"unknown"}},{"type":"Feature","geometry":{"type":"Point","coordinates":[-90.15268,29.95657]},"properties":{"probability":0.911,"inBuffer":false,"facType":"unknown"}},{"type":"Feature","geometry":{"type":"Point","coordinates":[-90.14818,29.95657]},"properties":{"probability":0.922,"inBuffer":false,"facType":"unknown"}},{"type":"Feature","geometry":{"type":"Point","coordinates":[-90.14369,29.95657]},"properties":{"probability":0.941,"inBuffer":false,"facType":"unknown"}},{"type":"Feature","geometry":{"type":"Point","coordinates":[-90.1392,29.95657]},"properties":{"probability":0.657,"inBuffer":false,"facType":"unknown"}},{"type":"Feature","geometry":{"type":"Point","coordinates":[-90.13471,29.95657]},"properties":{"probability":0.655,"inBuffer":false,"facType":"unknown"}},{"type":"Feature","geometry":{"type":"Point","coordinates":[-90.13022,29.95657]},"properties":{"probability":0.653,"inBuffer":false,"facType":"unknown"}},{"type":"Feature","geometry":{"type":"Point","coordinates":[-90.12573,29.95657]},"properties":{"probability":0.645,"inBuffer":false,"facType":"unknown"}},{"type":"Feature","geometry":{"type":"Point","coordinates":[-90.12124,29.95657]},"properties":{"probability":0.948,"inBuffer":false,"facType":"unknown"}},{"type":"Feature","geometry":{"type":"Point","coordinates":[-90.11674,29.95657]},"properties":{"probability":0.947,"inBuffer":false,"facType":"unknown"}},{"type":"Feature","geometry":{"type":"Point","coordinates":[-90.11225,29.95657]},"properties":{"probability":0.299,"inBuffer":false,"facType":"unknown"}},{"type":"Feature","geometry":{"type":"Point","coordinates":[-90.10776,29.95657]},"properties":{"probability":0.173,"inBuffer":false,"facType":"unknown"}},{"type":"Feature","geometry":{"type":"Point","coordinates":[-90.10327,29.95657]},"properties":{"probability":0.285,"inBuffer":false,"facType":"unknown"}},{"type":"Feature","geometry":{"type":"Point","coordinates":[-90.09878,29.95657]},"properties":{"probability":0.959,"inBuffer":false,"facType":"unknown"}},{"type":"Feature","geometry":{"type":"Point","coordinates":[-90.09429,29.95657]},"properties":{"probability":0.959,"inBuffer":false,"facType":"unknown"}},{"type":"Feature","geometry":{"type":"Point","coordinates":[-90.08979,29.95657]},"properties":{"probability":0.647,"inBuffer":false,"facType":"unknown"}},{"type":"Feature","geometry":{"type":"Point","coordinates":[-90.0853,29.95657]},"properties":{"probability":0.738,"inBuffer":false,"facType":"unknown"}},{"type":"Feature","geometry":{"type":"Point","coordinates":[-90.08081,29.95657]},"properties":{"probability":0.958,"inBuffer":false,"facType":"unknown"}},{"type":"Feature","geometry":{"type":"Point","coordinates":[-90.07632,29.95657]},"properties":{"probability":0.959,"inBuffer":false,"facType":"unknown"}},{"type":"Feature","geometry":{"type":"Point","coordinates":[-90.07183,29.95657]},"properties":{"probability":0.961,"inBuffer":false,"facType":"unknown"}},{"type":"Feature","geometry":{"type":"Point","coordinates":[-90.06734,29.95657]},"properties":{"probability":0.961,"inBuffer":false,"facType":"unknown"}},{"type":"Feature","geometry":{"type":"Point","coordinates":[-90.06284,29.95657]},"properties":{"probability":0.71,"inBuffer":false,"facType":"unknown"}},{"type":"Feature","geometry":{"type":"Point","coordinates":[-90.05835,29.95657]},"properties":{"probability":0.642,"inBuffer":false,"facType":"unknown"}},{"type":"Feature","geometry":{"type":"Point","coordinates":[-90.05386,29.95657]},"properties":{"probability":0.377,"inBuffer":false,"facType":"unknown"}},{"type":"Feature","geometry":{"type":"Point","coordinates":[-90.04937,29.95657]},"properties":{"probability":0.077,"inBuffer":false,"facType":"unknown"}},{"type":"Feature","geometry":{"type":"Point","coordinates":[-90.04488,29.95657]},"properties":{"probability":0.203,"inBuffer":false,"facType":"unknown"}},{"type":"Feature","geometry":{"type":"Point","coordinates":[-90.04039,29.95657]},"properties":{"probability":0.214,"inBuffer":false,"facType":"unknown"}},{"type":"Feature","geometry":{"type":"Point","coordinates":[-90.0359,29.95657]},"properties":{"probability":0.23,"inBuffer":false,"facType":"unknown"}},{"type":"Feature","geometry":{"type":"Point","coordinates":[-90.0314,29.95657]},"properties":{"probability":0.212,"inBuffer":false,"facType":"unknown"}},{"type":"Feature","geometry":{"type":"Point","coordinates":[-90.02691,29.95657]},"properties":{"probability":0.204,"inBuffer":false,"facType":"unknown"}},{"type":"Feature","geometry":{"type":"Point","coordinates":[-90.02242,29.95657]},"properties":{"probability":0.224,"inBuffer":false,"facType":"unknown"}},{"type":"Feature","geometry":{"type":"Point","coordinates":[-90.01793,29.95657]},"properties":{"probability":0.257,"inBuffer":false,"facType":"unknown"}},{"type":"Feature","geometry":{"type":"Point","coordinates":[-90.01344,29.95657]},"properties":{"probability":0.235,"inBuffer":false,"facType":"unknown"}},{"type":"Feature","geometry":{"type":"Point","coordinates":[-90.00895,29.95657]},"properties":{"probability":0.942,"inBuffer":false,"facType":"unknown"}},{"type":"Feature","geometry":{"type":"Point","coordinates":[-90.00445,29.95657]},"properties":{"probability":0.946,"inBuffer":false,"facType":"unknown"}},{"type":"Feature","geometry":{"type":"Point","coordinates":[-89.99996,29.95657]},"properties":{"probability":0.941,"inBuffer":false,"facType":"unknown"}},{"type":"Feature","geometry":{"type":"Point","coordinates":[-89.99547,29.95657]},"properties":{"probability":0.945,"inBuffer":false,"facType":"unknown"}},{"type":"Feature","geometry":{"type":"Point","coordinates":[-89.99098,29.95657]},"properties":{"probability":0.953,"inBuffer":false,"facType":"unknown"}},{"type":"Feature","geometry":{"type":"Point","coordinates":[-89.98649,29.95657]},"properties":{"probability":0.955,"inBuffer":false,"facType":"unknown"}},{"type":"Feature","geometry":{"type":"Point","coordinates":[-89.982,29.95657]},"properties":{"probability":0.955,"inBuffer":false,"facType":"unknown"}},{"type":"Feature","geometry":{"type":"Point","coordinates":[-89.9775,29.95657]},"properties":{"probability":0.952,"inBuffer":false,"facType":"unknown"}},{"type":"Feature","geometry":{"type":"Point","coordinates":[-89.97301,29.95657]},"properties":{"probability":0.253,"inBuffer":false,"facType":"unknown"}},{"type":"Feature","geometry":{"type":"Point","coordinates":[-89.96852,29.95657]},"properties":{"probability":0.079,"inBuffer":false,"facType":"unknown"}},{"type":"Feature","geometry":{"type":"Point","coordinates":[-89.96403,29.95657]},"properties":{"probability":0.244,"inBuffer":false,"facType":"unknown"}},{"type":"Feature","geometry":{"type":"Point","coordinates":[-89.95954,29.95657]},"properties":{"probability":0.639,"inBuffer":false,"facType":"unknown"}},{"type":"Feature","geometry":{"type":"Point","coordinates":[-89.95505,29.95657]},"properties":{"probability":0.596,"inBuffer":false,"facType":"unknown"}},{"type":"Feature","geometry":{"type":"Point","coordinates":[-89.95056,29.95657]},"properties":{"probability":0.08,"inBuffer":false,"facType":"unknown"}},{"type":"Feature","geometry":{"type":"Point","coordinates":[-89.94606,29.95657]},"properties":{"probability":0.055,"inBuffer":false,"facType":"unknown"}},{"type":"Feature","geometry":{"type":"Point","coordinates":[-90.20208,29.95208]},"properties":{"probability":0.953,"inBuffer":false,"facType":"unknown"}},{"type":"Feature","geometry":{"type":"Point","coordinates":[-90.19759,29.95208]},"properties":{"probability":0.955,"inBuffer":false,"facType":"unknown"}},{"type":"Feature","geometry":{"type":"Point","coordinates":[-90.1931,29.95208]},"properties":{"probability":0.956,"inBuffer":false,"facType":"unknown"}},{"type":"Feature","geometry":{"type":"Point","coordinates":[-90.18861,29.95208]},"properties":{"probability":0.958,"inBuffer":false,"facType":"unknown"}},{"type":"Feature","geometry":{"type":"Point","coordinates":[-90.18412,29.95208]},"properties":{"probability":0.958,"inBuffer":false,"facType":"unknown"}},{"type":"Feature","geometry":{"type":"Point","coordinates":[-90.17963,29.95208]},"properties":{"probability":0.276,"inBuffer":false,"facType":"unknown"}},{"type":"Feature","geometry":{"type":"Point","coordinates":[-90.17513,29.95208]},"properties":{"probability":0.247,"inBuffer":false,"facType":"unknown"}},{"type":"Feature","geometry":{"type":"Point","coordinates":[-90.17064,29.95208]},"properties":{"probability":0.232,"inBuffer":false,"facType":"unknown"}},{"type":"Feature","geometry":{"type":"Point","coordinates":[-90.16615,29.95208]},"properties":{"probability":0.242,"inBuffer":false,"facType":"unknown"}},{"type":"Feature","geometry":{"type":"Point","coordinates":[-90.16166,29.95208]},"properties":{"probability":0.197,"inBuffer":false,"facType":"unknown"}},{"type":"Feature","geometry":{"type":"Point","coordinates":[-90.15268,29.95208]},"properties":{"probability":0.211,"inBuffer":false,"facType":"unknown"}},{"type":"Feature","geometry":{"type":"Point","coordinates":[-90.14818,29.95208]},"properties":{"probability":0.394,"inBuffer":false,"facType":"unknown"}},{"type":"Feature","geometry":{"type":"Point","coordinates":[-90.14369,29.95208]},"properties":{"probability":0.279,"inBuffer":false,"facType":"unknown"}},{"type":"Feature","geometry":{"type":"Point","coordinates":[-90.1392,29.95208]},"properties":{"probability":0.494,"inBuffer":false,"facType":"unknown"}},{"type":"Feature","geometry":{"type":"Point","coordinates":[-90.13471,29.95208]},"properties":{"probability":0.547,"inBuffer":false,"facType":"unknown"}},{"type":"Feature","geometry":{"type":"Point","coordinates":[-90.13022,29.95208]},"properties":{"probability":0.144,"inBuffer":false,"facType":"unknown"}},{"type":"Feature","geometry":{"type":"Point","coordinates":[-90.12573,29.95208]},"properties":{"probability":0.231,"inBuffer":false,"facType":"unknown"}},{"type":"Feature","geometry":{"type":"Point","coordinates":[-90.12124,29.95208]},"properties":{"probability":0.932,"inBuffer":false,"facType":"unknown"}},{"type":"Feature","geometry":{"type":"Point","coordinates":[-90.11674,29.95208]},"properties":{"probability":0.946,"inBuffer":false,"facType":"unknown"}},{"type":"Feature","geometry":{"type":"Point","coordinates":[-90.11225,29.95208]},"properties":{"probability":0.258,"inBuffer":false,"facType":"unknown"}},{"type":"Feature","geometry":{"type":"Point","coordinates":[-90.10776,29.95208]},"properties":{"probability":0.239,"inBuffer":false,"facType":"unknown"}},{"type":"Feature","geometry":{"type":"Point","coordinates":[-90.10327,29.95208]},"properties":{"probability":0.276,"inBuffer":false,"facType":"unknown"}},{"type":"Feature","geometry":{"type":"Point","coordinates":[-90.09878,29.95208]},"properties":{"probability":0.282,"inBuffer":false,"facType":"unknown"}},{"type":"Feature","geometry":{"type":"Point","coordinates":[-90.09429,29.95208]},"properties":{"probability":0.443,"inBuffer":false,"facType":"unknown"}},{"type":"Feature","geometry":{"type":"Point","coordinates":[-90.08979,29.95208]},"properties":{"probability":0.685,"inBuffer":false,"facType":"unknown"}},{"type":"Feature","geometry":{"type":"Point","coordinates":[-90.0853,29.95208]},"properties":{"probability":0.745,"inBuffer":false,"facType":"unknown"}},{"type":"Feature","geometry":{"type":"Point","coordinates":[-90.08081,29.95208]},"properties":{"probability":0.741,"inBuffer":false,"facType":"unknown"}},{"type":"Feature","geometry":{"type":"Point","coordinates":[-90.07632,29.95208]},"properties":{"probability":0.747,"inBuffer":false,"facType":"unknown"}},{"type":"Feature","geometry":{"type":"Point","coordinates":[-90.07183,29.95208]},"properties":{"probability":0.744,"inBuffer":false,"facType":"unknown"}},{"type":"Feature","geometry":{"type":"Point","coordinates":[-90.06734,29.95208]},"properties":{"probability":0.748,"inBuffer":false,"facType":"unknown"}},{"type":"Feature","geometry":{"type":"Point","coordinates":[-90.06284,29.95208]},"properties":{"probability":0.741,"inBuffer":false,"facType":"unknown"}},{"type":"Feature","geometry":{"type":"Point","coordinates":[-90.05835,29.95208]},"properties":{"probability":0.595,"inBuffer":false,"facType":"unknown"}},{"type":"Feature","geometry":{"type":"Point","coordinates":[-90.05386,29.95208]},"properties":{"probability":0.943,"inBuffer":false,"facType":"unknown"}},{"type":"Feature","geometry":{"type":"Point","coordinates":[-90.04937,29.95208]},"properties":{"probability":0.913,"inBuffer":false,"facType":"unknown"}},{"type":"Feature","geometry":{"type":"Point","coordinates":[-90.04488,29.95208]},"properties":{"probability":0.233,"inBuffer":false,"facType":"unknown"}},{"type":"Feature","geometry":{"type":"Point","coordinates":[-90.04039,29.95208]},"properties":{"probability":0.23,"inBuffer":false,"facType":"unknown"}},{"type":"Feature","geometry":{"type":"Point","coordinates":[-90.0359,29.95208]},"properties":{"probability":0.938,"inBuffer":false,"facType":"unknown"}},{"type":"Feature","geometry":{"type":"Point","coordinates":[-90.0314,29.95208]},"properties":{"probability":0.902,"inBuffer":false,"facType":"unknown"}},{"type":"Feature","geometry":{"type":"Point","coordinates":[-90.02691,29.95208]},"properties":{"probability":0.898,"inBuffer":false,"facType":"unknown"}},{"type":"Feature","geometry":{"type":"Point","coordinates":[-90.02242,29.95208]},"properties":{"probability":0.208,"inBuffer":false,"facType":"unknown"}},{"type":"Feature","geometry":{"type":"Point","coordinates":[-90.01793,29.95208]},"properties":{"probability":0.213,"inBuffer":false,"facType":"unknown"}},{"type":"Feature","geometry":{"type":"Point","coordinates":[-90.01344,29.95208]},"properties":{"probability":0.272,"inBuffer":false,"facType":"unknown"}},{"type":"Feature","geometry":{"type":"Point","coordinates":[-90.00895,29.95208]},"properties":{"probability":0.261,"inBuffer":false,"facType":"unknown"}},{"type":"Feature","geometry":{"type":"Point","coordinates":[-90.00445,29.95208]},"properties":{"probability":0.927,"inBuffer":false,"facType":"unknown"}},{"type":"Feature","geometry":{"type":"Point","coordinates":[-89.99996,29.95208]},"properties":{"probability":0.233,"inBuffer":false,"facType":"unknown"}},{"type":"Feature","geometry":{"type":"Point","coordinates":[-89.99547,29.95208]},"properties":{"probability":0.941,"inBuffer":false,"facType":"unknown"}},{"type":"Feature","geometry":{"type":"Point","coordinates":[-89.99098,29.95208]},"properties":{"probability":0.944,"inBuffer":false,"facType":"unknown"}},{"type":"Feature","geometry":{"type":"Point","coordinates":[-89.98649,29.95208]},"properties":{"probability":0.949,"inBuffer":false,"facType":"unknown"}},{"type":"Feature","geometry":{"type":"Point","coordinates":[-89.982,29.95208]},"properties":{"probability":0.956,"inBuffer":false,"facType":"unknown"}},{"type":"Feature","geometry":{"type":"Point","coordinates":[-89.9775,29.95208]},"properties":{"probability":0.269,"inBuffer":false,"facType":"unknown"}},{"type":"Feature","geometry":{"type":"Point","coordinates":[-89.97301,29.95208]},"properties":{"probability":0.263,"inBuffer":false,"facType":"unknown"}},{"type":"Feature","geometry":{"type":"Point","coordinates":[-89.96852,29.95208]},"properties":{"probability":0.129,"inBuffer":false,"facType":"unknown"}},{"type":"Feature","geometry":{"type":"Point","coordinates":[-89.96403,29.95208]},"properties":{"probability":0.532,"inBuffer":false,"facType":"unknown"}},{"type":"Feature","geometry":{"type":"Point","coordinates":[-89.95954,29.95208]},"properties":{"probability":0.643,"inBuffer":false,"facType":"unknown"}},{"type":"Feature","geometry":{"type":"Point","coordinates":[-89.95505,29.95208]},"properties":{"probability":0.577,"inBuffer":false,"facType":"unknown"}},{"type":"Feature","geometry":{"type":"Point","coordinates":[-89.95056,29.95208]},"properties":{"probability":0.258,"inBuffer":false,"facType":"unknown"}},{"type":"Feature","geometry":{"type":"Point","coordinates":[-89.94606,29.95208]},"properties":{"probability":0.083,"inBuffer":false,"facType":"unknown"}},{"type":"Feature","geometry":{"type":"Point","coordinates":[-89.93259,29.95208]},"properties":{"probability":0.288,"inBuffer":false,"facType":"unknown"}},{"type":"Feature","geometry":{"type":"Point","coordinates":[-89.9281,29.95208]},"properties":{"probability":0.268,"inBuffer":false,"facType":"unknown"}},{"type":"Feature","geometry":{"type":"Point","coordinates":[-90.20208,29.94759]},"properties":{"probability":0.944,"inBuffer":false,"facType":"unknown"}},{"type":"Feature","geometry":{"type":"Point","coordinates":[-90.19759,29.94759]},"properties":{"probability":0.947,"inBuffer":false,"facType":"unknown"}},{"type":"Feature","geometry":{"type":"Point","coordinates":[-90.1931,29.94759]},"properties":{"probability":0.952,"inBuffer":false,"facType":"unknown"}},{"type":"Feature","geometry":{"type":"Point","coordinates":[-90.18861,29.94759]},"properties":{"probability":0.956,"inBuffer":false,"facType":"unknown"}},{"type":"Feature","geometry":{"type":"Point","coordinates":[-90.18412,29.94759]},"properties":{"probability":0.957,"inBuffer":false,"facType":"unknown"}},{"type":"Feature","geometry":{"type":"Point","coordinates":[-90.17963,29.94759]},"properties":{"probability":0.271,"inBuffer":false,"facType":"unknown"}},{"type":"Feature","geometry":{"type":"Point","coordinates":[-90.17513,29.94759]},"properties":{"probability":0.249,"inBuffer":false,"facType":"unknown"}},{"type":"Feature","geometry":{"type":"Point","coordinates":[-90.17064,29.94759]},"properties":{"probability":0.176,"inBuffer":false,"facType":"unknown"}},{"type":"Feature","geometry":{"type":"Point","coordinates":[-90.16615,29.94759]},"properties":{"probability":0.056,"inBuffer":false,"facType":"unknown"}},{"type":"Feature","geometry":{"type":"Point","coordinates":[-90.16166,29.94759]},"properties":{"probability":0.063,"inBuffer":false,"facType":"unknown"}},{"type":"Feature","geometry":{"type":"Point","coordinates":[-90.15717,29.94759]},"properties":{"probability":0.16,"inBuffer":false,"facType":"unknown"}},{"type":"Feature","geometry":{"type":"Point","coordinates":[-90.15268,29.94759]},"properties":{"probability":0.457,"inBuffer":false,"facType":"unknown"}},{"type":"Feature","geometry":{"type":"Point","coordinates":[-90.14818,29.94759]},"properties":{"probability":0.591,"inBuffer":false,"facType":"unknown"}},{"type":"Feature","geometry":{"type":"Point","coordinates":[-90.14369,29.94759]},"properties":{"probability":0.468,"inBuffer":false,"facType":"unknown"}},{"type":"Feature","geometry":{"type":"Point","coordinates":[-90.1392,29.94759]},"properties":{"probability":0.061,"inBuffer":false,"facType":"unknown"}},{"type":"Feature","geometry":{"type":"Point","coordinates":[-90.13471,29.94759]},"properties":{"probability":0.083,"inBuffer":false,"facType":"unknown"}},{"type":"Feature","geometry":{"type":"Point","coordinates":[-90.13022,29.94759]},"properties":{"probability":0.146,"inBuffer":false,"facType":"unknown"}},{"type":"Feature","geometry":{"type":"Point","coordinates":[-90.12573,29.94759]},"properties":{"probability":0.252,"inBuffer":false,"facType":"unknown"}},{"type":"Feature","geometry":{"type":"Point","coordinates":[-90.12124,29.94759]},"properties":{"probability":0.228,"inBuffer":false,"facType":"unknown"}},{"type":"Feature","geometry":{"type":"Point","coordinates":[-90.11674,29.94759]},"properties":{"probability":0.255,"inBuffer":false,"facType":"unknown"}},{"type":"Feature","geometry":{"type":"Point","coordinates":[-90.11225,29.94759]},"properties":{"probability":0.253,"inBuffer":false,"facType":"unknown"}},{"type":"Feature","geometry":{"type":"Point","coordinates":[-90.10776,29.94759]},"properties":{"probability":0.256,"inBuffer":false,"facType":"unknown"}},{"type":"Feature","geometry":{"type":"Point","coordinates":[-90.10327,29.94759]},"properties":{"probability":0.37,"inBuffer":false,"facType":"unknown"}},{"type":"Feature","geometry":{"type":"Point","coordinates":[-90.09878,29.94759]},"properties":{"probability":0.173,"inBuffer":false,"facType":"unknown"}},{"type":"Feature","geometry":{"type":"Point","coordinates":[-90.09429,29.94759]},"properties":{"probability":0.183,"inBuffer":false,"facType":"unknown"}},{"type":"Feature","geometry":{"type":"Point","coordinates":[-90.08979,29.94759]},"properties":{"probability":0.685,"inBuffer":false,"facType":"unknown"}},{"type":"Feature","geometry":{"type":"Point","coordinates":[-90.0853,29.94759]},"properties":{"probability":0.744,"inBuffer":false,"facType":"unknown"}},{"type":"Feature","geometry":{"type":"Point","coordinates":[-90.08081,29.94759]},"properties":{"probability":0.687,"inBuffer":false,"facType":"unknown"}},{"type":"Feature","geometry":{"type":"Point","coordinates":[-90.07632,29.94759]},"properties":{"probability":0.958,"inBuffer":false,"facType":"unknown"}},{"type":"Feature","geometry":{"type":"Point","coordinates":[-90.07183,29.94759]},"properties":{"probability":0.958,"inBuffer":false,"facType":"unknown"}},{"type":"Feature","geometry":{"type":"Point","coordinates":[-90.06734,29.94759]},"properties":{"probability":0.961,"inBuffer":false,"facType":"unknown"}},{"type":"Feature","geometry":{"type":"Point","coordinates":[-90.06284,29.94759]},"properties":{"probability":0.961,"inBuffer":false,"facType":"unknown"}},{"type":"Feature","geometry":{"type":"Point","coordinates":[-90.05835,29.94759]},"properties":{"probability":0.6,"inBuffer":false,"facType":"unknown"}},{"type":"Feature","geometry":{"type":"Point","coordinates":[-90.05386,29.94759]},"properties":{"probability":0.945,"inBuffer":false,"facType":"unknown"}},{"type":"Feature","geometry":{"type":"Point","coordinates":[-90.04937,29.94759]},"properties":{"probability":0.928,"inBuffer":false,"facType":"unknown"}},{"type":"Feature","geometry":{"type":"Point","coordinates":[-90.04488,29.94759]},"properties":{"probability":0.932,"inBuffer":false,"facType":"unknown"}},{"type":"Feature","geometry":{"type":"Point","coordinates":[-90.04039,29.94759]},"properties":{"probability":0.271,"inBuffer":false,"facType":"unknown"}},{"type":"Feature","geometry":{"type":"Point","coordinates":[-90.0359,29.94759]},"properties":{"probability":0.947,"inBuffer":false,"facType":"unknown"}},{"type":"Feature","geometry":{"type":"Point","coordinates":[-90.0314,29.94759]},"properties":{"probability":0.946,"inBuffer":false,"facType":"unknown"}},{"type":"Feature","geometry":{"type":"Point","coordinates":[-90.02691,29.94759]},"properties":{"probability":0.943,"inBuffer":false,"facType":"unknown"}},{"type":"Feature","geometry":{"type":"Point","coordinates":[-90.02242,29.94759]},"properties":{"probability":0.212,"inBuffer":false,"facType":"unknown"}},{"type":"Feature","geometry":{"type":"Point","coordinates":[-90.01793,29.94759]},"properties":{"probability":0.224,"inBuffer":false,"facType":"unknown"}},{"type":"Feature","geometry":{"type":"Point","coordinates":[-90.01344,29.94759]},"properties":{"probability":0.257,"inBuffer":false,"facType":"unknown"}},{"type":"Feature","geometry":{"type":"Point","coordinates":[-90.00895,29.94759]},"properties":{"probability":0.213,"inBuffer":false,"facType":"unknown"}},{"type":"Feature","geometry":{"type":"Point","coordinates":[-90.00445,29.94759]},"properties":{"probability":0.231,"inBuffer":false,"facType":"unknown"}},{"type":"Feature","geometry":{"type":"Point","coordinates":[-89.99996,29.94759]},"properties":{"probability":0.246,"inBuffer":false,"facType":"unknown"}},{"type":"Feature","geometry":{"type":"Point","coordinates":[-89.99547,29.94759]},"properties":{"probability":0.374,"inBuffer":false,"facType":"unknown"}},{"type":"Feature","geometry":{"type":"Point","coordinates":[-89.99098,29.94759]},"properties":{"probability":0.382,"inBuffer":false,"facType":"unknown"}},{"type":"Feature","geometry":{"type":"Point","coordinates":[-89.98649,29.94759]},"properties":{"probability":0.336,"inBuffer":false,"facType":"unknown"}},{"type":"Feature","geometry":{"type":"Point","coordinates":[-89.982,29.94759]},"properties":{"probability":0.231,"inBuffer":false,"facType":"unknown"}},{"type":"Feature","geometry":{"type":"Point","coordinates":[-89.9775,29.94759]},"properties":{"probability":0.271,"inBuffer":false,"facType":"unknown"}},{"type":"Feature","geometry":{"type":"Point","coordinates":[-89.97301,29.94759]},"properties":{"probability":0.944,"inBuffer":false,"facType":"unknown"}},{"type":"Feature","geometry":{"type":"Point","coordinates":[-89.96852,29.94759]},"properties":{"probability":0.274,"inBuffer":false,"facType":"unknown"}},{"type":"Feature","geometry":{"type":"Point","coordinates":[-89.96403,29.94759]},"properties":{"probability":0.161,"inBuffer":false,"facType":"unknown"}},{"type":"Feature","geometry":{"type":"Point","coordinates":[-89.95954,29.94759]},"properties":{"probability":0.485,"inBuffer":false,"facType":"unknown"}},{"type":"Feature","geometry":{"type":"Point","coordinates":[-89.95505,29.94759]},"properties":{"probability":0.349,"inBuffer":false,"facType":"unknown"}},{"type":"Feature","geometry":{"type":"Point","coordinates":[-89.95056,29.94759]},"properties":{"probability":0.083,"inBuffer":false,"facType":"unknown"}},{"type":"Feature","geometry":{"type":"Point","coordinates":[-89.94606,29.94759]},"properties":{"probability":0.08,"inBuffer":false,"facType":"unknown"}},{"type":"Feature","geometry":{"type":"Point","coordinates":[-89.94157,29.94759]},"properties":{"probability":0.067,"inBuffer":false,"facType":"unknown"}},{"type":"Feature","geometry":{"type":"Point","coordinates":[-89.93708,29.94759]},"properties":{"probability":0.279,"inBuffer":false,"facType":"unknown"}},{"type":"Feature","geometry":{"type":"Point","coordinates":[-89.93259,29.94759]},"properties":{"probability":0.304,"inBuffer":false,"facType":"unknown"}},{"type":"Feature","geometry":{"type":"Point","coordinates":[-89.9281,29.94759]},"properties":{"probability":0.321,"inBuffer":false,"facType":"unknown"}},{"type":"Feature","geometry":{"type":"Point","coordinates":[-89.92361,29.94759]},"properties":{"probability":0.246,"inBuffer":false,"facType":"unknown"}},{"type":"Feature","geometry":{"type":"Point","coordinates":[-89.91911,29.94759]},"properties":{"probability":0.352,"inBuffer":false,"facType":"unknown"}},{"type":"Feature","geometry":{"type":"Point","coordinates":[-89.91462,29.94759]},"properties":{"probability":0.331,"inBuffer":false,"facType":"unknown"}},{"type":"Feature","geometry":{"type":"Point","coordinates":[-90.20208,29.94309]},"properties":{"probability":0.125,"inBuffer":false,"facType":"unknown"}},{"type":"Feature","geometry":{"type":"Point","coordinates":[-90.19759,29.94309]},"properties":{"probability":0.619,"inBuffer":false,"facType":"unknown"}},{"type":"Feature","geometry":{"type":"Point","coordinates":[-90.1931,29.94309]},"properties":{"probability":0.656,"inBuffer":false,"facType":"unknown"}},{"type":"Feature","geometry":{"type":"Point","coordinates":[-90.18861,29.94309]},"properties":{"probability":0.657,"inBuffer":false,"facType":"unknown"}},{"type":"Feature","geometry":{"type":"Point","coordinates":[-90.18412,29.94309]},"properties":{"probability":0.181,"inBuffer":false,"facType":"unknown"}},{"type":"Feature","geometry":{"type":"Point","coordinates":[-90.17963,29.94309]},"properties":{"probability":0.241,"inBuffer":false,"facType":"unknown"}},{"type":"Feature","geometry":{"type":"Point","coordinates":[-90.17513,29.94309]},"properties":{"probability":0.246,"inBuffer":false,"facType":"unknown"}},{"type":"Feature","geometry":{"type":"Point","coordinates":[-90.17064,29.94309]},"properties":{"probability":0.172,"inBuffer":false,"facType":"unknown"}},{"type":"Feature","geometry":{"type":"Point","coordinates":[-90.15268,29.94309]},"properties":{"probability":0.405,"inBuffer":false,"facType":"unknown"}},{"type":"Feature","geometry":{"type":"Point","coordinates":[-90.14818,29.94309]},"properties":{"probability":0.942,"inBuffer":false,"facType":"unknown"}},{"type":"Feature","geometry":{"type":"Point","coordinates":[-90.14369,29.94309]},"properties":{"probability":0.939,"inBuffer":false,"facType":"unknown"}},{"type":"Feature","geometry":{"type":"Point","coordinates":[-90.1392,29.94309]},"properties":{"probability":0.081,"inBuffer":false,"facType":"unknown"}},{"type":"Feature","geometry":{"type":"Point","coordinates":[-90.13471,29.94309]},"properties":{"probability":0.117,"inBuffer":false,"facType":"unknown"}},{"type":"Feature","geometry":{"type":"Point","coordinates":[-90.13022,29.94309]},"properties":{"probability":0.138,"inBuffer":false,"facType":"unknown"}},{"type":"Feature","geometry":{"type":"Point","coordinates":[-90.12573,29.94309]},"properties":{"probability":0.238,"inBuffer":false,"facType":"unknown"}},{"type":"Feature","geometry":{"type":"Point","coordinates":[-90.12124,29.94309]},"properties":{"probability":0.241,"inBuffer":false,"facType":"unknown"}},{"type":"Feature","geometry":{"type":"Point","coordinates":[-90.11674,29.94309]},"properties":{"probability":0.263,"inBuffer":false,"facType":"unknown"}},{"type":"Feature","geometry":{"type":"Point","coordinates":[-90.11225,29.94309]},"properties":{"probability":0.947,"inBuffer":false,"facType":"unknown"}},{"type":"Feature","geometry":{"type":"Point","coordinates":[-90.10776,29.94309]},"properties":{"probability":0.949,"inBuffer":false,"facType":"unknown"}},{"type":"Feature","geometry":{"type":"Point","coordinates":[-90.10327,29.94309]},"properties":{"probability":0.955,"inBuffer":false,"facType":"unknown"}},{"type":"Feature","geometry":{"type":"Point","coordinates":[-90.09878,29.94309]},"properties":{"probability":0.374,"inBuffer":false,"facType":"unknown"}},{"type":"Feature","geometry":{"type":"Point","coordinates":[-90.09429,29.94309]},"properties":{"probability":0.281,"inBuffer":false,"facType":"unknown"}},{"type":"Feature","geometry":{"type":"Point","coordinates":[-90.08979,29.94309]},"properties":{"probability":0.958,"inBuffer":false,"facType":"unknown"}},{"type":"Feature","geometry":{"type":"Point","coordinates":[-90.0853,29.94309]},"properties":{"probability":0.961,"inBuffer":false,"facType":"unknown"}},{"type":"Feature","geometry":{"type":"Point","coordinates":[-90.08081,29.94309]},"properties":{"probability":0.958,"inBuffer":false,"facType":"unknown"}},{"type":"Feature","geometry":{"type":"Point","coordinates":[-90.07632,29.94309]},"properties":{"probability":0.962,"inBuffer":false,"facType":"unknown"}},{"type":"Feature","geometry":{"type":"Point","coordinates":[-90.07183,29.94309]},"properties":{"probability":0.958,"inBuffer":false,"facType":"unknown"}},{"type":"Feature","geometry":{"type":"Point","coordinates":[-90.06734,29.94309]},"properties":{"probability":0.741,"inBuffer":false,"facType":"unknown"}},{"type":"Feature","geometry":{"type":"Point","coordinates":[-90.06284,29.94309]},"properties":{"probability":0.705,"inBuffer":false,"facType":"unknown"}},{"type":"Feature","geometry":{"type":"Point","coordinates":[-90.05835,29.94309]},"properties":{"probability":0.401,"inBuffer":false,"facType":"unknown"}},{"type":"Feature","geometry":{"type":"Point","coordinates":[-90.05386,29.94309]},"properties":{"probability":0.944,"inBuffer":false,"facType":"unknown"}},{"type":"Feature","geometry":{"type":"Point","coordinates":[-90.04937,29.94309]},"properties":{"probability":0.944,"inBuffer":false,"facType":"unknown"}},{"type":"Feature","geometry":{"type":"Point","coordinates":[-90.04488,29.94309]},"properties":{"probability":0.258,"inBuffer":false,"facType":"unknown"}},{"type":"Feature","geometry":{"type":"Point","coordinates":[-90.04039,29.94309]},"properties":{"probability":0.268,"inBuffer":false,"facType":"unknown"}},{"type":"Feature","geometry":{"type":"Point","coordinates":[-90.0359,29.94309]},"properties":{"probability":0.278,"inBuffer":false,"facType":"unknown"}},{"type":"Feature","geometry":{"type":"Point","coordinates":[-90.0314,29.94309]},"properties":{"probability":0.944,"inBuffer":false,"facType":"unknown"}},{"type":"Feature","geometry":{"type":"Point","coordinates":[-90.02691,29.94309]},"properties":{"probability":0.943,"inBuffer":false,"facType":"unknown"}},{"type":"Feature","geometry":{"type":"Point","coordinates":[-90.02242,29.94309]},"properties":{"probability":0.91,"inBuffer":false,"facType":"unknown"}},{"type":"Feature","geometry":{"type":"Point","coordinates":[-90.01793,29.94309]},"properties":{"probability":0.888,"inBuffer":false,"facType":"unknown"}},{"type":"Feature","geometry":{"type":"Point","coordinates":[-90.01344,29.94309]},"properties":{"probability":0.198,"inBuffer":false,"facType":"unknown"}},{"type":"Feature","geometry":{"type":"Point","coordinates":[-90.00895,29.94309]},"properties":{"probability":0.179,"inBuffer":false,"facType":"unknown"}},{"type":"Feature","geometry":{"type":"Point","coordinates":[-90.00445,29.94309]},"properties":{"probability":0.19,"inBuffer":false,"facType":"unknown"}},{"type":"Feature","geometry":{"type":"Point","coordinates":[-89.99996,29.94309]},"properties":{"probability":0.287,"inBuffer":false,"facType":"unknown"}},{"type":"Feature","geometry":{"type":"Point","coordinates":[-89.99547,29.94309]},"properties":{"probability":0.241,"inBuffer":false,"facType":"unknown"}},{"type":"Feature","geometry":{"type":"Point","coordinates":[-89.99098,29.94309]},"properties":{"probability":0.251,"inBuffer":false,"facType":"unknown"}},{"type":"Feature","geometry":{"type":"Point","coordinates":[-89.98649,29.94309]},"properties":{"probability":0.073,"inBuffer":false,"facType":"unknown"}},{"type":"Feature","geometry":{"type":"Point","coordinates":[-89.982,29.94309]},"properties":{"probability":0.337,"inBuffer":false,"facType":"unknown"}},{"type":"Feature","geometry":{"type":"Point","coordinates":[-89.9775,29.94309]},"properties":{"probability":0.463,"inBuffer":false,"facType":"unknown"}},{"type":"Feature","geometry":{"type":"Point","coordinates":[-89.97301,29.94309]},"properties":{"probability":0.946,"inBuffer":false,"facType":"unknown"}},{"type":"Feature","geometry":{"type":"Point","coordinates":[-89.96852,29.94309]},"properties":{"probability":0.948,"inBuffer":false,"facType":"unknown"}},{"type":"Feature","geometry":{"type":"Point","coordinates":[-89.96403,29.94309]},"properties":{"probability":0.172,"inBuffer":false,"facType":"unknown"}},{"type":"Feature","geometry":{"type":"Point","coordinates":[-89.95954,29.94309]},"properties":{"probability":0.167,"inBuffer":false,"facType":"unknown"}},{"type":"Feature","geometry":{"type":"Point","coordinates":[-89.95505,29.94309]},"properties":{"probability":0.092,"inBuffer":false,"facType":"unknown"}},{"type":"Feature","geometry":{"type":"Point","coordinates":[-89.95056,29.94309]},"properties":{"probability":0.083,"inBuffer":false,"facType":"unknown"}},{"type":"Feature","geometry":{"type":"Point","coordinates":[-89.94606,29.94309]},"properties":{"probability":0.117,"inBuffer":false,"facType":"unknown"}},{"type":"Feature","geometry":{"type":"Point","coordinates":[-89.94157,29.94309]},"properties":{"probability":0.087,"inBuffer":false,"facType":"unknown"}},{"type":"Feature","geometry":{"type":"Point","coordinates":[-89.93708,29.94309]},"properties":{"probability":0.211,"inBuffer":false,"facType":"unknown"}},{"type":"Feature","geometry":{"type":"Point","coordinates":[-89.93259,29.94309]},"properties":{"probability":0.373,"inBuffer":false,"facType":"unknown"}},{"type":"Feature","geometry":{"type":"Point","coordinates":[-89.9281,29.94309]},"properties":{"probability":0.885,"inBuffer":false,"facType":"unknown"}},{"type":"Feature","geometry":{"type":"Point","coordinates":[-89.92361,29.94309]},"properties":{"probability":0.862,"inBuffer":false,"facType":"unknown"}},{"type":"Feature","geometry":{"type":"Point","coordinates":[-89.91911,29.94309]},"properties":{"probability":0.851,"inBuffer":false,"facType":"unknown"}},{"type":"Feature","geometry":{"type":"Point","coordinates":[-89.91462,29.94309]},"properties":{"probability":0.3,"inBuffer":false,"facType":"unknown"}},{"type":"Feature","geometry":{"type":"Point","coordinates":[-89.91013,29.94309]},"properties":{"probability":0.182,"inBuffer":false,"facType":"unknown"}},{"type":"Feature","geometry":{"type":"Point","coordinates":[-90.20208,29.9386]},"properties":{"probability":0.149,"inBuffer":false,"facType":"unknown"}},{"type":"Feature","geometry":{"type":"Point","coordinates":[-90.19759,29.9386]},"properties":{"probability":0.652,"inBuffer":false,"facType":"unknown"}},{"type":"Feature","geometry":{"type":"Point","coordinates":[-90.1931,29.9386]},"properties":{"probability":0.958,"inBuffer":false,"facType":"unknown"}},{"type":"Feature","geometry":{"type":"Point","coordinates":[-90.18861,29.9386]},"properties":{"probability":0.958,"inBuffer":false,"facType":"unknown"}},{"type":"Feature","geometry":{"type":"Point","coordinates":[-90.18412,29.9386]},"properties":{"probability":0.278,"inBuffer":false,"facType":"unknown"}},{"type":"Feature","geometry":{"type":"Point","coordinates":[-90.17963,29.9386]},"properties":{"probability":0.207,"inBuffer":false,"facType":"unknown"}},{"type":"Feature","geometry":{"type":"Point","coordinates":[-90.17513,29.9386]},"properties":{"probability":0.203,"inBuffer":false,"facType":"unknown"}},{"type":"Feature","geometry":{"type":"Point","coordinates":[-90.17064,29.9386]},"properties":{"probability":0.224,"inBuffer":false,"facType":"unknown"}},{"type":"Feature","geometry":{"type":"Point","coordinates":[-90.16615,29.9386]},"properties":{"probability":0.212,"inBuffer":false,"facType":"unknown"}},{"type":"Feature","geometry":{"type":"Point","coordinates":[-90.16166,29.9386]},"properties":{"probability":0.058,"inBuffer":false,"facType":"unknown"}},{"type":"Feature","geometry":{"type":"Point","coordinates":[-90.14818,29.9386]},"properties":{"probability":0.349,"inBuffer":false,"facType":"unknown"}},{"type":"Feature","geometry":{"type":"Point","coordinates":[-90.14369,29.9386]},"properties":{"probability":0.377,"inBuffer":false,"facType":"unknown"}},{"type":"Feature","geometry":{"type":"Point","coordinates":[-90.1392,29.9386]},"properties":{"probability":0.343,"inBuffer":false,"facType":"unknown"}},{"type":"Feature","geometry":{"type":"Point","coordinates":[-90.13471,29.9386]},"properties":{"probability":0.264,"inBuffer":false,"facType":"unknown"}},{"type":"Feature","geometry":{"type":"Point","coordinates":[-90.13022,29.9386]},"properties":{"probability":0.294,"inBuffer":false,"facType":"unknown"}},{"type":"Feature","geometry":{"type":"Point","coordinates":[-90.12573,29.9386]},"properties":{"probability":0.287,"inBuffer":false,"facType":"unknown"}},{"type":"Feature","geometry":{"type":"Point","coordinates":[-90.12124,29.9386]},"properties":{"probability":0.245,"inBuffer":false,"facType":"unknown"}},{"type":"Feature","geometry":{"type":"Point","coordinates":[-90.11674,29.9386]},"properties":{"probability":0.264,"inBuffer":false,"facType":"unknown"}},{"type":"Feature","geometry":{"type":"Point","coordinates":[-90.11225,29.9386]},"properties":{"probability":0.952,"inBuffer":false,"facType":"unknown"}},{"type":"Feature","geometry":{"type":"Point","coordinates":[-90.10776,29.9386]},"properties":{"probability":0.955,"inBuffer":false,"facType":"unknown"}},{"type":"Feature","geometry":{"type":"Point","coordinates":[-90.10327,29.9386]},"properties":{"probability":0.956,"inBuffer":false,"facType":"unknown"}},{"type":"Feature","geometry":{"type":"Point","coordinates":[-90.09878,29.9386]},"properties":{"probability":0.956,"inBuffer":false,"facType":"unknown"}},{"type":"Feature","geometry":{"type":"Point","coordinates":[-90.09429,29.9386]},"properties":{"probability":0.955,"inBuffer":false,"facType":"unknown"}},{"type":"Feature","geometry":{"type":"Point","coordinates":[-90.08979,29.9386]},"properties":{"probability":0.956,"inBuffer":false,"facType":"unknown"}},{"type":"Feature","geometry":{"type":"Point","coordinates":[-90.0853,29.9386]},"properties":{"probability":0.953,"inBuffer":false,"facType":"unknown"}},{"type":"Feature","geometry":{"type":"Point","coordinates":[-90.08081,29.9386]},"properties":{"probability":0.959,"inBuffer":false,"facType":"unknown"}},{"type":"Feature","geometry":{"type":"Point","coordinates":[-90.07632,29.9386]},"properties":{"probability":0.959,"inBuffer":false,"facType":"unknown"}},{"type":"Feature","geometry":{"type":"Point","coordinates":[-90.07183,29.9386]},"properties":{"probability":0.959,"inBuffer":false,"facType":"unknown"}},{"type":"Feature","geometry":{"type":"Point","coordinates":[-90.06734,29.9386]},"properties":{"probability":0.642,"inBuffer":false,"facType":"unknown"}},{"type":"Feature","geometry":{"type":"Point","coordinates":[-90.06284,29.9386]},"properties":{"probability":0.679,"inBuffer":false,"facType":"unknown"}},{"type":"Feature","geometry":{"type":"Point","coordinates":[-90.05835,29.9386]},"properties":{"probability":0.649,"inBuffer":false,"facType":"unknown"}},{"type":"Feature","geometry":{"type":"Point","coordinates":[-90.05386,29.9386]},"properties":{"probability":0.141,"inBuffer":false,"facType":"unknown"}},{"type":"Feature","geometry":{"type":"Point","coordinates":[-90.04937,29.9386]},"properties":{"probability":0.255,"inBuffer":false,"facType":"unknown"}},{"type":"Feature","geometry":{"type":"Point","coordinates":[-90.04488,29.9386]},"properties":{"probability":0.27,"inBuffer":false,"facType":"unknown"}},{"type":"Feature","geometry":{"type":"Point","coordinates":[-90.04039,29.9386]},"properties":{"probability":0.942,"inBuffer":false,"facType":"unknown"}},{"type":"Feature","geometry":{"type":"Point","coordinates":[-90.0359,29.9386]},"properties":{"probability":0.928,"inBuffer":false,"facType":"unknown"}},{"type":"Feature","geometry":{"type":"Point","coordinates":[-90.0314,29.9386]},"properties":{"probability":0.906,"inBuffer":false,"facType":"unknown"}},{"type":"Feature","geometry":{"type":"Point","coordinates":[-90.02691,29.9386]},"properties":{"probability":0.915,"inBuffer":false,"facType":"unknown"}},{"type":"Feature","geometry":{"type":"Point","coordinates":[-90.02242,29.9386]},"properties":{"probability":0.913,"inBuffer":false,"facType":"unknown"}},{"type":"Feature","geometry":{"type":"Point","coordinates":[-90.01793,29.9386]},"properties":{"probability":0.911,"inBuffer":false,"facType":"unknown"}},{"type":"Feature","geometry":{"type":"Point","coordinates":[-90.01344,29.9386]},"properties":{"probability":0.897,"inBuffer":false,"facType":"unknown"}},{"type":"Feature","geometry":{"type":"Point","coordinates":[-90.00895,29.9386]},"properties":{"probability":0.224,"inBuffer":false,"facType":"unknown"}},{"type":"Feature","geometry":{"type":"Point","coordinates":[-90.00445,29.9386]},"properties":{"probability":0.186,"inBuffer":false,"facType":"unknown"}},{"type":"Feature","geometry":{"type":"Point","coordinates":[-89.99996,29.9386]},"properties":{"probability":0.176,"inBuffer":false,"facType":"unknown"}},{"type":"Feature","geometry":{"type":"Point","coordinates":[-89.98649,29.9386]},"properties":{"probability":0.083,"inBuffer":false,"facType":"unknown"}},{"type":"Feature","geometry":{"type":"Point","coordinates":[-89.982,29.9386]},"properties":{"probability":0.517,"inBuffer":false,"facType":"unknown"}},{"type":"Feature","geometry":{"type":"Point","coordinates":[-89.9775,29.9386]},"properties":{"probability":0.583,"inBuffer":false,"facType":"unknown"}},{"type":"Feature","geometry":{"type":"Point","coordinates":[-89.97301,29.9386]},"properties":{"probability":0.657,"inBuffer":false,"facType":"unknown"}},{"type":"Feature","geometry":{"type":"Point","coordinates":[-89.96852,29.9386]},"properties":{"probability":0.647,"inBuffer":false,"facType":"unknown"}},{"type":"Feature","geometry":{"type":"Point","coordinates":[-89.96403,29.9386]},"properties":{"probability":0.173,"inBuffer":false,"facType":"unknown"}},{"type":"Feature","geometry":{"type":"Point","coordinates":[-89.95954,29.9386]},"properties":{"probability":0.16,"inBuffer":false,"facType":"unknown"}},{"type":"Feature","geometry":{"type":"Point","coordinates":[-89.95505,29.9386]},"properties":{"probability":0.134,"inBuffer":false,"facType":"unknown"}},{"type":"Feature","geometry":{"type":"Point","coordinates":[-89.95056,29.9386]},"properties":{"probability":0.135,"inBuffer":false,"facType":"unknown"}},{"type":"Feature","geometry":{"type":"Point","coordinates":[-89.94606,29.9386]},"properties":{"probability":0.148,"inBuffer":false,"facType":"unknown"}},{"type":"Feature","geometry":{"type":"Point","coordinates":[-89.94157,29.9386]},"properties":{"probability":0.51,"inBuffer":false,"facType":"unknown"}},{"type":"Feature","geometry":{"type":"Point","coordinates":[-89.93708,29.9386]},"properties":{"probability":0.46,"inBuffer":false,"facType":"unknown"}},{"type":"Feature","geometry":{"type":"Point","coordinates":[-89.93259,29.9386]},"properties":{"probability":0.412,"inBuffer":false,"facType":"unknown"}},{"type":"Feature","geometry":{"type":"Point","coordinates":[-89.9281,29.9386]},"properties":{"probability":0.901,"inBuffer":false,"facType":"unknown"}},{"type":"Feature","geometry":{"type":"Point","coordinates":[-89.92361,29.9386]},"properties":{"probability":0.895,"inBuffer":false,"facType":"unknown"}},{"type":"Feature","geometry":{"type":"Point","coordinates":[-89.91911,29.9386]},"properties":{"probability":0.863,"inBuffer":false,"facType":"unknown"}},{"type":"Feature","geometry":{"type":"Point","coordinates":[-89.91462,29.9386]},"properties":{"probability":0.292,"inBuffer":false,"facType":"unknown"}},{"type":"Feature","geometry":{"type":"Point","coordinates":[-89.91013,29.9386]},"properties":{"probability":0.18,"inBuffer":false,"facType":"unknown"}},{"type":"Feature","geometry":{"type":"Point","coordinates":[-90.20208,29.93411]},"properties":{"probability":0.162,"inBuffer":false,"facType":"unknown"}},{"type":"Feature","geometry":{"type":"Point","coordinates":[-90.19759,29.93411]},"properties":{"probability":0.951,"inBuffer":false,"facType":"unknown"}},{"type":"Feature","geometry":{"type":"Point","coordinates":[-90.1931,29.93411]},"properties":{"probability":0.951,"inBuffer":false,"facType":"unknown"}},{"type":"Feature","geometry":{"type":"Point","coordinates":[-90.18861,29.93411]},"properties":{"probability":0.934,"inBuffer":false,"facType":"unknown"}},{"type":"Feature","geometry":{"type":"Point","coordinates":[-90.18412,29.93411]},"properties":{"probability":0.207,"inBuffer":false,"facType":"unknown"}},{"type":"Feature","geometry":{"type":"Point","coordinates":[-90.17963,29.93411]},"properties":{"probability":0.862,"inBuffer":false,"facType":"unknown"}},{"type":"Feature","geometry":{"type":"Point","coordinates":[-90.17513,29.93411]},"properties":{"probability":0.903,"inBuffer":false,"facType":"unknown"}},{"type":"Feature","geometry":{"type":"Point","coordinates":[-90.17064,29.93411]},"properties":{"probability":0.929,"inBuffer":false,"facType":"unknown"}},{"type":"Feature","geometry":{"type":"Point","coordinates":[-90.16615,29.93411]},"properties":{"probability":0.22,"inBuffer":false,"facType":"unknown"}},{"type":"Feature","geometry":{"type":"Point","coordinates":[-90.16166,29.93411]},"properties":{"probability":0.336,"inBuffer":false,"facType":"unknown"}},{"type":"Feature","geometry":{"type":"Point","coordinates":[-90.15717,29.93411]},"properties":{"probability":0.295,"inBuffer":false,"facType":"unknown"}},{"type":"Feature","geometry":{"type":"Point","coordinates":[-90.14818,29.93411]},"properties":{"probability":0.232,"inBuffer":false,"facType":"unknown"}},{"type":"Feature","geometry":{"type":"Point","coordinates":[-90.14369,29.93411]},"properties":{"probability":0.257,"inBuffer":false,"facType":"unknown"}},{"type":"Feature","geometry":{"type":"Point","coordinates":[-90.1392,29.93411]},"properties":{"probability":0.246,"inBuffer":false,"facType":"unknown"}},{"type":"Feature","geometry":{"type":"Point","coordinates":[-90.13471,29.93411]},"properties":{"probability":0.257,"inBuffer":false,"facType":"unknown"}},{"type":"Feature","geometry":{"type":"Point","coordinates":[-90.13022,29.93411]},"properties":{"probability":0.36,"inBuffer":false,"facType":"unknown"}},{"type":"Feature","geometry":{"type":"Point","coordinates":[-90.12573,29.93411]},"properties":{"probability":0.379,"inBuffer":false,"facType":"unknown"}},{"type":"Feature","geometry":{"type":"Point","coordinates":[-90.12124,29.93411]},"properties":{"probability":0.376,"inBuffer":false,"facType":"unknown"}},{"type":"Feature","geometry":{"type":"Point","coordinates":[-90.11674,29.93411]},"properties":{"probability":0.257,"inBuffer":false,"facType":"unknown"}},{"type":"Feature","geometry":{"type":"Point","coordinates":[-90.11225,29.93411]},"properties":{"probability":0.948,"inBuffer":false,"facType":"unknown"}},{"type":"Feature","geometry":{"type":"Point","coordinates":[-90.10776,29.93411]},"properties":{"probability":0.956,"inBuffer":false,"facType":"unknown"}},{"type":"Feature","geometry":{"type":"Point","coordinates":[-90.10327,29.93411]},"properties":{"probability":0.956,"inBuffer":false,"facType":"unknown"}},{"type":"Feature","geometry":{"type":"Point","coordinates":[-90.09878,29.93411]},"properties":{"probability":0.956,"inBuffer":false,"facType":"unknown"}},{"type":"Feature","geometry":{"type":"Point","coordinates":[-90.09429,29.93411]},"properties":{"probability":0.956,"inBuffer":false,"facType":"unknown"}},{"type":"Feature","geometry":{"type":"Point","coordinates":[-90.08979,29.93411]},"properties":{"probability":0.953,"inBuffer":false,"facType":"unknown"}},{"type":"Feature","geometry":{"type":"Point","coordinates":[-90.0853,29.93411]},"properties":{"probability":0.365,"inBuffer":false,"facType":"unknown"}},{"type":"Feature","geometry":{"type":"Point","coordinates":[-90.08081,29.93411]},"properties":{"probability":0.956,"inBuffer":false,"facType":"unknown"}},{"type":"Feature","geometry":{"type":"Point","coordinates":[-90.07632,29.93411]},"properties":{"probability":0.957,"inBuffer":false,"facType":"unknown"}},{"type":"Feature","geometry":{"type":"Point","coordinates":[-90.07183,29.93411]},"properties":{"probability":0.955,"inBuffer":false,"facType":"unknown"}},{"type":"Feature","geometry":{"type":"Point","coordinates":[-90.06734,29.93411]},"properties":{"probability":0.609,"inBuffer":false,"facType":"unknown"}},{"type":"Feature","geometry":{"type":"Point","coordinates":[-90.06284,29.93411]},"properties":{"probability":0.659,"inBuffer":false,"facType":"unknown"}},{"type":"Feature","geometry":{"type":"Point","coordinates":[-90.05835,29.93411]},"properties":{"probability":0.65,"inBuffer":false,"facType":"unknown"}},{"type":"Feature","geometry":{"type":"Point","coordinates":[-90.05386,29.93411]},"properties":{"probability":0.948,"inBuffer":false,"facType":"unknown"}},{"type":"Feature","geometry":{"type":"Point","coordinates":[-90.04937,29.93411]},"properties":{"probability":0.947,"inBuffer":false,"facType":"unknown"}},{"type":"Feature","geometry":{"type":"Point","coordinates":[-90.04488,29.93411]},"properties":{"probability":0.277,"inBuffer":false,"facType":"unknown"}},{"type":"Feature","geometry":{"type":"Point","coordinates":[-90.04039,29.93411]},"properties":{"probability":0.958,"inBuffer":false,"facType":"unknown"}},{"type":"Feature","geometry":{"type":"Point","coordinates":[-90.0359,29.93411]},"properties":{"probability":0.952,"inBuffer":false,"facType":"unknown"}},{"type":"Feature","geometry":{"type":"Point","coordinates":[-90.0314,29.93411]},"properties":{"probability":0.911,"inBuffer":false,"facType":"unknown"}},{"type":"Feature","geometry":{"type":"Point","coordinates":[-90.02691,29.93411]},"properties":{"probability":0.913,"inBuffer":false,"facType":"unknown"}},{"type":"Feature","geometry":{"type":"Point","coordinates":[-90.02242,29.93411]},"properties":{"probability":0.926,"inBuffer":false,"facType":"unknown"}},{"type":"Feature","geometry":{"type":"Point","coordinates":[-90.01793,29.93411]},"properties":{"probability":0.914,"inBuffer":false,"facType":"unknown"}},{"type":"Feature","geometry":{"type":"Point","coordinates":[-90.01344,29.93411]},"properties":{"probability":0.212,"inBuffer":false,"facType":"unknown"}},{"type":"Feature","geometry":{"type":"Point","coordinates":[-90.00895,29.93411]},"properties":{"probability":0.211,"inBuffer":false,"facType":"unknown"}},{"type":"Feature","geometry":{"type":"Point","coordinates":[-90.00445,29.93411]},"properties":{"probability":0.238,"inBuffer":false,"facType":"unknown"}},{"type":"Feature","geometry":{"type":"Point","coordinates":[-89.99996,29.93411]},"properties":{"probability":0.176,"inBuffer":false,"facType":"unknown"}},{"type":"Feature","geometry":{"type":"Point","coordinates":[-89.99547,29.93411]},"properties":{"probability":0.189,"inBuffer":false,"facType":"unknown"}},{"type":"Feature","geometry":{"type":"Point","coordinates":[-89.99098,29.93411]},"properties":{"probability":0.249,"inBuffer":false,"facType":"unknown"}},{"type":"Feature","geometry":{"type":"Point","coordinates":[-89.98649,29.93411]},"properties":{"probability":0.358,"inBuffer":false,"facType":"unknown"}},{"type":"Feature","geometry":{"type":"Point","coordinates":[-89.982,29.93411]},"properties":{"probability":0.954,"inBuffer":false,"facType":"unknown"}},{"type":"Feature","geometry":{"type":"Point","coordinates":[-89.9775,29.93411]},"properties":{"probability":0.958,"inBuffer":false,"facType":"unknown"}},{"type":"Feature","geometry":{"type":"Point","coordinates":[-89.97301,29.93411]},"properties":{"probability":0.959,"inBuffer":false,"facType":"unknown"}},{"type":"Feature","geometry":{"type":"Point","coordinates":[-89.96852,29.93411]},"properties":{"probability":0.674,"inBuffer":false,"facType":"unknown"}},{"type":"Feature","geometry":{"type":"Point","coordinates":[-89.96403,29.93411]},"properties":{"probability":0.156,"inBuffer":false,"facType":"unknown"}},{"type":"Feature","geometry":{"type":"Point","coordinates":[-89.95954,29.93411]},"properties":{"probability":0.137,"inBuffer":false,"facType":"unknown"}},{"type":"Feature","geometry":{"type":"Point","coordinates":[-89.95505,29.93411]},"properties":{"probability":0.134,"inBuffer":false,"facType":"unknown"}},{"type":"Feature","geometry":{"type":"Point","coordinates":[-89.95056,29.93411]},"properties":{"probability":0.133,"inBuffer":false,"facType":"unknown"}},{"type":"Feature","geometry":{"type":"Point","coordinates":[-89.94606,29.93411]},"properties":{"probability":0.157,"inBuffer":false,"facType":"unknown"}},{"type":"Feature","geometry":{"type":"Point","coordinates":[-89.94157,29.93411]},"properties":{"probability":0.594,"inBuffer":false,"facType":"unknown"}},{"type":"Feature","geometry":{"type":"Point","coordinates":[-89.93708,29.93411]},"properties":{"probability":0.476,"inBuffer":false,"facType":"unknown"}},{"type":"Feature","geometry":{"type":"Point","coordinates":[-89.93259,29.93411]},"properties":{"probability":0.44,"inBuffer":false,"facType":"unknown"}},{"type":"Feature","geometry":{"type":"Point","coordinates":[-89.9281,29.93411]},"properties":{"probability":0.092,"inBuffer":false,"facType":"unknown"}},{"type":"Feature","geometry":{"type":"Point","coordinates":[-89.92361,29.93411]},"properties":{"probability":0.355,"inBuffer":false,"facType":"unknown"}},{"type":"Feature","geometry":{"type":"Point","coordinates":[-89.91911,29.93411]},"properties":{"probability":0.321,"inBuffer":false,"facType":"unknown"}},{"type":"Feature","geometry":{"type":"Point","coordinates":[-89.91462,29.93411]},"properties":{"probability":0.181,"inBuffer":false,"facType":"unknown"}},{"type":"Feature","geometry":{"type":"Point","coordinates":[-90.20208,29.92962]},"properties":{"probability":0.22,"inBuffer":false,"facType":"unknown"}},{"type":"Feature","geometry":{"type":"Point","coordinates":[-90.19759,29.92962]},"properties":{"probability":0.202,"inBuffer":false,"facType":"unknown"}},{"type":"Feature","geometry":{"type":"Point","coordinates":[-90.1931,29.92962]},"properties":{"probability":0.236,"inBuffer":false,"facType":"unknown"}},{"type":"Feature","geometry":{"type":"Point","coordinates":[-90.18412,29.92962]},"properties":{"probability":0.397,"inBuffer":false,"facType":"unknown"}},{"type":"Feature","geometry":{"type":"Point","coordinates":[-90.17963,29.92962]},"properties":{"probability":0.448,"inBuffer":false,"facType":"unknown"}},{"type":"Feature","geometry":{"type":"Point","coordinates":[-90.17513,29.92962]},"properties":{"probability":0.917,"inBuffer":false,"facType":"unknown"}},{"type":"Feature","geometry":{"type":"Point","coordinates":[-90.17064,29.92962]},"properties":{"probability":0.92,"inBuffer":false,"facType":"unknown"}},{"type":"Feature","geometry":{"type":"Point","coordinates":[-90.16615,29.92962]},"properties":{"probability":0.92,"inBuffer":false,"facType":"unknown"}},{"type":"Feature","geometry":{"type":"Point","coordinates":[-90.16166,29.92962]},"properties":{"probability":0.895,"inBuffer":false,"facType":"unknown"}},{"type":"Feature","geometry":{"type":"Point","coordinates":[-90.15717,29.92962]},"properties":{"probability":0.324,"inBuffer":false,"facType":"unknown"}},{"type":"Feature","geometry":{"type":"Point","coordinates":[-90.15268,29.92962]},"properties":{"probability":0.305,"inBuffer":false,"facType":"unknown"}},{"type":"Feature","geometry":{"type":"Point","coordinates":[-90.14818,29.92962]},"properties":{"probability":0.216,"inBuffer":false,"facType":"unknown"}},{"type":"Feature","geometry":{"type":"Point","coordinates":[-90.14369,29.92962]},"properties":{"probability":0.215,"inBuffer":false,"facType":"unknown"}},{"type":"Feature","geometry":{"type":"Point","coordinates":[-90.1392,29.92962]},"properties":{"probability":0.221,"inBuffer":false,"facType":"unknown"}},{"type":"Feature","geometry":{"type":"Point","coordinates":[-90.13471,29.92962]},"properties":{"probability":0.336,"inBuffer":false,"facType":"unknown"}},{"type":"Feature","geometry":{"type":"Point","coordinates":[-90.13022,29.92962]},"properties":{"probability":0.911,"inBuffer":false,"facType":"unknown"}},{"type":"Feature","geometry":{"type":"Point","coordinates":[-90.12573,29.92962]},"properties":{"probability":0.915,"inBuffer":false,"facType":"unknown"}},{"type":"Feature","geometry":{"type":"Point","coordinates":[-90.12124,29.92962]},"properties":{"probability":0.928,"inBuffer":false,"facType":"unknown"}},{"type":"Feature","geometry":{"type":"Point","coordinates":[-90.11674,29.92962]},"properties":{"probability":0.945,"inBuffer":false,"facType":"unknown"}},{"type":"Feature","geometry":{"type":"Point","coordinates":[-90.11225,29.92962]},"properties":{"probability":0.946,"inBuffer":false,"facType":"unknown"}},{"type":"Feature","geometry":{"type":"Point","coordinates":[-90.10776,29.92962]},"properties":{"probability":0.258,"inBuffer":false,"facType":"unknown"}},{"type":"Feature","geometry":{"type":"Point","coordinates":[-90.10327,29.92962]},"properties":{"probability":0.375,"inBuffer":false,"facType":"unknown"}},{"type":"Feature","geometry":{"type":"Point","coordinates":[-90.09878,29.92962]},"properties":{"probability":0.952,"inBuffer":false,"facType":"unknown"}},{"type":"Feature","geometry":{"type":"Point","coordinates":[-90.09429,29.92962]},"properties":{"probability":0.956,"inBuffer":false,"facType":"unknown"}},{"type":"Feature","geometry":{"type":"Point","coordinates":[-90.08979,29.92962]},"properties":{"probability":0.951,"inBuffer":false,"facType":"unknown"}},{"type":"Feature","geometry":{"type":"Point","coordinates":[-90.0853,29.92962]},"properties":{"probability":0.949,"inBuffer":false,"facType":"unknown"}},{"type":"Feature","geometry":{"type":"Point","coordinates":[-90.08081,29.92962]},"properties":{"probability":0.952,"inBuffer":false,"facType":"unknown"}},{"type":"Feature","geometry":{"type":"Point","coordinates":[-90.07632,29.92962]},"properties":{"probability":0.374,"inBuffer":false,"facType":"unknown"}},{"type":"Feature","geometry":{"type":"Point","coordinates":[-90.07183,29.92962]},"properties":{"probability":0.628,"inBuffer":false,"facType":"unknown"}},{"type":"Feature","geometry":{"type":"Point","coordinates":[-90.06734,29.92962]},"properties":{"probability":0.69,"inBuffer":false,"facType":"unknown"}},{"type":"Feature","geometry":{"type":"Point","coordinates":[-90.06284,29.92962]},"properties":{"probability":0.657,"inBuffer":false,"facType":"unknown"}},{"type":"Feature","geometry":{"type":"Point","coordinates":[-90.05835,29.92962]},"properties":{"probability":0.947,"inBuffer":false,"facType":"unknown"}},{"type":"Feature","geometry":{"type":"Point","coordinates":[-90.05386,29.92962]},"properties":{"probability":0.951,"inBuffer":false,"facType":"unknown"}},{"type":"Feature","geometry":{"type":"Point","coordinates":[-90.04937,29.92962]},"properties":{"probability":0.956,"inBuffer":false,"facType":"unknown"}},{"type":"Feature","geometry":{"type":"Point","coordinates":[-90.04488,29.92962]},"properties":{"probability":0.267,"inBuffer":false,"facType":"unknown"}},{"type":"Feature","geometry":{"type":"Point","coordinates":[-90.04039,29.92962]},"properties":{"probability":0.957,"inBuffer":false,"facType":"unknown"}},{"type":"Feature","geometry":{"type":"Point","coordinates":[-90.0359,29.92962]},"properties":{"probability":0.949,"inBuffer":false,"facType":"unknown"}},{"type":"Feature","geometry":{"type":"Point","coordinates":[-90.0314,29.92962]},"properties":{"probability":0.934,"inBuffer":false,"facType":"unknown"}},{"type":"Feature","geometry":{"type":"Point","coordinates":[-90.02691,29.92962]},"properties":{"probability":0.944,"inBuffer":false,"facType":"unknown"}},{"type":"Feature","geometry":{"type":"Point","coordinates":[-90.02242,29.92962]},"properties":{"probability":0.257,"inBuffer":false,"facType":"unknown"}},{"type":"Feature","geometry":{"type":"Point","coordinates":[-90.01793,29.92962]},"properties":{"probability":0.095,"inBuffer":false,"facType":"unknown"}},{"type":"Feature","geometry":{"type":"Point","coordinates":[-90.01344,29.92962]},"properties":{"probability":0.083,"inBuffer":false,"facType":"unknown"}},{"type":"Feature","geometry":{"type":"Point","coordinates":[-90.00895,29.92962]},"properties":{"probability":0.133,"inBuffer":false,"facType":"unknown"}},{"type":"Feature","geometry":{"type":"Point","coordinates":[-90.00445,29.92962]},"properties":{"probability":0.136,"inBuffer":false,"facType":"unknown"}},{"type":"Feature","geometry":{"type":"Point","coordinates":[-89.99996,29.92962]},"properties":{"probability":0.075,"inBuffer":false,"facType":"unknown"}},{"type":"Feature","geometry":{"type":"Point","coordinates":[-89.99547,29.92962]},"properties":{"probability":0.053,"inBuffer":false,"facType":"unknown"}},{"type":"Feature","geometry":{"type":"Point","coordinates":[-89.98649,29.92962]},"properties":{"probability":0.067,"inBuffer":false,"facType":"unknown"}},{"type":"Feature","geometry":{"type":"Point","coordinates":[-89.982,29.92962]},"properties":{"probability":0.372,"inBuffer":false,"facType":"unknown"}},{"type":"Feature","geometry":{"type":"Point","coordinates":[-89.9775,29.92962]},"properties":{"probability":0.956,"inBuffer":false,"facType":"unknown"}},{"type":"Feature","geometry":{"type":"Point","coordinates":[-89.97301,29.92962]},"properties":{"probability":0.956,"inBuffer":false,"facType":"unknown"}},{"type":"Feature","geometry":{"type":"Point","coordinates":[-89.96852,29.92962]},"properties":{"probability":0.379,"inBuffer":false,"facType":"unknown"}},{"type":"Feature","geometry":{"type":"Point","coordinates":[-89.96403,29.92962]},"properties":{"probability":0.162,"inBuffer":false,"facType":"unknown"}},{"type":"Feature","geometry":{"type":"Point","coordinates":[-89.95954,29.92962]},"properties":{"probability":0.128,"inBuffer":false,"facType":"unknown"}},{"type":"Feature","geometry":{"type":"Point","coordinates":[-89.95505,29.92962]},"properties":{"probability":0.133,"inBuffer":false,"facType":"unknown"}},{"type":"Feature","geometry":{"type":"Point","coordinates":[-89.95056,29.92962]},"properties":{"probability":0.132,"inBuffer":false,"facType":"unknown"}},{"type":"Feature","geometry":{"type":"Point","coordinates":[-89.94606,29.92962]},"properties":{"probability":0.142,"inBuffer":false,"facType":"unknown"}},{"type":"Feature","geometry":{"type":"Point","coordinates":[-89.94157,29.92962]},"properties":{"probability":0.2,"inBuffer":false,"facType":"unknown"}},{"type":"Feature","geometry":{"type":"Point","coordinates":[-89.93708,29.92962]},"properties":{"probability":0.174,"inBuffer":false,"facType":"unknown"}},{"type":"Feature","geometry":{"type":"Point","coordinates":[-89.93259,29.92962]},"properties":{"probability":0.079,"inBuffer":false,"facType":"unknown"}},{"type":"Feature","geometry":{"type":"Point","coordinates":[-89.9281,29.92962]},"properties":{"probability":0.06,"inBuffer":false,"facType":"unknown"}},{"type":"Feature","geometry":{"type":"Point","coordinates":[-89.92361,29.92962]},"properties":{"probability":0.234,"inBuffer":false,"facType":"unknown"}},{"type":"Feature","geometry":{"type":"Point","coordinates":[-89.91911,29.92962]},"properties":{"probability":0.183,"inBuffer":false,"facType":"unknown"}},{"type":"Feature","geometry":{"type":"Point","coordinates":[-89.91462,29.92962]},"properties":{"probability":0.198,"inBuffer":false,"facType":"unknown"}},{"type":"Feature","geometry":{"type":"Point","coordinates":[-89.91013,29.92962]},"properties":{"probability":0.201,"inBuffer":false,"facType":"unknown"}},{"type":"Feature","geometry":{"type":"Point","coordinates":[-89.90564,29.92962]},"properties":{"probability":0.181,"inBuffer":false,"facType":"unknown"}},{"type":"Feature","geometry":{"type":"Point","coordinates":[-89.90115,29.92962]},"properties":{"probability":0.18,"inBuffer":false,"facType":"unknown"}},{"type":"Feature","geometry":{"type":"Point","coordinates":[-90.20208,29.92513]},"properties":{"probability":0.166,"inBuffer":false,"facType":"unknown"}},{"type":"Feature","geometry":{"type":"Point","coordinates":[-90.19759,29.92513]},"properties":{"probability":0.144,"inBuffer":false,"facType":"unknown"}},{"type":"Feature","geometry":{"type":"Point","coordinates":[-90.18412,29.92513]},"properties":{"probability":0.402,"inBuffer":false,"facType":"unknown"}},{"type":"Feature","geometry":{"type":"Point","coordinates":[-90.17963,29.92513]},"properties":{"probability":0.437,"inBuffer":false,"facType":"unknown"}},{"type":"Feature","geometry":{"type":"Point","coordinates":[-90.17513,29.92513]},"properties":{"probability":0.414,"inBuffer":false,"facType":"unknown"}},{"type":"Feature","geometry":{"type":"Point","coordinates":[-90.17064,29.92513]},"properties":{"probability":0.411,"inBuffer":false,"facType":"unknown"}},{"type":"Feature","geometry":{"type":"Point","coordinates":[-90.16615,29.92513]},"properties":{"probability":0.891,"inBuffer":false,"facType":"unknown"}},{"type":"Feature","geometry":{"type":"Point","coordinates":[-90.16166,29.92513]},"properties":{"probability":0.879,"inBuffer":false,"facType":"unknown"}},{"type":"Feature","geometry":{"type":"Point","coordinates":[-90.15717,29.92513]},"properties":{"probability":0.88,"inBuffer":false,"facType":"unknown"}},{"type":"Feature","geometry":{"type":"Point","coordinates":[-90.15268,29.92513]},"properties":{"probability":0.339,"inBuffer":false,"facType":"unknown"}},{"type":"Feature","geometry":{"type":"Point","coordinates":[-90.14818,29.92513]},"properties":{"probability":0.238,"inBuffer":false,"facType":"unknown"}},{"type":"Feature","geometry":{"type":"Point","coordinates":[-90.14369,29.92513]},"properties":{"probability":0.231,"inBuffer":false,"facType":"unknown"}},{"type":"Feature","geometry":{"type":"Point","coordinates":[-90.1392,29.92513]},"properties":{"probability":0.22,"inBuffer":false,"facType":"unknown"}},{"type":"Feature","geometry":{"type":"Point","coordinates":[-90.13471,29.92513]},"properties":{"probability":0.337,"inBuffer":false,"facType":"unknown"}},{"type":"Feature","geometry":{"type":"Point","coordinates":[-90.13022,29.92513]},"properties":{"probability":0.895,"inBuffer":false,"facType":"unknown"}},{"type":"Feature","geometry":{"type":"Point","coordinates":[-90.12573,29.92513]},"properties":{"probability":0.892,"inBuffer":false,"facType":"unknown"}},{"type":"Feature","geometry":{"type":"Point","coordinates":[-90.12124,29.92513]},"properties":{"probability":0.911,"inBuffer":false,"facType":"unknown"}},{"type":"Feature","geometry":{"type":"Point","coordinates":[-90.11674,29.92513]},"properties":{"probability":0.934,"inBuffer":false,"facType":"unknown"}},{"type":"Feature","geometry":{"type":"Point","coordinates":[-90.11225,29.92513]},"properties":{"probability":0.947,"inBuffer":false,"facType":"unknown"}},{"type":"Feature","geometry":{"type":"Point","coordinates":[-90.10776,29.92513]},"properties":{"probability":0.272,"inBuffer":false,"facType":"unknown"}},{"type":"Feature","geometry":{"type":"Point","coordinates":[-90.10327,29.92513]},"properties":{"probability":0.948,"inBuffer":false,"facType":"unknown"}},{"type":"Feature","geometry":{"type":"Point","coordinates":[-90.09878,29.92513]},"properties":{"probability":0.951,"inBuffer":false,"facType":"unknown"}},{"type":"Feature","geometry":{"type":"Point","coordinates":[-90.09429,29.92513]},"properties":{"probability":0.956,"inBuffer":false,"facType":"unknown"}},{"type":"Feature","geometry":{"type":"Point","coordinates":[-90.08979,29.92513]},"properties":{"probability":0.95,"inBuffer":false,"facType":"unknown"}},{"type":"Feature","geometry":{"type":"Point","coordinates":[-90.0853,29.92513]},"properties":{"probability":0.948,"inBuffer":false,"facType":"unknown"}},{"type":"Feature","geometry":{"type":"Point","coordinates":[-90.08081,29.92513]},"properties":{"probability":0.948,"inBuffer":false,"facType":"unknown"}},{"type":"Feature","geometry":{"type":"Point","coordinates":[-90.07632,29.92513]},"properties":{"probability":0.959,"inBuffer":false,"facType":"unknown"}},{"type":"Feature","geometry":{"type":"Point","coordinates":[-90.07183,29.92513]},"properties":{"probability":0.958,"inBuffer":false,"facType":"unknown"}},{"type":"Feature","geometry":{"type":"Point","coordinates":[-90.06734,29.92513]},"properties":{"probability":0.654,"inBuffer":false,"facType":"unknown"}},{"type":"Feature","geometry":{"type":"Point","coordinates":[-90.06284,29.92513]},"properties":{"probability":0.646,"inBuffer":false,"facType":"unknown"}},{"type":"Feature","geometry":{"type":"Point","coordinates":[-90.05835,29.92513]},"properties":{"probability":0.94,"inBuffer":false,"facType":"unknown"}},{"type":"Feature","geometry":{"type":"Point","coordinates":[-90.05386,29.92513]},"properties":{"probability":0.954,"inBuffer":false,"facType":"unknown"}},{"type":"Feature","geometry":{"type":"Point","coordinates":[-90.04937,29.92513]},"properties":{"probability":0.655,"inBuffer":false,"facType":"unknown"}},{"type":"Feature","geometry":{"type":"Point","coordinates":[-90.04488,29.92513]},"properties":{"probability":0.399,"inBuffer":false,"facType":"unknown"}},{"type":"Feature","geometry":{"type":"Point","coordinates":[-90.04039,29.92513]},"properties":{"probability":0.587,"inBuffer":false,"facType":"unknown"}},{"type":"Feature","geometry":{"type":"Point","coordinates":[-90.0359,29.92513]},"properties":{"probability":0.585,"inBuffer":false,"facType":"unknown"}},{"type":"Feature","geometry":{"type":"Point","coordinates":[-90.0314,29.92513]},"properties":{"probability":0.568,"inBuffer":false,"facType":"unknown"}},{"type":"Feature","geometry":{"type":"Point","coordinates":[-90.02691,29.92513]},"properties":{"probability":0.575,"inBuffer":false,"facType":"unknown"}},{"type":"Feature","geometry":{"type":"Point","coordinates":[-90.02242,29.92513]},"properties":{"probability":0.175,"inBuffer":false,"facType":"unknown"}},{"type":"Feature","geometry":{"type":"Point","coordinates":[-90.01793,29.92513]},"properties":{"probability":0.632,"inBuffer":false,"facType":"unknown"}},{"type":"Feature","geometry":{"type":"Point","coordinates":[-90.01344,29.92513]},"properties":{"probability":0.614,"inBuffer":false,"facType":"unknown"}},{"type":"Feature","geometry":{"type":"Point","coordinates":[-90.00895,29.92513]},"properties":{"probability":0.143,"inBuffer":false,"facType":"unknown"}},{"type":"Feature","geometry":{"type":"Point","coordinates":[-90.00445,29.92513]},"properties":{"probability":0.083,"inBuffer":false,"facType":"unknown"}},{"type":"Feature","geometry":{"type":"Point","coordinates":[-89.99996,29.92513]},"properties":{"probability":0.193,"inBuffer":false,"facType":"unknown"}},{"type":"Feature","geometry":{"type":"Point","coordinates":[-89.99547,29.92513]},"properties":{"probability":0.176,"inBuffer":false,"facType":"unknown"}},{"type":"Feature","geometry":{"type":"Point","coordinates":[-89.98649,29.92513]},"properties":{"probability":0.348,"inBuffer":false,"facType":"unknown"}},{"type":"Feature","geometry":{"type":"Point","coordinates":[-89.982,29.92513]},"properties":{"probability":0.463,"inBuffer":false,"facType":"unknown"}},{"type":"Feature","geometry":{"type":"Point","coordinates":[-89.9775,29.92513]},"properties":{"probability":0.607,"inBuffer":false,"facType":"unknown"}},{"type":"Feature","geometry":{"type":"Point","coordinates":[-89.97301,29.92513]},"properties":{"probability":0.615,"inBuffer":false,"facType":"unknown"}},{"type":"Feature","geometry":{"type":"Point","coordinates":[-89.96852,29.92513]},"properties":{"probability":0.091,"inBuffer":false,"facType":"unknown"}},{"type":"Feature","geometry":{"type":"Point","coordinates":[-89.96403,29.92513]},"properties":{"probability":0.056,"inBuffer":false,"facType":"unknown"}},{"type":"Feature","geometry":{"type":"Point","coordinates":[-89.95505,29.92513]},"properties":{"probability":0.055,"inBuffer":false,"facType":"unknown"}},{"type":"Feature","geometry":{"type":"Point","coordinates":[-89.94606,29.92513]},"properties":{"probability":0.069,"inBuffer":false,"facType":"unknown"}},{"type":"Feature","geometry":{"type":"Point","coordinates":[-89.94157,29.92513]},"properties":{"probability":0.093,"inBuffer":false,"facType":"unknown"}},{"type":"Feature","geometry":{"type":"Point","coordinates":[-89.93708,29.92513]},"properties":{"probability":0.074,"inBuffer":false,"facType":"unknown"}},{"type":"Feature","geometry":{"type":"Point","coordinates":[-89.91911,29.92513]},"properties":{"probability":0.186,"inBuffer":false,"facType":"unknown"}},{"type":"Feature","geometry":{"type":"Point","coordinates":[-89.91462,29.92513]},"properties":{"probability":0.18,"inBuffer":false,"facType":"unknown"}},{"type":"Feature","geometry":{"type":"Point","coordinates":[-89.91013,29.92513]},"properties":{"probability":0.182,"inBuffer":false,"facType":"unknown"}},{"type":"Feature","geometry":{"type":"Point","coordinates":[-89.90564,29.92513]},"properties":{"probability":0.184,"inBuffer":false,"facType":"unknown"}},{"type":"Feature","geometry":{"type":"Point","coordinates":[-89.90115,29.92513]},"properties":{"probability":0.18,"inBuffer":false,"facType":"unknown"}},{"type":"Feature","geometry":{"type":"Point","coordinates":[-90.20208,29.92064]},"properties":{"probability":0.251,"inBuffer":false,"facType":"unknown"}},{"type":"Feature","geometry":{"type":"Point","coordinates":[-90.19759,29.92064]},"properties":{"probability":0.151,"inBuffer":false,"facType":"unknown"}},{"type":"Feature","geometry":{"type":"Point","coordinates":[-90.1931,29.92064]},"properties":{"probability":0.131,"inBuffer":false,"facType":"unknown"}},{"type":"Feature","geometry":{"type":"Point","coordinates":[-90.18861,29.92064]},"properties":{"probability":0.122,"inBuffer":false,"facType":"unknown"}},{"type":"Feature","geometry":{"type":"Point","coordinates":[-90.18412,29.92064]},"properties":{"probability":0.13,"inBuffer":false,"facType":"unknown"}},{"type":"Feature","geometry":{"type":"Point","coordinates":[-90.17963,29.92064]},"properties":{"probability":0.192,"inBuffer":false,"facType":"unknown"}},{"type":"Feature","geometry":{"type":"Point","coordinates":[-90.17513,29.92064]},"properties":{"probability":0.292,"inBuffer":false,"facType":"unknown"}},{"type":"Feature","geometry":{"type":"Point","coordinates":[-90.17064,29.92064]},"properties":{"probability":0.311,"inBuffer":false,"facType":"unknown"}},{"type":"Feature","geometry":{"type":"Point","coordinates":[-90.16615,29.92064]},"properties":{"probability":0.312,"inBuffer":false,"facType":"unknown"}},{"type":"Feature","geometry":{"type":"Point","coordinates":[-90.16166,29.92064]},"properties":{"probability":0.847,"inBuffer":false,"facType":"unknown"}},{"type":"Feature","geometry":{"type":"Point","coordinates":[-90.15717,29.92064]},"properties":{"probability":0.853,"inBuffer":false,"facType":"unknown"}},{"type":"Feature","geometry":{"type":"Point","coordinates":[-90.15268,29.92064]},"properties":{"probability":0.299,"inBuffer":false,"facType":"unknown"}},{"type":"Feature","geometry":{"type":"Point","coordinates":[-90.14818,29.92064]},"properties":{"probability":0.192,"inBuffer":false,"facType":"unknown"}},{"type":"Feature","geometry":{"type":"Point","coordinates":[-90.14369,29.92064]},"properties":{"probability":0.21,"inBuffer":false,"facType":"unknown"}},{"type":"Feature","geometry":{"type":"Point","coordinates":[-90.1392,29.92064]},"properties":{"probability":0.338,"inBuffer":false,"facType":"unknown"}},{"type":"Feature","geometry":{"type":"Point","coordinates":[-90.13471,29.92064]},"properties":{"probability":0.845,"inBuffer":false,"facType":"unknown"}},{"type":"Feature","geometry":{"type":"Point","coordinates":[-90.13022,29.92064]},"properties":{"probability":0.925,"inBuffer":false,"facType":"unknown"}},{"type":"Feature","geometry":{"type":"Point","coordinates":[-90.12573,29.92064]},"properties":{"probability":0.948,"inBuffer":false,"facType":"unknown"}},{"type":"Feature","geometry":{"type":"Point","coordinates":[-90.12124,29.92064]},"properties":{"probability":0.955,"inBuffer":false,"facType":"unknown"}},{"type":"Feature","geometry":{"type":"Point","coordinates":[-90.11674,29.92064]},"properties":{"probability":0.952,"inBuffer":false,"facType":"unknown"}},{"type":"Feature","geometry":{"type":"Point","coordinates":[-90.11225,29.92064]},"properties":{"probability":0.949,"inBuffer":false,"facType":"unknown"}},{"type":"Feature","geometry":{"type":"Point","coordinates":[-90.10776,29.92064]},"properties":{"probability":0.954,"inBuffer":false,"facType":"unknown"}},{"type":"Feature","geometry":{"type":"Point","coordinates":[-90.10327,29.92064]},"properties":{"probability":0.959,"inBuffer":false,"facType":"unknown"}},{"type":"Feature","geometry":{"type":"Point","coordinates":[-90.09878,29.92064]},"properties":{"probability":0.95,"inBuffer":false,"facType":"unknown"}},{"type":"Feature","geometry":{"type":"Point","coordinates":[-90.09429,29.92064]},"properties":{"probability":0.942,"inBuffer":false,"facType":"unknown"}},{"type":"Feature","geometry":{"type":"Point","coordinates":[-90.08979,29.92064]},"properties":{"probability":0.939,"inBuffer":false,"facType":"unknown"}},{"type":"Feature","geometry":{"type":"Point","coordinates":[-90.0853,29.92064]},"properties":{"probability":0.93,"inBuffer":false,"facType":"unknown"}},{"type":"Feature","geometry":{"type":"Point","coordinates":[-90.08081,29.92064]},"properties":{"probability":0.941,"inBuffer":false,"facType":"unknown"}},{"type":"Feature","geometry":{"type":"Point","coordinates":[-90.07632,29.92064]},"properties":{"probability":0.942,"inBuffer":false,"facType":"unknown"}},{"type":"Feature","geometry":{"type":"Point","coordinates":[-90.07183,29.92064]},"properties":{"probability":0.944,"inBuffer":false,"facType":"unknown"}},{"type":"Feature","geometry":{"type":"Point","coordinates":[-90.06734,29.92064]},"properties":{"probability":0.657,"inBuffer":false,"facType":"unknown"}},{"type":"Feature","geometry":{"type":"Point","coordinates":[-90.06284,29.92064]},"properties":{"probability":0.654,"inBuffer":false,"facType":"unknown"}},{"type":"Feature","geometry":{"type":"Point","coordinates":[-90.05835,29.92064]},"properties":{"probability":0.959,"inBuffer":false,"facType":"unknown"}},{"type":"Feature","geometry":{"type":"Point","coordinates":[-90.05386,29.92064]},"properties":{"probability":0.656,"inBuffer":false,"facType":"unknown"}},{"type":"Feature","geometry":{"type":"Point","coordinates":[-90.04937,29.92064]},"properties":{"probability":0.66,"inBuffer":false,"facType":"unknown"}},{"type":"Feature","geometry":{"type":"Point","coordinates":[-90.04488,29.92064]},"properties":{"probability":0.598,"inBuffer":false,"facType":"unknown"}},{"type":"Feature","geometry":{"type":"Point","coordinates":[-90.04039,29.92064]},"properties":{"probability":0.178,"inBuffer":false,"facType":"unknown"}},{"type":"Feature","geometry":{"type":"Point","coordinates":[-90.0359,29.92064]},"properties":{"probability":0.588,"inBuffer":false,"facType":"unknown"}},{"type":"Feature","geometry":{"type":"Point","coordinates":[-90.0314,29.92064]},"properties":{"probability":0.488,"inBuffer":false,"facType":"unknown"}},{"type":"Feature","geometry":{"type":"Point","coordinates":[-90.02691,29.92064]},"properties":{"probability":0.091,"inBuffer":false,"facType":"unknown"}},{"type":"Feature","geometry":{"type":"Point","coordinates":[-90.02242,29.92064]},"properties":{"probability":0.584,"inBuffer":false,"facType":"unknown"}},{"type":"Feature","geometry":{"type":"Point","coordinates":[-90.01793,29.92064]},"properties":{"probability":0.657,"inBuffer":false,"facType":"unknown"}},{"type":"Feature","geometry":{"type":"Point","coordinates":[-90.01344,29.92064]},"properties":{"probability":0.653,"inBuffer":false,"facType":"unknown"}},{"type":"Feature","geometry":{"type":"Point","coordinates":[-90.00895,29.92064]},"properties":{"probability":0.493,"inBuffer":false,"facType":"unknown"}},{"type":"Feature","geometry":{"type":"Point","coordinates":[-90.00445,29.92064]},"properties":{"probability":0.127,"inBuffer":false,"facType":"unknown"}},{"type":"Feature","geometry":{"type":"Point","coordinates":[-89.99996,29.92064]},"properties":{"probability":0.227,"inBuffer":false,"facType":"unknown"}},{"type":"Feature","geometry":{"type":"Point","coordinates":[-89.99547,29.92064]},"properties":{"probability":0.21,"inBuffer":false,"facType":"unknown"}},{"type":"Feature","geometry":{"type":"Point","coordinates":[-89.99098,29.92064]},"properties":{"probability":0.203,"inBuffer":false,"facType":"unknown"}},{"type":"Feature","geometry":{"type":"Point","coordinates":[-89.98649,29.92064]},"properties":{"probability":0.389,"inBuffer":false,"facType":"unknown"}},{"type":"Feature","geometry":{"type":"Point","coordinates":[-89.982,29.92064]},"properties":{"probability":0.411,"inBuffer":false,"facType":"unknown"}},{"type":"Feature","geometry":{"type":"Point","coordinates":[-89.9775,29.92064]},"properties":{"probability":0.337,"inBuffer":false,"facType":"unknown"}},{"type":"Feature","geometry":{"type":"Point","coordinates":[-89.97301,29.92064]},"properties":{"probability":0.311,"inBuffer":false,"facType":"unknown"}},{"type":"Feature","geometry":{"type":"Point","coordinates":[-89.91911,29.92064]},"properties":{"probability":0.181,"inBuffer":false,"facType":"unknown"}},{"type":"Feature","geometry":{"type":"Point","coordinates":[-89.91462,29.92064]},"properties":{"probability":0.198,"inBuffer":false,"facType":"unknown"}},{"type":"Feature","geometry":{"type":"Point","coordinates":[-89.91013,29.92064]},"properties":{"probability":0.227,"inBuffer":false,"facType":"unknown"}},{"type":"Feature","geometry":{"type":"Point","coordinates":[-89.90564,29.92064]},"properties":{"probability":0.191,"inBuffer":false,"facType":"unknown"}},{"type":"Feature","geometry":{"type":"Point","coordinates":[-89.90115,29.92064]},"properties":{"probability":0.186,"inBuffer":false,"facType":"unknown"}},{"type":"Feature","geometry":{"type":"Point","coordinates":[-90.20208,29.91614]},"properties":{"probability":0.248,"inBuffer":false,"facType":"unknown"}},{"type":"Feature","geometry":{"type":"Point","coordinates":[-90.19759,29.91614]},"properties":{"probability":0.239,"inBuffer":false,"facType":"unknown"}},{"type":"Feature","geometry":{"type":"Point","coordinates":[-90.1931,29.91614]},"properties":{"probability":0.078,"inBuffer":false,"facType":"unknown"}},{"type":"Feature","geometry":{"type":"Point","coordinates":[-90.17064,29.91614]},"properties":{"probability":0.212,"inBuffer":false,"facType":"unknown"}},{"type":"Feature","geometry":{"type":"Point","coordinates":[-90.16166,29.91614]},"properties":{"probability":0.308,"inBuffer":false,"facType":"unknown"}},{"type":"Feature","geometry":{"type":"Point","coordinates":[-90.15717,29.91614]},"properties":{"probability":0.303,"inBuffer":false,"facType":"unknown"}},{"type":"Feature","geometry":{"type":"Point","coordinates":[-90.15268,29.91614]},"properties":{"probability":0.144,"inBuffer":false,"facType":"unknown"}},{"type":"Feature","geometry":{"type":"Point","coordinates":[-90.14818,29.91614]},"properties":{"probability":0.206,"inBuffer":false,"facType":"unknown"}},{"type":"Feature","geometry":{"type":"Point","coordinates":[-90.14369,29.91614]},"properties":{"probability":0.234,"inBuffer":false,"facType":"unknown"}},{"type":"Feature","geometry":{"type":"Point","coordinates":[-90.1392,29.91614]},"properties":{"probability":0.218,"inBuffer":false,"facType":"unknown"}},{"type":"Feature","geometry":{"type":"Point","coordinates":[-90.13471,29.91614]},"properties":{"probability":0.897,"inBuffer":false,"facType":"unknown"}},{"type":"Feature","geometry":{"type":"Point","coordinates":[-90.13022,29.91614]},"properties":{"probability":0.939,"inBuffer":false,"facType":"unknown"}},{"type":"Feature","geometry":{"type":"Point","coordinates":[-90.12573,29.91614]},"properties":{"probability":0.952,"inBuffer":false,"facType":"unknown"}},{"type":"Feature","geometry":{"type":"Point","coordinates":[-90.12124,29.91614]},"properties":{"probability":0.954,"inBuffer":false,"facType":"unknown"}},{"type":"Feature","geometry":{"type":"Point","coordinates":[-90.11674,29.91614]},"properties":{"probability":0.263,"inBuffer":false,"facType":"unknown"}},{"type":"Feature","geometry":{"type":"Point","coordinates":[-90.11225,29.91614]},"properties":{"probability":0.268,"inBuffer":false,"facType":"unknown"}},{"type":"Feature","geometry":{"type":"Point","coordinates":[-90.10776,29.91614]},"properties":{"probability":0.181,"inBuffer":false,"facType":"unknown"}},{"type":"Feature","geometry":{"type":"Point","coordinates":[-90.10327,29.91614]},"properties":{"probability":0.644,"inBuffer":false,"facType":"unknown"}},{"type":"Feature","geometry":{"type":"Point","coordinates":[-90.09878,29.91614]},"properties":{"probability":0.632,"inBuffer":false,"facType":"unknown"}},{"type":"Feature","geometry":{"type":"Point","coordinates":[-90.09429,29.91614]},"properties":{"probability":0.551,"inBuffer":false,"facType":"unknown"}},{"type":"Feature","geometry":{"type":"Point","coordinates":[-90.08979,29.91614]},"properties":{"probability":0.09,"inBuffer":false,"facType":"unknown"}},{"type":"Feature","geometry":{"type":"Point","coordinates":[-90.0853,29.91614]},"properties":{"probability":0.228,"inBuffer":false,"facType":"unknown"}},{"type":"Feature","geometry":{"type":"Point","coordinates":[-90.08081,29.91614]},"properties":{"probability":0.784,"inBuffer":false,"facType":"unknown"}},{"type":"Feature","geometry":{"type":"Point","coordinates":[-90.07632,29.91614]},"properties":{"probability":0.947,"inBuffer":false,"facType":"unknown"}},{"type":"Feature","geometry":{"type":"Point","coordinates":[-90.07183,29.91614]},"properties":{"probability":0.657,"inBuffer":false,"facType":"unknown"}},{"type":"Feature","geometry":{"type":"Point","coordinates":[-90.06734,29.91614]},"properties":{"probability":0.666,"inBuffer":false,"facType":"unknown"}},{"type":"Feature","geometry":{"type":"Point","coordinates":[-90.06284,29.91614]},"properties":{"probability":0.682,"inBuffer":false,"facType":"unknown"}},{"type":"Feature","geometry":{"type":"Point","coordinates":[-90.05835,29.91614]},"properties":{"probability":0.657,"inBuffer":false,"facType":"unknown"}},{"type":"Feature","geometry":{"type":"Point","coordinates":[-90.05386,29.91614]},"properties":{"probability":0.654,"inBuffer":false,"facType":"unknown"}},{"type":"Feature","geometry":{"type":"Point","coordinates":[-90.04937,29.91614]},"properties":{"probability":0.608,"inBuffer":false,"facType":"unknown"}},{"type":"Feature","geometry":{"type":"Point","coordinates":[-90.04488,29.91614]},"properties":{"probability":0.181,"inBuffer":false,"facType":"unknown"}},{"type":"Feature","geometry":{"type":"Point","coordinates":[-90.04039,29.91614]},"properties":{"probability":0.269,"inBuffer":false,"facType":"unknown"}},{"type":"Feature","geometry":{"type":"Point","coordinates":[-90.0359,29.91614]},"properties":{"probability":0.953,"inBuffer":false,"facType":"unknown"}},{"type":"Feature","geometry":{"type":"Point","coordinates":[-90.0314,29.91614]},"properties":{"probability":0.947,"inBuffer":false,"facType":"unknown"}},{"type":"Feature","geometry":{"type":"Point","coordinates":[-90.02691,29.91614]},"properties":{"probability":0.228,"inBuffer":false,"facType":"unknown"}},{"type":"Feature","geometry":{"type":"Point","coordinates":[-90.02242,29.91614]},"properties":{"probability":0.144,"inBuffer":false,"facType":"unknown"}},{"type":"Feature","geometry":{"type":"Point","coordinates":[-90.01793,29.91614]},"properties":{"probability":0.534,"inBuffer":false,"facType":"unknown"}},{"type":"Feature","geometry":{"type":"Point","coordinates":[-90.01344,29.91614]},"properties":{"probability":0.486,"inBuffer":false,"facType":"unknown"}},{"type":"Feature","geometry":{"type":"Point","coordinates":[-90.00895,29.91614]},"properties":{"probability":0.136,"inBuffer":false,"facType":"unknown"}},{"type":"Feature","geometry":{"type":"Point","coordinates":[-90.00445,29.91614]},"properties":{"probability":0.224,"inBuffer":false,"facType":"unknown"}},{"type":"Feature","geometry":{"type":"Point","coordinates":[-89.99996,29.91614]},"properties":{"probability":0.925,"inBuffer":false,"facType":"unknown"}},{"type":"Feature","geometry":{"type":"Point","coordinates":[-89.99547,29.91614]},"properties":{"probability":0.913,"inBuffer":false,"facType":"unknown"}},{"type":"Feature","geometry":{"type":"Point","coordinates":[-89.99098,29.91614]},"properties":{"probability":0.896,"inBuffer":false,"facType":"unknown"}},{"type":"Feature","geometry":{"type":"Point","coordinates":[-89.98649,29.91614]},"properties":{"probability":0.897,"inBuffer":false,"facType":"unknown"}},{"type":"Feature","geometry":{"type":"Point","coordinates":[-89.982,29.91614]},"properties":{"probability":0.176,"inBuffer":false,"facType":"unknown"}},{"type":"Feature","geometry":{"type":"Point","coordinates":[-89.9775,29.91614]},"properties":{"probability":0.194,"inBuffer":false,"facType":"unknown"}},{"type":"Feature","geometry":{"type":"Point","coordinates":[-89.97301,29.91614]},"properties":{"probability":0.062,"inBuffer":false,"facType":"unknown"}},{"type":"Feature","geometry":{"type":"Point","coordinates":[-89.91462,29.91614]},"properties":{"probability":0.181,"inBuffer":false,"facType":"unknown"}},{"type":"Feature","geometry":{"type":"Point","coordinates":[-89.91013,29.91614]},"properties":{"probability":0.183,"inBuffer":false,"facType":"unknown"}},{"type":"Feature","geometry":{"type":"Point","coordinates":[-89.90564,29.91614]},"properties":{"probability":0.18,"inBuffer":false,"facType":"unknown"}},{"type":"Feature","geometry":{"type":"Point","coordinates":[-89.90115,29.91614]},"properties":{"probability":0.194,"inBuffer":false,"facType":"unknown"}},{"type":"Feature","geometry":{"type":"Point","coordinates":[-90.20208,29.91165]},"properties":{"probability":0.25,"inBuffer":false,"facType":"unknown"}},{"type":"Feature","geometry":{"type":"Point","coordinates":[-90.19759,29.91165]},"properties":{"probability":0.214,"inBuffer":false,"facType":"unknown"}},{"type":"Feature","geometry":{"type":"Point","coordinates":[-90.1931,29.91165]},"properties":{"probability":0.172,"inBuffer":false,"facType":"unknown"}},{"type":"Feature","geometry":{"type":"Point","coordinates":[-90.17064,29.91165]},"properties":{"probability":0.079,"inBuffer":false,"facType":"unknown"}},{"type":"Feature","geometry":{"type":"Point","coordinates":[-90.16615,29.91165]},"properties":{"probability":0.131,"inBuffer":false,"facType":"unknown"}},{"type":"Feature","geometry":{"type":"Point","coordinates":[-90.16166,29.91165]},"properties":{"probability":0.286,"inBuffer":false,"facType":"unknown"}},{"type":"Feature","geometry":{"type":"Point","coordinates":[-90.15717,29.91165]},"properties":{"probability":0.251,"inBuffer":false,"facType":"unknown"}},{"type":"Feature","geometry":{"type":"Point","coordinates":[-90.15268,29.91165]},"properties":{"probability":0.264,"inBuffer":false,"facType":"unknown"}},{"type":"Feature","geometry":{"type":"Point","coordinates":[-90.14818,29.91165]},"properties":{"probability":0.945,"inBuffer":false,"facType":"unknown"}},{"type":"Feature","geometry":{"type":"Point","coordinates":[-90.14369,29.91165]},"properties":{"probability":0.945,"inBuffer":false,"facType":"unknown"}},{"type":"Feature","geometry":{"type":"Point","coordinates":[-90.1392,29.91165]},"properties":{"probability":0.912,"inBuffer":false,"facType":"unknown"}},{"type":"Feature","geometry":{"type":"Point","coordinates":[-90.13471,29.91165]},"properties":{"probability":0.216,"inBuffer":false,"facType":"unknown"}},{"type":"Feature","geometry":{"type":"Point","coordinates":[-90.13022,29.91165]},"properties":{"probability":0.912,"inBuffer":false,"facType":"unknown"}},{"type":"Feature","geometry":{"type":"Point","coordinates":[-90.12573,29.91165]},"properties":{"probability":0.94,"inBuffer":false,"facType":"unknown"}},{"type":"Feature","geometry":{"type":"Point","coordinates":[-90.12124,29.91165]},"properties":{"probability":0.377,"inBuffer":false,"facType":"unknown"}},{"type":"Feature","geometry":{"type":"Point","coordinates":[-90.11674,29.91165]},"properties":{"probability":0.287,"inBuffer":false,"facType":"unknown"}},{"type":"Feature","geometry":{"type":"Point","coordinates":[-90.11225,29.91165]},"properties":{"probability":0.165,"inBuffer":false,"facType":"unknown"}},{"type":"Feature","geometry":{"type":"Point","coordinates":[-90.10776,29.91165]},"properties":{"probability":0.17,"inBuffer":false,"facType":"unknown"}},{"type":"Feature","geometry":{"type":"Point","coordinates":[-90.10327,29.91165]},"properties":{"probability":0.387,"inBuffer":false,"facType":"unknown"}},{"type":"Feature","geometry":{"type":"Point","coordinates":[-90.09878,29.91165]},"properties":{"probability":0.57,"inBuffer":false,"facType":"unknown"}},{"type":"Feature","geometry":{"type":"Point","coordinates":[-90.09429,29.91165]},"properties":{"probability":0.173,"inBuffer":false,"facType":"unknown"}},{"type":"Feature","geometry":{"type":"Point","coordinates":[-90.08979,29.91165]},"properties":{"probability":0.177,"inBuffer":false,"facType":"unknown"}},{"type":"Feature","geometry":{"type":"Point","coordinates":[-90.0853,29.91165]},"properties":{"probability":0.25,"inBuffer":false,"facType":"unknown"}},{"type":"Feature","geometry":{"type":"Point","coordinates":[-90.08081,29.91165]},"properties":{"probability":0.265,"inBuffer":false,"facType":"unknown"}},{"type":"Feature","geometry":{"type":"Point","coordinates":[-90.07632,29.91165]},"properties":{"probability":0.273,"inBuffer":false,"facType":"unknown"}},{"type":"Feature","geometry":{"type":"Point","coordinates":[-90.07183,29.91165]},"properties":{"probability":0.601,"inBuffer":false,"facType":"unknown"}},{"type":"Feature","geometry":{"type":"Point","coordinates":[-90.06734,29.91165]},"properties":{"probability":0.659,"inBuffer":false,"facType":"unknown"}},{"type":"Feature","geometry":{"type":"Point","coordinates":[-90.06284,29.91165]},"properties":{"probability":0.634,"inBuffer":false,"facType":"unknown"}},{"type":"Feature","geometry":{"type":"Point","coordinates":[-90.05835,29.91165]},"properties":{"probability":0.584,"inBuffer":false,"facType":"unknown"}},{"type":"Feature","geometry":{"type":"Point","coordinates":[-90.05386,29.91165]},"properties":{"probability":0.176,"inBuffer":false,"facType":"unknown"}},{"type":"Feature","geometry":{"type":"Point","coordinates":[-90.04937,29.91165]},"properties":{"probability":0.173,"inBuffer":false,"facType":"unknown"}},{"type":"Feature","geometry":{"type":"Point","coordinates":[-90.04488,29.91165]},"properties":{"probability":0.265,"inBuffer":false,"facType":"unknown"}},{"type":"Feature","geometry":{"type":"Point","coordinates":[-90.04039,29.91165]},"properties":{"probability":0.953,"inBuffer":false,"facType":"unknown"}},{"type":"Feature","geometry":{"type":"Point","coordinates":[-90.0359,29.91165]},"properties":{"probability":0.952,"inBuffer":false,"facType":"unknown"}},{"type":"Feature","geometry":{"type":"Point","coordinates":[-90.0314,29.91165]},"properties":{"probability":0.947,"inBuffer":false,"facType":"unknown"}},{"type":"Feature","geometry":{"type":"Point","coordinates":[-90.02691,29.91165]},"properties":{"probability":0.944,"inBuffer":false,"facType":"unknown"}},{"type":"Feature","geometry":{"type":"Point","coordinates":[-90.02242,29.91165]},"properties":{"probability":0.256,"inBuffer":false,"facType":"unknown"}},{"type":"Feature","geometry":{"type":"Point","coordinates":[-90.01793,29.91165]},"properties":{"probability":0.089,"inBuffer":false,"facType":"unknown"}},{"type":"Feature","geometry":{"type":"Point","coordinates":[-90.01344,29.91165]},"properties":{"probability":0.061,"inBuffer":false,"facType":"unknown"}},{"type":"Feature","geometry":{"type":"Point","coordinates":[-90.00445,29.91165]},"properties":{"probability":0.183,"inBuffer":false,"facType":"unknown"}},{"type":"Feature","geometry":{"type":"Point","coordinates":[-89.99996,29.91165]},"properties":{"probability":0.926,"inBuffer":false,"facType":"unknown"}},{"type":"Feature","geometry":{"type":"Point","coordinates":[-89.99547,29.91165]},"properties":{"probability":0.944,"inBuffer":false,"facType":"unknown"}},{"type":"Feature","geometry":{"type":"Point","coordinates":[-89.99098,29.91165]},"properties":{"probability":0.942,"inBuffer":false,"facType":"unknown"}},{"type":"Feature","geometry":{"type":"Point","coordinates":[-89.98649,29.91165]},"properties":{"probability":0.907,"inBuffer":false,"facType":"unknown"}},{"type":"Feature","geometry":{"type":"Point","coordinates":[-89.982,29.91165]},"properties":{"probability":0.155,"inBuffer":false,"facType":"unknown"}},{"type":"Feature","geometry":{"type":"Point","coordinates":[-89.91013,29.91165]},"properties":{"probability":0.198,"inBuffer":false,"facType":"unknown"}},{"type":"Feature","geometry":{"type":"Point","coordinates":[-89.90564,29.91165]},"properties":{"probability":0.191,"inBuffer":false,"facType":"unknown"}},{"type":"Feature","geometry":{"type":"Point","coordinates":[-89.90115,29.91165]},"properties":{"probability":0.236,"inBuffer":false,"facType":"unknown"}},{"type":"Feature","geometry":{"type":"Point","coordinates":[-90.20208,29.90716]},"properties":{"probability":0.226,"inBuffer":false,"facType":"unknown"}},{"type":"Feature","geometry":{"type":"Point","coordinates":[-90.19759,29.90716]},"properties":{"probability":0.118,"inBuffer":false,"facType":"unknown"}},{"type":"Feature","geometry":{"type":"Point","coordinates":[-90.1931,29.90716]},"properties":{"probability":0.119,"inBuffer":false,"facType":"unknown"}},{"type":"Feature","geometry":{"type":"Point","coordinates":[-90.18861,29.90716]},"properties":{"probability":0.119,"inBuffer":false,"facType":"unknown"}},{"type":"Feature","geometry":{"type":"Point","coordinates":[-90.16615,29.90716]},"properties":{"probability":0.083,"inBuffer":false,"facType":"unknown"}},{"type":"Feature","geometry":{"type":"Point","coordinates":[-90.16166,29.90716]},"properties":{"probability":0.245,"inBuffer":false,"facType":"unknown"}},{"type":"Feature","geometry":{"type":"Point","coordinates":[-90.15717,29.90716]},"properties":{"probability":0.252,"inBuffer":false,"facType":"unknown"}},{"type":"Feature","geometry":{"type":"Point","coordinates":[-90.15268,29.90716]},"properties":{"probability":0.273,"inBuffer":false,"facType":"unknown"}},{"type":"Feature","geometry":{"type":"Point","coordinates":[-90.14818,29.90716]},"properties":{"probability":0.946,"inBuffer":false,"facType":"unknown"}},{"type":"Feature","geometry":{"type":"Point","coordinates":[-90.14369,29.90716]},"properties":{"probability":0.946,"inBuffer":false,"facType":"unknown"}},{"type":"Feature","geometry":{"type":"Point","coordinates":[-90.1392,29.90716]},"properties":{"probability":0.945,"inBuffer":false,"facType":"unknown"}},{"type":"Feature","geometry":{"type":"Point","coordinates":[-90.13471,29.90716]},"properties":{"probability":0.272,"inBuffer":false,"facType":"unknown"}},{"type":"Feature","geometry":{"type":"Point","coordinates":[-90.13022,29.90716]},"properties":{"probability":0.376,"inBuffer":false,"facType":"unknown"}},{"type":"Feature","geometry":{"type":"Point","coordinates":[-90.12573,29.90716]},"properties":{"probability":0.375,"inBuffer":false,"facType":"unknown"}},{"type":"Feature","geometry":{"type":"Point","coordinates":[-90.12124,29.90716]},"properties":{"probability":0.244,"inBuffer":false,"facType":"unknown"}},{"type":"Feature","geometry":{"type":"Point","coordinates":[-90.11674,29.90716]},"properties":{"probability":0.244,"inBuffer":false,"facType":"unknown"}},{"type":"Feature","geometry":{"type":"Point","coordinates":[-90.10776,29.90716]},"properties":{"probability":0.234,"inBuffer":false,"facType":"unknown"}},{"type":"Feature","geometry":{"type":"Point","coordinates":[-90.10327,29.90716]},"properties":{"probability":0.259,"inBuffer":false,"facType":"unknown"}},{"type":"Feature","geometry":{"type":"Point","coordinates":[-90.09878,29.90716]},"properties":{"probability":0.951,"inBuffer":false,"facType":"unknown"}},{"type":"Feature","geometry":{"type":"Point","coordinates":[-90.09429,29.90716]},"properties":{"probability":0.955,"inBuffer":false,"facType":"unknown"}},{"type":"Feature","geometry":{"type":"Point","coordinates":[-90.08979,29.90716]},"properties":{"probability":0.27,"inBuffer":false,"facType":"unknown"}},{"type":"Feature","geometry":{"type":"Point","coordinates":[-90.0853,29.90716]},"properties":{"probability":0.265,"inBuffer":false,"facType":"unknown"}},{"type":"Feature","geometry":{"type":"Point","coordinates":[-90.08081,29.90716]},"properties":{"probability":0.273,"inBuffer":false,"facType":"unknown"}},{"type":"Feature","geometry":{"type":"Point","coordinates":[-90.07632,29.90716]},"properties":{"probability":0.955,"inBuffer":false,"facType":"unknown"}},{"type":"Feature","geometry":{"type":"Point","coordinates":[-90.07183,29.90716]},"properties":{"probability":0.957,"inBuffer":false,"facType":"unknown"}},{"type":"Feature","geometry":{"type":"Point","coordinates":[-90.06734,29.90716]},"properties":{"probability":0.709,"inBuffer":false,"facType":"unknown"}},{"type":"Feature","geometry":{"type":"Point","coordinates":[-90.06284,29.90716]},"properties":{"probability":0.959,"inBuffer":false,"facType":"unknown"}},{"type":"Feature","geometry":{"type":"Point","coordinates":[-90.05835,29.90716]},"properties":{"probability":0.958,"inBuffer":false,"facType":"unknown"}},{"type":"Feature","geometry":{"type":"Point","coordinates":[-90.05386,29.90716]},"properties":{"probability":0.171,"inBuffer":false,"facType":"unknown"}},{"type":"Feature","geometry":{"type":"Point","coordinates":[-90.04937,29.90716]},"properties":{"probability":0.259,"inBuffer":false,"facType":"unknown"}},{"type":"Feature","geometry":{"type":"Point","coordinates":[-90.04488,29.90716]},"properties":{"probability":0.258,"inBuffer":false,"facType":"unknown"}},{"type":"Feature","geometry":{"type":"Point","coordinates":[-90.04039,29.90716]},"properties":{"probability":0.261,"inBuffer":false,"facType":"unknown"}},{"type":"Feature","geometry":{"type":"Point","coordinates":[-90.0359,29.90716]},"properties":{"probability":0.951,"inBuffer":false,"facType":"unknown"}},{"type":"Feature","geometry":{"type":"Point","coordinates":[-90.0314,29.90716]},"properties":{"probability":0.953,"inBuffer":false,"facType":"unknown"}},{"type":"Feature","geometry":{"type":"Point","coordinates":[-90.02691,29.90716]},"properties":{"probability":0.268,"inBuffer":false,"facType":"unknown"}},{"type":"Feature","geometry":{"type":"Point","coordinates":[-90.02242,29.90716]},"properties":{"probability":0.263,"inBuffer":false,"facType":"unknown"}},{"type":"Feature","geometry":{"type":"Point","coordinates":[-90.01793,29.90716]},"properties":{"probability":0.227,"inBuffer":false,"facType":"unknown"}},{"type":"Feature","geometry":{"type":"Point","coordinates":[-90.01344,29.90716]},"properties":{"probability":0.173,"inBuffer":false,"facType":"unknown"}},{"type":"Feature","geometry":{"type":"Point","coordinates":[-90.00895,29.90716]},"properties":{"probability":0.136,"inBuffer":false,"facType":"unknown"}},{"type":"Feature","geometry":{"type":"Point","coordinates":[-90.00445,29.90716]},"properties":{"probability":0.161,"inBuffer":false,"facType":"unknown"}},{"type":"Feature","geometry":{"type":"Point","coordinates":[-89.99996,29.90716]},"properties":{"probability":0.218,"inBuffer":false,"facType":"unknown"}},{"type":"Feature","geometry":{"type":"Point","coordinates":[-89.99547,29.90716]},"properties":{"probability":0.943,"inBuffer":false,"facType":"unknown"}},{"type":"Feature","geometry":{"type":"Point","coordinates":[-89.99098,29.90716]},"properties":{"probability":0.941,"inBuffer":false,"facType":"unknown"}},{"type":"Feature","geometry":{"type":"Point","coordinates":[-89.98649,29.90716]},"properties":{"probability":0.203,"inBuffer":false,"facType":"unknown"}},{"type":"Feature","geometry":{"type":"Point","coordinates":[-89.982,29.90716]},"properties":{"probability":0.127,"inBuffer":false,"facType":"unknown"}},{"type":"Feature","geometry":{"type":"Point","coordinates":[-89.9775,29.90716]},"properties":{"probability":0.139,"inBuffer":false,"facType":"unknown"}},{"type":"Feature","geometry":{"type":"Point","coordinates":[-89.91013,29.90716]},"properties":{"probability":0.198,"inBuffer":false,"facType":"unknown"}},{"type":"Feature","geometry":{"type":"Point","coordinates":[-89.90564,29.90716]},"properties":{"probability":0.22,"inBuffer":false,"facType":"unknown"}},{"type":"Feature","geometry":{"type":"Point","coordinates":[-89.90115,29.90716]},"properties":{"probability":0.241,"inBuffer":false,"facType":"unknown"}},{"type":"Feature","geometry":{"type":"Point","coordinates":[-90.20208,29.90267]},"properties":{"probability":0.85,"inBuffer":false,"facType":"unknown"}},{"type":"Feature","geometry":{"type":"Point","coordinates":[-90.1931,29.90267]},"properties":{"probability":0.124,"inBuffer":false,"facType":"unknown"}},{"type":"Feature","geometry":{"type":"Point","coordinates":[-90.18861,29.90267]},"properties":{"probability":0.126,"inBuffer":false,"facType":"unknown"}},{"type":"Feature","geometry":{"type":"Point","coordinates":[-90.18412,29.90267]},"properties":{"probability":0.12,"inBuffer":false,"facType":"unknown"}},{"type":"Feature","geometry":{"type":"Point","coordinates":[-90.16166,29.90267]},"properties":{"probability":0.207,"inBuffer":false,"facType":"unknown"}},{"type":"Feature","geometry":{"type":"Point","coordinates":[-90.15717,29.90267]},"properties":{"probability":0.238,"inBuffer":false,"facType":"unknown"}},{"type":"Feature","geometry":{"type":"Point","coordinates":[-90.15268,29.90267]},"properties":{"probability":0.273,"inBuffer":false,"facType":"unknown"}},{"type":"Feature","geometry":{"type":"Point","coordinates":[-90.14818,29.90267]},"properties":{"probability":0.277,"inBuffer":false,"facType":"unknown"}},{"type":"Feature","geometry":{"type":"Point","coordinates":[-90.14369,29.90267]},"properties":{"probability":0.944,"inBuffer":false,"facType":"unknown"}},{"type":"Feature","geometry":{"type":"Point","coordinates":[-90.1392,29.90267]},"properties":{"probability":0.274,"inBuffer":false,"facType":"unknown"}},{"type":"Feature","geometry":{"type":"Point","coordinates":[-90.13471,29.90267]},"properties":{"probability":0.274,"inBuffer":false,"facType":"unknown"}},{"type":"Feature","geometry":{"type":"Point","coordinates":[-90.13022,29.90267]},"properties":{"probability":0.157,"inBuffer":false,"facType":"unknown"}},{"type":"Feature","geometry":{"type":"Point","coordinates":[-90.12573,29.90267]},"properties":{"probability":0.161,"inBuffer":false,"facType":"unknown"}},{"type":"Feature","geometry":{"type":"Point","coordinates":[-90.12124,29.90267]},"properties":{"probability":0.246,"inBuffer":false,"facType":"unknown"}},{"type":"Feature","geometry":{"type":"Point","coordinates":[-90.11674,29.90267]},"properties":{"probability":0.203,"inBuffer":false,"facType":"unknown"}},{"type":"Feature","geometry":{"type":"Point","coordinates":[-90.11225,29.90267]},"properties":{"probability":0.205,"inBuffer":false,"facType":"unknown"}},{"type":"Feature","geometry":{"type":"Point","coordinates":[-90.10776,29.90267]},"properties":{"probability":0.256,"inBuffer":false,"facType":"unknown"}},{"type":"Feature","geometry":{"type":"Point","coordinates":[-90.10327,29.90267]},"properties":{"probability":0.274,"inBuffer":false,"facType":"unknown"}},{"type":"Feature","geometry":{"type":"Point","coordinates":[-90.09878,29.90267]},"properties":{"probability":0.947,"inBuffer":false,"facType":"unknown"}},{"type":"Feature","geometry":{"type":"Point","coordinates":[-90.09429,29.90267]},"properties":{"probability":0.948,"inBuffer":false,"facType":"unknown"}},{"type":"Feature","geometry":{"type":"Point","coordinates":[-90.08979,29.90267]},"properties":{"probability":0.951,"inBuffer":false,"facType":"unknown"}},{"type":"Feature","geometry":{"type":"Point","coordinates":[-90.0853,29.90267]},"properties":{"probability":0.268,"inBuffer":false,"facType":"unknown"}},{"type":"Feature","geometry":{"type":"Point","coordinates":[-90.08081,29.90267]},"properties":{"probability":0.268,"inBuffer":false,"facType":"unknown"}},{"type":"Feature","geometry":{"type":"Point","coordinates":[-90.07632,29.90267]},"properties":{"probability":0.955,"inBuffer":false,"facType":"unknown"}},{"type":"Feature","geometry":{"type":"Point","coordinates":[-90.07183,29.90267]},"properties":{"probability":0.733,"inBuffer":false,"facType":"unknown"}},{"type":"Feature","geometry":{"type":"Point","coordinates":[-90.06734,29.90267]},"properties":{"probability":0.959,"inBuffer":false,"facType":"unknown"}},{"type":"Feature","geometry":{"type":"Point","coordinates":[-90.06284,29.90267]},"properties":{"probability":0.707,"inBuffer":false,"facType":"unknown"}},{"type":"Feature","geometry":{"type":"Point","coordinates":[-90.05835,29.90267]},"properties":{"probability":0.462,"inBuffer":false,"facType":"unknown"}},{"type":"Feature","geometry":{"type":"Point","coordinates":[-90.05386,29.90267]},"properties":{"probability":0.266,"inBuffer":false,"facType":"unknown"}},{"type":"Feature","geometry":{"type":"Point","coordinates":[-90.04937,29.90267]},"properties":{"probability":0.953,"inBuffer":false,"facType":"unknown"}},{"type":"Feature","geometry":{"type":"Point","coordinates":[-90.04488,29.90267]},"properties":{"probability":0.953,"inBuffer":false,"facType":"unknown"}},{"type":"Feature","geometry":{"type":"Point","coordinates":[-90.04039,29.90267]},"properties":{"probability":0.263,"inBuffer":false,"facType":"unknown"}},{"type":"Feature","geometry":{"type":"Point","coordinates":[-90.0359,29.90267]},"properties":{"probability":0.268,"inBuffer":false,"facType":"unknown"}},{"type":"Feature","geometry":{"type":"Point","coordinates":[-90.0314,29.90267]},"properties":{"probability":0.268,"inBuffer":false,"facType":"unknown"}},{"type":"Feature","geometry":{"type":"Point","coordinates":[-90.02691,29.90267]},"properties":{"probability":0.951,"inBuffer":false,"facType":"unknown"}},{"type":"Feature","geometry":{"type":"Point","coordinates":[-90.02242,29.90267]},"properties":{"probability":0.944,"inBuffer":false,"facType":"unknown"}},{"type":"Feature","geometry":{"type":"Point","coordinates":[-90.01793,29.90267]},"properties":{"probability":0.945,"inBuffer":false,"facType":"unknown"}},{"type":"Feature","geometry":{"type":"Point","coordinates":[-90.01344,29.90267]},"properties":{"probability":0.206,"inBuffer":false,"facType":"unknown"}},{"type":"Feature","geometry":{"type":"Point","coordinates":[-90.00895,29.90267]},"properties":{"probability":0.173,"inBuffer":false,"facType":"unknown"}},{"type":"Feature","geometry":{"type":"Point","coordinates":[-90.00445,29.90267]},"properties":{"probability":0.16,"inBuffer":false,"facType":"unknown"}},{"type":"Feature","geometry":{"type":"Point","coordinates":[-89.99996,29.90267]},"properties":{"probability":0.191,"inBuffer":false,"facType":"unknown"}},{"type":"Feature","geometry":{"type":"Point","coordinates":[-89.99547,29.90267]},"properties":{"probability":0.192,"inBuffer":false,"facType":"unknown"}},{"type":"Feature","geometry":{"type":"Point","coordinates":[-89.99098,29.90267]},"properties":{"probability":0.186,"inBuffer":false,"facType":"unknown"}},{"type":"Feature","geometry":{"type":"Point","coordinates":[-89.98649,29.90267]},"properties":{"probability":0.189,"inBuffer":false,"facType":"unknown"}},{"type":"Feature","geometry":{"type":"Point","coordinates":[-89.982,29.90267]},"properties":{"probability":0.181,"inBuffer":false,"facType":"unknown"}},{"type":"Feature","geometry":{"type":"Point","coordinates":[-89.9775,29.90267]},"properties":{"probability":0.143,"inBuffer":false,"facType":"unknown"}},{"type":"Feature","geometry":{"type":"Point","coordinates":[-89.90564,29.90267]},"properties":{"probability":0.203,"inBuffer":false,"facType":"unknown"}},{"type":"Feature","geometry":{"type":"Point","coordinates":[-89.90115,29.90267]},"properties":{"probability":0.22,"inBuffer":false,"facType":"unknown"}},{"type":"Feature","geometry":{"type":"Point","coordinates":[-90.20208,29.89818]},"properties":{"probability":0.837,"inBuffer":false,"facType":"unknown"}},{"type":"Feature","geometry":{"type":"Point","coordinates":[-90.1931,29.89818]},"properties":{"probability":0.125,"inBuffer":false,"facType":"unknown"}},{"type":"Feature","geometry":{"type":"Point","coordinates":[-90.18861,29.89818]},"properties":{"probability":0.138,"inBuffer":false,"facType":"unknown"}},{"type":"Feature","geometry":{"type":"Point","coordinates":[-90.15268,29.89818]},"properties":{"probability":0.108,"inBuffer":false,"facType":"unknown"}},{"type":"Feature","geometry":{"type":"Point","coordinates":[-90.14818,29.89818]},"properties":{"probability":0.166,"inBuffer":false,"facType":"unknown"}},{"type":"Feature","geometry":{"type":"Point","coordinates":[-90.14369,29.89818]},"properties":{"probability":0.591,"inBuffer":false,"facType":"unknown"}},{"type":"Feature","geometry":{"type":"Point","coordinates":[-90.1392,29.89818]},"properties":{"probability":0.639,"inBuffer":false,"facType":"unknown"}},{"type":"Feature","geometry":{"type":"Point","coordinates":[-90.13471,29.89818]},"properties":{"probability":0.466,"inBuffer":false,"facType":"unknown"}},{"type":"Feature","geometry":{"type":"Point","coordinates":[-90.13022,29.89818]},"properties":{"probability":0.17,"inBuffer":false,"facType":"unknown"}},{"type":"Feature","geometry":{"type":"Point","coordinates":[-90.12573,29.89818]},"properties":{"probability":0.249,"inBuffer":false,"facType":"unknown"}},{"type":"Feature","geometry":{"type":"Point","coordinates":[-90.12124,29.89818]},"properties":{"probability":0.253,"inBuffer":false,"facType":"unknown"}},{"type":"Feature","geometry":{"type":"Point","coordinates":[-90.11674,29.89818]},"properties":{"probability":0.27,"inBuffer":false,"facType":"unknown"}},{"type":"Feature","geometry":{"type":"Point","coordinates":[-90.11225,29.89818]},"properties":{"probability":0.274,"inBuffer":false,"facType":"unknown"}},{"type":"Feature","geometry":{"type":"Point","coordinates":[-90.10776,29.89818]},"properties":{"probability":0.275,"inBuffer":false,"facType":"unknown"}},{"type":"Feature","geometry":{"type":"Point","coordinates":[-90.10327,29.89818]},"properties":{"probability":0.268,"inBuffer":false,"facType":"unknown"}},{"type":"Feature","geometry":{"type":"Point","coordinates":[-90.09878,29.89818]},"properties":{"probability":0.955,"inBuffer":false,"facType":"unknown"}},{"type":"Feature","geometry":{"type":"Point","coordinates":[-90.09429,29.89818]},"properties":{"probability":0.953,"inBuffer":false,"facType":"unknown"}},{"type":"Feature","geometry":{"type":"Point","coordinates":[-90.08979,29.89818]},"properties":{"probability":0.953,"inBuffer":false,"facType":"unknown"}},{"type":"Feature","geometry":{"type":"Point","coordinates":[-90.0853,29.89818]},"properties":{"probability":0.265,"inBuffer":false,"facType":"unknown"}},{"type":"Feature","geometry":{"type":"Point","coordinates":[-90.08081,29.89818]},"properties":{"probability":0.169,"inBuffer":false,"facType":"unknown"}},{"type":"Feature","geometry":{"type":"Point","coordinates":[-90.07632,29.89818]},"properties":{"probability":0.398,"inBuffer":false,"facType":"unknown"}},{"type":"Feature","geometry":{"type":"Point","coordinates":[-90.07183,29.89818]},"properties":{"probability":0.606,"inBuffer":false,"facType":"unknown"}},{"type":"Feature","geometry":{"type":"Point","coordinates":[-90.06734,29.89818]},"properties":{"probability":0.955,"inBuffer":false,"facType":"unknown"}},{"type":"Feature","geometry":{"type":"Point","coordinates":[-90.06284,29.89818]},"properties":{"probability":0.374,"inBuffer":false,"facType":"unknown"}},{"type":"Feature","geometry":{"type":"Point","coordinates":[-90.05835,29.89818]},"properties":{"probability":0.176,"inBuffer":false,"facType":"unknown"}},{"type":"Feature","geometry":{"type":"Point","coordinates":[-90.05386,29.89818]},"properties":{"probability":0.952,"inBuffer":false,"facType":"unknown"}},{"type":"Feature","geometry":{"type":"Point","coordinates":[-90.04937,29.89818]},"properties":{"probability":0.951,"inBuffer":false,"facType":"unknown"}},{"type":"Feature","geometry":{"type":"Point","coordinates":[-90.04488,29.89818]},"properties":{"probability":0.953,"inBuffer":false,"facType":"unknown"}},{"type":"Feature","geometry":{"type":"Point","coordinates":[-90.04039,29.89818]},"properties":{"probability":0.95,"inBuffer":false,"facType":"unknown"}},{"type":"Feature","geometry":{"type":"Point","coordinates":[-90.0359,29.89818]},"properties":{"probability":0.264,"inBuffer":false,"facType":"unknown"}},{"type":"Feature","geometry":{"type":"Point","coordinates":[-90.0314,29.89818]},"properties":{"probability":0.267,"inBuffer":false,"facType":"unknown"}},{"type":"Feature","geometry":{"type":"Point","coordinates":[-90.02691,29.89818]},"properties":{"probability":0.948,"inBuffer":false,"facType":"unknown"}},{"type":"Feature","geometry":{"type":"Point","coordinates":[-90.02242,29.89818]},"properties":{"probability":0.95,"inBuffer":false,"facType":"unknown"}},{"type":"Feature","geometry":{"type":"Point","coordinates":[-90.01793,29.89818]},"properties":{"probability":0.951,"inBuffer":false,"facType":"unknown"}},{"type":"Feature","geometry":{"type":"Point","coordinates":[-90.01344,29.89818]},"properties":{"probability":0.269,"inBuffer":false,"facType":"unknown"}},{"type":"Feature","geometry":{"type":"Point","coordinates":[-90.00895,29.89818]},"properties":{"probability":0.182,"inBuffer":false,"facType":"unknown"}},{"type":"Feature","geometry":{"type":"Point","coordinates":[-90.00445,29.89818]},"properties":{"probability":0.142,"inBuffer":false,"facType":"unknown"}},{"type":"Feature","geometry":{"type":"Point","coordinates":[-89.99996,29.89818]},"properties":{"probability":0.171,"inBuffer":false,"facType":"unknown"}},{"type":"Feature","geometry":{"type":"Point","coordinates":[-89.99547,29.89818]},"properties":{"probability":0.138,"inBuffer":false,"facType":"unknown"}},{"type":"Feature","geometry":{"type":"Point","coordinates":[-89.99098,29.89818]},"properties":{"probability":0.125,"inBuffer":false,"facType":"unknown"}},{"type":"Feature","geometry":{"type":"Point","coordinates":[-89.98649,29.89818]},"properties":{"probability":0.148,"inBuffer":false,"facType":"unknown"}},{"type":"Feature","geometry":{"type":"Point","coordinates":[-89.982,29.89818]},"properties":{"probability":0.179,"inBuffer":false,"facType":"unknown"}},{"type":"Feature","geometry":{"type":"Point","coordinates":[-89.9775,29.89818]},"properties":{"probability":0.152,"inBuffer":false,"facType":"unknown"}},{"type":"Feature","geometry":{"type":"Point","coordinates":[-89.97301,29.89818]},"properties":{"probability":0.122,"inBuffer":false,"facType":"unknown"}},{"type":"Feature","geometry":{"type":"Point","coordinates":[-90.1931,29.89369]},"properties":{"probability":0.122,"inBuffer":false,"facType":"unknown"}},{"type":"Feature","geometry":{"type":"Point","coordinates":[-90.18861,29.89369]},"properties":{"probability":0.121,"inBuffer":false,"facType":"unknown"}},{"type":"Feature","geometry":{"type":"Point","coordinates":[-90.15268,29.89369]},"properties":{"probability":0.053,"inBuffer":false,"facType":"unknown"}},{"type":"Feature","geometry":{"type":"Point","coordinates":[-90.14818,29.89369]},"properties":{"probability":0.086,"inBuffer":false,"facType":"unknown"}},{"type":"Feature","geometry":{"type":"Point","coordinates":[-90.14369,29.89369]},"properties":{"probability":0.525,"inBuffer":false,"facType":"unknown"}},{"type":"Feature","geometry":{"type":"Point","coordinates":[-90.1392,29.89369]},"properties":{"probability":0.569,"inBuffer":false,"facType":"unknown"}},{"type":"Feature","geometry":{"type":"Point","coordinates":[-90.13471,29.89369]},"properties":{"probability":0.597,"inBuffer":false,"facType":"unknown"}},{"type":"Feature","geometry":{"type":"Point","coordinates":[-90.13022,29.89369]},"properties":{"probability":0.267,"inBuffer":false,"facType":"unknown"}},{"type":"Feature","geometry":{"type":"Point","coordinates":[-90.12573,29.89369]},"properties":{"probability":0.267,"inBuffer":false,"facType":"unknown"}},{"type":"Feature","geometry":{"type":"Point","coordinates":[-90.12124,29.89369]},"properties":{"probability":0.28,"inBuffer":false,"facType":"unknown"}},{"type":"Feature","geometry":{"type":"Point","coordinates":[-90.11674,29.89369]},"properties":{"probability":0.956,"inBuffer":false,"facType":"unknown"}},{"type":"Feature","geometry":{"type":"Point","coordinates":[-90.11225,29.89369]},"properties":{"probability":0.955,"inBuffer":false,"facType":"unknown"}},{"type":"Feature","geometry":{"type":"Point","coordinates":[-90.10776,29.89369]},"properties":{"probability":0.958,"inBuffer":false,"facType":"unknown"}},{"type":"Feature","geometry":{"type":"Point","coordinates":[-90.10327,29.89369]},"properties":{"probability":0.379,"inBuffer":false,"facType":"unknown"}},{"type":"Feature","geometry":{"type":"Point","coordinates":[-90.09878,29.89369]},"properties":{"probability":0.956,"inBuffer":false,"facType":"unknown"}},{"type":"Feature","geometry":{"type":"Point","coordinates":[-90.09429,29.89369]},"properties":{"probability":0.955,"inBuffer":false,"facType":"unknown"}},{"type":"Feature","geometry":{"type":"Point","coordinates":[-90.08979,29.89369]},"properties":{"probability":0.952,"inBuffer":false,"facType":"unknown"}},{"type":"Feature","geometry":{"type":"Point","coordinates":[-90.0853,29.89369]},"properties":{"probability":0.376,"inBuffer":false,"facType":"unknown"}},{"type":"Feature","geometry":{"type":"Point","coordinates":[-90.08081,29.89369]},"properties":{"probability":0.154,"inBuffer":false,"facType":"unknown"}},{"type":"Feature","geometry":{"type":"Point","coordinates":[-90.07632,29.89369]},"properties":{"probability":0.166,"inBuffer":false,"facType":"unknown"}},{"type":"Feature","geometry":{"type":"Point","coordinates":[-90.07183,29.89369]},"properties":{"probability":0.375,"inBuffer":false,"facType":"unknown"}},{"type":"Feature","geometry":{"type":"Point","coordinates":[-90.06734,29.89369]},"properties":{"probability":0.386,"inBuffer":false,"facType":"unknown"}},{"type":"Feature","geometry":{"type":"Point","coordinates":[-90.06284,29.89369]},"properties":{"probability":0.373,"inBuffer":false,"facType":"unknown"}},{"type":"Feature","geometry":{"type":"Point","coordinates":[-90.05835,29.89369]},"properties":{"probability":0.261,"inBuffer":false,"facType":"unknown"}},{"type":"Feature","geometry":{"type":"Point","coordinates":[-90.05386,29.89369]},"properties":{"probability":0.946,"inBuffer":false,"facType":"unknown"}},{"type":"Feature","geometry":{"type":"Point","coordinates":[-90.04937,29.89369]},"properties":{"probability":0.92,"inBuffer":false,"facType":"unknown"}},{"type":"Feature","geometry":{"type":"Point","coordinates":[-90.04488,29.89369]},"properties":{"probability":0.925,"inBuffer":false,"facType":"unknown"}},{"type":"Feature","geometry":{"type":"Point","coordinates":[-90.04039,29.89369]},"properties":{"probability":0.261,"inBuffer":false,"facType":"unknown"}},{"type":"Feature","geometry":{"type":"Point","coordinates":[-90.0359,29.89369]},"properties":{"probability":0.267,"inBuffer":false,"facType":"unknown"}},{"type":"Feature","geometry":{"type":"Point","coordinates":[-90.0314,29.89369]},"properties":{"probability":0.268,"inBuffer":false,"facType":"unknown"}},{"type":"Feature","geometry":{"type":"Point","coordinates":[-90.02691,29.89369]},"properties":{"probability":0.261,"inBuffer":false,"facType":"unknown"}},{"type":"Feature","geometry":{"type":"Point","coordinates":[-90.02242,29.89369]},"properties":{"probability":0.948,"inBuffer":false,"facType":"unknown"}},{"type":"Feature","geometry":{"type":"Point","coordinates":[-90.01793,29.89369]},"properties":{"probability":0.273,"inBuffer":false,"facType":"unknown"}},{"type":"Feature","geometry":{"type":"Point","coordinates":[-90.01344,29.89369]},"properties":{"probability":0.268,"inBuffer":false,"facType":"unknown"}},{"type":"Feature","geometry":{"type":"Point","coordinates":[-90.00895,29.89369]},"properties":{"probability":0.191,"inBuffer":false,"facType":"unknown"}},{"type":"Feature","geometry":{"type":"Point","coordinates":[-90.00445,29.89369]},"properties":{"probability":0.126,"inBuffer":false,"facType":"unknown"}},{"type":"Feature","geometry":{"type":"Point","coordinates":[-89.99547,29.89369]},"properties":{"probability":0.12,"inBuffer":false,"facType":"unknown"}},{"type":"Feature","geometry":{"type":"Point","coordinates":[-89.99098,29.89369]},"properties":{"probability":0.121,"inBuffer":false,"facType":"unknown"}},{"type":"Feature","geometry":{"type":"Point","coordinates":[-89.98649,29.89369]},"properties":{"probability":0.132,"inBuffer":false,"facType":"unknown"}},{"type":"Feature","geometry":{"type":"Point","coordinates":[-89.982,29.89369]},"properties":{"probability":0.134,"inBuffer":false,"facType":"unknown"}},{"type":"Feature","geometry":{"type":"Point","coordinates":[-89.9775,29.89369]},"properties":{"probability":0.175,"inBuffer":false,"facType":"unknown"}},{"type":"Feature","geometry":{"type":"Point","coordinates":[-89.97301,29.89369]},"properties":{"probability":0.143,"inBuffer":false,"facType":"unknown"}},{"type":"Feature","geometry":{"type":"Point","coordinates":[-89.96852,29.89369]},"properties":{"probability":0.12,"inBuffer":false,"facType":"unknown"}},{"type":"Feature","geometry":{"type":"Point","coordinates":[-90.19759,29.8892]},"properties":{"probability":0.121,"inBuffer":false,"facType":"unknown"}},{"type":"Feature","geometry":{"type":"Point","coordinates":[-90.1931,29.8892]},"properties":{"probability":0.124,"inBuffer":false,"facType":"unknown"}},{"type":"Feature","geometry":{"type":"Point","coordinates":[-90.17513,29.8892]},"properties":{"probability":0.266,"inBuffer":false,"facType":"unknown"}},{"type":"Feature","geometry":{"type":"Point","coordinates":[-90.17064,29.8892]},"properties":{"probability":0.27,"inBuffer":false,"facType":"unknown"}},{"type":"Feature","geometry":{"type":"Point","coordinates":[-90.16615,29.8892]},"properties":{"probability":0.139,"inBuffer":false,"facType":"unknown"}},{"type":"Feature","geometry":{"type":"Point","coordinates":[-90.14369,29.8892]},"properties":{"probability":0.312,"inBuffer":false,"facType":"unknown"}},{"type":"Feature","geometry":{"type":"Point","coordinates":[-90.1392,29.8892]},"properties":{"probability":0.407,"inBuffer":false,"facType":"unknown"}},{"type":"Feature","geometry":{"type":"Point","coordinates":[-90.13471,29.8892]},"properties":{"probability":0.941,"inBuffer":false,"facType":"unknown"}},{"type":"Feature","geometry":{"type":"Point","coordinates":[-90.13022,29.8892]},"properties":{"probability":0.95,"inBuffer":false,"facType":"unknown"}},{"type":"Feature","geometry":{"type":"Point","coordinates":[-90.12573,29.8892]},"properties":{"probability":0.956,"inBuffer":false,"facType":"unknown"}},{"type":"Feature","geometry":{"type":"Point","coordinates":[-90.12124,29.8892]},"properties":{"probability":0.274,"inBuffer":false,"facType":"unknown"}},{"type":"Feature","geometry":{"type":"Point","coordinates":[-90.11674,29.8892]},"properties":{"probability":0.954,"inBuffer":false,"facType":"unknown"}},{"type":"Feature","geometry":{"type":"Point","coordinates":[-90.11225,29.8892]},"properties":{"probability":0.953,"inBuffer":false,"facType":"unknown"}},{"type":"Feature","geometry":{"type":"Point","coordinates":[-90.10776,29.8892]},"properties":{"probability":0.953,"inBuffer":false,"facType":"unknown"}},{"type":"Feature","geometry":{"type":"Point","coordinates":[-90.10327,29.8892]},"properties":{"probability":0.282,"inBuffer":false,"facType":"unknown"}},{"type":"Feature","geometry":{"type":"Point","coordinates":[-90.09878,29.8892]},"properties":{"probability":0.956,"inBuffer":false,"facType":"unknown"}},{"type":"Feature","geometry":{"type":"Point","coordinates":[-90.09429,29.8892]},"properties":{"probability":0.955,"inBuffer":false,"facType":"unknown"}},{"type":"Feature","geometry":{"type":"Point","coordinates":[-90.08979,29.8892]},"properties":{"probability":0.94,"inBuffer":false,"facType":"unknown"}},{"type":"Feature","geometry":{"type":"Point","coordinates":[-90.0853,29.8892]},"properties":{"probability":0.14,"inBuffer":false,"facType":"unknown"}},{"type":"Feature","geometry":{"type":"Point","coordinates":[-90.08081,29.8892]},"properties":{"probability":0.428,"inBuffer":false,"facType":"unknown"}},{"type":"Feature","geometry":{"type":"Point","coordinates":[-90.07632,29.8892]},"properties":{"probability":0.408,"inBuffer":false,"facType":"unknown"}},{"type":"Feature","geometry":{"type":"Point","coordinates":[-90.07183,29.8892]},"properties":{"probability":0.149,"inBuffer":false,"facType":"unknown"}},{"type":"Feature","geometry":{"type":"Point","coordinates":[-90.06734,29.8892]},"properties":{"probability":0.114,"inBuffer":false,"facType":"unknown"}},{"type":"Feature","geometry":{"type":"Point","coordinates":[-90.06284,29.8892]},"properties":{"probability":0.261,"inBuffer":false,"facType":"unknown"}},{"type":"Feature","geometry":{"type":"Point","coordinates":[-90.05835,29.8892]},"properties":{"probability":0.238,"inBuffer":false,"facType":"unknown"}},{"type":"Feature","geometry":{"type":"Point","coordinates":[-90.05386,29.8892]},"properties":{"probability":0.256,"inBuffer":false,"facType":"unknown"}},{"type":"Feature","geometry":{"type":"Point","coordinates":[-90.04937,29.8892]},"properties":{"probability":0.208,"inBuffer":false,"facType":"unknown"}},{"type":"Feature","geometry":{"type":"Point","coordinates":[-90.04488,29.8892]},"properties":{"probability":0.222,"inBuffer":false,"facType":"unknown"}},{"type":"Feature","geometry":{"type":"Point","coordinates":[-90.04039,29.8892]},"properties":{"probability":0.264,"inBuffer":false,"facType":"unknown"}},{"type":"Feature","geometry":{"type":"Point","coordinates":[-90.0359,29.8892]},"properties":{"probability":0.955,"inBuffer":false,"facType":"unknown"}},{"type":"Feature","geometry":{"type":"Point","coordinates":[-90.0314,29.8892]},"properties":{"probability":0.955,"inBuffer":false,"facType":"unknown"}},{"type":"Feature","geometry":{"type":"Point","coordinates":[-90.02691,29.8892]},"properties":{"probability":0.947,"inBuffer":false,"facType":"unknown"}},{"type":"Feature","geometry":{"type":"Point","coordinates":[-90.02242,29.8892]},"properties":{"probability":0.574,"inBuffer":false,"facType":"unknown"}},{"type":"Feature","geometry":{"type":"Point","coordinates":[-90.01793,29.8892]},"properties":{"probability":0.547,"inBuffer":false,"facType":"unknown"}},{"type":"Feature","geometry":{"type":"Point","coordinates":[-90.01344,29.8892]},"properties":{"probability":0.135,"inBuffer":false,"facType":"unknown"}},{"type":"Feature","geometry":{"type":"Point","coordinates":[-89.99098,29.8892]},"properties":{"probability":0.148,"inBuffer":false,"facType":"unknown"}},{"type":"Feature","geometry":{"type":"Point","coordinates":[-89.98649,29.8892]},"properties":{"probability":0.121,"inBuffer":false,"facType":"unknown"}},{"type":"Feature","geometry":{"type":"Point","coordinates":[-89.982,29.8892]},"properties":{"probability":0.128,"inBuffer":false,"facType":"unknown"}},{"type":"Feature","geometry":{"type":"Point","coordinates":[-89.9775,29.8892]},"properties":{"probability":0.146,"inBuffer":false,"facType":"unknown"}},{"type":"Feature","geometry":{"type":"Point","coordinates":[-90.17513,29.8847]},"properties":{"probability":0.279,"inBuffer":false,"facType":"unknown"}},{"type":"Feature","geometry":{"type":"Point","coordinates":[-90.17064,29.8847]},"properties":{"probability":0.31,"inBuffer":false,"facType":"unknown"}},{"type":"Feature","geometry":{"type":"Point","coordinates":[-90.16615,29.8847]},"properties":{"probability":0.271,"inBuffer":false,"facType":"unknown"}},{"type":"Feature","geometry":{"type":"Point","coordinates":[-90.1392,29.8847]},"properties":{"probability":0.166,"inBuffer":false,"facType":"unknown"}},{"type":"Feature","geometry":{"type":"Point","coordinates":[-90.13471,29.8847]},"properties":{"probability":0.9,"inBuffer":false,"facType":"unknown"}},{"type":"Feature","geometry":{"type":"Point","coordinates":[-90.13022,29.8847]},"properties":{"probability":0.946,"inBuffer":false,"facType":"unknown"}},{"type":"Feature","geometry":{"type":"Point","coordinates":[-90.12573,29.8847]},"properties":{"probability":0.946,"inBuffer":false,"facType":"unknown"}},{"type":"Feature","geometry":{"type":"Point","coordinates":[-90.12124,29.8847]},"properties":{"probability":0.94,"inBuffer":false,"facType":"unknown"}},{"type":"Feature","geometry":{"type":"Point","coordinates":[-90.11674,29.8847]},"properties":{"probability":0.945,"inBuffer":false,"facType":"unknown"}},{"type":"Feature","geometry":{"type":"Point","coordinates":[-90.11225,29.8847]},"properties":{"probability":0.946,"inBuffer":false,"facType":"unknown"}},{"type":"Feature","geometry":{"type":"Point","coordinates":[-90.10776,29.8847]},"properties":{"probability":0.941,"inBuffer":false,"facType":"unknown"}},{"type":"Feature","geometry":{"type":"Point","coordinates":[-90.10327,29.8847]},"properties":{"probability":0.281,"inBuffer":false,"facType":"unknown"}},{"type":"Feature","geometry":{"type":"Point","coordinates":[-90.09878,29.8847]},"properties":{"probability":0.368,"inBuffer":false,"facType":"unknown"}},{"type":"Feature","geometry":{"type":"Point","coordinates":[-90.09429,29.8847]},"properties":{"probability":0.366,"inBuffer":false,"facType":"unknown"}},{"type":"Feature","geometry":{"type":"Point","coordinates":[-90.08979,29.8847]},"properties":{"probability":0.383,"inBuffer":false,"facType":"unknown"}},{"type":"Feature","geometry":{"type":"Point","coordinates":[-90.0853,29.8847]},"properties":{"probability":0.489,"inBuffer":false,"facType":"unknown"}},{"type":"Feature","geometry":{"type":"Point","coordinates":[-90.08081,29.8847]},"properties":{"probability":0.581,"inBuffer":false,"facType":"unknown"}},{"type":"Feature","geometry":{"type":"Point","coordinates":[-90.07632,29.8847]},"properties":{"probability":0.567,"inBuffer":false,"facType":"unknown"}},{"type":"Feature","geometry":{"type":"Point","coordinates":[-90.07183,29.8847]},"properties":{"probability":0.351,"inBuffer":false,"facType":"unknown"}},{"type":"Feature","geometry":{"type":"Point","coordinates":[-90.06734,29.8847]},"properties":{"probability":0.101,"inBuffer":false,"facType":"unknown"}},{"type":"Feature","geometry":{"type":"Point","coordinates":[-90.06284,29.8847]},"properties":{"probability":0.182,"inBuffer":false,"facType":"unknown"}},{"type":"Feature","geometry":{"type":"Point","coordinates":[-90.05835,29.8847]},"properties":{"probability":0.213,"inBuffer":false,"facType":"unknown"}},{"type":"Feature","geometry":{"type":"Point","coordinates":[-90.05386,29.8847]},"properties":{"probability":0.24,"inBuffer":false,"facType":"unknown"}},{"type":"Feature","geometry":{"type":"Point","coordinates":[-90.04937,29.8847]},"properties":{"probability":0.24,"inBuffer":false,"facType":"unknown"}},{"type":"Feature","geometry":{"type":"Point","coordinates":[-90.04488,29.8847]},"properties":{"probability":0.21,"inBuffer":false,"facType":"unknown"}},{"type":"Feature","geometry":{"type":"Point","coordinates":[-90.04039,29.8847]},"properties":{"probability":0.254,"inBuffer":false,"facType":"unknown"}},{"type":"Feature","geometry":{"type":"Point","coordinates":[-90.0359,29.8847]},"properties":{"probability":0.951,"inBuffer":false,"facType":"unknown"}},{"type":"Feature","geometry":{"type":"Point","coordinates":[-90.0314,29.8847]},"properties":{"probability":0.955,"inBuffer":false,"facType":"unknown"}},{"type":"Feature","geometry":{"type":"Point","coordinates":[-90.02691,29.8847]},"properties":{"probability":0.955,"inBuffer":false,"facType":"unknown"}},{"type":"Feature","geometry":{"type":"Point","coordinates":[-90.02242,29.8847]},"properties":{"probability":0.647,"inBuffer":false,"facType":"unknown"}},{"type":"Feature","geometry":{"type":"Point","coordinates":[-90.01793,29.8847]},"properties":{"probability":0.524,"inBuffer":false,"facType":"unknown"}},{"type":"Feature","geometry":{"type":"Point","coordinates":[-90.01344,29.8847]},"properties":{"probability":0.179,"inBuffer":false,"facType":"unknown"}},{"type":"Feature","geometry":{"type":"Point","coordinates":[-89.99098,29.8847]},"properties":{"probability":0.19,"inBuffer":false,"facType":"unknown"}},{"type":"Feature","geometry":{"type":"Point","coordinates":[-89.98649,29.8847]},"properties":{"probability":0.146,"inBuffer":false,"facType":"unknown"}},{"type":"Feature","geometry":{"type":"Point","coordinates":[-90.17064,29.88021]},"properties":{"probability":0.289,"inBuffer":false,"facType":"unknown"}},{"type":"Feature","geometry":{"type":"Point","coordinates":[-90.16615,29.88021]},"properties":{"probability":0.146,"inBuffer":false,"facType":"unknown"}},{"type":"Feature","geometry":{"type":"Point","coordinates":[-90.1392,29.88021]},"properties":{"probability":0.145,"inBuffer":false,"facType":"unknown"}},{"type":"Feature","geometry":{"type":"Point","coordinates":[-90.13471,29.88021]},"properties":{"probability":0.198,"inBuffer":false,"facType":"unknown"}},{"type":"Feature","geometry":{"type":"Point","coordinates":[-90.13022,29.88021]},"properties":{"probability":0.946,"inBuffer":false,"facType":"unknown"}},{"type":"Feature","geometry":{"type":"Point","coordinates":[-90.12573,29.88021]},"properties":{"probability":0.947,"inBuffer":false,"facType":"unknown"}},{"type":"Feature","geometry":{"type":"Point","coordinates":[-90.12124,29.88021]},"properties":{"probability":0.268,"inBuffer":false,"facType":"unknown"}},{"type":"Feature","geometry":{"type":"Point","coordinates":[-90.11674,29.88021]},"properties":{"probability":0.946,"inBuffer":false,"facType":"unknown"}},{"type":"Feature","geometry":{"type":"Point","coordinates":[-90.11225,29.88021]},"properties":{"probability":0.945,"inBuffer":false,"facType":"unknown"}},{"type":"Feature","geometry":{"type":"Point","coordinates":[-90.10776,29.88021]},"properties":{"probability":0.942,"inBuffer":false,"facType":"unknown"}},{"type":"Feature","geometry":{"type":"Point","coordinates":[-90.10327,29.88021]},"properties":{"probability":0.273,"inBuffer":false,"facType":"unknown"}},{"type":"Feature","geometry":{"type":"Point","coordinates":[-90.09878,29.88021]},"properties":{"probability":0.289,"inBuffer":false,"facType":"unknown"}},{"type":"Feature","geometry":{"type":"Point","coordinates":[-90.09429,29.88021]},"properties":{"probability":0.288,"inBuffer":false,"facType":"unknown"}},{"type":"Feature","geometry":{"type":"Point","coordinates":[-90.08979,29.88021]},"properties":{"probability":0.164,"inBuffer":false,"facType":"unknown"}},{"type":"Feature","geometry":{"type":"Point","coordinates":[-90.0853,29.88021]},"properties":{"probability":0.426,"inBuffer":false,"facType":"unknown"}},{"type":"Feature","geometry":{"type":"Point","coordinates":[-90.08081,29.88021]},"properties":{"probability":0.579,"inBuffer":false,"facType":"unknown"}},{"type":"Feature","geometry":{"type":"Point","coordinates":[-90.07632,29.88021]},"properties":{"probability":0.551,"inBuffer":false,"facType":"unknown"}},{"type":"Feature","geometry":{"type":"Point","coordinates":[-90.07183,29.88021]},"properties":{"probability":0.152,"inBuffer":false,"facType":"unknown"}},{"type":"Feature","geometry":{"type":"Point","coordinates":[-90.06734,29.88021]},"properties":{"probability":0.136,"inBuffer":false,"facType":"unknown"}},{"type":"Feature","geometry":{"type":"Point","coordinates":[-90.06284,29.88021]},"properties":{"probability":0.199,"inBuffer":false,"facType":"unknown"}},{"type":"Feature","geometry":{"type":"Point","coordinates":[-90.05835,29.88021]},"properties":{"probability":0.198,"inBuffer":false,"facType":"unknown"}},{"type":"Feature","geometry":{"type":"Point","coordinates":[-90.05386,29.88021]},"properties":{"probability":0.271,"inBuffer":false,"facType":"unknown"}},{"type":"Feature","geometry":{"type":"Point","coordinates":[-90.04937,29.88021]},"properties":{"probability":0.267,"inBuffer":false,"facType":"unknown"}},{"type":"Feature","geometry":{"type":"Point","coordinates":[-90.04488,29.88021]},"properties":{"probability":0.238,"inBuffer":false,"facType":"unknown"}},{"type":"Feature","geometry":{"type":"Point","coordinates":[-90.04039,29.88021]},"properties":{"probability":0.221,"inBuffer":false,"facType":"unknown"}},{"type":"Feature","geometry":{"type":"Point","coordinates":[-90.0359,29.88021]},"properties":{"probability":0.949,"inBuffer":false,"facType":"unknown"}},{"type":"Feature","geometry":{"type":"Point","coordinates":[-90.0314,29.88021]},"properties":{"probability":0.954,"inBuffer":false,"facType":"unknown"}},{"type":"Feature","geometry":{"type":"Point","coordinates":[-90.02691,29.88021]},"properties":{"probability":0.955,"inBuffer":false,"facType":"unknown"}},{"type":"Feature","geometry":{"type":"Point","coordinates":[-90.02242,29.88021]},"properties":{"probability":0.615,"inBuffer":false,"facType":"unknown"}},{"type":"Feature","geometry":{"type":"Point","coordinates":[-90.01793,29.88021]},"properties":{"probability":0.507,"inBuffer":false,"facType":"unknown"}},{"type":"Feature","geometry":{"type":"Point","coordinates":[-90.01344,29.88021]},"properties":{"probability":0.06,"inBuffer":false,"facType":"unknown"}},{"type":"Feature","geometry":{"type":"Point","coordinates":[-89.99547,29.88021]},"properties":{"probability":0.147,"inBuffer":false,"facType":"unknown"}},{"type":"Feature","geometry":{"type":"Point","coordinates":[-89.99098,29.88021]},"properties":{"probability":0.172,"inBuffer":false,"facType":"unknown"}},{"type":"Feature","geometry":{"type":"Point","coordinates":[-89.98649,29.88021]},"properties":{"probability":0.134,"inBuffer":false,"facType":"unknown"}},{"type":"Feature","geometry":{"type":"Point","coordinates":[-90.14369,29.87572]},"properties":{"probability":0.123,"inBuffer":false,"facType":"unknown"}},{"type":"Feature","geometry":{"type":"Point","coordinates":[-90.1392,29.87572]},"properties":{"probability":0.119,"inBuffer":false,"facType":"unknown"}},{"type":"Feature","geometry":{"type":"Point","coordinates":[-90.13471,29.87572]},"properties":{"probability":0.161,"inBuffer":false,"facType":"unknown"}},{"type":"Feature","geometry":{"type":"Point","coordinates":[-90.13022,29.87572]},"properties":{"probability":0.2,"inBuffer":false,"facType":"unknown"}},{"type":"Feature","geometry":{"type":"Point","coordinates":[-90.12573,29.87572]},"properties":{"probability":0.224,"inBuffer":false,"facType":"unknown"}},{"type":"Feature","geometry":{"type":"Point","coordinates":[-90.12124,29.87572]},"properties":{"probability":0.269,"inBuffer":false,"facType":"unknown"}},{"type":"Feature","geometry":{"type":"Point","coordinates":[-90.11674,29.87572]},"properties":{"probability":0.945,"inBuffer":false,"facType":"unknown"}},{"type":"Feature","geometry":{"type":"Point","coordinates":[-90.11225,29.87572]},"properties":{"probability":0.954,"inBuffer":false,"facType":"unknown"}},{"type":"Feature","geometry":{"type":"Point","coordinates":[-90.10776,29.87572]},"properties":{"probability":0.953,"inBuffer":false,"facType":"unknown"}},{"type":"Feature","geometry":{"type":"Point","coordinates":[-90.10327,29.87572]},"properties":{"probability":0.277,"inBuffer":false,"facType":"unknown"}},{"type":"Feature","geometry":{"type":"Point","coordinates":[-90.09878,29.87572]},"properties":{"probability":0.25,"inBuffer":false,"facType":"unknown"}},{"type":"Feature","geometry":{"type":"Point","coordinates":[-90.09429,29.87572]},"properties":{"probability":0.254,"inBuffer":false,"facType":"unknown"}},{"type":"Feature","geometry":{"type":"Point","coordinates":[-90.08979,29.87572]},"properties":{"probability":0.224,"inBuffer":false,"facType":"unknown"}},{"type":"Feature","geometry":{"type":"Point","coordinates":[-90.0853,29.87572]},"properties":{"probability":0.187,"inBuffer":false,"facType":"unknown"}},{"type":"Feature","geometry":{"type":"Point","coordinates":[-90.08081,29.87572]},"properties":{"probability":0.165,"inBuffer":false,"facType":"unknown"}},{"type":"Feature","geometry":{"type":"Point","coordinates":[-90.07632,29.87572]},"properties":{"probability":0.138,"inBuffer":false,"facType":"unknown"}},{"type":"Feature","geometry":{"type":"Point","coordinates":[-90.07183,29.87572]},"properties":{"probability":0.143,"inBuffer":false,"facType":"unknown"}},{"type":"Feature","geometry":{"type":"Point","coordinates":[-90.06734,29.87572]},"properties":{"probability":0.249,"inBuffer":false,"facType":"unknown"}},{"type":"Feature","geometry":{"type":"Point","coordinates":[-90.06284,29.87572]},"properties":{"probability":0.23,"inBuffer":false,"facType":"unknown"}},{"type":"Feature","geometry":{"type":"Point","coordinates":[-90.05835,29.87572]},"properties":{"probability":0.929,"inBuffer":false,"facType":"unknown"}},{"type":"Feature","geometry":{"type":"Point","coordinates":[-90.05386,29.87572]},"properties":{"probability":0.956,"inBuffer":false,"facType":"unknown"}},{"type":"Feature","geometry":{"type":"Point","coordinates":[-90.04937,29.87572]},"properties":{"probability":0.956,"inBuffer":false,"facType":"unknown"}},{"type":"Feature","geometry":{"type":"Point","coordinates":[-90.04488,29.87572]},"properties":{"probability":0.265,"inBuffer":false,"facType":"unknown"}},{"type":"Feature","geometry":{"type":"Point","coordinates":[-90.04039,29.87572]},"properties":{"probability":0.24,"inBuffer":false,"facType":"unknown"}},{"type":"Feature","geometry":{"type":"Point","coordinates":[-90.0359,29.87572]},"properties":{"probability":0.261,"inBuffer":false,"facType":"unknown"}},{"type":"Feature","geometry":{"type":"Point","coordinates":[-90.0314,29.87572]},"properties":{"probability":0.365,"inBuffer":false,"facType":"unknown"}},{"type":"Feature","geometry":{"type":"Point","coordinates":[-90.02691,29.87572]},"properties":{"probability":0.38,"inBuffer":false,"facType":"unknown"}},{"type":"Feature","geometry":{"type":"Point","coordinates":[-90.02242,29.87572]},"properties":{"probability":0.381,"inBuffer":false,"facType":"unknown"}},{"type":"Feature","geometry":{"type":"Point","coordinates":[-90.01793,29.87572]},"properties":{"probability":0.382,"inBuffer":false,"facType":"unknown"}},{"type":"Feature","geometry":{"type":"Point","coordinates":[-90.01344,29.87572]},"properties":{"probability":0.335,"inBuffer":false,"facType":"unknown"}},{"type":"Feature","geometry":{"type":"Point","coordinates":[-90.00895,29.87572]},"properties":{"probability":0.228,"inBuffer":false,"facType":"unknown"}},{"type":"Feature","geometry":{"type":"Point","coordinates":[-90.00445,29.87572]},"properties":{"probability":0.18,"inBuffer":false,"facType":"unknown"}},{"type":"Feature","geometry":{"type":"Point","coordinates":[-89.99996,29.87572]},"properties":{"probability":0.135,"inBuffer":false,"facType":"unknown"}},{"type":"Feature","geometry":{"type":"Point","coordinates":[-89.99547,29.87572]},"properties":{"probability":0.132,"inBuffer":false,"facType":"unknown"}},{"type":"Feature","geometry":{"type":"Point","coordinates":[-89.99098,29.87572]},"properties":{"probability":0.135,"inBuffer":false,"facType":"unknown"}},{"type":"Feature","geometry":{"type":"Point","coordinates":[-89.98649,29.87572]},"properties":{"probability":0.135,"inBuffer":false,"facType":"unknown"}},{"type":"Feature","geometry":{"type":"Point","coordinates":[-90.14369,29.87123]},"properties":{"probability":0.121,"inBuffer":false,"facType":"unknown"}},{"type":"Feature","geometry":{"type":"Point","coordinates":[-90.1392,29.87123]},"properties":{"probability":0.122,"inBuffer":false,"facType":"unknown"}},{"type":"Feature","geometry":{"type":"Point","coordinates":[-90.13471,29.87123]},"properties":{"probability":0.121,"inBuffer":false,"facType":"unknown"}},{"type":"Feature","geometry":{"type":"Point","coordinates":[-90.13022,29.87123]},"properties":{"probability":0.126,"inBuffer":false,"facType":"unknown"}},{"type":"Feature","geometry":{"type":"Point","coordinates":[-90.12573,29.87123]},"properties":{"probability":0.141,"inBuffer":false,"facType":"unknown"}},{"type":"Feature","geometry":{"type":"Point","coordinates":[-90.12124,29.87123]},"properties":{"probability":0.173,"inBuffer":false,"facType":"unknown"}},{"type":"Feature","geometry":{"type":"Point","coordinates":[-90.11674,29.87123]},"properties":{"probability":0.228,"inBuffer":false,"facType":"unknown"}},{"type":"Feature","geometry":{"type":"Point","coordinates":[-90.11225,29.87123]},"properties":{"probability":0.275,"inBuffer":false,"facType":"unknown"}},{"type":"Feature","geometry":{"type":"Point","coordinates":[-90.10776,29.87123]},"properties":{"probability":0.272,"inBuffer":false,"facType":"unknown"}},{"type":"Feature","geometry":{"type":"Point","coordinates":[-90.10327,29.87123]},"properties":{"probability":0.269,"inBuffer":false,"facType":"unknown"}},{"type":"Feature","geometry":{"type":"Point","coordinates":[-90.09878,29.87123]},"properties":{"probability":0.269,"inBuffer":false,"facType":"unknown"}},{"type":"Feature","geometry":{"type":"Point","coordinates":[-90.09429,29.87123]},"properties":{"probability":0.27,"inBuffer":false,"facType":"unknown"}},{"type":"Feature","geometry":{"type":"Point","coordinates":[-90.08979,29.87123]},"properties":{"probability":0.283,"inBuffer":false,"facType":"unknown"}},{"type":"Feature","geometry":{"type":"Point","coordinates":[-90.0853,29.87123]},"properties":{"probability":0.231,"inBuffer":false,"facType":"unknown"}},{"type":"Feature","geometry":{"type":"Point","coordinates":[-90.08081,29.87123]},"properties":{"probability":0.171,"inBuffer":false,"facType":"unknown"}},{"type":"Feature","geometry":{"type":"Point","coordinates":[-90.07632,29.87123]},"properties":{"probability":0.161,"inBuffer":false,"facType":"unknown"}},{"type":"Feature","geometry":{"type":"Point","coordinates":[-90.07183,29.87123]},"properties":{"probability":0.137,"inBuffer":false,"facType":"unknown"}},{"type":"Feature","geometry":{"type":"Point","coordinates":[-90.06734,29.87123]},"properties":{"probability":0.254,"inBuffer":false,"facType":"unknown"}},{"type":"Feature","geometry":{"type":"Point","coordinates":[-90.06284,29.87123]},"properties":{"probability":0.262,"inBuffer":false,"facType":"unknown"}},{"type":"Feature","geometry":{"type":"Point","coordinates":[-90.05835,29.87123]},"properties":{"probability":0.943,"inBuffer":false,"facType":"unknown"}},{"type":"Feature","geometry":{"type":"Point","coordinates":[-90.05386,29.87123]},"properties":{"probability":0.953,"inBuffer":false,"facType":"unknown"}},{"type":"Feature","geometry":{"type":"Point","coordinates":[-90.04937,29.87123]},"properties":{"probability":0.956,"inBuffer":false,"facType":"unknown"}},{"type":"Feature","geometry":{"type":"Point","coordinates":[-90.04488,29.87123]},"properties":{"probability":0.257,"inBuffer":false,"facType":"unknown"}},{"type":"Feature","geometry":{"type":"Point","coordinates":[-90.04039,29.87123]},"properties":{"probability":0.362,"inBuffer":false,"facType":"unknown"}},{"type":"Feature","geometry":{"type":"Point","coordinates":[-90.0359,29.87123]},"properties":{"probability":0.376,"inBuffer":false,"facType":"unknown"}},{"type":"Feature","geometry":{"type":"Point","coordinates":[-90.0314,29.87123]},"properties":{"probability":0.937,"inBuffer":false,"facType":"unknown"}},{"type":"Feature","geometry":{"type":"Point","coordinates":[-90.02691,29.87123]},"properties":{"probability":0.914,"inBuffer":false,"facType":"unknown"}},{"type":"Feature","geometry":{"type":"Point","coordinates":[-90.02242,29.87123]},"properties":{"probability":0.897,"inBuffer":false,"facType":"unknown"}},{"type":"Feature","geometry":{"type":"Point","coordinates":[-90.01793,29.87123]},"properties":{"probability":0.912,"inBuffer":false,"facType":"unknown"}},{"type":"Feature","geometry":{"type":"Point","coordinates":[-90.01344,29.87123]},"properties":{"probability":0.357,"inBuffer":false,"facType":"unknown"}},{"type":"Feature","geometry":{"type":"Point","coordinates":[-90.00895,29.87123]},"properties":{"probability":0.337,"inBuffer":false,"facType":"unknown"}},{"type":"Feature","geometry":{"type":"Point","coordinates":[-90.00445,29.87123]},"properties":{"probability":0.214,"inBuffer":false,"facType":"unknown"}},{"type":"Feature","geometry":{"type":"Point","coordinates":[-89.99996,29.87123]},"properties":{"probability":0.138,"inBuffer":false,"facType":"unknown"}},{"type":"Feature","geometry":{"type":"Point","coordinates":[-89.99547,29.87123]},"properties":{"probability":0.132,"inBuffer":false,"facType":"unknown"}},{"type":"Feature","geometry":{"type":"Point","coordinates":[-89.99098,29.87123]},"properties":{"probability":0.135,"inBuffer":false,"facType":"unknown"}},{"type":"Feature","geometry":{"type":"Point","coordinates":[-89.94606,29.87123]},"properties":{"probability":0.065,"inBuffer":false,"facType":"unknown"}}]}