{"type":"FeatureCollection","features":[{"type":"Feature","geometry":{"type":"Point","coordinates":[-122.34949,47.75927]},"properties":{"probability":0.524,"inBuffer":false,"facType":"unknown"}},{"type":"Feature","geometry":{"type":"Point","coordinates":[-122.34282,47.75924]},"properties":{"probability":0.498,"inBuffer":false,"facType":"unknown"}},{"type":"Feature","geometry":{"type":"Point","coordinates":[-122.33615,47.7592]},"properties":{"probability":0.261,"inBuffer":false,"facType":"unknown"}},{"type":"Feature","geometry":{"type":"Point","coordinates":[-122.31614,47.75908]},"properties":{"probability":0.435,"inBuffer":false,"facType":"unknown"}},{"type":"Feature","geometry":{"type":"Point","coordinates":[-122.30947,47.75904]},"properties":{"probability":0.318,"inBuffer":false,"facType":"unknown"}},{"type":"Feature","geometry":{"type":"Point","coordinates":[-122.30279,47.759]},"properties":{"probability":0.116,"inBuffer":false,"facType":"unknown"}},{"type":"Feature","geometry":{"type":"Point","coordinates":[-122.28278,47.75888]},"properties":{"probability":0.177,"inBuffer":false,"facType":"unknown"}},{"type":"Feature","geometry":{"type":"Point","coordinates":[-122.27611,47.75883]},"properties":{"probability":0.26,"inBuffer":false,"facType":"unknown"}},{"type":"Feature","geometry":{"type":"Point","coordinates":[-122.26277,47.75875]},"properties":{"probability":0.881,"inBuffer":false,"facType":"unknown"}},{"type":"Feature","geometry":{"type":"Point","coordinates":[-122.2561,47.75871]},"properties":{"probability":0.511,"inBuffer":false,"facType":"unknown"}},{"type":"Feature","geometry":{"type":"Point","coordinates":[-122.24942,47.75866]},"properties":{"probability":0.556,"inBuffer":false,"facType":"unknown"}},{"type":"Feature","geometry":{"type":"Point","coordinates":[-122.24275,47.75862]},"properties":{"probability":0.103,"inBuffer":false,"facType":"unknown"}},{"type":"Feature","geometry":{"type":"Point","coordinates":[-122.21607,47.75844]},"properties":{"probability":0.113,"inBuffer":false,"facType":"unknown"}},{"type":"Feature","geometry":{"type":"Point","coordinates":[-122.2094,47.75839]},"properties":{"probability":0.153,"inBuffer":false,"facType":"unknown"}},{"type":"Feature","geometry":{"type":"Point","coordinates":[-122.20273,47.75835]},"properties":{"probability":0.14,"inBuffer":false,"facType":"unknown"}},{"type":"Feature","geometry":{"type":"Point","coordinates":[-122.19606,47.7583]},"properties":{"probability":0.075,"inBuffer":false,"facType":"unknown"}},{"type":"Feature","geometry":{"type":"Point","coordinates":[-122.18271,47.75821]},"properties":{"probability":0.079,"inBuffer":false,"facType":"unknown"}},{"type":"Feature","geometry":{"type":"Point","coordinates":[-122.17604,47.75816]},"properties":{"probability":0.083,"inBuffer":false,"facType":"unknown"}},{"type":"Feature","geometry":{"type":"Point","coordinates":[-122.16937,47.75811]},"properties":{"probability":0.11,"inBuffer":false,"facType":"unknown"}},{"type":"Feature","geometry":{"type":"Point","coordinates":[-122.1627,47.75806]},"properties":{"probability":0.553,"inBuffer":false,"facType":"unknown"}},{"type":"Feature","geometry":{"type":"Point","coordinates":[-122.15603,47.75801]},"properties":{"probability":0.368,"inBuffer":false,"facType":"unknown"}},{"type":"Feature","geometry":{"type":"Point","coordinates":[-122.35622,47.75481]},"properties":{"probability":0.079,"inBuffer":false,"facType":"unknown"}},{"type":"Feature","geometry":{"type":"Point","coordinates":[-122.34955,47.75478]},"properties":{"probability":0.603,"inBuffer":false,"facType":"unknown"}},{"type":"Feature","geometry":{"type":"Point","coordinates":[-122.34288,47.75474]},"properties":{"probability":0.597,"inBuffer":false,"facType":"unknown"}},{"type":"Feature","geometry":{"type":"Point","coordinates":[-122.33621,47.7547]},"properties":{"probability":0.403,"inBuffer":false,"facType":"unknown"}},{"type":"Feature","geometry":{"type":"Point","coordinates":[-122.32287,47.75462]},"properties":{"probability":0.081,"inBuffer":false,"facType":"unknown"}},{"type":"Feature","geometry":{"type":"Point","coordinates":[-122.3162,47.75458]},"properties":{"probability":0.452,"inBuffer":false,"facType":"unknown"}},{"type":"Feature","geometry":{"type":"Point","coordinates":[-122.30953,47.75454]},"properties":{"probability":0.343,"inBuffer":false,"facType":"unknown"}},{"type":"Feature","geometry":{"type":"Point","coordinates":[-122.28284,47.75438]},"properties":{"probability":0.295,"inBuffer":false,"facType":"unknown"}},{"type":"Feature","geometry":{"type":"Point","coordinates":[-122.27617,47.75434]},"properties":{"probability":0.297,"inBuffer":false,"facType":"unknown"}},{"type":"Feature","geometry":{"type":"Point","coordinates":[-122.2695,47.75429]},"properties":{"probability":0.281,"inBuffer":false,"facType":"unknown"}},{"type":"Feature","geometry":{"type":"Point","coordinates":[-122.26283,47.75425]},"properties":{"probability":0.905,"inBuffer":false,"facType":"unknown"}},{"type":"Feature","geometry":{"type":"Point","coordinates":[-122.25616,47.75421]},"properties":{"probability":0.464,"inBuffer":false,"facType":"unknown"}},{"type":"Feature","geometry":{"type":"Point","coordinates":[-122.24949,47.75417]},"properties":{"probability":0.391,"inBuffer":false,"facType":"unknown"}},{"type":"Feature","geometry":{"type":"Point","coordinates":[-122.24282,47.75412]},"properties":{"probability":0.084,"inBuffer":false,"facType":"unknown"}},{"type":"Feature","geometry":{"type":"Point","coordinates":[-122.21614,47.75394]},"properties":{"probability":0.294,"inBuffer":false,"facType":"unknown"}},{"type":"Feature","geometry":{"type":"Point","coordinates":[-122.20947,47.7539]},"properties":{"probability":0.289,"inBuffer":false,"facType":"unknown"}},{"type":"Feature","geometry":{"type":"Point","coordinates":[-122.16944,47.75361]},"properties":{"probability":0.436,"inBuffer":false,"facType":"unknown"}},{"type":"Feature","geometry":{"type":"Point","coordinates":[-122.16277,47.75357]},"properties":{"probability":0.618,"inBuffer":false,"facType":"unknown"}},{"type":"Feature","geometry":{"type":"Point","coordinates":[-122.1561,47.75352]},"properties":{"probability":0.6,"inBuffer":false,"facType":"unknown"}},{"type":"Feature","geometry":{"type":"Point","coordinates":[-122.35628,47.75031]},"properties":{"probability":0.088,"inBuffer":false,"facType":"unknown"}},{"type":"Feature","geometry":{"type":"Point","coordinates":[-122.34961,47.75028]},"properties":{"probability":0.558,"inBuffer":false,"facType":"unknown"}},{"type":"Feature","geometry":{"type":"Point","coordinates":[-122.34294,47.75024]},"properties":{"probability":0.414,"inBuffer":false,"facType":"unknown"}},{"type":"Feature","geometry":{"type":"Point","coordinates":[-122.33627,47.7502]},"properties":{"probability":0.438,"inBuffer":false,"facType":"unknown"}},{"type":"Feature","geometry":{"type":"Point","coordinates":[-122.3296,47.75016]},"properties":{"probability":0.331,"inBuffer":false,"facType":"unknown"}},{"type":"Feature","geometry":{"type":"Point","coordinates":[-122.31626,47.75008]},"properties":{"probability":0.086,"inBuffer":false,"facType":"unknown"}},{"type":"Feature","geometry":{"type":"Point","coordinates":[-122.2829,47.74988]},"properties":{"probability":0.269,"inBuffer":false,"facType":"unknown"}},{"type":"Feature","geometry":{"type":"Point","coordinates":[-122.27623,47.74984]},"properties":{"probability":0.275,"inBuffer":false,"facType":"unknown"}},{"type":"Feature","geometry":{"type":"Point","coordinates":[-122.2162,47.74944]},"properties":{"probability":0.283,"inBuffer":false,"facType":"unknown"}},{"type":"Feature","geometry":{"type":"Point","coordinates":[-122.20953,47.7494]},"properties":{"probability":0.277,"inBuffer":false,"facType":"unknown"}},{"type":"Feature","geometry":{"type":"Point","coordinates":[-122.20286,47.74935]},"properties":{"probability":0.124,"inBuffer":false,"facType":"unknown"}},{"type":"Feature","geometry":{"type":"Point","coordinates":[-122.19619,47.74931]},"properties":{"probability":0.172,"inBuffer":false,"facType":"unknown"}},{"type":"Feature","geometry":{"type":"Point","coordinates":[-122.18952,47.74926]},"properties":{"probability":0.149,"inBuffer":false,"facType":"unknown"}},{"type":"Feature","geometry":{"type":"Point","coordinates":[-122.16952,47.74912]},"properties":{"probability":0.282,"inBuffer":false,"facType":"unknown"}},{"type":"Feature","geometry":{"type":"Point","coordinates":[-122.16285,47.74907]},"properties":{"probability":0.454,"inBuffer":false,"facType":"unknown"}},{"type":"Feature","geometry":{"type":"Point","coordinates":[-122.15618,47.74902]},"properties":{"probability":0.421,"inBuffer":false,"facType":"unknown"}},{"type":"Feature","geometry":{"type":"Point","coordinates":[-122.35633,47.74582]},"properties":{"probability":0.454,"inBuffer":false,"facType":"unknown"}},{"type":"Feature","geometry":{"type":"Point","coordinates":[-122.34966,47.74578]},"properties":{"probability":0.58,"inBuffer":false,"facType":"unknown"}},{"type":"Feature","geometry":{"type":"Point","coordinates":[-122.34299,47.74574]},"properties":{"probability":0.52,"inBuffer":false,"facType":"unknown"}},{"type":"Feature","geometry":{"type":"Point","coordinates":[-122.33632,47.7457]},"properties":{"probability":0.327,"inBuffer":false,"facType":"unknown"}},{"type":"Feature","geometry":{"type":"Point","coordinates":[-122.32965,47.74566]},"properties":{"probability":0.421,"inBuffer":false,"facType":"unknown"}},{"type":"Feature","geometry":{"type":"Point","coordinates":[-122.26296,47.74525]},"properties":{"probability":0.184,"inBuffer":false,"facType":"unknown"}},{"type":"Feature","geometry":{"type":"Point","coordinates":[-122.23628,47.74508]},"properties":{"probability":0.123,"inBuffer":false,"facType":"unknown"}},{"type":"Feature","geometry":{"type":"Point","coordinates":[-122.22961,47.74504]},"properties":{"probability":0.286,"inBuffer":false,"facType":"unknown"}},{"type":"Feature","geometry":{"type":"Point","coordinates":[-122.22294,47.74499]},"properties":{"probability":0.276,"inBuffer":false,"facType":"unknown"}},{"type":"Feature","geometry":{"type":"Point","coordinates":[-122.21627,47.74495]},"properties":{"probability":0.266,"inBuffer":false,"facType":"unknown"}},{"type":"Feature","geometry":{"type":"Point","coordinates":[-122.2096,47.7449]},"properties":{"probability":0.267,"inBuffer":false,"facType":"unknown"}},{"type":"Feature","geometry":{"type":"Point","coordinates":[-122.20293,47.74485]},"properties":{"probability":0.127,"inBuffer":false,"facType":"unknown"}},{"type":"Feature","geometry":{"type":"Point","coordinates":[-122.19626,47.74481]},"properties":{"probability":0.269,"inBuffer":false,"facType":"unknown"}},{"type":"Feature","geometry":{"type":"Point","coordinates":[-122.18959,47.74476]},"properties":{"probability":0.424,"inBuffer":false,"facType":"unknown"}},{"type":"Feature","geometry":{"type":"Point","coordinates":[-122.18293,47.74471]},"properties":{"probability":0.086,"inBuffer":false,"facType":"unknown"}},{"type":"Feature","geometry":{"type":"Point","coordinates":[-122.16292,47.74457]},"properties":{"probability":0.051,"inBuffer":false,"facType":"unknown"}},{"type":"Feature","geometry":{"type":"Point","coordinates":[-122.15625,47.74452]},"properties":{"probability":0.083,"inBuffer":false,"facType":"unknown"}},{"type":"Feature","geometry":{"type":"Point","coordinates":[-122.35639,47.74132]},"properties":{"probability":0.442,"inBuffer":false,"facType":"unknown"}},{"type":"Feature","geometry":{"type":"Point","coordinates":[-122.34972,47.74128]},"properties":{"probability":0.586,"inBuffer":false,"facType":"unknown"}},{"type":"Feature","geometry":{"type":"Point","coordinates":[-122.34305,47.74124]},"properties":{"probability":0.521,"inBuffer":false,"facType":"unknown"}},{"type":"Feature","geometry":{"type":"Point","coordinates":[-122.31637,47.74109]},"properties":{"probability":0.081,"inBuffer":false,"facType":"unknown"}},{"type":"Feature","geometry":{"type":"Point","coordinates":[-122.3097,47.74105]},"properties":{"probability":0.081,"inBuffer":false,"facType":"unknown"}},{"type":"Feature","geometry":{"type":"Point","coordinates":[-122.23635,47.74058]},"properties":{"probability":0.259,"inBuffer":false,"facType":"unknown"}},{"type":"Feature","geometry":{"type":"Point","coordinates":[-122.22968,47.74054]},"properties":{"probability":0.296,"inBuffer":false,"facType":"unknown"}},{"type":"Feature","geometry":{"type":"Point","coordinates":[-122.22301,47.74049]},"properties":{"probability":0.299,"inBuffer":false,"facType":"unknown"}},{"type":"Feature","geometry":{"type":"Point","coordinates":[-122.19633,47.74031]},"properties":{"probability":0.275,"inBuffer":false,"facType":"unknown"}},{"type":"Feature","geometry":{"type":"Point","coordinates":[-122.18966,47.74026]},"properties":{"probability":0.299,"inBuffer":false,"facType":"unknown"}},{"type":"Feature","geometry":{"type":"Point","coordinates":[-122.15632,47.74002]},"properties":{"probability":0.076,"inBuffer":false,"facType":"unknown"}},{"type":"Feature","geometry":{"type":"Point","coordinates":[-122.34977,47.73678]},"properties":{"probability":0.329,"inBuffer":false,"facType":"unknown"}},{"type":"Feature","geometry":{"type":"Point","coordinates":[-122.34311,47.73674]},"properties":{"probability":0.12,"inBuffer":false,"facType":"unknown"}},{"type":"Feature","geometry":{"type":"Point","coordinates":[-122.31643,47.73659]},"properties":{"probability":0.08,"inBuffer":false,"facType":"unknown"}},{"type":"Feature","geometry":{"type":"Point","coordinates":[-122.30976,47.73655]},"properties":{"probability":0.079,"inBuffer":false,"facType":"unknown"}},{"type":"Feature","geometry":{"type":"Point","coordinates":[-122.29643,47.73647]},"properties":{"probability":0.074,"inBuffer":false,"facType":"unknown"}},{"type":"Feature","geometry":{"type":"Point","coordinates":[-122.22974,47.73604]},"properties":{"probability":0.267,"inBuffer":false,"facType":"unknown"}},{"type":"Feature","geometry":{"type":"Point","coordinates":[-122.22308,47.73599]},"properties":{"probability":0.147,"inBuffer":false,"facType":"unknown"}},{"type":"Feature","geometry":{"type":"Point","coordinates":[-122.1764,47.73567]},"properties":{"probability":0.077,"inBuffer":false,"facType":"unknown"}},{"type":"Feature","geometry":{"type":"Point","coordinates":[-122.3565,47.73232]},"properties":{"probability":0.086,"inBuffer":false,"facType":"unknown"}},{"type":"Feature","geometry":{"type":"Point","coordinates":[-122.34983,47.73228]},"properties":{"probability":0.43,"inBuffer":false,"facType":"unknown"}},{"type":"Feature","geometry":{"type":"Point","coordinates":[-122.34316,47.73225]},"properties":{"probability":0.579,"inBuffer":false,"facType":"unknown"}},{"type":"Feature","geometry":{"type":"Point","coordinates":[-122.31649,47.73209]},"properties":{"probability":0.076,"inBuffer":false,"facType":"unknown"}},{"type":"Feature","geometry":{"type":"Point","coordinates":[-122.30982,47.73205]},"properties":{"probability":0.081,"inBuffer":false,"facType":"unknown"}},{"type":"Feature","geometry":{"type":"Point","coordinates":[-122.29649,47.73197]},"properties":{"probability":0.078,"inBuffer":false,"facType":"unknown"}},{"type":"Feature","geometry":{"type":"Point","coordinates":[-122.28982,47.73193]},"properties":{"probability":0.088,"inBuffer":false,"facType":"unknown"}},{"type":"Feature","geometry":{"type":"Point","coordinates":[-122.20981,47.7314]},"properties":{"probability":0.192,"inBuffer":false,"facType":"unknown"}},{"type":"Feature","geometry":{"type":"Point","coordinates":[-122.20314,47.73136]},"properties":{"probability":0.192,"inBuffer":false,"facType":"unknown"}},{"type":"Feature","geometry":{"type":"Point","coordinates":[-122.17647,47.73117]},"properties":{"probability":0.079,"inBuffer":false,"facType":"unknown"}},{"type":"Feature","geometry":{"type":"Point","coordinates":[-122.35655,47.72782]},"properties":{"probability":0.085,"inBuffer":false,"facType":"unknown"}},{"type":"Feature","geometry":{"type":"Point","coordinates":[-122.34989,47.72778]},"properties":{"probability":0.626,"inBuffer":false,"facType":"unknown"}},{"type":"Feature","geometry":{"type":"Point","coordinates":[-122.34322,47.72775]},"properties":{"probability":0.633,"inBuffer":false,"facType":"unknown"}},{"type":"Feature","geometry":{"type":"Point","coordinates":[-122.33655,47.72771]},"properties":{"probability":0.408,"inBuffer":false,"facType":"unknown"}},{"type":"Feature","geometry":{"type":"Point","coordinates":[-122.32988,47.72767]},"properties":{"probability":0.081,"inBuffer":false,"facType":"unknown"}},{"type":"Feature","geometry":{"type":"Point","coordinates":[-122.29655,47.72747]},"properties":{"probability":0.101,"inBuffer":false,"facType":"unknown"}},{"type":"Feature","geometry":{"type":"Point","coordinates":[-122.28988,47.72743]},"properties":{"probability":0.097,"inBuffer":false,"facType":"unknown"}},{"type":"Feature","geometry":{"type":"Point","coordinates":[-122.21654,47.72695]},"properties":{"probability":0.3,"inBuffer":false,"facType":"unknown"}},{"type":"Feature","geometry":{"type":"Point","coordinates":[-122.20987,47.72691]},"properties":{"probability":0.325,"inBuffer":false,"facType":"unknown"}},{"type":"Feature","geometry":{"type":"Point","coordinates":[-122.20321,47.72686]},"properties":{"probability":0.306,"inBuffer":false,"facType":"unknown"}},{"type":"Feature","geometry":{"type":"Point","coordinates":[-122.35661,47.72332]},"properties":{"probability":0.092,"inBuffer":false,"facType":"unknown"}},{"type":"Feature","geometry":{"type":"Point","coordinates":[-122.34994,47.72329]},"properties":{"probability":0.567,"inBuffer":false,"facType":"unknown"}},{"type":"Feature","geometry":{"type":"Point","coordinates":[-122.34328,47.72325]},"properties":{"probability":0.631,"inBuffer":false,"facType":"unknown"}},{"type":"Feature","geometry":{"type":"Point","coordinates":[-122.33661,47.72321]},"properties":{"probability":0.268,"inBuffer":false,"facType":"unknown"}},{"type":"Feature","geometry":{"type":"Point","coordinates":[-122.32994,47.72317]},"properties":{"probability":0.362,"inBuffer":false,"facType":"unknown"}},{"type":"Feature","geometry":{"type":"Point","coordinates":[-122.32328,47.72313]},"properties":{"probability":0.234,"inBuffer":false,"facType":"unknown"}},{"type":"Feature","geometry":{"type":"Point","coordinates":[-122.30328,47.72301]},"properties":{"probability":0.424,"inBuffer":false,"facType":"unknown"}},{"type":"Feature","geometry":{"type":"Point","coordinates":[-122.29661,47.72297]},"properties":{"probability":0.544,"inBuffer":false,"facType":"unknown"}},{"type":"Feature","geometry":{"type":"Point","coordinates":[-122.28994,47.72293]},"properties":{"probability":0.32,"inBuffer":false,"facType":"unknown"}},{"type":"Feature","geometry":{"type":"Point","coordinates":[-122.22994,47.72254]},"properties":{"probability":0.183,"inBuffer":false,"facType":"unknown"}},{"type":"Feature","geometry":{"type":"Point","coordinates":[-122.22328,47.7225]},"properties":{"probability":0.183,"inBuffer":false,"facType":"unknown"}},{"type":"Feature","geometry":{"type":"Point","coordinates":[-122.21661,47.72245]},"properties":{"probability":0.342,"inBuffer":false,"facType":"unknown"}},{"type":"Feature","geometry":{"type":"Point","coordinates":[-122.20994,47.72241]},"properties":{"probability":0.908,"inBuffer":false,"facType":"unknown"}},{"type":"Feature","geometry":{"type":"Point","coordinates":[-122.20328,47.72236]},"properties":{"probability":0.893,"inBuffer":false,"facType":"unknown"}},{"type":"Feature","geometry":{"type":"Point","coordinates":[-122.19661,47.72232]},"properties":{"probability":0.284,"inBuffer":false,"facType":"unknown"}},{"type":"Feature","geometry":{"type":"Point","coordinates":[-122.18994,47.72227]},"properties":{"probability":0.206,"inBuffer":false,"facType":"unknown"}},{"type":"Feature","geometry":{"type":"Point","coordinates":[-122.18328,47.72222]},"properties":{"probability":0.287,"inBuffer":false,"facType":"unknown"}},{"type":"Feature","geometry":{"type":"Point","coordinates":[-122.17661,47.72217]},"properties":{"probability":0.287,"inBuffer":false,"facType":"unknown"}},{"type":"Feature","geometry":{"type":"Point","coordinates":[-122.35666,47.71883]},"properties":{"probability":0.085,"inBuffer":false,"facType":"unknown"}},{"type":"Feature","geometry":{"type":"Point","coordinates":[-122.35,47.71879]},"properties":{"probability":0.376,"inBuffer":false,"facType":"unknown"}},{"type":"Feature","geometry":{"type":"Point","coordinates":[-122.34333,47.71875]},"properties":{"probability":0.953,"inBuffer":false,"facType":"unknown"}},{"type":"Feature","geometry":{"type":"Point","coordinates":[-122.33667,47.71871]},"properties":{"probability":0.925,"inBuffer":false,"facType":"unknown"}},{"type":"Feature","geometry":{"type":"Point","coordinates":[-122.33,47.71867]},"properties":{"probability":0.897,"inBuffer":false,"facType":"unknown"}},{"type":"Feature","geometry":{"type":"Point","coordinates":[-122.32333,47.71863]},"properties":{"probability":0.345,"inBuffer":false,"facType":"unknown"}},{"type":"Feature","geometry":{"type":"Point","coordinates":[-122.31667,47.71859]},"properties":{"probability":0.075,"inBuffer":false,"facType":"unknown"}},{"type":"Feature","geometry":{"type":"Point","coordinates":[-122.31,47.71855]},"properties":{"probability":0.08,"inBuffer":false,"facType":"unknown"}},{"type":"Feature","geometry":{"type":"Point","coordinates":[-122.30334,47.71851]},"properties":{"probability":0.448,"inBuffer":false,"facType":"unknown"}},{"type":"Feature","geometry":{"type":"Point","coordinates":[-122.29667,47.71847]},"properties":{"probability":0.607,"inBuffer":false,"facType":"unknown"}},{"type":"Feature","geometry":{"type":"Point","coordinates":[-122.29,47.71843]},"properties":{"probability":0.422,"inBuffer":false,"facType":"unknown"}},{"type":"Feature","geometry":{"type":"Point","coordinates":[-122.23667,47.71809]},"properties":{"probability":0.183,"inBuffer":false,"facType":"unknown"}},{"type":"Feature","geometry":{"type":"Point","coordinates":[-122.23001,47.71805]},"properties":{"probability":0.19,"inBuffer":false,"facType":"unknown"}},{"type":"Feature","geometry":{"type":"Point","coordinates":[-122.22334,47.718]},"properties":{"probability":0.183,"inBuffer":false,"facType":"unknown"}},{"type":"Feature","geometry":{"type":"Point","coordinates":[-122.21668,47.71796]},"properties":{"probability":0.3,"inBuffer":false,"facType":"unknown"}},{"type":"Feature","geometry":{"type":"Point","coordinates":[-122.21001,47.71791]},"properties":{"probability":0.896,"inBuffer":false,"facType":"unknown"}},{"type":"Feature","geometry":{"type":"Point","coordinates":[-122.20334,47.71786]},"properties":{"probability":0.897,"inBuffer":false,"facType":"unknown"}},{"type":"Feature","geometry":{"type":"Point","coordinates":[-122.19668,47.71782]},"properties":{"probability":0.3,"inBuffer":false,"facType":"unknown"}},{"type":"Feature","geometry":{"type":"Point","coordinates":[-122.19001,47.71777]},"properties":{"probability":0.439,"inBuffer":false,"facType":"unknown"}},{"type":"Feature","geometry":{"type":"Point","coordinates":[-122.18335,47.71772]},"properties":{"probability":0.533,"inBuffer":false,"facType":"unknown"}},{"type":"Feature","geometry":{"type":"Point","coordinates":[-122.17668,47.71768]},"properties":{"probability":0.464,"inBuffer":false,"facType":"unknown"}},{"type":"Feature","geometry":{"type":"Point","coordinates":[-122.17002,47.71763]},"properties":{"probability":0.401,"inBuffer":false,"facType":"unknown"}},{"type":"Feature","geometry":{"type":"Point","coordinates":[-122.35005,47.71429]},"properties":{"probability":0.081,"inBuffer":false,"facType":"unknown"}},{"type":"Feature","geometry":{"type":"Point","coordinates":[-122.34339,47.71425]},"properties":{"probability":0.939,"inBuffer":false,"facType":"unknown"}},{"type":"Feature","geometry":{"type":"Point","coordinates":[-122.33672,47.71421]},"properties":{"probability":0.937,"inBuffer":false,"facType":"unknown"}},{"type":"Feature","geometry":{"type":"Point","coordinates":[-122.33006,47.71417]},"properties":{"probability":0.946,"inBuffer":false,"facType":"unknown"}},{"type":"Feature","geometry":{"type":"Point","coordinates":[-122.32339,47.71413]},"properties":{"probability":0.102,"inBuffer":false,"facType":"unknown"}},{"type":"Feature","geometry":{"type":"Point","coordinates":[-122.31673,47.7141]},"properties":{"probability":0.102,"inBuffer":false,"facType":"unknown"}},{"type":"Feature","geometry":{"type":"Point","coordinates":[-122.31006,47.71406]},"properties":{"probability":0.078,"inBuffer":false,"facType":"unknown"}},{"type":"Feature","geometry":{"type":"Point","coordinates":[-122.3034,47.71402]},"properties":{"probability":0.112,"inBuffer":false,"facType":"unknown"}},{"type":"Feature","geometry":{"type":"Point","coordinates":[-122.29673,47.71397]},"properties":{"probability":0.361,"inBuffer":false,"facType":"unknown"}},{"type":"Feature","geometry":{"type":"Point","coordinates":[-122.29006,47.71393]},"properties":{"probability":0.088,"inBuffer":false,"facType":"unknown"}},{"type":"Feature","geometry":{"type":"Point","coordinates":[-122.24341,47.71364]},"properties":{"probability":0.184,"inBuffer":false,"facType":"unknown"}},{"type":"Feature","geometry":{"type":"Point","coordinates":[-122.23674,47.71359]},"properties":{"probability":0.191,"inBuffer":false,"facType":"unknown"}},{"type":"Feature","geometry":{"type":"Point","coordinates":[-122.23007,47.71355]},"properties":{"probability":0.197,"inBuffer":false,"facType":"unknown"}},{"type":"Feature","geometry":{"type":"Point","coordinates":[-122.22341,47.7135]},"properties":{"probability":0.185,"inBuffer":false,"facType":"unknown"}},{"type":"Feature","geometry":{"type":"Point","coordinates":[-122.21674,47.71346]},"properties":{"probability":0.301,"inBuffer":false,"facType":"unknown"}},{"type":"Feature","geometry":{"type":"Point","coordinates":[-122.21008,47.71341]},"properties":{"probability":0.31,"inBuffer":false,"facType":"unknown"}},{"type":"Feature","geometry":{"type":"Point","coordinates":[-122.20341,47.71336]},"properties":{"probability":0.888,"inBuffer":false,"facType":"unknown"}},{"type":"Feature","geometry":{"type":"Point","coordinates":[-122.19675,47.71332]},"properties":{"probability":0.313,"inBuffer":false,"facType":"unknown"}},{"type":"Feature","geometry":{"type":"Point","coordinates":[-122.19008,47.71327]},"properties":{"probability":0.525,"inBuffer":false,"facType":"unknown"}},{"type":"Feature","geometry":{"type":"Point","coordinates":[-122.18342,47.71322]},"properties":{"probability":0.954,"inBuffer":false,"facType":"unknown"}},{"type":"Feature","geometry":{"type":"Point","coordinates":[-122.17675,47.71318]},"properties":{"probability":0.954,"inBuffer":false,"facType":"unknown"}},{"type":"Feature","geometry":{"type":"Point","coordinates":[-122.17009,47.71313]},"properties":{"probability":0.555,"inBuffer":false,"facType":"unknown"}},{"type":"Feature","geometry":{"type":"Point","coordinates":[-122.16342,47.71308]},"properties":{"probability":0.6,"inBuffer":false,"facType":"unknown"}},{"type":"Feature","geometry":{"type":"Point","coordinates":[-122.15676,47.71303]},"properties":{"probability":0.41,"inBuffer":false,"facType":"unknown"}},{"type":"Feature","geometry":{"type":"Point","coordinates":[-122.35678,47.70983]},"properties":{"probability":0.273,"inBuffer":false,"facType":"unknown"}},{"type":"Feature","geometry":{"type":"Point","coordinates":[-122.35011,47.70979]},"properties":{"probability":0.423,"inBuffer":false,"facType":"unknown"}},{"type":"Feature","geometry":{"type":"Point","coordinates":[-122.34345,47.70975]},"properties":{"probability":0.375,"inBuffer":false,"facType":"unknown"}},{"type":"Feature","geometry":{"type":"Point","coordinates":[-122.33678,47.70971]},"properties":{"probability":0.567,"inBuffer":false,"facType":"unknown"}},{"type":"Feature","geometry":{"type":"Point","coordinates":[-122.33012,47.70968]},"properties":{"probability":0.63,"inBuffer":false,"facType":"unknown"}},{"type":"Feature","geometry":{"type":"Point","coordinates":[-122.32345,47.70964]},"properties":{"probability":0.172,"inBuffer":false,"facType":"unknown"}},{"type":"Feature","geometry":{"type":"Point","coordinates":[-122.31679,47.7096]},"properties":{"probability":0.156,"inBuffer":false,"facType":"unknown"}},{"type":"Feature","geometry":{"type":"Point","coordinates":[-122.31012,47.70956]},"properties":{"probability":0.073,"inBuffer":false,"facType":"unknown"}},{"type":"Feature","geometry":{"type":"Point","coordinates":[-122.30346,47.70952]},"properties":{"probability":0.084,"inBuffer":false,"facType":"unknown"}},{"type":"Feature","geometry":{"type":"Point","coordinates":[-122.29679,47.70948]},"properties":{"probability":0.094,"inBuffer":false,"facType":"unknown"}},{"type":"Feature","geometry":{"type":"Point","coordinates":[-122.23681,47.70909]},"properties":{"probability":0.192,"inBuffer":false,"facType":"unknown"}},{"type":"Feature","geometry":{"type":"Point","coordinates":[-122.23014,47.70905]},"properties":{"probability":0.191,"inBuffer":false,"facType":"unknown"}},{"type":"Feature","geometry":{"type":"Point","coordinates":[-122.22348,47.709]},"properties":{"probability":0.187,"inBuffer":false,"facType":"unknown"}},{"type":"Feature","geometry":{"type":"Point","coordinates":[-122.21681,47.70896]},"properties":{"probability":0.203,"inBuffer":false,"facType":"unknown"}},{"type":"Feature","geometry":{"type":"Point","coordinates":[-122.21015,47.70891]},"properties":{"probability":0.277,"inBuffer":false,"facType":"unknown"}},{"type":"Feature","geometry":{"type":"Point","coordinates":[-122.19682,47.70882]},"properties":{"probability":0.082,"inBuffer":false,"facType":"unknown"}},{"type":"Feature","geometry":{"type":"Point","coordinates":[-122.19015,47.70877]},"properties":{"probability":0.626,"inBuffer":false,"facType":"unknown"}},{"type":"Feature","geometry":{"type":"Point","coordinates":[-122.18349,47.70873]},"properties":{"probability":0.639,"inBuffer":false,"facType":"unknown"}},{"type":"Feature","geometry":{"type":"Point","coordinates":[-122.17682,47.70868]},"properties":{"probability":0.546,"inBuffer":false,"facType":"unknown"}},{"type":"Feature","geometry":{"type":"Point","coordinates":[-122.17016,47.70863]},"properties":{"probability":0.614,"inBuffer":false,"facType":"unknown"}},{"type":"Feature","geometry":{"type":"Point","coordinates":[-122.16349,47.70858]},"properties":{"probability":0.63,"inBuffer":false,"facType":"unknown"}},{"type":"Feature","geometry":{"type":"Point","coordinates":[-122.15683,47.70853]},"properties":{"probability":0.407,"inBuffer":false,"facType":"unknown"}},{"type":"Feature","geometry":{"type":"Point","coordinates":[-122.38349,47.70548]},"properties":{"probability":0.131,"inBuffer":false,"facType":"unknown"}},{"type":"Feature","geometry":{"type":"Point","coordinates":[-122.35683,47.70533]},"properties":{"probability":0.431,"inBuffer":false,"facType":"unknown"}},{"type":"Feature","geometry":{"type":"Point","coordinates":[-122.35017,47.70529]},"properties":{"probability":0.437,"inBuffer":false,"facType":"unknown"}},{"type":"Feature","geometry":{"type":"Point","coordinates":[-122.3435,47.70525]},"properties":{"probability":0.468,"inBuffer":false,"facType":"unknown"}},{"type":"Feature","geometry":{"type":"Point","coordinates":[-122.33684,47.70522]},"properties":{"probability":0.626,"inBuffer":false,"facType":"unknown"}},{"type":"Feature","geometry":{"type":"Point","coordinates":[-122.33017,47.70518]},"properties":{"probability":0.634,"inBuffer":false,"facType":"unknown"}},{"type":"Feature","geometry":{"type":"Point","coordinates":[-122.32351,47.70514]},"properties":{"probability":0.174,"inBuffer":false,"facType":"unknown"}},{"type":"Feature","geometry":{"type":"Point","coordinates":[-122.31684,47.7051]},"properties":{"probability":0.143,"inBuffer":false,"facType":"unknown"}},{"type":"Feature","geometry":{"type":"Point","coordinates":[-122.31018,47.70506]},"properties":{"probability":0.072,"inBuffer":false,"facType":"unknown"}},{"type":"Feature","geometry":{"type":"Point","coordinates":[-122.30352,47.70502]},"properties":{"probability":0.078,"inBuffer":false,"facType":"unknown"}},{"type":"Feature","geometry":{"type":"Point","coordinates":[-122.29685,47.70498]},"properties":{"probability":0.073,"inBuffer":false,"facType":"unknown"}},{"type":"Feature","geometry":{"type":"Point","coordinates":[-122.23021,47.70455]},"properties":{"probability":0.183,"inBuffer":false,"facType":"unknown"}},{"type":"Feature","geometry":{"type":"Point","coordinates":[-122.22354,47.70451]},"properties":{"probability":0.183,"inBuffer":false,"facType":"unknown"}},{"type":"Feature","geometry":{"type":"Point","coordinates":[-122.21021,47.70441]},"properties":{"probability":0.079,"inBuffer":false,"facType":"unknown"}},{"type":"Feature","geometry":{"type":"Point","coordinates":[-122.19689,47.70432]},"properties":{"probability":0.086,"inBuffer":false,"facType":"unknown"}},{"type":"Feature","geometry":{"type":"Point","coordinates":[-122.19022,47.70427]},"properties":{"probability":0.591,"inBuffer":false,"facType":"unknown"}},{"type":"Feature","geometry":{"type":"Point","coordinates":[-122.18356,47.70423]},"properties":{"probability":0.63,"inBuffer":false,"facType":"unknown"}},{"type":"Feature","geometry":{"type":"Point","coordinates":[-122.17689,47.70418]},"properties":{"probability":0.482,"inBuffer":false,"facType":"unknown"}},{"type":"Feature","geometry":{"type":"Point","coordinates":[-122.17023,47.70413]},"properties":{"probability":0.086,"inBuffer":false,"facType":"unknown"}},{"type":"Feature","geometry":{"type":"Point","coordinates":[-122.16357,47.70408]},"properties":{"probability":0.138,"inBuffer":false,"facType":"unknown"}},{"type":"Feature","geometry":{"type":"Point","coordinates":[-122.39021,47.70101]},"properties":{"probability":0.249,"inBuffer":false,"facType":"unknown"}},{"type":"Feature","geometry":{"type":"Point","coordinates":[-122.38354,47.70098]},"properties":{"probability":0.276,"inBuffer":false,"facType":"unknown"}},{"type":"Feature","geometry":{"type":"Point","coordinates":[-122.37021,47.7009]},"properties":{"probability":0.081,"inBuffer":false,"facType":"unknown"}},{"type":"Feature","geometry":{"type":"Point","coordinates":[-122.36355,47.70087]},"properties":{"probability":0.093,"inBuffer":false,"facType":"unknown"}},{"type":"Feature","geometry":{"type":"Point","coordinates":[-122.35689,47.70083]},"properties":{"probability":0.258,"inBuffer":false,"facType":"unknown"}},{"type":"Feature","geometry":{"type":"Point","coordinates":[-122.35022,47.70079]},"properties":{"probability":0.451,"inBuffer":false,"facType":"unknown"}},{"type":"Feature","geometry":{"type":"Point","coordinates":[-122.34356,47.70076]},"properties":{"probability":0.585,"inBuffer":false,"facType":"unknown"}},{"type":"Feature","geometry":{"type":"Point","coordinates":[-122.33689,47.70072]},"properties":{"probability":0.611,"inBuffer":false,"facType":"unknown"}},{"type":"Feature","geometry":{"type":"Point","coordinates":[-122.33023,47.70068]},"properties":{"probability":0.638,"inBuffer":false,"facType":"unknown"}},{"type":"Feature","geometry":{"type":"Point","coordinates":[-122.32357,47.70064]},"properties":{"probability":0.384,"inBuffer":false,"facType":"unknown"}},{"type":"Feature","geometry":{"type":"Point","coordinates":[-122.3169,47.7006]},"properties":{"probability":0.103,"inBuffer":false,"facType":"unknown"}},{"type":"Feature","geometry":{"type":"Point","coordinates":[-122.28358,47.7004]},"properties":{"probability":0.147,"inBuffer":false,"facType":"unknown"}},{"type":"Feature","geometry":{"type":"Point","coordinates":[-122.27692,47.70036]},"properties":{"probability":0.273,"inBuffer":false,"facType":"unknown"}},{"type":"Feature","geometry":{"type":"Point","coordinates":[-122.20362,47.69987]},"properties":{"probability":0.128,"inBuffer":false,"facType":"unknown"}},{"type":"Feature","geometry":{"type":"Point","coordinates":[-122.19696,47.69982]},"properties":{"probability":0.264,"inBuffer":false,"facType":"unknown"}},{"type":"Feature","geometry":{"type":"Point","coordinates":[-122.18363,47.69973]},"properties":{"probability":0.088,"inBuffer":false,"facType":"unknown"}},{"type":"Feature","geometry":{"type":"Point","coordinates":[-122.17696,47.69968]},"properties":{"probability":0.089,"inBuffer":false,"facType":"unknown"}},{"type":"Feature","geometry":{"type":"Point","coordinates":[-122.39692,47.69655]},"properties":{"probability":0.129,"inBuffer":false,"facType":"unknown"}},{"type":"Feature","geometry":{"type":"Point","coordinates":[-122.39026,47.69651]},"properties":{"probability":0.275,"inBuffer":false,"facType":"unknown"}},{"type":"Feature","geometry":{"type":"Point","coordinates":[-122.37027,47.69641]},"properties":{"probability":0.078,"inBuffer":false,"facType":"unknown"}},{"type":"Feature","geometry":{"type":"Point","coordinates":[-122.3636,47.69637]},"properties":{"probability":0.078,"inBuffer":false,"facType":"unknown"}},{"type":"Feature","geometry":{"type":"Point","coordinates":[-122.35694,47.69633]},"properties":{"probability":0.083,"inBuffer":false,"facType":"unknown"}},{"type":"Feature","geometry":{"type":"Point","coordinates":[-122.35028,47.69629]},"properties":{"probability":0.28,"inBuffer":false,"facType":"unknown"}},{"type":"Feature","geometry":{"type":"Point","coordinates":[-122.34361,47.69626]},"properties":{"probability":0.599,"inBuffer":false,"facType":"unknown"}},{"type":"Feature","geometry":{"type":"Point","coordinates":[-122.33695,47.69622]},"properties":{"probability":0.563,"inBuffer":false,"facType":"unknown"}},{"type":"Feature","geometry":{"type":"Point","coordinates":[-122.33029,47.69618]},"properties":{"probability":0.628,"inBuffer":false,"facType":"unknown"}},{"type":"Feature","geometry":{"type":"Point","coordinates":[-122.32362,47.69614]},"properties":{"probability":0.543,"inBuffer":false,"facType":"unknown"}},{"type":"Feature","geometry":{"type":"Point","coordinates":[-122.31696,47.6961]},"properties":{"probability":0.084,"inBuffer":false,"facType":"unknown"}},{"type":"Feature","geometry":{"type":"Point","coordinates":[-122.28365,47.6959]},"properties":{"probability":0.284,"inBuffer":false,"facType":"unknown"}},{"type":"Feature","geometry":{"type":"Point","coordinates":[-122.27698,47.69586]},"properties":{"probability":0.283,"inBuffer":false,"facType":"unknown"}},{"type":"Feature","geometry":{"type":"Point","coordinates":[-122.27032,47.69581]},"properties":{"probability":0.265,"inBuffer":false,"facType":"unknown"}},{"type":"Feature","geometry":{"type":"Point","coordinates":[-122.20369,47.69537]},"properties":{"probability":0.255,"inBuffer":false,"facType":"unknown"}},{"type":"Feature","geometry":{"type":"Point","coordinates":[-122.19702,47.69532]},"properties":{"probability":0.255,"inBuffer":false,"facType":"unknown"}},{"type":"Feature","geometry":{"type":"Point","coordinates":[-122.19036,47.69528]},"properties":{"probability":0.271,"inBuffer":false,"facType":"unknown"}},{"type":"Feature","geometry":{"type":"Point","coordinates":[-122.39697,47.69205]},"properties":{"probability":0.272,"inBuffer":false,"facType":"unknown"}},{"type":"Feature","geometry":{"type":"Point","coordinates":[-122.37699,47.69194]},"properties":{"probability":0.095,"inBuffer":false,"facType":"unknown"}},{"type":"Feature","geometry":{"type":"Point","coordinates":[-122.37032,47.69191]},"properties":{"probability":0.079,"inBuffer":false,"facType":"unknown"}},{"type":"Feature","geometry":{"type":"Point","coordinates":[-122.36366,47.69187]},"properties":{"probability":0.082,"inBuffer":false,"facType":"unknown"}},{"type":"Feature","geometry":{"type":"Point","coordinates":[-122.357,47.69183]},"properties":{"probability":0.089,"inBuffer":false,"facType":"unknown"}},{"type":"Feature","geometry":{"type":"Point","coordinates":[-122.35033,47.6918]},"properties":{"probability":0.099,"inBuffer":false,"facType":"unknown"}},{"type":"Feature","geometry":{"type":"Point","coordinates":[-122.34367,47.69176]},"properties":{"probability":0.149,"inBuffer":false,"facType":"unknown"}},{"type":"Feature","geometry":{"type":"Point","coordinates":[-122.33701,47.69172]},"properties":{"probability":0.3,"inBuffer":false,"facType":"unknown"}},{"type":"Feature","geometry":{"type":"Point","coordinates":[-122.33035,47.69168]},"properties":{"probability":0.445,"inBuffer":false,"facType":"unknown"}},{"type":"Feature","geometry":{"type":"Point","coordinates":[-122.32368,47.69164]},"properties":{"probability":0.268,"inBuffer":false,"facType":"unknown"}},{"type":"Feature","geometry":{"type":"Point","coordinates":[-122.31702,47.6916]},"properties":{"probability":0.087,"inBuffer":false,"facType":"unknown"}},{"type":"Feature","geometry":{"type":"Point","coordinates":[-122.31036,47.69156]},"properties":{"probability":0.086,"inBuffer":false,"facType":"unknown"}},{"type":"Feature","geometry":{"type":"Point","coordinates":[-122.30369,47.69152]},"properties":{"probability":0.081,"inBuffer":false,"facType":"unknown"}},{"type":"Feature","geometry":{"type":"Point","coordinates":[-122.29037,47.69144]},"properties":{"probability":0.157,"inBuffer":false,"facType":"unknown"}},{"type":"Feature","geometry":{"type":"Point","coordinates":[-122.27704,47.69136]},"properties":{"probability":0.279,"inBuffer":false,"facType":"unknown"}},{"type":"Feature","geometry":{"type":"Point","coordinates":[-122.27038,47.69132]},"properties":{"probability":0.149,"inBuffer":false,"facType":"unknown"}},{"type":"Feature","geometry":{"type":"Point","coordinates":[-122.26372,47.69127]},"properties":{"probability":0.265,"inBuffer":false,"facType":"unknown"}},{"type":"Feature","geometry":{"type":"Point","coordinates":[-122.25706,47.69123]},"properties":{"probability":0.249,"inBuffer":false,"facType":"unknown"}},{"type":"Feature","geometry":{"type":"Point","coordinates":[-122.25039,47.69119]},"properties":{"probability":0.239,"inBuffer":false,"facType":"unknown"}},{"type":"Feature","geometry":{"type":"Point","coordinates":[-122.20376,47.69087]},"properties":{"probability":0.266,"inBuffer":false,"facType":"unknown"}},{"type":"Feature","geometry":{"type":"Point","coordinates":[-122.19709,47.69083]},"properties":{"probability":0.269,"inBuffer":false,"facType":"unknown"}},{"type":"Feature","geometry":{"type":"Point","coordinates":[-122.19043,47.69078]},"properties":{"probability":0.136,"inBuffer":false,"facType":"unknown"}},{"type":"Feature","geometry":{"type":"Point","coordinates":[-122.40369,47.68759]},"properties":{"probability":0.278,"inBuffer":false,"facType":"unknown"}},{"type":"Feature","geometry":{"type":"Point","coordinates":[-122.39703,47.68755]},"properties":{"probability":0.292,"inBuffer":false,"facType":"unknown"}},{"type":"Feature","geometry":{"type":"Point","coordinates":[-122.3837,47.68748]},"properties":{"probability":0.08,"inBuffer":false,"facType":"unknown"}},{"type":"Feature","geometry":{"type":"Point","coordinates":[-122.37704,47.68745]},"properties":{"probability":0.08,"inBuffer":false,"facType":"unknown"}},{"type":"Feature","geometry":{"type":"Point","coordinates":[-122.37038,47.68741]},"properties":{"probability":0.079,"inBuffer":false,"facType":"unknown"}},{"type":"Feature","geometry":{"type":"Point","coordinates":[-122.36371,47.68737]},"properties":{"probability":0.076,"inBuffer":false,"facType":"unknown"}},{"type":"Feature","geometry":{"type":"Point","coordinates":[-122.35705,47.68734]},"properties":{"probability":0.092,"inBuffer":false,"facType":"unknown"}},{"type":"Feature","geometry":{"type":"Point","coordinates":[-122.35039,47.6873]},"properties":{"probability":0.098,"inBuffer":false,"facType":"unknown"}},{"type":"Feature","geometry":{"type":"Point","coordinates":[-122.34373,47.68726]},"properties":{"probability":0.12,"inBuffer":false,"facType":"unknown"}},{"type":"Feature","geometry":{"type":"Point","coordinates":[-122.33707,47.68722]},"properties":{"probability":0.085,"inBuffer":false,"facType":"unknown"}},{"type":"Feature","geometry":{"type":"Point","coordinates":[-122.3304,47.68718]},"properties":{"probability":0.087,"inBuffer":false,"facType":"unknown"}},{"type":"Feature","geometry":{"type":"Point","coordinates":[-122.32374,47.68714]},"properties":{"probability":0.479,"inBuffer":false,"facType":"unknown"}},{"type":"Feature","geometry":{"type":"Point","coordinates":[-122.31708,47.6871]},"properties":{"probability":0.484,"inBuffer":false,"facType":"unknown"}},{"type":"Feature","geometry":{"type":"Point","coordinates":[-122.31042,47.68706]},"properties":{"probability":0.092,"inBuffer":false,"facType":"unknown"}},{"type":"Feature","geometry":{"type":"Point","coordinates":[-122.30375,47.68702]},"properties":{"probability":0.081,"inBuffer":false,"facType":"unknown"}},{"type":"Feature","geometry":{"type":"Point","coordinates":[-122.29709,47.68698]},"properties":{"probability":0.417,"inBuffer":false,"facType":"unknown"}},{"type":"Feature","geometry":{"type":"Point","coordinates":[-122.29043,47.68694]},"properties":{"probability":0.423,"inBuffer":false,"facType":"unknown"}},{"type":"Feature","geometry":{"type":"Point","coordinates":[-122.28377,47.6869]},"properties":{"probability":0.287,"inBuffer":false,"facType":"unknown"}},{"type":"Feature","geometry":{"type":"Point","coordinates":[-122.27044,47.68682]},"properties":{"probability":0.052,"inBuffer":false,"facType":"unknown"}},{"type":"Feature","geometry":{"type":"Point","coordinates":[-122.26378,47.68677]},"properties":{"probability":0.428,"inBuffer":false,"facType":"unknown"}},{"type":"Feature","geometry":{"type":"Point","coordinates":[-122.25712,47.68673]},"properties":{"probability":0.3,"inBuffer":false,"facType":"unknown"}},{"type":"Feature","geometry":{"type":"Point","coordinates":[-122.25046,47.68669]},"properties":{"probability":0.258,"inBuffer":false,"facType":"unknown"}},{"type":"Feature","geometry":{"type":"Point","coordinates":[-122.20382,47.68637]},"properties":{"probability":0.086,"inBuffer":false,"facType":"unknown"}},{"type":"Feature","geometry":{"type":"Point","coordinates":[-122.19716,47.68633]},"properties":{"probability":0.171,"inBuffer":false,"facType":"unknown"}},{"type":"Feature","geometry":{"type":"Point","coordinates":[-122.40374,47.68309]},"properties":{"probability":0.193,"inBuffer":false,"facType":"unknown"}},{"type":"Feature","geometry":{"type":"Point","coordinates":[-122.39708,47.68305]},"properties":{"probability":0.148,"inBuffer":false,"facType":"unknown"}},{"type":"Feature","geometry":{"type":"Point","coordinates":[-122.37709,47.68295]},"properties":{"probability":0.074,"inBuffer":false,"facType":"unknown"}},{"type":"Feature","geometry":{"type":"Point","coordinates":[-122.36377,47.68287]},"properties":{"probability":0.267,"inBuffer":false,"facType":"unknown"}},{"type":"Feature","geometry":{"type":"Point","coordinates":[-122.35711,47.68284]},"properties":{"probability":0.078,"inBuffer":false,"facType":"unknown"}},{"type":"Feature","geometry":{"type":"Point","coordinates":[-122.35045,47.6828]},"properties":{"probability":0.078,"inBuffer":false,"facType":"unknown"}},{"type":"Feature","geometry":{"type":"Point","coordinates":[-122.34378,47.68276]},"properties":{"probability":0.074,"inBuffer":false,"facType":"unknown"}},{"type":"Feature","geometry":{"type":"Point","coordinates":[-122.33046,47.68268]},"properties":{"probability":0.087,"inBuffer":false,"facType":"unknown"}},{"type":"Feature","geometry":{"type":"Point","coordinates":[-122.3238,47.68265]},"properties":{"probability":0.569,"inBuffer":false,"facType":"unknown"}},{"type":"Feature","geometry":{"type":"Point","coordinates":[-122.31714,47.68261]},"properties":{"probability":0.583,"inBuffer":false,"facType":"unknown"}},{"type":"Feature","geometry":{"type":"Point","coordinates":[-122.31048,47.68257]},"properties":{"probability":0.282,"inBuffer":false,"facType":"unknown"}},{"type":"Feature","geometry":{"type":"Point","coordinates":[-122.30381,47.68253]},"properties":{"probability":0.081,"inBuffer":false,"facType":"unknown"}},{"type":"Feature","geometry":{"type":"Point","coordinates":[-122.29715,47.68249]},"properties":{"probability":0.414,"inBuffer":false,"facType":"unknown"}},{"type":"Feature","geometry":{"type":"Point","coordinates":[-122.29049,47.68244]},"properties":{"probability":0.435,"inBuffer":false,"facType":"unknown"}},{"type":"Feature","geometry":{"type":"Point","coordinates":[-122.28383,47.6824]},"properties":{"probability":0.332,"inBuffer":false,"facType":"unknown"}},{"type":"Feature","geometry":{"type":"Point","coordinates":[-122.27051,47.68232]},"properties":{"probability":0.422,"inBuffer":false,"facType":"unknown"}},{"type":"Feature","geometry":{"type":"Point","coordinates":[-122.26385,47.68228]},"properties":{"probability":0.444,"inBuffer":false,"facType":"unknown"}},{"type":"Feature","geometry":{"type":"Point","coordinates":[-122.25718,47.68223]},"properties":{"probability":0.272,"inBuffer":false,"facType":"unknown"}},{"type":"Feature","geometry":{"type":"Point","coordinates":[-122.25052,47.68219]},"properties":{"probability":0.242,"inBuffer":false,"facType":"unknown"}},{"type":"Feature","geometry":{"type":"Point","coordinates":[-122.21722,47.68197]},"properties":{"probability":0.225,"inBuffer":false,"facType":"unknown"}},{"type":"Feature","geometry":{"type":"Point","coordinates":[-122.21055,47.68192]},"properties":{"probability":0.424,"inBuffer":false,"facType":"unknown"}},{"type":"Feature","geometry":{"type":"Point","coordinates":[-122.20389,47.68188]},"properties":{"probability":0.48,"inBuffer":false,"facType":"unknown"}},{"type":"Feature","geometry":{"type":"Point","coordinates":[-122.19723,47.68183]},"properties":{"probability":0.563,"inBuffer":false,"facType":"unknown"}},{"type":"Feature","geometry":{"type":"Point","coordinates":[-122.19057,47.68178]},"properties":{"probability":0.443,"inBuffer":false,"facType":"unknown"}},{"type":"Feature","geometry":{"type":"Point","coordinates":[-122.18391,47.68174]},"properties":{"probability":0.1,"inBuffer":false,"facType":"unknown"}},{"type":"Feature","geometry":{"type":"Point","coordinates":[-122.17725,47.68169]},"properties":{"probability":0.098,"inBuffer":false,"facType":"unknown"}},{"type":"Feature","geometry":{"type":"Point","coordinates":[-122.17059,47.68164]},"properties":{"probability":0.075,"inBuffer":false,"facType":"unknown"}},{"type":"Feature","geometry":{"type":"Point","coordinates":[-122.39047,47.67852]},"properties":{"probability":0.087,"inBuffer":false,"facType":"unknown"}},{"type":"Feature","geometry":{"type":"Point","coordinates":[-122.38381,47.67848]},"properties":{"probability":0.089,"inBuffer":false,"facType":"unknown"}},{"type":"Feature","geometry":{"type":"Point","coordinates":[-122.37715,47.67845]},"properties":{"probability":0.085,"inBuffer":false,"facType":"unknown"}},{"type":"Feature","geometry":{"type":"Point","coordinates":[-122.37048,47.67841]},"properties":{"probability":0.272,"inBuffer":false,"facType":"unknown"}},{"type":"Feature","geometry":{"type":"Point","coordinates":[-122.36382,47.67838]},"properties":{"probability":0.273,"inBuffer":false,"facType":"unknown"}},{"type":"Feature","geometry":{"type":"Point","coordinates":[-122.35716,47.67834]},"properties":{"probability":0.075,"inBuffer":false,"facType":"unknown"}},{"type":"Feature","geometry":{"type":"Point","coordinates":[-122.3505,47.6783]},"properties":{"probability":0.073,"inBuffer":false,"facType":"unknown"}},{"type":"Feature","geometry":{"type":"Point","coordinates":[-122.33052,47.67819]},"properties":{"probability":0.087,"inBuffer":false,"facType":"unknown"}},{"type":"Feature","geometry":{"type":"Point","coordinates":[-122.32386,47.67815]},"properties":{"probability":0.346,"inBuffer":false,"facType":"unknown"}},{"type":"Feature","geometry":{"type":"Point","coordinates":[-122.3172,47.67811]},"properties":{"probability":0.436,"inBuffer":false,"facType":"unknown"}},{"type":"Feature","geometry":{"type":"Point","coordinates":[-122.31054,47.67807]},"properties":{"probability":0.095,"inBuffer":false,"facType":"unknown"}},{"type":"Feature","geometry":{"type":"Point","coordinates":[-122.30387,47.67803]},"properties":{"probability":0.074,"inBuffer":false,"facType":"unknown"}},{"type":"Feature","geometry":{"type":"Point","coordinates":[-122.29721,47.67799]},"properties":{"probability":0.083,"inBuffer":false,"facType":"unknown"}},{"type":"Feature","geometry":{"type":"Point","coordinates":[-122.29055,47.67795]},"properties":{"probability":0.087,"inBuffer":false,"facType":"unknown"}},{"type":"Feature","geometry":{"type":"Point","coordinates":[-122.28389,47.6779]},"properties":{"probability":0.084,"inBuffer":false,"facType":"unknown"}},{"type":"Feature","geometry":{"type":"Point","coordinates":[-122.27057,47.67782]},"properties":{"probability":0.36,"inBuffer":false,"facType":"unknown"}},{"type":"Feature","geometry":{"type":"Point","coordinates":[-122.26391,47.67778]},"properties":{"probability":0.43,"inBuffer":false,"facType":"unknown"}},{"type":"Feature","geometry":{"type":"Point","coordinates":[-122.25725,47.67773]},"properties":{"probability":0.285,"inBuffer":false,"facType":"unknown"}},{"type":"Feature","geometry":{"type":"Point","coordinates":[-122.21062,47.67742]},"properties":{"probability":0.427,"inBuffer":false,"facType":"unknown"}},{"type":"Feature","geometry":{"type":"Point","coordinates":[-122.20396,47.67738]},"properties":{"probability":0.613,"inBuffer":false,"facType":"unknown"}},{"type":"Feature","geometry":{"type":"Point","coordinates":[-122.1973,47.67733]},"properties":{"probability":0.608,"inBuffer":false,"facType":"unknown"}},{"type":"Feature","geometry":{"type":"Point","coordinates":[-122.19064,47.67728]},"properties":{"probability":0.436,"inBuffer":false,"facType":"unknown"}},{"type":"Feature","geometry":{"type":"Point","coordinates":[-122.18398,47.67724]},"properties":{"probability":0.107,"inBuffer":false,"facType":"unknown"}},{"type":"Feature","geometry":{"type":"Point","coordinates":[-122.17732,47.67719]},"properties":{"probability":0.101,"inBuffer":false,"facType":"unknown"}},{"type":"Feature","geometry":{"type":"Point","coordinates":[-122.17066,47.67714]},"properties":{"probability":0.084,"inBuffer":false,"facType":"unknown"}},{"type":"Feature","geometry":{"type":"Point","coordinates":[-122.164,47.67709]},"properties":{"probability":0.286,"inBuffer":false,"facType":"unknown"}},{"type":"Feature","geometry":{"type":"Point","coordinates":[-122.15734,47.67704]},"properties":{"probability":0.282,"inBuffer":false,"facType":"unknown"}},{"type":"Feature","geometry":{"type":"Point","coordinates":[-122.4105,47.67413]},"properties":{"probability":0.281,"inBuffer":false,"facType":"unknown"}},{"type":"Feature","geometry":{"type":"Point","coordinates":[-122.40384,47.67409]},"properties":{"probability":0.055,"inBuffer":false,"facType":"unknown"}},{"type":"Feature","geometry":{"type":"Point","coordinates":[-122.39718,47.67406]},"properties":{"probability":0.087,"inBuffer":false,"facType":"unknown"}},{"type":"Feature","geometry":{"type":"Point","coordinates":[-122.39052,47.67402]},"properties":{"probability":0.397,"inBuffer":false,"facType":"unknown"}},{"type":"Feature","geometry":{"type":"Point","coordinates":[-122.38386,47.67399]},"properties":{"probability":0.488,"inBuffer":false,"facType":"unknown"}},{"type":"Feature","geometry":{"type":"Point","coordinates":[-122.3772,47.67395]},"properties":{"probability":0.344,"inBuffer":false,"facType":"unknown"}},{"type":"Feature","geometry":{"type":"Point","coordinates":[-122.37054,47.67391]},"properties":{"probability":0.369,"inBuffer":false,"facType":"unknown"}},{"type":"Feature","geometry":{"type":"Point","coordinates":[-122.36388,47.67388]},"properties":{"probability":0.074,"inBuffer":false,"facType":"unknown"}},{"type":"Feature","geometry":{"type":"Point","coordinates":[-122.33058,47.67369]},"properties":{"probability":0.072,"inBuffer":false,"facType":"unknown"}},{"type":"Feature","geometry":{"type":"Point","coordinates":[-122.32392,47.67365]},"properties":{"probability":0.111,"inBuffer":false,"facType":"unknown"}},{"type":"Feature","geometry":{"type":"Point","coordinates":[-122.31726,47.67361]},"properties":{"probability":0.128,"inBuffer":false,"facType":"unknown"}},{"type":"Feature","geometry":{"type":"Point","coordinates":[-122.31059,47.67357]},"properties":{"probability":0.084,"inBuffer":false,"facType":"unknown"}},{"type":"Feature","geometry":{"type":"Point","coordinates":[-122.29727,47.67349]},"properties":{"probability":0.08,"inBuffer":false,"facType":"unknown"}},{"type":"Feature","geometry":{"type":"Point","coordinates":[-122.28395,47.67341]},"properties":{"probability":0.345,"inBuffer":false,"facType":"unknown"}},{"type":"Feature","geometry":{"type":"Point","coordinates":[-122.27729,47.67336]},"properties":{"probability":0.365,"inBuffer":false,"facType":"unknown"}},{"type":"Feature","geometry":{"type":"Point","coordinates":[-122.27063,47.67332]},"properties":{"probability":0.085,"inBuffer":false,"facType":"unknown"}},{"type":"Feature","geometry":{"type":"Point","coordinates":[-122.26397,47.67328]},"properties":{"probability":0.348,"inBuffer":false,"facType":"unknown"}},{"type":"Feature","geometry":{"type":"Point","coordinates":[-122.25731,47.67324]},"properties":{"probability":0.283,"inBuffer":false,"facType":"unknown"}},{"type":"Feature","geometry":{"type":"Point","coordinates":[-122.25065,47.67319]},"properties":{"probability":0.25,"inBuffer":false,"facType":"unknown"}},{"type":"Feature","geometry":{"type":"Point","coordinates":[-122.21069,47.67293]},"properties":{"probability":0.295,"inBuffer":false,"facType":"unknown"}},{"type":"Feature","geometry":{"type":"Point","coordinates":[-122.20403,47.67288]},"properties":{"probability":0.531,"inBuffer":false,"facType":"unknown"}},{"type":"Feature","geometry":{"type":"Point","coordinates":[-122.19737,47.67283]},"properties":{"probability":0.945,"inBuffer":false,"facType":"unknown"}},{"type":"Feature","geometry":{"type":"Point","coordinates":[-122.19071,47.67279]},"properties":{"probability":0.92,"inBuffer":false,"facType":"unknown"}},{"type":"Feature","geometry":{"type":"Point","coordinates":[-122.18405,47.67274]},"properties":{"probability":0.364,"inBuffer":false,"facType":"unknown"}},{"type":"Feature","geometry":{"type":"Point","coordinates":[-122.17739,47.67269]},"properties":{"probability":0.246,"inBuffer":false,"facType":"unknown"}},{"type":"Feature","geometry":{"type":"Point","coordinates":[-122.16407,47.6726]},"properties":{"probability":0.289,"inBuffer":false,"facType":"unknown"}},{"type":"Feature","geometry":{"type":"Point","coordinates":[-122.15741,47.67255]},"properties":{"probability":0.29,"inBuffer":false,"facType":"unknown"}},{"type":"Feature","geometry":{"type":"Point","coordinates":[-122.41055,47.66963]},"properties":{"probability":0.273,"inBuffer":false,"facType":"unknown"}},{"type":"Feature","geometry":{"type":"Point","coordinates":[-122.40389,47.66959]},"properties":{"probability":0.27,"inBuffer":false,"facType":"unknown"}},{"type":"Feature","geometry":{"type":"Point","coordinates":[-122.39723,47.66956]},"properties":{"probability":0.117,"inBuffer":false,"facType":"unknown"}},{"type":"Feature","geometry":{"type":"Point","coordinates":[-122.39057,47.66952]},"properties":{"probability":0.625,"inBuffer":false,"facType":"unknown"}},{"type":"Feature","geometry":{"type":"Point","coordinates":[-122.38391,47.66949]},"properties":{"probability":0.635,"inBuffer":false,"facType":"unknown"}},{"type":"Feature","geometry":{"type":"Point","coordinates":[-122.37725,47.66945]},"properties":{"probability":0.954,"inBuffer":false,"facType":"unknown"}},{"type":"Feature","geometry":{"type":"Point","coordinates":[-122.37059,47.66941]},"properties":{"probability":0.414,"inBuffer":false,"facType":"unknown"}},{"type":"Feature","geometry":{"type":"Point","coordinates":[-122.36393,47.66938]},"properties":{"probability":0.089,"inBuffer":false,"facType":"unknown"}},{"type":"Feature","geometry":{"type":"Point","coordinates":[-122.35727,47.66934]},"properties":{"probability":0.05,"inBuffer":false,"facType":"unknown"}},{"type":"Feature","geometry":{"type":"Point","coordinates":[-122.33063,47.66919]},"properties":{"probability":0.073,"inBuffer":false,"facType":"unknown"}},{"type":"Feature","geometry":{"type":"Point","coordinates":[-122.32397,47.66915]},"properties":{"probability":0.097,"inBuffer":false,"facType":"unknown"}},{"type":"Feature","geometry":{"type":"Point","coordinates":[-122.31731,47.66911]},"properties":{"probability":0.142,"inBuffer":false,"facType":"unknown"}},{"type":"Feature","geometry":{"type":"Point","coordinates":[-122.31065,47.66907]},"properties":{"probability":0.112,"inBuffer":false,"facType":"unknown"}},{"type":"Feature","geometry":{"type":"Point","coordinates":[-122.30399,47.66903]},"properties":{"probability":0.129,"inBuffer":false,"facType":"unknown"}},{"type":"Feature","geometry":{"type":"Point","coordinates":[-122.29733,47.66899]},"properties":{"probability":0.533,"inBuffer":false,"facType":"unknown"}},{"type":"Feature","geometry":{"type":"Point","coordinates":[-122.29067,47.66895]},"properties":{"probability":0.292,"inBuffer":false,"facType":"unknown"}},{"type":"Feature","geometry":{"type":"Point","coordinates":[-122.28401,47.66891]},"properties":{"probability":0.926,"inBuffer":false,"facType":"unknown"}},{"type":"Feature","geometry":{"type":"Point","coordinates":[-122.27735,47.66887]},"properties":{"probability":0.364,"inBuffer":false,"facType":"unknown"}},{"type":"Feature","geometry":{"type":"Point","coordinates":[-122.2707,47.66882]},"properties":{"probability":0.344,"inBuffer":false,"facType":"unknown"}},{"type":"Feature","geometry":{"type":"Point","coordinates":[-122.25738,47.66874]},"properties":{"probability":0.122,"inBuffer":false,"facType":"unknown"}},{"type":"Feature","geometry":{"type":"Point","coordinates":[-122.21076,47.66843]},"properties":{"probability":0.31,"inBuffer":false,"facType":"unknown"}},{"type":"Feature","geometry":{"type":"Point","coordinates":[-122.2041,47.66838]},"properties":{"probability":0.447,"inBuffer":false,"facType":"unknown"}},{"type":"Feature","geometry":{"type":"Point","coordinates":[-122.19744,47.66833]},"properties":{"probability":0.948,"inBuffer":false,"facType":"unknown"}},{"type":"Feature","geometry":{"type":"Point","coordinates":[-122.19078,47.66829]},"properties":{"probability":0.917,"inBuffer":false,"facType":"unknown"}},{"type":"Feature","geometry":{"type":"Point","coordinates":[-122.18412,47.66824]},"properties":{"probability":0.345,"inBuffer":false,"facType":"unknown"}},{"type":"Feature","geometry":{"type":"Point","coordinates":[-122.17746,47.66819]},"properties":{"probability":0.223,"inBuffer":false,"facType":"unknown"}},{"type":"Feature","geometry":{"type":"Point","coordinates":[-122.15748,47.66805]},"properties":{"probability":0.203,"inBuffer":false,"facType":"unknown"}},{"type":"Feature","geometry":{"type":"Point","coordinates":[-122.43058,47.66523]},"properties":{"probability":0.282,"inBuffer":false,"facType":"unknown"}},{"type":"Feature","geometry":{"type":"Point","coordinates":[-122.42392,47.6652]},"properties":{"probability":0.258,"inBuffer":false,"facType":"unknown"}},{"type":"Feature","geometry":{"type":"Point","coordinates":[-122.4106,47.66513]},"properties":{"probability":0.255,"inBuffer":false,"facType":"unknown"}},{"type":"Feature","geometry":{"type":"Point","coordinates":[-122.40394,47.66509]},"properties":{"probability":0.316,"inBuffer":false,"facType":"unknown"}},{"type":"Feature","geometry":{"type":"Point","coordinates":[-122.39728,47.66506]},"properties":{"probability":0.11,"inBuffer":false,"facType":"unknown"}},{"type":"Feature","geometry":{"type":"Point","coordinates":[-122.39063,47.66502]},"properties":{"probability":0.55,"inBuffer":false,"facType":"unknown"}},{"type":"Feature","geometry":{"type":"Point","coordinates":[-122.38397,47.66499]},"properties":{"probability":0.954,"inBuffer":false,"facType":"unknown"}},{"type":"Feature","geometry":{"type":"Point","coordinates":[-122.37731,47.66495]},"properties":{"probability":0.954,"inBuffer":false,"facType":"unknown"}},{"type":"Feature","geometry":{"type":"Point","coordinates":[-122.37065,47.66492]},"properties":{"probability":0.593,"inBuffer":false,"facType":"unknown"}},{"type":"Feature","geometry":{"type":"Point","coordinates":[-122.36399,47.66488]},"properties":{"probability":0.516,"inBuffer":false,"facType":"unknown"}},{"type":"Feature","geometry":{"type":"Point","coordinates":[-122.35733,47.66484]},"properties":{"probability":0.335,"inBuffer":false,"facType":"unknown"}},{"type":"Feature","geometry":{"type":"Point","coordinates":[-122.35067,47.66481]},"properties":{"probability":0.093,"inBuffer":false,"facType":"unknown"}},{"type":"Feature","geometry":{"type":"Point","coordinates":[-122.34401,47.66477]},"properties":{"probability":0.092,"inBuffer":false,"facType":"unknown"}},{"type":"Feature","geometry":{"type":"Point","coordinates":[-122.33735,47.66473]},"properties":{"probability":0.089,"inBuffer":false,"facType":"unknown"}},{"type":"Feature","geometry":{"type":"Point","coordinates":[-122.33069,47.66469]},"properties":{"probability":0.089,"inBuffer":false,"facType":"unknown"}},{"type":"Feature","geometry":{"type":"Point","coordinates":[-122.32403,47.66465]},"properties":{"probability":0.167,"inBuffer":false,"facType":"unknown"}},{"type":"Feature","geometry":{"type":"Point","coordinates":[-122.31737,47.66461]},"properties":{"probability":0.63,"inBuffer":false,"facType":"unknown"}},{"type":"Feature","geometry":{"type":"Point","coordinates":[-122.31071,47.66457]},"properties":{"probability":0.636,"inBuffer":false,"facType":"unknown"}},{"type":"Feature","geometry":{"type":"Point","coordinates":[-122.30405,47.66453]},"properties":{"probability":0.618,"inBuffer":false,"facType":"unknown"}},{"type":"Feature","geometry":{"type":"Point","coordinates":[-122.29739,47.66449]},"properties":{"probability":0.692,"inBuffer":false,"facType":"unknown"}},{"type":"Feature","geometry":{"type":"Point","coordinates":[-122.29074,47.66445]},"properties":{"probability":0.597,"inBuffer":false,"facType":"unknown"}},{"type":"Feature","geometry":{"type":"Point","coordinates":[-122.28408,47.66441]},"properties":{"probability":0.939,"inBuffer":false,"facType":"unknown"}},{"type":"Feature","geometry":{"type":"Point","coordinates":[-122.27742,47.66437]},"properties":{"probability":0.933,"inBuffer":false,"facType":"unknown"}},{"type":"Feature","geometry":{"type":"Point","coordinates":[-122.27076,47.66432]},"properties":{"probability":0.31,"inBuffer":false,"facType":"unknown"}},{"type":"Feature","geometry":{"type":"Point","coordinates":[-122.21083,47.66393]},"properties":{"probability":0.86,"inBuffer":false,"facType":"unknown"}},{"type":"Feature","geometry":{"type":"Point","coordinates":[-122.20417,47.66388]},"properties":{"probability":0.927,"inBuffer":false,"facType":"unknown"}},{"type":"Feature","geometry":{"type":"Point","coordinates":[-122.19751,47.66384]},"properties":{"probability":0.538,"inBuffer":false,"facType":"unknown"}},{"type":"Feature","geometry":{"type":"Point","coordinates":[-122.19085,47.66379]},"properties":{"probability":0.304,"inBuffer":false,"facType":"unknown"}},{"type":"Feature","geometry":{"type":"Point","coordinates":[-122.43063,47.66073]},"properties":{"probability":0.293,"inBuffer":false,"facType":"unknown"}},{"type":"Feature","geometry":{"type":"Point","coordinates":[-122.42397,47.6607]},"properties":{"probability":0.243,"inBuffer":false,"facType":"unknown"}},{"type":"Feature","geometry":{"type":"Point","coordinates":[-122.41065,47.66063]},"properties":{"probability":0.252,"inBuffer":false,"facType":"unknown"}},{"type":"Feature","geometry":{"type":"Point","coordinates":[-122.404,47.6606]},"properties":{"probability":0.297,"inBuffer":false,"facType":"unknown"}},{"type":"Feature","geometry":{"type":"Point","coordinates":[-122.39734,47.66056]},"properties":{"probability":0.378,"inBuffer":false,"facType":"unknown"}},{"type":"Feature","geometry":{"type":"Point","coordinates":[-122.39068,47.66053]},"properties":{"probability":0.48,"inBuffer":false,"facType":"unknown"}},{"type":"Feature","geometry":{"type":"Point","coordinates":[-122.38402,47.66049]},"properties":{"probability":0.605,"inBuffer":false,"facType":"unknown"}},{"type":"Feature","geometry":{"type":"Point","coordinates":[-122.37736,47.66045]},"properties":{"probability":0.163,"inBuffer":false,"facType":"unknown"}},{"type":"Feature","geometry":{"type":"Point","coordinates":[-122.3707,47.66042]},"properties":{"probability":0.626,"inBuffer":false,"facType":"unknown"}},{"type":"Feature","geometry":{"type":"Point","coordinates":[-122.36404,47.66038]},"properties":{"probability":0.538,"inBuffer":false,"facType":"unknown"}},{"type":"Feature","geometry":{"type":"Point","coordinates":[-122.35738,47.66034]},"properties":{"probability":0.427,"inBuffer":false,"facType":"unknown"}},{"type":"Feature","geometry":{"type":"Point","coordinates":[-122.35072,47.66031]},"properties":{"probability":0.115,"inBuffer":false,"facType":"unknown"}},{"type":"Feature","geometry":{"type":"Point","coordinates":[-122.34407,47.66027]},"properties":{"probability":0.121,"inBuffer":false,"facType":"unknown"}},{"type":"Feature","geometry":{"type":"Point","coordinates":[-122.33741,47.66023]},"properties":{"probability":0.107,"inBuffer":false,"facType":"unknown"}},{"type":"Feature","geometry":{"type":"Point","coordinates":[-122.33075,47.66019]},"properties":{"probability":0.103,"inBuffer":false,"facType":"unknown"}},{"type":"Feature","geometry":{"type":"Point","coordinates":[-122.32409,47.66015]},"properties":{"probability":0.605,"inBuffer":false,"facType":"unknown"}},{"type":"Feature","geometry":{"type":"Point","coordinates":[-122.31743,47.66011]},"properties":{"probability":0.637,"inBuffer":false,"facType":"unknown"}},{"type":"Feature","geometry":{"type":"Point","coordinates":[-122.31077,47.66007]},"properties":{"probability":0.643,"inBuffer":false,"facType":"unknown"}},{"type":"Feature","geometry":{"type":"Point","coordinates":[-122.30411,47.66003]},"properties":{"probability":0.953,"inBuffer":false,"facType":"unknown"}},{"type":"Feature","geometry":{"type":"Point","coordinates":[-122.29746,47.65999]},"properties":{"probability":0.665,"inBuffer":false,"facType":"unknown"}},{"type":"Feature","geometry":{"type":"Point","coordinates":[-122.2908,47.65995]},"properties":{"probability":0.47,"inBuffer":false,"facType":"unknown"}},{"type":"Feature","geometry":{"type":"Point","coordinates":[-122.28414,47.65991]},"properties":{"probability":0.937,"inBuffer":false,"facType":"unknown"}},{"type":"Feature","geometry":{"type":"Point","coordinates":[-122.27748,47.65987]},"properties":{"probability":0.929,"inBuffer":false,"facType":"unknown"}},{"type":"Feature","geometry":{"type":"Point","coordinates":[-122.27082,47.65983]},"properties":{"probability":0.304,"inBuffer":false,"facType":"unknown"}},{"type":"Feature","geometry":{"type":"Point","coordinates":[-122.26416,47.65978]},"properties":{"probability":0.183,"inBuffer":false,"facType":"unknown"}},{"type":"Feature","geometry":{"type":"Point","coordinates":[-122.21089,47.65943]},"properties":{"probability":0.863,"inBuffer":false,"facType":"unknown"}},{"type":"Feature","geometry":{"type":"Point","coordinates":[-122.20424,47.65938]},"properties":{"probability":0.895,"inBuffer":false,"facType":"unknown"}},{"type":"Feature","geometry":{"type":"Point","coordinates":[-122.19758,47.65934]},"properties":{"probability":0.317,"inBuffer":false,"facType":"unknown"}},{"type":"Feature","geometry":{"type":"Point","coordinates":[-122.19092,47.65929]},"properties":{"probability":0.152,"inBuffer":false,"facType":"unknown"}},{"type":"Feature","geometry":{"type":"Point","coordinates":[-122.41071,47.65613]},"properties":{"probability":0.259,"inBuffer":false,"facType":"unknown"}},{"type":"Feature","geometry":{"type":"Point","coordinates":[-122.40405,47.6561]},"properties":{"probability":0.189,"inBuffer":false,"facType":"unknown"}},{"type":"Feature","geometry":{"type":"Point","coordinates":[-122.39739,47.65606]},"properties":{"probability":0.309,"inBuffer":false,"facType":"unknown"}},{"type":"Feature","geometry":{"type":"Point","coordinates":[-122.39073,47.65603]},"properties":{"probability":0.471,"inBuffer":false,"facType":"unknown"}},{"type":"Feature","geometry":{"type":"Point","coordinates":[-122.38407,47.65599]},"properties":{"probability":0.588,"inBuffer":false,"facType":"unknown"}},{"type":"Feature","geometry":{"type":"Point","coordinates":[-122.37741,47.65596]},"properties":{"probability":0.154,"inBuffer":false,"facType":"unknown"}},{"type":"Feature","geometry":{"type":"Point","coordinates":[-122.37076,47.65592]},"properties":{"probability":0.157,"inBuffer":false,"facType":"unknown"}},{"type":"Feature","geometry":{"type":"Point","coordinates":[-122.3641,47.65588]},"properties":{"probability":0.615,"inBuffer":false,"facType":"unknown"}},{"type":"Feature","geometry":{"type":"Point","coordinates":[-122.35744,47.65585]},"properties":{"probability":0.483,"inBuffer":false,"facType":"unknown"}},{"type":"Feature","geometry":{"type":"Point","coordinates":[-122.35078,47.65581]},"properties":{"probability":0.287,"inBuffer":false,"facType":"unknown"}},{"type":"Feature","geometry":{"type":"Point","coordinates":[-122.34412,47.65577]},"properties":{"probability":0.124,"inBuffer":false,"facType":"unknown"}},{"type":"Feature","geometry":{"type":"Point","coordinates":[-122.33746,47.65573]},"properties":{"probability":0.087,"inBuffer":false,"facType":"unknown"}},{"type":"Feature","geometry":{"type":"Point","coordinates":[-122.33081,47.65569]},"properties":{"probability":0.422,"inBuffer":false,"facType":"unknown"}},{"type":"Feature","geometry":{"type":"Point","coordinates":[-122.32415,47.65565]},"properties":{"probability":0.63,"inBuffer":false,"facType":"unknown"}},{"type":"Feature","geometry":{"type":"Point","coordinates":[-122.31749,47.65561]},"properties":{"probability":0.635,"inBuffer":false,"facType":"unknown"}},{"type":"Feature","geometry":{"type":"Point","coordinates":[-122.31083,47.65557]},"properties":{"probability":0.954,"inBuffer":false,"facType":"unknown"}},{"type":"Feature","geometry":{"type":"Point","coordinates":[-122.30417,47.65553]},"properties":{"probability":0.953,"inBuffer":false,"facType":"unknown"}},{"type":"Feature","geometry":{"type":"Point","coordinates":[-122.29752,47.65549]},"properties":{"probability":0.935,"inBuffer":false,"facType":"unknown"}},{"type":"Feature","geometry":{"type":"Point","coordinates":[-122.29086,47.65545]},"properties":{"probability":0.36,"inBuffer":false,"facType":"unknown"}},{"type":"Feature","geometry":{"type":"Point","coordinates":[-122.2842,47.65541]},"properties":{"probability":0.372,"inBuffer":false,"facType":"unknown"}},{"type":"Feature","geometry":{"type":"Point","coordinates":[-122.27754,47.65537]},"properties":{"probability":0.361,"inBuffer":false,"facType":"unknown"}},{"type":"Feature","geometry":{"type":"Point","coordinates":[-122.27088,47.65533]},"properties":{"probability":0.191,"inBuffer":false,"facType":"unknown"}},{"type":"Feature","geometry":{"type":"Point","coordinates":[-122.26423,47.65529]},"properties":{"probability":0.185,"inBuffer":false,"facType":"unknown"}},{"type":"Feature","geometry":{"type":"Point","coordinates":[-122.21096,47.65493]},"properties":{"probability":0.895,"inBuffer":false,"facType":"unknown"}},{"type":"Feature","geometry":{"type":"Point","coordinates":[-122.2043,47.65489]},"properties":{"probability":0.306,"inBuffer":false,"facType":"unknown"}},{"type":"Feature","geometry":{"type":"Point","coordinates":[-122.19765,47.65484]},"properties":{"probability":0.318,"inBuffer":false,"facType":"unknown"}},{"type":"Feature","geometry":{"type":"Point","coordinates":[-122.19099,47.65479]},"properties":{"probability":0.288,"inBuffer":false,"facType":"unknown"}},{"type":"Feature","geometry":{"type":"Point","coordinates":[-122.41076,47.65163]},"properties":{"probability":0.151,"inBuffer":false,"facType":"unknown"}},{"type":"Feature","geometry":{"type":"Point","coordinates":[-122.4041,47.6516]},"properties":{"probability":0.296,"inBuffer":false,"facType":"unknown"}},{"type":"Feature","geometry":{"type":"Point","coordinates":[-122.39744,47.65156]},"properties":{"probability":0.323,"inBuffer":false,"facType":"unknown"}},{"type":"Feature","geometry":{"type":"Point","coordinates":[-122.39078,47.65153]},"properties":{"probability":0.444,"inBuffer":false,"facType":"unknown"}},{"type":"Feature","geometry":{"type":"Point","coordinates":[-122.38412,47.65149]},"properties":{"probability":0.559,"inBuffer":false,"facType":"unknown"}},{"type":"Feature","geometry":{"type":"Point","coordinates":[-122.37747,47.65146]},"properties":{"probability":0.407,"inBuffer":false,"facType":"unknown"}},{"type":"Feature","geometry":{"type":"Point","coordinates":[-122.37081,47.65142]},"properties":{"probability":0.393,"inBuffer":false,"facType":"unknown"}},{"type":"Feature","geometry":{"type":"Point","coordinates":[-122.36415,47.65138]},"properties":{"probability":0.629,"inBuffer":false,"facType":"unknown"}},{"type":"Feature","geometry":{"type":"Point","coordinates":[-122.35749,47.65135]},"properties":{"probability":0.62,"inBuffer":false,"facType":"unknown"}},{"type":"Feature","geometry":{"type":"Point","coordinates":[-122.35084,47.65131]},"properties":{"probability":0.382,"inBuffer":false,"facType":"unknown"}},{"type":"Feature","geometry":{"type":"Point","coordinates":[-122.34418,47.65127]},"properties":{"probability":0.141,"inBuffer":false,"facType":"unknown"}},{"type":"Feature","geometry":{"type":"Point","coordinates":[-122.33752,47.65123]},"properties":{"probability":0.107,"inBuffer":false,"facType":"unknown"}},{"type":"Feature","geometry":{"type":"Point","coordinates":[-122.33086,47.65119]},"properties":{"probability":0.288,"inBuffer":false,"facType":"unknown"}},{"type":"Feature","geometry":{"type":"Point","coordinates":[-122.32421,47.65116]},"properties":{"probability":0.562,"inBuffer":false,"facType":"unknown"}},{"type":"Feature","geometry":{"type":"Point","coordinates":[-122.31755,47.65112]},"properties":{"probability":0.947,"inBuffer":false,"facType":"unknown"}},{"type":"Feature","geometry":{"type":"Point","coordinates":[-122.31089,47.65108]},"properties":{"probability":0.63,"inBuffer":false,"facType":"unknown"}},{"type":"Feature","geometry":{"type":"Point","coordinates":[-122.30423,47.65104]},"properties":{"probability":0.631,"inBuffer":false,"facType":"unknown"}},{"type":"Feature","geometry":{"type":"Point","coordinates":[-122.29758,47.651]},"properties":{"probability":0.905,"inBuffer":false,"facType":"unknown"}},{"type":"Feature","geometry":{"type":"Point","coordinates":[-122.29092,47.65095]},"properties":{"probability":0.3,"inBuffer":false,"facType":"unknown"}},{"type":"Feature","geometry":{"type":"Point","coordinates":[-122.28426,47.65091]},"properties":{"probability":0.185,"inBuffer":false,"facType":"unknown"}},{"type":"Feature","geometry":{"type":"Point","coordinates":[-122.2776,47.65087]},"properties":{"probability":0.187,"inBuffer":false,"facType":"unknown"}},{"type":"Feature","geometry":{"type":"Point","coordinates":[-122.27095,47.65083]},"properties":{"probability":0.184,"inBuffer":false,"facType":"unknown"}},{"type":"Feature","geometry":{"type":"Point","coordinates":[-122.21769,47.65048]},"properties":{"probability":0.249,"inBuffer":false,"facType":"unknown"}},{"type":"Feature","geometry":{"type":"Point","coordinates":[-122.21103,47.65043]},"properties":{"probability":0.275,"inBuffer":false,"facType":"unknown"}},{"type":"Feature","geometry":{"type":"Point","coordinates":[-122.20437,47.65039]},"properties":{"probability":0.153,"inBuffer":false,"facType":"unknown"}},{"type":"Feature","geometry":{"type":"Point","coordinates":[-122.19771,47.65034]},"properties":{"probability":0.286,"inBuffer":false,"facType":"unknown"}},{"type":"Feature","geometry":{"type":"Point","coordinates":[-122.19106,47.65029]},"properties":{"probability":0.145,"inBuffer":false,"facType":"unknown"}},{"type":"Feature","geometry":{"type":"Point","coordinates":[-122.40415,47.6471]},"properties":{"probability":0.165,"inBuffer":false,"facType":"unknown"}},{"type":"Feature","geometry":{"type":"Point","coordinates":[-122.39749,47.64706]},"properties":{"probability":0.325,"inBuffer":false,"facType":"unknown"}},{"type":"Feature","geometry":{"type":"Point","coordinates":[-122.39083,47.64703]},"properties":{"probability":0.423,"inBuffer":false,"facType":"unknown"}},{"type":"Feature","geometry":{"type":"Point","coordinates":[-122.38418,47.64699]},"properties":{"probability":0.451,"inBuffer":false,"facType":"unknown"}},{"type":"Feature","geometry":{"type":"Point","coordinates":[-122.37752,47.64696]},"properties":{"probability":0.463,"inBuffer":false,"facType":"unknown"}},{"type":"Feature","geometry":{"type":"Point","coordinates":[-122.37086,47.64692]},"properties":{"probability":0.111,"inBuffer":false,"facType":"unknown"}},{"type":"Feature","geometry":{"type":"Point","coordinates":[-122.36421,47.64689]},"properties":{"probability":0.534,"inBuffer":false,"facType":"unknown"}},{"type":"Feature","geometry":{"type":"Point","coordinates":[-122.35755,47.64685]},"properties":{"probability":0.385,"inBuffer":false,"facType":"unknown"}},{"type":"Feature","geometry":{"type":"Point","coordinates":[-122.35089,47.64681]},"properties":{"probability":0.143,"inBuffer":false,"facType":"unknown"}},{"type":"Feature","geometry":{"type":"Point","coordinates":[-122.34424,47.64677]},"properties":{"probability":0.135,"inBuffer":false,"facType":"unknown"}},{"type":"Feature","geometry":{"type":"Point","coordinates":[-122.33758,47.64673]},"properties":{"probability":0.107,"inBuffer":false,"facType":"unknown"}},{"type":"Feature","geometry":{"type":"Point","coordinates":[-122.33092,47.6467]},"properties":{"probability":0.085,"inBuffer":false,"facType":"unknown"}},{"type":"Feature","geometry":{"type":"Point","coordinates":[-122.32426,47.64666]},"properties":{"probability":0.115,"inBuffer":false,"facType":"unknown"}},{"type":"Feature","geometry":{"type":"Point","coordinates":[-122.31761,47.64662]},"properties":{"probability":0.102,"inBuffer":false,"facType":"unknown"}},{"type":"Feature","geometry":{"type":"Point","coordinates":[-122.31095,47.64658]},"properties":{"probability":0.539,"inBuffer":false,"facType":"unknown"}},{"type":"Feature","geometry":{"type":"Point","coordinates":[-122.30429,47.64654]},"properties":{"probability":0.618,"inBuffer":false,"facType":"unknown"}},{"type":"Feature","geometry":{"type":"Point","coordinates":[-122.29764,47.6465]},"properties":{"probability":0.465,"inBuffer":false,"facType":"unknown"}},{"type":"Feature","geometry":{"type":"Point","coordinates":[-122.27767,47.64637]},"properties":{"probability":0.182,"inBuffer":false,"facType":"unknown"}},{"type":"Feature","geometry":{"type":"Point","coordinates":[-122.21775,47.64598]},"properties":{"probability":0.273,"inBuffer":false,"facType":"unknown"}},{"type":"Feature","geometry":{"type":"Point","coordinates":[-122.2111,47.64593]},"properties":{"probability":0.279,"inBuffer":false,"facType":"unknown"}},{"type":"Feature","geometry":{"type":"Point","coordinates":[-122.20444,47.64589]},"properties":{"probability":0.149,"inBuffer":false,"facType":"unknown"}},{"type":"Feature","geometry":{"type":"Point","coordinates":[-122.4042,47.6426]},"properties":{"probability":0.079,"inBuffer":false,"facType":"unknown"}},{"type":"Feature","geometry":{"type":"Point","coordinates":[-122.39754,47.64257]},"properties":{"probability":0.082,"inBuffer":false,"facType":"unknown"}},{"type":"Feature","geometry":{"type":"Point","coordinates":[-122.39089,47.64253]},"properties":{"probability":0.412,"inBuffer":false,"facType":"unknown"}},{"type":"Feature","geometry":{"type":"Point","coordinates":[-122.38423,47.6425]},"properties":{"probability":0.443,"inBuffer":false,"facType":"unknown"}},{"type":"Feature","geometry":{"type":"Point","coordinates":[-122.37757,47.64246]},"properties":{"probability":0.459,"inBuffer":false,"facType":"unknown"}},{"type":"Feature","geometry":{"type":"Point","coordinates":[-122.37092,47.64242]},"properties":{"probability":0.276,"inBuffer":false,"facType":"unknown"}},{"type":"Feature","geometry":{"type":"Point","coordinates":[-122.36426,47.64239]},"properties":{"probability":0.087,"inBuffer":false,"facType":"unknown"}},{"type":"Feature","geometry":{"type":"Point","coordinates":[-122.3576,47.64235]},"properties":{"probability":0.085,"inBuffer":false,"facType":"unknown"}},{"type":"Feature","geometry":{"type":"Point","coordinates":[-122.35095,47.64231]},"properties":{"probability":0.088,"inBuffer":false,"facType":"unknown"}},{"type":"Feature","geometry":{"type":"Point","coordinates":[-122.34429,47.64227]},"properties":{"probability":0.297,"inBuffer":false,"facType":"unknown"}},{"type":"Feature","geometry":{"type":"Point","coordinates":[-122.33763,47.64224]},"properties":{"probability":0.274,"inBuffer":false,"facType":"unknown"}},{"type":"Feature","geometry":{"type":"Point","coordinates":[-122.33098,47.6422]},"properties":{"probability":0.369,"inBuffer":false,"facType":"unknown"}},{"type":"Feature","geometry":{"type":"Point","coordinates":[-122.32432,47.64216]},"properties":{"probability":0.134,"inBuffer":false,"facType":"unknown"}},{"type":"Feature","geometry":{"type":"Point","coordinates":[-122.31767,47.64212]},"properties":{"probability":0.102,"inBuffer":false,"facType":"unknown"}},{"type":"Feature","geometry":{"type":"Point","coordinates":[-122.31101,47.64208]},"properties":{"probability":0.456,"inBuffer":false,"facType":"unknown"}},{"type":"Feature","geometry":{"type":"Point","coordinates":[-122.30435,47.64204]},"properties":{"probability":0.464,"inBuffer":false,"facType":"unknown"}},{"type":"Feature","geometry":{"type":"Point","coordinates":[-122.2977,47.642]},"properties":{"probability":0.444,"inBuffer":false,"facType":"unknown"}},{"type":"Feature","geometry":{"type":"Point","coordinates":[-122.23113,47.64157]},"properties":{"probability":0.29,"inBuffer":false,"facType":"unknown"}},{"type":"Feature","geometry":{"type":"Point","coordinates":[-122.22448,47.64153]},"properties":{"probability":0.287,"inBuffer":false,"facType":"unknown"}},{"type":"Feature","geometry":{"type":"Point","coordinates":[-122.21782,47.64148]},"properties":{"probability":0.147,"inBuffer":false,"facType":"unknown"}},{"type":"Feature","geometry":{"type":"Point","coordinates":[-122.21116,47.64144]},"properties":{"probability":0.17,"inBuffer":false,"facType":"unknown"}},{"type":"Feature","geometry":{"type":"Point","coordinates":[-122.19785,47.64134]},"properties":{"probability":0.111,"inBuffer":false,"facType":"unknown"}},{"type":"Feature","geometry":{"type":"Point","coordinates":[-122.1912,47.6413]},"properties":{"probability":0.078,"inBuffer":false,"facType":"unknown"}},{"type":"Feature","geometry":{"type":"Point","coordinates":[-122.18454,47.64125]},"properties":{"probability":0.076,"inBuffer":false,"facType":"unknown"}},{"type":"Feature","geometry":{"type":"Point","coordinates":[-122.40425,47.6381]},"properties":{"probability":0.252,"inBuffer":false,"facType":"unknown"}},{"type":"Feature","geometry":{"type":"Point","coordinates":[-122.3976,47.63807]},"properties":{"probability":0.412,"inBuffer":false,"facType":"unknown"}},{"type":"Feature","geometry":{"type":"Point","coordinates":[-122.39094,47.63803]},"properties":{"probability":0.436,"inBuffer":false,"facType":"unknown"}},{"type":"Feature","geometry":{"type":"Point","coordinates":[-122.38428,47.638]},"properties":{"probability":0.459,"inBuffer":false,"facType":"unknown"}},{"type":"Feature","geometry":{"type":"Point","coordinates":[-122.37763,47.63796]},"properties":{"probability":0.489,"inBuffer":false,"facType":"unknown"}},{"type":"Feature","geometry":{"type":"Point","coordinates":[-122.37097,47.63792]},"properties":{"probability":0.278,"inBuffer":false,"facType":"unknown"}},{"type":"Feature","geometry":{"type":"Point","coordinates":[-122.36432,47.63789]},"properties":{"probability":0.085,"inBuffer":false,"facType":"unknown"}},{"type":"Feature","geometry":{"type":"Point","coordinates":[-122.35766,47.63785]},"properties":{"probability":0.08,"inBuffer":false,"facType":"unknown"}},{"type":"Feature","geometry":{"type":"Point","coordinates":[-122.351,47.63781]},"properties":{"probability":0.269,"inBuffer":false,"facType":"unknown"}},{"type":"Feature","geometry":{"type":"Point","coordinates":[-122.34435,47.63778]},"properties":{"probability":0.39,"inBuffer":false,"facType":"unknown"}},{"type":"Feature","geometry":{"type":"Point","coordinates":[-122.33769,47.63774]},"properties":{"probability":0.363,"inBuffer":false,"facType":"unknown"}},{"type":"Feature","geometry":{"type":"Point","coordinates":[-122.33104,47.6377]},"properties":{"probability":0.927,"inBuffer":false,"facType":"unknown"}},{"type":"Feature","geometry":{"type":"Point","coordinates":[-122.32438,47.63766]},"properties":{"probability":0.543,"inBuffer":false,"facType":"unknown"}},{"type":"Feature","geometry":{"type":"Point","coordinates":[-122.31772,47.63762]},"properties":{"probability":0.478,"inBuffer":false,"facType":"unknown"}},{"type":"Feature","geometry":{"type":"Point","coordinates":[-122.31107,47.63758]},"properties":{"probability":0.086,"inBuffer":false,"facType":"unknown"}},{"type":"Feature","geometry":{"type":"Point","coordinates":[-122.30441,47.63754]},"properties":{"probability":0.269,"inBuffer":false,"facType":"unknown"}},{"type":"Feature","geometry":{"type":"Point","coordinates":[-122.2312,47.63707]},"properties":{"probability":0.304,"inBuffer":false,"facType":"unknown"}},{"type":"Feature","geometry":{"type":"Point","coordinates":[-122.22454,47.63703]},"properties":{"probability":0.3,"inBuffer":false,"facType":"unknown"}},{"type":"Feature","geometry":{"type":"Point","coordinates":[-122.21789,47.63698]},"properties":{"probability":0.149,"inBuffer":false,"facType":"unknown"}},{"type":"Feature","geometry":{"type":"Point","coordinates":[-122.20458,47.63689]},"properties":{"probability":0.287,"inBuffer":false,"facType":"unknown"}},{"type":"Feature","geometry":{"type":"Point","coordinates":[-122.19792,47.63685]},"properties":{"probability":0.408,"inBuffer":false,"facType":"unknown"}},{"type":"Feature","geometry":{"type":"Point","coordinates":[-122.19127,47.6368]},"properties":{"probability":0.106,"inBuffer":false,"facType":"unknown"}},{"type":"Feature","geometry":{"type":"Point","coordinates":[-122.18461,47.63675]},"properties":{"probability":0.081,"inBuffer":false,"facType":"unknown"}},{"type":"Feature","geometry":{"type":"Point","coordinates":[-122.17795,47.6367]},"properties":{"probability":0.088,"inBuffer":false,"facType":"unknown"}},{"type":"Feature","geometry":{"type":"Point","coordinates":[-122.1713,47.63666]},"properties":{"probability":0.204,"inBuffer":false,"facType":"unknown"}},{"type":"Feature","geometry":{"type":"Point","coordinates":[-122.16464,47.63661]},"properties":{"probability":0.345,"inBuffer":false,"facType":"unknown"}},{"type":"Feature","geometry":{"type":"Point","coordinates":[-122.15799,47.63656]},"properties":{"probability":0.081,"inBuffer":false,"facType":"unknown"}},{"type":"Feature","geometry":{"type":"Point","coordinates":[-122.4043,47.6336]},"properties":{"probability":0.418,"inBuffer":false,"facType":"unknown"}},{"type":"Feature","geometry":{"type":"Point","coordinates":[-122.39765,47.63357]},"properties":{"probability":0.437,"inBuffer":false,"facType":"unknown"}},{"type":"Feature","geometry":{"type":"Point","coordinates":[-122.39099,47.63353]},"properties":{"probability":0.445,"inBuffer":false,"facType":"unknown"}},{"type":"Feature","geometry":{"type":"Point","coordinates":[-122.38434,47.6335]},"properties":{"probability":0.49,"inBuffer":false,"facType":"unknown"}},{"type":"Feature","geometry":{"type":"Point","coordinates":[-122.37768,47.63346]},"properties":{"probability":0.561,"inBuffer":false,"facType":"unknown"}},{"type":"Feature","geometry":{"type":"Point","coordinates":[-122.37103,47.63343]},"properties":{"probability":0.472,"inBuffer":false,"facType":"unknown"}},{"type":"Feature","geometry":{"type":"Point","coordinates":[-122.36437,47.63339]},"properties":{"probability":0.086,"inBuffer":false,"facType":"unknown"}},{"type":"Feature","geometry":{"type":"Point","coordinates":[-122.35771,47.63335]},"properties":{"probability":0.088,"inBuffer":false,"facType":"unknown"}},{"type":"Feature","geometry":{"type":"Point","coordinates":[-122.35106,47.63332]},"properties":{"probability":0.403,"inBuffer":false,"facType":"unknown"}},{"type":"Feature","geometry":{"type":"Point","coordinates":[-122.3444,47.63328]},"properties":{"probability":0.95,"inBuffer":false,"facType":"unknown"}},{"type":"Feature","geometry":{"type":"Point","coordinates":[-122.33775,47.63324]},"properties":{"probability":0.952,"inBuffer":false,"facType":"unknown"}},{"type":"Feature","geometry":{"type":"Point","coordinates":[-122.33109,47.6332]},"properties":{"probability":0.951,"inBuffer":false,"facType":"unknown"}},{"type":"Feature","geometry":{"type":"Point","coordinates":[-122.32444,47.63316]},"properties":{"probability":0.603,"inBuffer":false,"facType":"unknown"}},{"type":"Feature","geometry":{"type":"Point","coordinates":[-122.31778,47.63312]},"properties":{"probability":0.489,"inBuffer":false,"facType":"unknown"}},{"type":"Feature","geometry":{"type":"Point","coordinates":[-122.31113,47.63308]},"properties":{"probability":0.171,"inBuffer":false,"facType":"unknown"}},{"type":"Feature","geometry":{"type":"Point","coordinates":[-122.28451,47.63292]},"properties":{"probability":0.075,"inBuffer":false,"facType":"unknown"}},{"type":"Feature","geometry":{"type":"Point","coordinates":[-122.23792,47.63262]},"properties":{"probability":0.147,"inBuffer":false,"facType":"unknown"}},{"type":"Feature","geometry":{"type":"Point","coordinates":[-122.23127,47.63257]},"properties":{"probability":0.292,"inBuffer":false,"facType":"unknown"}},{"type":"Feature","geometry":{"type":"Point","coordinates":[-122.22461,47.63253]},"properties":{"probability":0.298,"inBuffer":false,"facType":"unknown"}},{"type":"Feature","geometry":{"type":"Point","coordinates":[-122.2113,47.63244]},"properties":{"probability":0.154,"inBuffer":false,"facType":"unknown"}},{"type":"Feature","geometry":{"type":"Point","coordinates":[-122.20464,47.63239]},"properties":{"probability":0.3,"inBuffer":false,"facType":"unknown"}},{"type":"Feature","geometry":{"type":"Point","coordinates":[-122.19799,47.63235]},"properties":{"probability":0.316,"inBuffer":false,"facType":"unknown"}},{"type":"Feature","geometry":{"type":"Point","coordinates":[-122.19133,47.6323]},"properties":{"probability":0.157,"inBuffer":false,"facType":"unknown"}},{"type":"Feature","geometry":{"type":"Point","coordinates":[-122.18468,47.63225]},"properties":{"probability":0.169,"inBuffer":false,"facType":"unknown"}},{"type":"Feature","geometry":{"type":"Point","coordinates":[-122.17802,47.63221]},"properties":{"probability":0.168,"inBuffer":false,"facType":"unknown"}},{"type":"Feature","geometry":{"type":"Point","coordinates":[-122.17137,47.63216]},"properties":{"probability":0.491,"inBuffer":false,"facType":"unknown"}},{"type":"Feature","geometry":{"type":"Point","coordinates":[-122.16471,47.63211]},"properties":{"probability":0.641,"inBuffer":false,"facType":"unknown"}},{"type":"Feature","geometry":{"type":"Point","coordinates":[-122.15806,47.63206]},"properties":{"probability":0.445,"inBuffer":false,"facType":"unknown"}},{"type":"Feature","geometry":{"type":"Point","coordinates":[-122.3977,47.62907]},"properties":{"probability":0.254,"inBuffer":false,"facType":"unknown"}},{"type":"Feature","geometry":{"type":"Point","coordinates":[-122.39104,47.62904]},"properties":{"probability":0.408,"inBuffer":false,"facType":"unknown"}},{"type":"Feature","geometry":{"type":"Point","coordinates":[-122.38439,47.629]},"properties":{"probability":0.448,"inBuffer":false,"facType":"unknown"}},{"type":"Feature","geometry":{"type":"Point","coordinates":[-122.37773,47.62896]},"properties":{"probability":0.503,"inBuffer":false,"facType":"unknown"}},{"type":"Feature","geometry":{"type":"Point","coordinates":[-122.37108,47.62893]},"properties":{"probability":0.396,"inBuffer":false,"facType":"unknown"}},{"type":"Feature","geometry":{"type":"Point","coordinates":[-122.36442,47.62889]},"properties":{"probability":0.145,"inBuffer":false,"facType":"unknown"}},{"type":"Feature","geometry":{"type":"Point","coordinates":[-122.35777,47.62885]},"properties":{"probability":0.168,"inBuffer":false,"facType":"unknown"}},{"type":"Feature","geometry":{"type":"Point","coordinates":[-122.35111,47.62882]},"properties":{"probability":0.38,"inBuffer":false,"facType":"unknown"}},{"type":"Feature","geometry":{"type":"Point","coordinates":[-122.34446,47.62878]},"properties":{"probability":0.954,"inBuffer":false,"facType":"unknown"}},{"type":"Feature","geometry":{"type":"Point","coordinates":[-122.33781,47.62874]},"properties":{"probability":0.954,"inBuffer":false,"facType":"unknown"}},{"type":"Feature","geometry":{"type":"Point","coordinates":[-122.33115,47.6287]},"properties":{"probability":0.954,"inBuffer":false,"facType":"unknown"}},{"type":"Feature","geometry":{"type":"Point","coordinates":[-122.3245,47.62866]},"properties":{"probability":0.598,"inBuffer":false,"facType":"unknown"}},{"type":"Feature","geometry":{"type":"Point","coordinates":[-122.31784,47.62862]},"properties":{"probability":0.445,"inBuffer":false,"facType":"unknown"}},{"type":"Feature","geometry":{"type":"Point","coordinates":[-122.31119,47.62858]},"properties":{"probability":0.088,"inBuffer":false,"facType":"unknown"}},{"type":"Feature","geometry":{"type":"Point","coordinates":[-122.30453,47.62854]},"properties":{"probability":0.087,"inBuffer":false,"facType":"unknown"}},{"type":"Feature","geometry":{"type":"Point","coordinates":[-122.29788,47.6285]},"properties":{"probability":0.076,"inBuffer":false,"facType":"unknown"}},{"type":"Feature","geometry":{"type":"Point","coordinates":[-122.29122,47.62846]},"properties":{"probability":0.078,"inBuffer":false,"facType":"unknown"}},{"type":"Feature","geometry":{"type":"Point","coordinates":[-122.23133,47.62808]},"properties":{"probability":0.253,"inBuffer":false,"facType":"unknown"}},{"type":"Feature","geometry":{"type":"Point","coordinates":[-122.22468,47.62803]},"properties":{"probability":0.252,"inBuffer":false,"facType":"unknown"}},{"type":"Feature","geometry":{"type":"Point","coordinates":[-122.20471,47.62789]},"properties":{"probability":0.289,"inBuffer":false,"facType":"unknown"}},{"type":"Feature","geometry":{"type":"Point","coordinates":[-122.19806,47.62785]},"properties":{"probability":0.408,"inBuffer":false,"facType":"unknown"}},{"type":"Feature","geometry":{"type":"Point","coordinates":[-122.1914,47.6278]},"properties":{"probability":0.377,"inBuffer":false,"facType":"unknown"}},{"type":"Feature","geometry":{"type":"Point","coordinates":[-122.18475,47.62775]},"properties":{"probability":0.623,"inBuffer":false,"facType":"unknown"}},{"type":"Feature","geometry":{"type":"Point","coordinates":[-122.1781,47.62771]},"properties":{"probability":0.492,"inBuffer":false,"facType":"unknown"}},{"type":"Feature","geometry":{"type":"Point","coordinates":[-122.17144,47.62766]},"properties":{"probability":0.619,"inBuffer":false,"facType":"unknown"}},{"type":"Feature","geometry":{"type":"Point","coordinates":[-122.16479,47.62761]},"properties":{"probability":0.644,"inBuffer":false,"facType":"unknown"}},{"type":"Feature","geometry":{"type":"Point","coordinates":[-122.15813,47.62756]},"properties":{"probability":0.176,"inBuffer":false,"facType":"unknown"}},{"type":"Feature","geometry":{"type":"Point","coordinates":[-122.37779,47.62447]},"properties":{"probability":0.096,"inBuffer":false,"facType":"unknown"}},{"type":"Feature","geometry":{"type":"Point","coordinates":[-122.37113,47.62443]},"properties":{"probability":0.106,"inBuffer":false,"facType":"unknown"}},{"type":"Feature","geometry":{"type":"Point","coordinates":[-122.36448,47.62439]},"properties":{"probability":0.627,"inBuffer":false,"facType":"unknown"}},{"type":"Feature","geometry":{"type":"Point","coordinates":[-122.35782,47.62436]},"properties":{"probability":0.653,"inBuffer":false,"facType":"unknown"}},{"type":"Feature","geometry":{"type":"Point","coordinates":[-122.35117,47.62432]},"properties":{"probability":0.686,"inBuffer":false,"facType":"unknown"}},{"type":"Feature","geometry":{"type":"Point","coordinates":[-122.34452,47.62428]},"properties":{"probability":0.724,"inBuffer":false,"facType":"unknown"}},{"type":"Feature","geometry":{"type":"Point","coordinates":[-122.33786,47.62424]},"properties":{"probability":0.956,"inBuffer":false,"facType":"unknown"}},{"type":"Feature","geometry":{"type":"Point","coordinates":[-122.33121,47.6242]},"properties":{"probability":0.597,"inBuffer":false,"facType":"unknown"}},{"type":"Feature","geometry":{"type":"Point","coordinates":[-122.32455,47.62416]},"properties":{"probability":0.615,"inBuffer":false,"facType":"unknown"}},{"type":"Feature","geometry":{"type":"Point","coordinates":[-122.3179,47.62412]},"properties":{"probability":0.566,"inBuffer":false,"facType":"unknown"}},{"type":"Feature","geometry":{"type":"Point","coordinates":[-122.31125,47.62409]},"properties":{"probability":0.528,"inBuffer":false,"facType":"unknown"}},{"type":"Feature","geometry":{"type":"Point","coordinates":[-122.30459,47.62404]},"properties":{"probability":0.389,"inBuffer":false,"facType":"unknown"}},{"type":"Feature","geometry":{"type":"Point","coordinates":[-122.29794,47.624]},"properties":{"probability":0.094,"inBuffer":false,"facType":"unknown"}},{"type":"Feature","geometry":{"type":"Point","coordinates":[-122.29128,47.62396]},"properties":{"probability":0.081,"inBuffer":false,"facType":"unknown"}},{"type":"Feature","geometry":{"type":"Point","coordinates":[-122.23805,47.62362]},"properties":{"probability":0.264,"inBuffer":false,"facType":"unknown"}},{"type":"Feature","geometry":{"type":"Point","coordinates":[-122.2314,47.62358]},"properties":{"probability":0.272,"inBuffer":false,"facType":"unknown"}},{"type":"Feature","geometry":{"type":"Point","coordinates":[-122.21144,47.62344]},"properties":{"probability":0.085,"inBuffer":false,"facType":"unknown"}},{"type":"Feature","geometry":{"type":"Point","coordinates":[-122.20478,47.6234]},"properties":{"probability":0.142,"inBuffer":false,"facType":"unknown"}},{"type":"Feature","geometry":{"type":"Point","coordinates":[-122.19813,47.62335]},"properties":{"probability":0.394,"inBuffer":false,"facType":"unknown"}},{"type":"Feature","geometry":{"type":"Point","coordinates":[-122.19147,47.6233]},"properties":{"probability":0.954,"inBuffer":false,"facType":"unknown"}},{"type":"Feature","geometry":{"type":"Point","coordinates":[-122.18482,47.62326]},"properties":{"probability":0.652,"inBuffer":false,"facType":"unknown"}},{"type":"Feature","geometry":{"type":"Point","coordinates":[-122.17817,47.62321]},"properties":{"probability":0.671,"inBuffer":false,"facType":"unknown"}},{"type":"Feature","geometry":{"type":"Point","coordinates":[-122.17151,47.62316]},"properties":{"probability":0.174,"inBuffer":false,"facType":"unknown"}},{"type":"Feature","geometry":{"type":"Point","coordinates":[-122.16486,47.62311]},"properties":{"probability":0.172,"inBuffer":false,"facType":"unknown"}},{"type":"Feature","geometry":{"type":"Point","coordinates":[-122.1582,47.62306]},"properties":{"probability":0.162,"inBuffer":false,"facType":"unknown"}},{"type":"Feature","geometry":{"type":"Point","coordinates":[-122.36453,47.61989]},"properties":{"probability":0.44,"inBuffer":false,"facType":"unknown"}},{"type":"Feature","geometry":{"type":"Point","coordinates":[-122.35788,47.61986]},"properties":{"probability":0.645,"inBuffer":false,"facType":"unknown"}},{"type":"Feature","geometry":{"type":"Point","coordinates":[-122.35123,47.61982]},"properties":{"probability":0.714,"inBuffer":false,"facType":"unknown"}},{"type":"Feature","geometry":{"type":"Point","coordinates":[-122.34457,47.61978]},"properties":{"probability":0.726,"inBuffer":false,"facType":"unknown"}},{"type":"Feature","geometry":{"type":"Point","coordinates":[-122.33792,47.61974]},"properties":{"probability":0.7,"inBuffer":false,"facType":"unknown"}},{"type":"Feature","geometry":{"type":"Point","coordinates":[-122.33127,47.6197]},"properties":{"probability":0.671,"inBuffer":false,"facType":"unknown"}},{"type":"Feature","geometry":{"type":"Point","coordinates":[-122.32461,47.61967]},"properties":{"probability":0.644,"inBuffer":false,"facType":"unknown"}},{"type":"Feature","geometry":{"type":"Point","coordinates":[-122.31796,47.61963]},"properties":{"probability":0.641,"inBuffer":false,"facType":"unknown"}},{"type":"Feature","geometry":{"type":"Point","coordinates":[-122.3113,47.61959]},"properties":{"probability":0.952,"inBuffer":false,"facType":"unknown"}},{"type":"Feature","geometry":{"type":"Point","coordinates":[-122.30465,47.61955]},"properties":{"probability":0.567,"inBuffer":false,"facType":"unknown"}},{"type":"Feature","geometry":{"type":"Point","coordinates":[-122.298,47.61951]},"properties":{"probability":0.38,"inBuffer":false,"facType":"unknown"}},{"type":"Feature","geometry":{"type":"Point","coordinates":[-122.29134,47.61946]},"properties":{"probability":0.084,"inBuffer":false,"facType":"unknown"}},{"type":"Feature","geometry":{"type":"Point","coordinates":[-122.24477,47.61917]},"properties":{"probability":0.237,"inBuffer":false,"facType":"unknown"}},{"type":"Feature","geometry":{"type":"Point","coordinates":[-122.23812,47.61912]},"properties":{"probability":0.254,"inBuffer":false,"facType":"unknown"}},{"type":"Feature","geometry":{"type":"Point","coordinates":[-122.23146,47.61908]},"properties":{"probability":0.288,"inBuffer":false,"facType":"unknown"}},{"type":"Feature","geometry":{"type":"Point","coordinates":[-122.22481,47.61903]},"properties":{"probability":0.282,"inBuffer":false,"facType":"unknown"}},{"type":"Feature","geometry":{"type":"Point","coordinates":[-122.2115,47.61894]},"properties":{"probability":0.434,"inBuffer":false,"facType":"unknown"}},{"type":"Feature","geometry":{"type":"Point","coordinates":[-122.20485,47.6189]},"properties":{"probability":0.542,"inBuffer":false,"facType":"unknown"}},{"type":"Feature","geometry":{"type":"Point","coordinates":[-122.1982,47.61885]},"properties":{"probability":0.587,"inBuffer":false,"facType":"unknown"}},{"type":"Feature","geometry":{"type":"Point","coordinates":[-122.19154,47.6188]},"properties":{"probability":0.956,"inBuffer":false,"facType":"unknown"}},{"type":"Feature","geometry":{"type":"Point","coordinates":[-122.18489,47.61876]},"properties":{"probability":0.956,"inBuffer":false,"facType":"unknown"}},{"type":"Feature","geometry":{"type":"Point","coordinates":[-122.17824,47.61871]},"properties":{"probability":0.644,"inBuffer":false,"facType":"unknown"}},{"type":"Feature","geometry":{"type":"Point","coordinates":[-122.17158,47.61866]},"properties":{"probability":0.533,"inBuffer":false,"facType":"unknown"}},{"type":"Feature","geometry":{"type":"Point","coordinates":[-122.16493,47.61861]},"properties":{"probability":0.109,"inBuffer":false,"facType":"unknown"}},{"type":"Feature","geometry":{"type":"Point","coordinates":[-122.15828,47.61857]},"properties":{"probability":0.086,"inBuffer":false,"facType":"unknown"}},{"type":"Feature","geometry":{"type":"Point","coordinates":[-122.35794,47.61536]},"properties":{"probability":0.579,"inBuffer":false,"facType":"unknown"}},{"type":"Feature","geometry":{"type":"Point","coordinates":[-122.35128,47.61532]},"properties":{"probability":0.639,"inBuffer":false,"facType":"unknown"}},{"type":"Feature","geometry":{"type":"Point","coordinates":[-122.34463,47.61528]},"properties":{"probability":0.695,"inBuffer":false,"facType":"unknown"}},{"type":"Feature","geometry":{"type":"Point","coordinates":[-122.33798,47.61524]},"properties":{"probability":0.723,"inBuffer":false,"facType":"unknown"}},{"type":"Feature","geometry":{"type":"Point","coordinates":[-122.33132,47.61521]},"properties":{"probability":0.713,"inBuffer":false,"facType":"unknown"}},{"type":"Feature","geometry":{"type":"Point","coordinates":[-122.32467,47.61517]},"properties":{"probability":0.65,"inBuffer":false,"facType":"unknown"}},{"type":"Feature","geometry":{"type":"Point","coordinates":[-122.31802,47.61513]},"properties":{"probability":0.647,"inBuffer":false,"facType":"unknown"}},{"type":"Feature","geometry":{"type":"Point","coordinates":[-122.31136,47.61509]},"properties":{"probability":0.952,"inBuffer":false,"facType":"unknown"}},{"type":"Feature","geometry":{"type":"Point","coordinates":[-122.30471,47.61505]},"properties":{"probability":0.63,"inBuffer":false,"facType":"unknown"}},{"type":"Feature","geometry":{"type":"Point","coordinates":[-122.29806,47.61501]},"properties":{"probability":0.482,"inBuffer":false,"facType":"unknown"}},{"type":"Feature","geometry":{"type":"Point","coordinates":[-122.2914,47.61497]},"properties":{"probability":0.085,"inBuffer":false,"facType":"unknown"}},{"type":"Feature","geometry":{"type":"Point","coordinates":[-122.23818,47.61463]},"properties":{"probability":0.256,"inBuffer":false,"facType":"unknown"}},{"type":"Feature","geometry":{"type":"Point","coordinates":[-122.23153,47.61458]},"properties":{"probability":0.274,"inBuffer":false,"facType":"unknown"}},{"type":"Feature","geometry":{"type":"Point","coordinates":[-122.21822,47.61449]},"properties":{"probability":0.147,"inBuffer":false,"facType":"unknown"}},{"type":"Feature","geometry":{"type":"Point","coordinates":[-122.21157,47.61445]},"properties":{"probability":0.579,"inBuffer":false,"facType":"unknown"}},{"type":"Feature","geometry":{"type":"Point","coordinates":[-122.20492,47.6144]},"properties":{"probability":0.64,"inBuffer":false,"facType":"unknown"}},{"type":"Feature","geometry":{"type":"Point","coordinates":[-122.19827,47.61435]},"properties":{"probability":0.709,"inBuffer":false,"facType":"unknown"}},{"type":"Feature","geometry":{"type":"Point","coordinates":[-122.19161,47.61431]},"properties":{"probability":0.714,"inBuffer":false,"facType":"unknown"}},{"type":"Feature","geometry":{"type":"Point","coordinates":[-122.18496,47.61426]},"properties":{"probability":0.701,"inBuffer":false,"facType":"unknown"}},{"type":"Feature","geometry":{"type":"Point","coordinates":[-122.17831,47.61421]},"properties":{"probability":0.628,"inBuffer":false,"facType":"unknown"}},{"type":"Feature","geometry":{"type":"Point","coordinates":[-122.17165,47.61416]},"properties":{"probability":0.392,"inBuffer":false,"facType":"unknown"}},{"type":"Feature","geometry":{"type":"Point","coordinates":[-122.1517,47.61402]},"properties":{"probability":0.079,"inBuffer":false,"facType":"unknown"}},{"type":"Feature","geometry":{"type":"Point","coordinates":[-122.35799,47.61086]},"properties":{"probability":0.333,"inBuffer":false,"facType":"unknown"}},{"type":"Feature","geometry":{"type":"Point","coordinates":[-122.35134,47.61082]},"properties":{"probability":0.611,"inBuffer":false,"facType":"unknown"}},{"type":"Feature","geometry":{"type":"Point","coordinates":[-122.34469,47.61078]},"properties":{"probability":0.718,"inBuffer":false,"facType":"unknown"}},{"type":"Feature","geometry":{"type":"Point","coordinates":[-122.33803,47.61075]},"properties":{"probability":0.726,"inBuffer":false,"facType":"unknown"}},{"type":"Feature","geometry":{"type":"Point","coordinates":[-122.33138,47.61071]},"properties":{"probability":0.955,"inBuffer":false,"facType":"unknown"}},{"type":"Feature","geometry":{"type":"Point","coordinates":[-122.32473,47.61067]},"properties":{"probability":0.954,"inBuffer":false,"facType":"unknown"}},{"type":"Feature","geometry":{"type":"Point","coordinates":[-122.31808,47.61063]},"properties":{"probability":0.954,"inBuffer":false,"facType":"unknown"}},{"type":"Feature","geometry":{"type":"Point","coordinates":[-122.31142,47.61059]},"properties":{"probability":0.62,"inBuffer":false,"facType":"unknown"}},{"type":"Feature","geometry":{"type":"Point","coordinates":[-122.30477,47.61055]},"properties":{"probability":0.614,"inBuffer":false,"facType":"unknown"}},{"type":"Feature","geometry":{"type":"Point","coordinates":[-122.29812,47.61051]},"properties":{"probability":0.453,"inBuffer":false,"facType":"unknown"}},{"type":"Feature","geometry":{"type":"Point","coordinates":[-122.29147,47.61047]},"properties":{"probability":0.088,"inBuffer":false,"facType":"unknown"}},{"type":"Feature","geometry":{"type":"Point","coordinates":[-122.21164,47.60995]},"properties":{"probability":0.442,"inBuffer":false,"facType":"unknown"}},{"type":"Feature","geometry":{"type":"Point","coordinates":[-122.20499,47.6099]},"properties":{"probability":0.616,"inBuffer":false,"facType":"unknown"}},{"type":"Feature","geometry":{"type":"Point","coordinates":[-122.19833,47.60985]},"properties":{"probability":0.467,"inBuffer":false,"facType":"unknown"}},{"type":"Feature","geometry":{"type":"Point","coordinates":[-122.19168,47.60981]},"properties":{"probability":0.664,"inBuffer":false,"facType":"unknown"}},{"type":"Feature","geometry":{"type":"Point","coordinates":[-122.18503,47.60976]},"properties":{"probability":0.698,"inBuffer":false,"facType":"unknown"}},{"type":"Feature","geometry":{"type":"Point","coordinates":[-122.17838,47.60971]},"properties":{"probability":0.448,"inBuffer":false,"facType":"unknown"}},{"type":"Feature","geometry":{"type":"Point","coordinates":[-122.17173,47.60967]},"properties":{"probability":0.292,"inBuffer":false,"facType":"unknown"}},{"type":"Feature","geometry":{"type":"Point","coordinates":[-122.35139,47.60632]},"properties":{"probability":0.262,"inBuffer":false,"facType":"unknown"}},{"type":"Feature","geometry":{"type":"Point","coordinates":[-122.34474,47.60629]},"properties":{"probability":0.665,"inBuffer":false,"facType":"unknown"}},{"type":"Feature","geometry":{"type":"Point","coordinates":[-122.33809,47.60625]},"properties":{"probability":0.726,"inBuffer":false,"facType":"unknown"}},{"type":"Feature","geometry":{"type":"Point","coordinates":[-122.33144,47.60621]},"properties":{"probability":0.729,"inBuffer":false,"facType":"unknown"}},{"type":"Feature","geometry":{"type":"Point","coordinates":[-122.32479,47.60617]},"properties":{"probability":0.652,"inBuffer":false,"facType":"unknown"}},{"type":"Feature","geometry":{"type":"Point","coordinates":[-122.31813,47.60613]},"properties":{"probability":0.642,"inBuffer":false,"facType":"unknown"}},{"type":"Feature","geometry":{"type":"Point","coordinates":[-122.31148,47.60609]},"properties":{"probability":0.949,"inBuffer":false,"facType":"unknown"}},{"type":"Feature","geometry":{"type":"Point","coordinates":[-122.30483,47.60605]},"properties":{"probability":0.599,"inBuffer":false,"facType":"unknown"}},{"type":"Feature","geometry":{"type":"Point","coordinates":[-122.29818,47.60601]},"properties":{"probability":0.116,"inBuffer":false,"facType":"unknown"}},{"type":"Feature","geometry":{"type":"Point","coordinates":[-122.21171,47.60545]},"properties":{"probability":0.311,"inBuffer":false,"facType":"unknown"}},{"type":"Feature","geometry":{"type":"Point","coordinates":[-122.20505,47.6054]},"properties":{"probability":0.466,"inBuffer":false,"facType":"unknown"}},{"type":"Feature","geometry":{"type":"Point","coordinates":[-122.1984,47.60536]},"properties":{"probability":0.467,"inBuffer":false,"facType":"unknown"}},{"type":"Feature","geometry":{"type":"Point","coordinates":[-122.19175,47.60531]},"properties":{"probability":0.144,"inBuffer":false,"facType":"unknown"}},{"type":"Feature","geometry":{"type":"Point","coordinates":[-122.1851,47.60526]},"properties":{"probability":0.619,"inBuffer":false,"facType":"unknown"}},{"type":"Feature","geometry":{"type":"Point","coordinates":[-122.17845,47.60522]},"properties":{"probability":0.301,"inBuffer":false,"facType":"unknown"}},{"type":"Feature","geometry":{"type":"Point","coordinates":[-122.1718,47.60517]},"properties":{"probability":0.166,"inBuffer":false,"facType":"unknown"}},{"type":"Feature","geometry":{"type":"Point","coordinates":[-122.3448,47.60179]},"properties":{"probability":0.606,"inBuffer":false,"facType":"unknown"}},{"type":"Feature","geometry":{"type":"Point","coordinates":[-122.33815,47.60175]},"properties":{"probability":0.648,"inBuffer":false,"facType":"unknown"}},{"type":"Feature","geometry":{"type":"Point","coordinates":[-122.33149,47.60171]},"properties":{"probability":0.727,"inBuffer":false,"facType":"unknown"}},{"type":"Feature","geometry":{"type":"Point","coordinates":[-122.32484,47.60167]},"properties":{"probability":0.651,"inBuffer":false,"facType":"unknown"}},{"type":"Feature","geometry":{"type":"Point","coordinates":[-122.31819,47.60163]},"properties":{"probability":0.641,"inBuffer":false,"facType":"unknown"}},{"type":"Feature","geometry":{"type":"Point","coordinates":[-122.31154,47.60159]},"properties":{"probability":0.629,"inBuffer":false,"facType":"unknown"}},{"type":"Feature","geometry":{"type":"Point","coordinates":[-122.30489,47.60155]},"properties":{"probability":0.558,"inBuffer":false,"facType":"unknown"}},{"type":"Feature","geometry":{"type":"Point","coordinates":[-122.29824,47.60151]},"properties":{"probability":0.124,"inBuffer":false,"facType":"unknown"}},{"type":"Feature","geometry":{"type":"Point","coordinates":[-122.21177,47.60095]},"properties":{"probability":0.26,"inBuffer":false,"facType":"unknown"}},{"type":"Feature","geometry":{"type":"Point","coordinates":[-122.20512,47.6009]},"properties":{"probability":0.299,"inBuffer":false,"facType":"unknown"}},{"type":"Feature","geometry":{"type":"Point","coordinates":[-122.19847,47.60086]},"properties":{"probability":0.306,"inBuffer":false,"facType":"unknown"}},{"type":"Feature","geometry":{"type":"Point","coordinates":[-122.19182,47.60081]},"properties":{"probability":0.087,"inBuffer":false,"facType":"unknown"}},{"type":"Feature","geometry":{"type":"Point","coordinates":[-122.18517,47.60076]},"properties":{"probability":0.468,"inBuffer":false,"facType":"unknown"}},{"type":"Feature","geometry":{"type":"Point","coordinates":[-122.17852,47.60072]},"properties":{"probability":0.311,"inBuffer":false,"facType":"unknown"}},{"type":"Feature","geometry":{"type":"Point","coordinates":[-122.17187,47.60067]},"properties":{"probability":0.244,"inBuffer":false,"facType":"unknown"}},{"type":"Feature","geometry":{"type":"Point","coordinates":[-122.34485,47.59729]},"properties":{"probability":0.185,"inBuffer":false,"facType":"unknown"}},{"type":"Feature","geometry":{"type":"Point","coordinates":[-122.3382,47.59725]},"properties":{"probability":0.712,"inBuffer":false,"facType":"unknown"}},{"type":"Feature","geometry":{"type":"Point","coordinates":[-122.33155,47.59721]},"properties":{"probability":0.727,"inBuffer":false,"facType":"unknown"}},{"type":"Feature","geometry":{"type":"Point","coordinates":[-122.3249,47.59717]},"properties":{"probability":0.621,"inBuffer":false,"facType":"unknown"}},{"type":"Feature","geometry":{"type":"Point","coordinates":[-122.31825,47.59713]},"properties":{"probability":0.6,"inBuffer":false,"facType":"unknown"}},{"type":"Feature","geometry":{"type":"Point","coordinates":[-122.3116,47.59709]},"properties":{"probability":0.63,"inBuffer":false,"facType":"unknown"}},{"type":"Feature","geometry":{"type":"Point","coordinates":[-122.30495,47.59705]},"properties":{"probability":0.567,"inBuffer":false,"facType":"unknown"}},{"type":"Feature","geometry":{"type":"Point","coordinates":[-122.2983,47.59701]},"properties":{"probability":0.132,"inBuffer":false,"facType":"unknown"}},{"type":"Feature","geometry":{"type":"Point","coordinates":[-122.29165,47.59697]},"properties":{"probability":0.085,"inBuffer":false,"facType":"unknown"}},{"type":"Feature","geometry":{"type":"Point","coordinates":[-122.20519,47.59641]},"properties":{"probability":0.14,"inBuffer":false,"facType":"unknown"}},{"type":"Feature","geometry":{"type":"Point","coordinates":[-122.19854,47.59636]},"properties":{"probability":0.299,"inBuffer":false,"facType":"unknown"}},{"type":"Feature","geometry":{"type":"Point","coordinates":[-122.19189,47.59631]},"properties":{"probability":0.308,"inBuffer":false,"facType":"unknown"}},{"type":"Feature","geometry":{"type":"Point","coordinates":[-122.18524,47.59627]},"properties":{"probability":0.086,"inBuffer":false,"facType":"unknown"}},{"type":"Feature","geometry":{"type":"Point","coordinates":[-122.17859,47.59622]},"properties":{"probability":0.145,"inBuffer":false,"facType":"unknown"}},{"type":"Feature","geometry":{"type":"Point","coordinates":[-122.34491,47.59279]},"properties":{"probability":0.163,"inBuffer":false,"facType":"unknown"}},{"type":"Feature","geometry":{"type":"Point","coordinates":[-122.33826,47.59275]},"properties":{"probability":0.703,"inBuffer":false,"facType":"unknown"}},{"type":"Feature","geometry":{"type":"Point","coordinates":[-122.33161,47.59271]},"properties":{"probability":0.715,"inBuffer":false,"facType":"unknown"}},{"type":"Feature","geometry":{"type":"Point","coordinates":[-122.32496,47.59267]},"properties":{"probability":0.685,"inBuffer":false,"facType":"unknown"}},{"type":"Feature","geometry":{"type":"Point","coordinates":[-122.31831,47.59263]},"properties":{"probability":0.173,"inBuffer":false,"facType":"unknown"}},{"type":"Feature","geometry":{"type":"Point","coordinates":[-122.31166,47.5926]},"properties":{"probability":0.166,"inBuffer":false,"facType":"unknown"}},{"type":"Feature","geometry":{"type":"Point","coordinates":[-122.30501,47.59255]},"properties":{"probability":0.152,"inBuffer":false,"facType":"unknown"}},{"type":"Feature","geometry":{"type":"Point","coordinates":[-122.29836,47.59251]},"properties":{"probability":0.48,"inBuffer":false,"facType":"unknown"}},{"type":"Feature","geometry":{"type":"Point","coordinates":[-122.29171,47.59247]},"properties":{"probability":0.444,"inBuffer":false,"facType":"unknown"}},{"type":"Feature","geometry":{"type":"Point","coordinates":[-122.28506,47.59243]},"properties":{"probability":0.244,"inBuffer":false,"facType":"unknown"}},{"type":"Feature","geometry":{"type":"Point","coordinates":[-122.23186,47.59209]},"properties":{"probability":0.258,"inBuffer":false,"facType":"unknown"}},{"type":"Feature","geometry":{"type":"Point","coordinates":[-122.20526,47.59191]},"properties":{"probability":0.13,"inBuffer":false,"facType":"unknown"}},{"type":"Feature","geometry":{"type":"Point","coordinates":[-122.19861,47.59186]},"properties":{"probability":0.3,"inBuffer":false,"facType":"unknown"}},{"type":"Feature","geometry":{"type":"Point","coordinates":[-122.19196,47.59181]},"properties":{"probability":0.303,"inBuffer":false,"facType":"unknown"}},{"type":"Feature","geometry":{"type":"Point","coordinates":[-122.15871,47.59158]},"properties":{"probability":0.284,"inBuffer":false,"facType":"unknown"}},{"type":"Feature","geometry":{"type":"Point","coordinates":[-122.15206,47.59153]},"properties":{"probability":0.148,"inBuffer":false,"facType":"unknown"}},{"type":"Feature","geometry":{"type":"Point","coordinates":[-122.35827,47.58837]},"properties":{"probability":0.158,"inBuffer":false,"facType":"unknown"}},{"type":"Feature","geometry":{"type":"Point","coordinates":[-122.35162,47.58833]},"properties":{"probability":0.164,"inBuffer":false,"facType":"unknown"}},{"type":"Feature","geometry":{"type":"Point","coordinates":[-122.34497,47.58829]},"properties":{"probability":0.46,"inBuffer":false,"facType":"unknown"}},{"type":"Feature","geometry":{"type":"Point","coordinates":[-122.33832,47.58825]},"properties":{"probability":0.724,"inBuffer":false,"facType":"unknown"}},{"type":"Feature","geometry":{"type":"Point","coordinates":[-122.33167,47.58821]},"properties":{"probability":0.725,"inBuffer":false,"facType":"unknown"}},{"type":"Feature","geometry":{"type":"Point","coordinates":[-122.32502,47.58818]},"properties":{"probability":0.719,"inBuffer":false,"facType":"unknown"}},{"type":"Feature","geometry":{"type":"Point","coordinates":[-122.31837,47.58814]},"properties":{"probability":0.168,"inBuffer":false,"facType":"unknown"}},{"type":"Feature","geometry":{"type":"Point","coordinates":[-122.31172,47.5881]},"properties":{"probability":0.151,"inBuffer":false,"facType":"unknown"}},{"type":"Feature","geometry":{"type":"Point","coordinates":[-122.30507,47.58806]},"properties":{"probability":0.156,"inBuffer":false,"facType":"unknown"}},{"type":"Feature","geometry":{"type":"Point","coordinates":[-122.29842,47.58802]},"properties":{"probability":0.49,"inBuffer":false,"facType":"unknown"}},{"type":"Feature","geometry":{"type":"Point","coordinates":[-122.29177,47.58797]},"properties":{"probability":0.439,"inBuffer":false,"facType":"unknown"}},{"type":"Feature","geometry":{"type":"Point","coordinates":[-122.28512,47.58793]},"properties":{"probability":0.233,"inBuffer":false,"facType":"unknown"}},{"type":"Feature","geometry":{"type":"Point","coordinates":[-122.23857,47.58763]},"properties":{"probability":0.167,"inBuffer":false,"facType":"unknown"}},{"type":"Feature","geometry":{"type":"Point","coordinates":[-122.23192,47.58759]},"properties":{"probability":0.417,"inBuffer":false,"facType":"unknown"}},{"type":"Feature","geometry":{"type":"Point","coordinates":[-122.22527,47.58755]},"properties":{"probability":0.296,"inBuffer":false,"facType":"unknown"}},{"type":"Feature","geometry":{"type":"Point","coordinates":[-122.21863,47.5875]},"properties":{"probability":0.19,"inBuffer":false,"facType":"unknown"}},{"type":"Feature","geometry":{"type":"Point","coordinates":[-122.19868,47.58736]},"properties":{"probability":0.149,"inBuffer":false,"facType":"unknown"}},{"type":"Feature","geometry":{"type":"Point","coordinates":[-122.19203,47.58732]},"properties":{"probability":0.087,"inBuffer":false,"facType":"unknown"}},{"type":"Feature","geometry":{"type":"Point","coordinates":[-122.17873,47.58722]},"properties":{"probability":0.08,"inBuffer":false,"facType":"unknown"}},{"type":"Feature","geometry":{"type":"Point","coordinates":[-122.17208,47.58717]},"properties":{"probability":0.416,"inBuffer":false,"facType":"unknown"}},{"type":"Feature","geometry":{"type":"Point","coordinates":[-122.16543,47.58713]},"properties":{"probability":0.471,"inBuffer":false,"facType":"unknown"}},{"type":"Feature","geometry":{"type":"Point","coordinates":[-122.15878,47.58708]},"properties":{"probability":0.45,"inBuffer":false,"facType":"unknown"}},{"type":"Feature","geometry":{"type":"Point","coordinates":[-122.15213,47.58703]},"properties":{"probability":0.43,"inBuffer":false,"facType":"unknown"}},{"type":"Feature","geometry":{"type":"Point","coordinates":[-122.39157,47.58405]},"properties":{"probability":0.077,"inBuffer":false,"facType":"unknown"}},{"type":"Feature","geometry":{"type":"Point","coordinates":[-122.38492,47.58401]},"properties":{"probability":0.078,"inBuffer":false,"facType":"unknown"}},{"type":"Feature","geometry":{"type":"Point","coordinates":[-122.37827,47.58398]},"properties":{"probability":0.072,"inBuffer":false,"facType":"unknown"}},{"type":"Feature","geometry":{"type":"Point","coordinates":[-122.37162,47.58394]},"properties":{"probability":0.133,"inBuffer":false,"facType":"unknown"}},{"type":"Feature","geometry":{"type":"Point","coordinates":[-122.36497,47.5839]},"properties":{"probability":0.147,"inBuffer":false,"facType":"unknown"}},{"type":"Feature","geometry":{"type":"Point","coordinates":[-122.35832,47.58387]},"properties":{"probability":0.166,"inBuffer":false,"facType":"unknown"}},{"type":"Feature","geometry":{"type":"Point","coordinates":[-122.35167,47.58383]},"properties":{"probability":0.165,"inBuffer":false,"facType":"unknown"}},{"type":"Feature","geometry":{"type":"Point","coordinates":[-122.34502,47.58379]},"properties":{"probability":0.218,"inBuffer":false,"facType":"unknown"}},{"type":"Feature","geometry":{"type":"Point","coordinates":[-122.33837,47.58375]},"properties":{"probability":0.655,"inBuffer":false,"facType":"unknown"}},{"type":"Feature","geometry":{"type":"Point","coordinates":[-122.33172,47.58372]},"properties":{"probability":0.616,"inBuffer":false,"facType":"unknown"}},{"type":"Feature","geometry":{"type":"Point","coordinates":[-122.32507,47.58368]},"properties":{"probability":0.595,"inBuffer":false,"facType":"unknown"}},{"type":"Feature","geometry":{"type":"Point","coordinates":[-122.31843,47.58364]},"properties":{"probability":0.603,"inBuffer":false,"facType":"unknown"}},{"type":"Feature","geometry":{"type":"Point","coordinates":[-122.31178,47.5836]},"properties":{"probability":0.144,"inBuffer":false,"facType":"unknown"}},{"type":"Feature","geometry":{"type":"Point","coordinates":[-122.30513,47.58356]},"properties":{"probability":0.152,"inBuffer":false,"facType":"unknown"}},{"type":"Feature","geometry":{"type":"Point","coordinates":[-122.29848,47.58352]},"properties":{"probability":0.133,"inBuffer":false,"facType":"unknown"}},{"type":"Feature","geometry":{"type":"Point","coordinates":[-122.29183,47.58348]},"properties":{"probability":0.087,"inBuffer":false,"facType":"unknown"}},{"type":"Feature","geometry":{"type":"Point","coordinates":[-122.23864,47.58314]},"properties":{"probability":0.295,"inBuffer":false,"facType":"unknown"}},{"type":"Feature","geometry":{"type":"Point","coordinates":[-122.23199,47.58309]},"properties":{"probability":0.46,"inBuffer":false,"facType":"unknown"}},{"type":"Feature","geometry":{"type":"Point","coordinates":[-122.22534,47.58305]},"properties":{"probability":0.297,"inBuffer":false,"facType":"unknown"}},{"type":"Feature","geometry":{"type":"Point","coordinates":[-122.21204,47.58296]},"properties":{"probability":0.271,"inBuffer":false,"facType":"unknown"}},{"type":"Feature","geometry":{"type":"Point","coordinates":[-122.20539,47.58291]},"properties":{"probability":0.195,"inBuffer":false,"facType":"unknown"}},{"type":"Feature","geometry":{"type":"Point","coordinates":[-122.19875,47.58286]},"properties":{"probability":0.293,"inBuffer":false,"facType":"unknown"}},{"type":"Feature","geometry":{"type":"Point","coordinates":[-122.1921,47.58282]},"properties":{"probability":0.409,"inBuffer":false,"facType":"unknown"}},{"type":"Feature","geometry":{"type":"Point","coordinates":[-122.1788,47.58272]},"properties":{"probability":0.145,"inBuffer":false,"facType":"unknown"}},{"type":"Feature","geometry":{"type":"Point","coordinates":[-122.17215,47.58268]},"properties":{"probability":0.63,"inBuffer":false,"facType":"unknown"}},{"type":"Feature","geometry":{"type":"Point","coordinates":[-122.1655,47.58263]},"properties":{"probability":0.631,"inBuffer":false,"facType":"unknown"}},{"type":"Feature","geometry":{"type":"Point","coordinates":[-122.15885,47.58258]},"properties":{"probability":0.601,"inBuffer":false,"facType":"unknown"}},{"type":"Feature","geometry":{"type":"Point","coordinates":[-122.15221,47.58253]},"properties":{"probability":0.584,"inBuffer":false,"facType":"unknown"}},{"type":"Feature","geometry":{"type":"Point","coordinates":[-122.41156,47.57965]},"properties":{"probability":0.124,"inBuffer":false,"facType":"unknown"}},{"type":"Feature","geometry":{"type":"Point","coordinates":[-122.39162,47.57955]},"properties":{"probability":0.092,"inBuffer":false,"facType":"unknown"}},{"type":"Feature","geometry":{"type":"Point","coordinates":[-122.38497,47.57951]},"properties":{"probability":0.093,"inBuffer":false,"facType":"unknown"}},{"type":"Feature","geometry":{"type":"Point","coordinates":[-122.37832,47.57948]},"properties":{"probability":0.078,"inBuffer":false,"facType":"unknown"}},{"type":"Feature","geometry":{"type":"Point","coordinates":[-122.37167,47.57944]},"properties":{"probability":0.153,"inBuffer":false,"facType":"unknown"}},{"type":"Feature","geometry":{"type":"Point","coordinates":[-122.36502,47.57941]},"properties":{"probability":0.181,"inBuffer":false,"facType":"unknown"}},{"type":"Feature","geometry":{"type":"Point","coordinates":[-122.35838,47.57937]},"properties":{"probability":0.165,"inBuffer":false,"facType":"unknown"}},{"type":"Feature","geometry":{"type":"Point","coordinates":[-122.35173,47.57933]},"properties":{"probability":0.226,"inBuffer":false,"facType":"unknown"}},{"type":"Feature","geometry":{"type":"Point","coordinates":[-122.34508,47.57929]},"properties":{"probability":0.236,"inBuffer":false,"facType":"unknown"}},{"type":"Feature","geometry":{"type":"Point","coordinates":[-122.33843,47.57926]},"properties":{"probability":0.247,"inBuffer":false,"facType":"unknown"}},{"type":"Feature","geometry":{"type":"Point","coordinates":[-122.33178,47.57922]},"properties":{"probability":0.208,"inBuffer":false,"facType":"unknown"}},{"type":"Feature","geometry":{"type":"Point","coordinates":[-122.32513,47.57918]},"properties":{"probability":0.643,"inBuffer":false,"facType":"unknown"}},{"type":"Feature","geometry":{"type":"Point","coordinates":[-122.31848,47.57914]},"properties":{"probability":0.62,"inBuffer":false,"facType":"unknown"}},{"type":"Feature","geometry":{"type":"Point","coordinates":[-122.31184,47.5791]},"properties":{"probability":0.376,"inBuffer":false,"facType":"unknown"}},{"type":"Feature","geometry":{"type":"Point","coordinates":[-122.30519,47.57906]},"properties":{"probability":0.111,"inBuffer":false,"facType":"unknown"}},{"type":"Feature","geometry":{"type":"Point","coordinates":[-122.29854,47.57902]},"properties":{"probability":0.142,"inBuffer":false,"facType":"unknown"}},{"type":"Feature","geometry":{"type":"Point","coordinates":[-122.29189,47.57898]},"properties":{"probability":0.126,"inBuffer":false,"facType":"unknown"}},{"type":"Feature","geometry":{"type":"Point","coordinates":[-122.2387,47.57864]},"properties":{"probability":0.266,"inBuffer":false,"facType":"unknown"}},{"type":"Feature","geometry":{"type":"Point","coordinates":[-122.23206,47.57859]},"properties":{"probability":0.293,"inBuffer":false,"facType":"unknown"}},{"type":"Feature","geometry":{"type":"Point","coordinates":[-122.22541,47.57855]},"properties":{"probability":0.153,"inBuffer":false,"facType":"unknown"}},{"type":"Feature","geometry":{"type":"Point","coordinates":[-122.21876,47.5785]},"properties":{"probability":0.259,"inBuffer":false,"facType":"unknown"}},{"type":"Feature","geometry":{"type":"Point","coordinates":[-122.21211,47.57846]},"properties":{"probability":0.3,"inBuffer":false,"facType":"unknown"}},{"type":"Feature","geometry":{"type":"Point","coordinates":[-122.20546,47.57841]},"properties":{"probability":0.301,"inBuffer":false,"facType":"unknown"}},{"type":"Feature","geometry":{"type":"Point","coordinates":[-122.19881,47.57837]},"properties":{"probability":0.3,"inBuffer":false,"facType":"unknown"}},{"type":"Feature","geometry":{"type":"Point","coordinates":[-122.19217,47.57832]},"properties":{"probability":0.295,"inBuffer":false,"facType":"unknown"}},{"type":"Feature","geometry":{"type":"Point","coordinates":[-122.17887,47.57822]},"properties":{"probability":0.157,"inBuffer":false,"facType":"unknown"}},{"type":"Feature","geometry":{"type":"Point","coordinates":[-122.17222,47.57818]},"properties":{"probability":0.581,"inBuffer":false,"facType":"unknown"}},{"type":"Feature","geometry":{"type":"Point","coordinates":[-122.16557,47.57813]},"properties":{"probability":0.594,"inBuffer":false,"facType":"unknown"}},{"type":"Feature","geometry":{"type":"Point","coordinates":[-122.15893,47.57808]},"properties":{"probability":0.308,"inBuffer":false,"facType":"unknown"}},{"type":"Feature","geometry":{"type":"Point","coordinates":[-122.15228,47.57803]},"properties":{"probability":0.105,"inBuffer":false,"facType":"unknown"}},{"type":"Feature","geometry":{"type":"Point","coordinates":[-122.41826,47.57519]},"properties":{"probability":0.256,"inBuffer":false,"facType":"unknown"}},{"type":"Feature","geometry":{"type":"Point","coordinates":[-122.41161,47.57516]},"properties":{"probability":0.301,"inBuffer":false,"facType":"unknown"}},{"type":"Feature","geometry":{"type":"Point","coordinates":[-122.38502,47.57502]},"properties":{"probability":0.078,"inBuffer":false,"facType":"unknown"}},{"type":"Feature","geometry":{"type":"Point","coordinates":[-122.37837,47.57498]},"properties":{"probability":0.132,"inBuffer":false,"facType":"unknown"}},{"type":"Feature","geometry":{"type":"Point","coordinates":[-122.37173,47.57494]},"properties":{"probability":0.174,"inBuffer":false,"facType":"unknown"}},{"type":"Feature","geometry":{"type":"Point","coordinates":[-122.36508,47.57491]},"properties":{"probability":0.176,"inBuffer":false,"facType":"unknown"}},{"type":"Feature","geometry":{"type":"Point","coordinates":[-122.35843,47.57487]},"properties":{"probability":0.174,"inBuffer":false,"facType":"unknown"}},{"type":"Feature","geometry":{"type":"Point","coordinates":[-122.35178,47.57483]},"properties":{"probability":0.185,"inBuffer":false,"facType":"unknown"}},{"type":"Feature","geometry":{"type":"Point","coordinates":[-122.34513,47.5748]},"properties":{"probability":0.166,"inBuffer":false,"facType":"unknown"}},{"type":"Feature","geometry":{"type":"Point","coordinates":[-122.33849,47.57476]},"properties":{"probability":0.175,"inBuffer":false,"facType":"unknown"}},{"type":"Feature","geometry":{"type":"Point","coordinates":[-122.33184,47.57472]},"properties":{"probability":0.378,"inBuffer":false,"facType":"unknown"}},{"type":"Feature","geometry":{"type":"Point","coordinates":[-122.32519,47.57468]},"properties":{"probability":0.586,"inBuffer":false,"facType":"unknown"}},{"type":"Feature","geometry":{"type":"Point","coordinates":[-122.31854,47.57464]},"properties":{"probability":0.537,"inBuffer":false,"facType":"unknown"}},{"type":"Feature","geometry":{"type":"Point","coordinates":[-122.31189,47.5746]},"properties":{"probability":0.096,"inBuffer":false,"facType":"unknown"}},{"type":"Feature","geometry":{"type":"Point","coordinates":[-122.30525,47.57456]},"properties":{"probability":0.078,"inBuffer":false,"facType":"unknown"}},{"type":"Feature","geometry":{"type":"Point","coordinates":[-122.2986,47.57452]},"properties":{"probability":0.115,"inBuffer":false,"facType":"unknown"}},{"type":"Feature","geometry":{"type":"Point","coordinates":[-122.29195,47.57448]},"properties":{"probability":0.278,"inBuffer":false,"facType":"unknown"}},{"type":"Feature","geometry":{"type":"Point","coordinates":[-122.2853,47.57444]},"properties":{"probability":0.266,"inBuffer":false,"facType":"unknown"}},{"type":"Feature","geometry":{"type":"Point","coordinates":[-122.22547,47.57405]},"properties":{"probability":0.147,"inBuffer":false,"facType":"unknown"}},{"type":"Feature","geometry":{"type":"Point","coordinates":[-122.21883,47.574]},"properties":{"probability":0.257,"inBuffer":false,"facType":"unknown"}},{"type":"Feature","geometry":{"type":"Point","coordinates":[-122.21218,47.57396]},"properties":{"probability":0.276,"inBuffer":false,"facType":"unknown"}},{"type":"Feature","geometry":{"type":"Point","coordinates":[-122.20553,47.57391]},"properties":{"probability":0.272,"inBuffer":false,"facType":"unknown"}},{"type":"Feature","geometry":{"type":"Point","coordinates":[-122.19888,47.57387]},"properties":{"probability":0.247,"inBuffer":false,"facType":"unknown"}},{"type":"Feature","geometry":{"type":"Point","coordinates":[-122.19224,47.57382]},"properties":{"probability":0.234,"inBuffer":false,"facType":"unknown"}},{"type":"Feature","geometry":{"type":"Point","coordinates":[-122.17894,47.57373]},"properties":{"probability":0.14,"inBuffer":false,"facType":"unknown"}},{"type":"Feature","geometry":{"type":"Point","coordinates":[-122.17229,47.57368]},"properties":{"probability":0.169,"inBuffer":false,"facType":"unknown"}},{"type":"Feature","geometry":{"type":"Point","coordinates":[-122.16565,47.57363]},"properties":{"probability":0.143,"inBuffer":false,"facType":"unknown"}},{"type":"Feature","geometry":{"type":"Point","coordinates":[-122.159,47.57358]},"properties":{"probability":0.084,"inBuffer":false,"facType":"unknown"}},{"type":"Feature","geometry":{"type":"Point","coordinates":[-122.41166,47.57066]},"properties":{"probability":0.261,"inBuffer":false,"facType":"unknown"}},{"type":"Feature","geometry":{"type":"Point","coordinates":[-122.39172,47.57055]},"properties":{"probability":0.075,"inBuffer":false,"facType":"unknown"}},{"type":"Feature","geometry":{"type":"Point","coordinates":[-122.38507,47.57052]},"properties":{"probability":0.08,"inBuffer":false,"facType":"unknown"}},{"type":"Feature","geometry":{"type":"Point","coordinates":[-122.37843,47.57048]},"properties":{"probability":0.098,"inBuffer":false,"facType":"unknown"}},{"type":"Feature","geometry":{"type":"Point","coordinates":[-122.37178,47.57045]},"properties":{"probability":0.453,"inBuffer":false,"facType":"unknown"}},{"type":"Feature","geometry":{"type":"Point","coordinates":[-122.36513,47.57041]},"properties":{"probability":0.633,"inBuffer":false,"facType":"unknown"}},{"type":"Feature","geometry":{"type":"Point","coordinates":[-122.35849,47.57037]},"properties":{"probability":0.583,"inBuffer":false,"facType":"unknown"}},{"type":"Feature","geometry":{"type":"Point","coordinates":[-122.35184,47.57033]},"properties":{"probability":0.161,"inBuffer":false,"facType":"unknown"}},{"type":"Feature","geometry":{"type":"Point","coordinates":[-122.34519,47.5703]},"properties":{"probability":0.17,"inBuffer":false,"facType":"unknown"}},{"type":"Feature","geometry":{"type":"Point","coordinates":[-122.33854,47.57026]},"properties":{"probability":0.487,"inBuffer":false,"facType":"unknown"}},{"type":"Feature","geometry":{"type":"Point","coordinates":[-122.3319,47.57022]},"properties":{"probability":0.64,"inBuffer":false,"facType":"unknown"}},{"type":"Feature","geometry":{"type":"Point","coordinates":[-122.32525,47.57018]},"properties":{"probability":0.63,"inBuffer":false,"facType":"unknown"}},{"type":"Feature","geometry":{"type":"Point","coordinates":[-122.3186,47.57014]},"properties":{"probability":0.463,"inBuffer":false,"facType":"unknown"}},{"type":"Feature","geometry":{"type":"Point","coordinates":[-122.31195,47.5701]},"properties":{"probability":0.374,"inBuffer":false,"facType":"unknown"}},{"type":"Feature","geometry":{"type":"Point","coordinates":[-122.30531,47.57006]},"properties":{"probability":0.366,"inBuffer":false,"facType":"unknown"}},{"type":"Feature","geometry":{"type":"Point","coordinates":[-122.29866,47.57002]},"properties":{"probability":0.088,"inBuffer":false,"facType":"unknown"}},{"type":"Feature","geometry":{"type":"Point","coordinates":[-122.29201,47.56998]},"properties":{"probability":0.464,"inBuffer":false,"facType":"unknown"}},{"type":"Feature","geometry":{"type":"Point","coordinates":[-122.28536,47.56994]},"properties":{"probability":0.456,"inBuffer":false,"facType":"unknown"}},{"type":"Feature","geometry":{"type":"Point","coordinates":[-122.27872,47.5699]},"properties":{"probability":0.145,"inBuffer":false,"facType":"unknown"}},{"type":"Feature","geometry":{"type":"Point","coordinates":[-122.22554,47.56955]},"properties":{"probability":0.283,"inBuffer":false,"facType":"unknown"}},{"type":"Feature","geometry":{"type":"Point","coordinates":[-122.21889,47.56951]},"properties":{"probability":0.287,"inBuffer":false,"facType":"unknown"}},{"type":"Feature","geometry":{"type":"Point","coordinates":[-122.21225,47.56946]},"properties":{"probability":0.21,"inBuffer":false,"facType":"unknown"}},{"type":"Feature","geometry":{"type":"Point","coordinates":[-122.17901,47.56923]},"properties":{"probability":0.09,"inBuffer":false,"facType":"unknown"}},{"type":"Feature","geometry":{"type":"Point","coordinates":[-122.17236,47.56918]},"properties":{"probability":0.08,"inBuffer":false,"facType":"unknown"}},{"type":"Feature","geometry":{"type":"Point","coordinates":[-122.16572,47.56913]},"properties":{"probability":0.082,"inBuffer":false,"facType":"unknown"}},{"type":"Feature","geometry":{"type":"Point","coordinates":[-122.39177,47.56605]},"properties":{"probability":0.089,"inBuffer":false,"facType":"unknown"}},{"type":"Feature","geometry":{"type":"Point","coordinates":[-122.38513,47.56602]},"properties":{"probability":0.148,"inBuffer":false,"facType":"unknown"}},{"type":"Feature","geometry":{"type":"Point","coordinates":[-122.37848,47.56598]},"properties":{"probability":0.144,"inBuffer":false,"facType":"unknown"}},{"type":"Feature","geometry":{"type":"Point","coordinates":[-122.37183,47.56595]},"properties":{"probability":0.449,"inBuffer":false,"facType":"unknown"}},{"type":"Feature","geometry":{"type":"Point","coordinates":[-122.36519,47.56591]},"properties":{"probability":0.541,"inBuffer":false,"facType":"unknown"}},{"type":"Feature","geometry":{"type":"Point","coordinates":[-122.35854,47.56587]},"properties":{"probability":0.489,"inBuffer":false,"facType":"unknown"}},{"type":"Feature","geometry":{"type":"Point","coordinates":[-122.35189,47.56584]},"properties":{"probability":0.147,"inBuffer":false,"facType":"unknown"}},{"type":"Feature","geometry":{"type":"Point","coordinates":[-122.34525,47.5658]},"properties":{"probability":0.169,"inBuffer":false,"facType":"unknown"}},{"type":"Feature","geometry":{"type":"Point","coordinates":[-122.3386,47.56576]},"properties":{"probability":0.449,"inBuffer":false,"facType":"unknown"}},{"type":"Feature","geometry":{"type":"Point","coordinates":[-122.33195,47.56572]},"properties":{"probability":0.638,"inBuffer":false,"facType":"unknown"}},{"type":"Feature","geometry":{"type":"Point","coordinates":[-122.32531,47.56568]},"properties":{"probability":0.632,"inBuffer":false,"facType":"unknown"}},{"type":"Feature","geometry":{"type":"Point","coordinates":[-122.31866,47.56564]},"properties":{"probability":0.478,"inBuffer":false,"facType":"unknown"}},{"type":"Feature","geometry":{"type":"Point","coordinates":[-122.31201,47.5656]},"properties":{"probability":0.931,"inBuffer":false,"facType":"unknown"}},{"type":"Feature","geometry":{"type":"Point","coordinates":[-122.30537,47.56556]},"properties":{"probability":0.927,"inBuffer":false,"facType":"unknown"}},{"type":"Feature","geometry":{"type":"Point","coordinates":[-122.29872,47.56552]},"properties":{"probability":0.359,"inBuffer":false,"facType":"unknown"}},{"type":"Feature","geometry":{"type":"Point","coordinates":[-122.29207,47.56548]},"properties":{"probability":0.488,"inBuffer":false,"facType":"unknown"}},{"type":"Feature","geometry":{"type":"Point","coordinates":[-122.28543,47.56544]},"properties":{"probability":0.466,"inBuffer":false,"facType":"unknown"}},{"type":"Feature","geometry":{"type":"Point","coordinates":[-122.22561,47.56505]},"properties":{"probability":0.247,"inBuffer":false,"facType":"unknown"}},{"type":"Feature","geometry":{"type":"Point","coordinates":[-122.21896,47.56501]},"properties":{"probability":0.255,"inBuffer":false,"facType":"unknown"}},{"type":"Feature","geometry":{"type":"Point","coordinates":[-122.21231,47.56496]},"properties":{"probability":0.236,"inBuffer":false,"facType":"unknown"}},{"type":"Feature","geometry":{"type":"Point","coordinates":[-122.39183,47.56156]},"properties":{"probability":0.078,"inBuffer":false,"facType":"unknown"}},{"type":"Feature","geometry":{"type":"Point","coordinates":[-122.38518,47.56152]},"properties":{"probability":0.159,"inBuffer":false,"facType":"unknown"}},{"type":"Feature","geometry":{"type":"Point","coordinates":[-122.37853,47.56148]},"properties":{"probability":0.127,"inBuffer":false,"facType":"unknown"}},{"type":"Feature","geometry":{"type":"Point","coordinates":[-122.37189,47.56145]},"properties":{"probability":0.408,"inBuffer":false,"facType":"unknown"}},{"type":"Feature","geometry":{"type":"Point","coordinates":[-122.36524,47.56141]},"properties":{"probability":0.424,"inBuffer":false,"facType":"unknown"}},{"type":"Feature","geometry":{"type":"Point","coordinates":[-122.35859,47.56137]},"properties":{"probability":0.341,"inBuffer":false,"facType":"unknown"}},{"type":"Feature","geometry":{"type":"Point","coordinates":[-122.35195,47.56134]},"properties":{"probability":0.358,"inBuffer":false,"facType":"unknown"}},{"type":"Feature","geometry":{"type":"Point","coordinates":[-122.3453,47.5613]},"properties":{"probability":0.156,"inBuffer":false,"facType":"unknown"}},{"type":"Feature","geometry":{"type":"Point","coordinates":[-122.33866,47.56126]},"properties":{"probability":0.162,"inBuffer":false,"facType":"unknown"}},{"type":"Feature","geometry":{"type":"Point","coordinates":[-122.33201,47.56122]},"properties":{"probability":0.172,"inBuffer":false,"facType":"unknown"}},{"type":"Feature","geometry":{"type":"Point","coordinates":[-122.32536,47.56118]},"properties":{"probability":0.622,"inBuffer":false,"facType":"unknown"}},{"type":"Feature","geometry":{"type":"Point","coordinates":[-122.31872,47.56114]},"properties":{"probability":0.451,"inBuffer":false,"facType":"unknown"}},{"type":"Feature","geometry":{"type":"Point","coordinates":[-122.31207,47.5611]},"properties":{"probability":0.49,"inBuffer":false,"facType":"unknown"}},{"type":"Feature","geometry":{"type":"Point","coordinates":[-122.30543,47.56106]},"properties":{"probability":0.927,"inBuffer":false,"facType":"unknown"}},{"type":"Feature","geometry":{"type":"Point","coordinates":[-122.29878,47.56102]},"properties":{"probability":0.916,"inBuffer":false,"facType":"unknown"}},{"type":"Feature","geometry":{"type":"Point","coordinates":[-122.29213,47.56098]},"properties":{"probability":0.412,"inBuffer":false,"facType":"unknown"}},{"type":"Feature","geometry":{"type":"Point","coordinates":[-122.28549,47.56094]},"properties":{"probability":0.507,"inBuffer":false,"facType":"unknown"}},{"type":"Feature","geometry":{"type":"Point","coordinates":[-122.27884,47.5609]},"properties":{"probability":0.282,"inBuffer":false,"facType":"unknown"}},{"type":"Feature","geometry":{"type":"Point","coordinates":[-122.21903,47.56051]},"properties":{"probability":0.127,"inBuffer":false,"facType":"unknown"}},{"type":"Feature","geometry":{"type":"Point","coordinates":[-122.17251,47.56018]},"properties":{"probability":0.138,"inBuffer":false,"facType":"unknown"}},{"type":"Feature","geometry":{"type":"Point","coordinates":[-122.16586,47.56013]},"properties":{"probability":0.28,"inBuffer":false,"facType":"unknown"}},{"type":"Feature","geometry":{"type":"Point","coordinates":[-122.15921,47.56009]},"properties":{"probability":0.171,"inBuffer":false,"facType":"unknown"}},{"type":"Feature","geometry":{"type":"Point","coordinates":[-122.39852,47.55709]},"properties":{"probability":0.081,"inBuffer":false,"facType":"unknown"}},{"type":"Feature","geometry":{"type":"Point","coordinates":[-122.39188,47.55706]},"properties":{"probability":0.081,"inBuffer":false,"facType":"unknown"}},{"type":"Feature","geometry":{"type":"Point","coordinates":[-122.38523,47.55702]},"properties":{"probability":0.148,"inBuffer":false,"facType":"unknown"}},{"type":"Feature","geometry":{"type":"Point","coordinates":[-122.37859,47.55699]},"properties":{"probability":0.079,"inBuffer":false,"facType":"unknown"}},{"type":"Feature","geometry":{"type":"Point","coordinates":[-122.3653,47.55691]},"properties":{"probability":0.315,"inBuffer":false,"facType":"unknown"}},{"type":"Feature","geometry":{"type":"Point","coordinates":[-122.35865,47.55688]},"properties":{"probability":0.337,"inBuffer":false,"facType":"unknown"}},{"type":"Feature","geometry":{"type":"Point","coordinates":[-122.352,47.55684]},"properties":{"probability":0.431,"inBuffer":false,"facType":"unknown"}},{"type":"Feature","geometry":{"type":"Point","coordinates":[-122.34536,47.5568]},"properties":{"probability":0.153,"inBuffer":false,"facType":"unknown"}},{"type":"Feature","geometry":{"type":"Point","coordinates":[-122.33871,47.55676]},"properties":{"probability":0.159,"inBuffer":false,"facType":"unknown"}},{"type":"Feature","geometry":{"type":"Point","coordinates":[-122.33207,47.55672]},"properties":{"probability":0.167,"inBuffer":false,"facType":"unknown"}},{"type":"Feature","geometry":{"type":"Point","coordinates":[-122.32542,47.55669]},"properties":{"probability":0.164,"inBuffer":false,"facType":"unknown"}},{"type":"Feature","geometry":{"type":"Point","coordinates":[-122.31878,47.55665]},"properties":{"probability":0.435,"inBuffer":false,"facType":"unknown"}},{"type":"Feature","geometry":{"type":"Point","coordinates":[-122.31213,47.55661]},"properties":{"probability":0.426,"inBuffer":false,"facType":"unknown"}},{"type":"Feature","geometry":{"type":"Point","coordinates":[-122.30548,47.55657]},"properties":{"probability":0.912,"inBuffer":false,"facType":"unknown"}},{"type":"Feature","geometry":{"type":"Point","coordinates":[-122.29884,47.55653]},"properties":{"probability":0.367,"inBuffer":false,"facType":"unknown"}},{"type":"Feature","geometry":{"type":"Point","coordinates":[-122.29219,47.55648]},"properties":{"probability":0.441,"inBuffer":false,"facType":"unknown"}},{"type":"Feature","geometry":{"type":"Point","coordinates":[-122.28555,47.55644]},"properties":{"probability":0.49,"inBuffer":false,"facType":"unknown"}},{"type":"Feature","geometry":{"type":"Point","coordinates":[-122.2789,47.5564]},"properties":{"probability":0.422,"inBuffer":false,"facType":"unknown"}},{"type":"Feature","geometry":{"type":"Point","coordinates":[-122.17258,47.55568]},"properties":{"probability":0.252,"inBuffer":false,"facType":"unknown"}},{"type":"Feature","geometry":{"type":"Point","coordinates":[-122.16593,47.55564]},"properties":{"probability":0.256,"inBuffer":false,"facType":"unknown"}},{"type":"Feature","geometry":{"type":"Point","coordinates":[-122.15929,47.55559]},"properties":{"probability":0.262,"inBuffer":false,"facType":"unknown"}},{"type":"Feature","geometry":{"type":"Point","coordinates":[-122.38529,47.55252]},"properties":{"probability":0.076,"inBuffer":false,"facType":"unknown"}},{"type":"Feature","geometry":{"type":"Point","coordinates":[-122.372,47.55245]},"properties":{"probability":0.285,"inBuffer":false,"facType":"unknown"}},{"type":"Feature","geometry":{"type":"Point","coordinates":[-122.36535,47.55241]},"properties":{"probability":0.432,"inBuffer":false,"facType":"unknown"}},{"type":"Feature","geometry":{"type":"Point","coordinates":[-122.3587,47.55238]},"properties":{"probability":0.422,"inBuffer":false,"facType":"unknown"}},{"type":"Feature","geometry":{"type":"Point","coordinates":[-122.35206,47.55234]},"properties":{"probability":0.474,"inBuffer":false,"facType":"unknown"}},{"type":"Feature","geometry":{"type":"Point","coordinates":[-122.34541,47.5523]},"properties":{"probability":0.175,"inBuffer":false,"facType":"unknown"}},{"type":"Feature","geometry":{"type":"Point","coordinates":[-122.33877,47.55226]},"properties":{"probability":0.172,"inBuffer":false,"facType":"unknown"}},{"type":"Feature","geometry":{"type":"Point","coordinates":[-122.33212,47.55223]},"properties":{"probability":0.176,"inBuffer":false,"facType":"unknown"}},{"type":"Feature","geometry":{"type":"Point","coordinates":[-122.32548,47.55219]},"properties":{"probability":0.621,"inBuffer":false,"facType":"unknown"}},{"type":"Feature","geometry":{"type":"Point","coordinates":[-122.31883,47.55215]},"properties":{"probability":0.599,"inBuffer":false,"facType":"unknown"}},{"type":"Feature","geometry":{"type":"Point","coordinates":[-122.31219,47.55211]},"properties":{"probability":0.271,"inBuffer":false,"facType":"unknown"}},{"type":"Feature","geometry":{"type":"Point","coordinates":[-122.30554,47.55207]},"properties":{"probability":0.079,"inBuffer":false,"facType":"unknown"}},{"type":"Feature","geometry":{"type":"Point","coordinates":[-122.29225,47.55199]},"properties":{"probability":0.297,"inBuffer":false,"facType":"unknown"}},{"type":"Feature","geometry":{"type":"Point","coordinates":[-122.28561,47.55195]},"properties":{"probability":0.46,"inBuffer":false,"facType":"unknown"}},{"type":"Feature","geometry":{"type":"Point","coordinates":[-122.27896,47.5519]},"properties":{"probability":0.255,"inBuffer":false,"facType":"unknown"}},{"type":"Feature","geometry":{"type":"Point","coordinates":[-122.27232,47.55186]},"properties":{"probability":0.079,"inBuffer":false,"facType":"unknown"}},{"type":"Feature","geometry":{"type":"Point","coordinates":[-122.17265,47.55119]},"properties":{"probability":0.134,"inBuffer":false,"facType":"unknown"}},{"type":"Feature","geometry":{"type":"Point","coordinates":[-122.166,47.55114]},"properties":{"probability":0.246,"inBuffer":false,"facType":"unknown"}},{"type":"Feature","geometry":{"type":"Point","coordinates":[-122.15936,47.55109]},"properties":{"probability":0.131,"inBuffer":false,"facType":"unknown"}},{"type":"Feature","geometry":{"type":"Point","coordinates":[-122.38534,47.54802]},"properties":{"probability":0.084,"inBuffer":false,"facType":"unknown"}},{"type":"Feature","geometry":{"type":"Point","coordinates":[-122.37869,47.54799]},"properties":{"probability":0.087,"inBuffer":false,"facType":"unknown"}},{"type":"Feature","geometry":{"type":"Point","coordinates":[-122.37205,47.54795]},"properties":{"probability":0.431,"inBuffer":false,"facType":"unknown"}},{"type":"Feature","geometry":{"type":"Point","coordinates":[-122.3654,47.54792]},"properties":{"probability":0.434,"inBuffer":false,"facType":"unknown"}},{"type":"Feature","geometry":{"type":"Point","coordinates":[-122.35876,47.54788]},"properties":{"probability":0.413,"inBuffer":false,"facType":"unknown"}},{"type":"Feature","geometry":{"type":"Point","coordinates":[-122.35212,47.54784]},"properties":{"probability":0.143,"inBuffer":false,"facType":"unknown"}},{"type":"Feature","geometry":{"type":"Point","coordinates":[-122.34547,47.5478]},"properties":{"probability":0.163,"inBuffer":false,"facType":"unknown"}},{"type":"Feature","geometry":{"type":"Point","coordinates":[-122.33883,47.54777]},"properties":{"probability":0.182,"inBuffer":false,"facType":"unknown"}},{"type":"Feature","geometry":{"type":"Point","coordinates":[-122.33218,47.54773]},"properties":{"probability":0.411,"inBuffer":false,"facType":"unknown"}},{"type":"Feature","geometry":{"type":"Point","coordinates":[-122.32554,47.54769]},"properties":{"probability":0.643,"inBuffer":false,"facType":"unknown"}},{"type":"Feature","geometry":{"type":"Point","coordinates":[-122.31889,47.54765]},"properties":{"probability":0.63,"inBuffer":false,"facType":"unknown"}},{"type":"Feature","geometry":{"type":"Point","coordinates":[-122.31225,47.54761]},"properties":{"probability":0.389,"inBuffer":false,"facType":"unknown"}},{"type":"Feature","geometry":{"type":"Point","coordinates":[-122.3056,47.54757]},"properties":{"probability":0.084,"inBuffer":false,"facType":"unknown"}},{"type":"Feature","geometry":{"type":"Point","coordinates":[-122.29896,47.54753]},"properties":{"probability":0.083,"inBuffer":false,"facType":"unknown"}},{"type":"Feature","geometry":{"type":"Point","coordinates":[-122.29231,47.54749]},"properties":{"probability":0.439,"inBuffer":false,"facType":"unknown"}},{"type":"Feature","geometry":{"type":"Point","coordinates":[-122.28567,47.54745]},"properties":{"probability":0.508,"inBuffer":false,"facType":"unknown"}},{"type":"Feature","geometry":{"type":"Point","coordinates":[-122.27903,47.5474]},"properties":{"probability":0.42,"inBuffer":false,"facType":"unknown"}},{"type":"Feature","geometry":{"type":"Point","coordinates":[-122.27238,47.54736]},"properties":{"probability":0.082,"inBuffer":false,"facType":"unknown"}},{"type":"Feature","geometry":{"type":"Point","coordinates":[-122.22587,47.54706]},"properties":{"probability":0.238,"inBuffer":false,"facType":"unknown"}},{"type":"Feature","geometry":{"type":"Point","coordinates":[-122.21923,47.54701]},"properties":{"probability":0.179,"inBuffer":false,"facType":"unknown"}},{"type":"Feature","geometry":{"type":"Point","coordinates":[-122.39868,47.5436]},"properties":{"probability":0.302,"inBuffer":false,"facType":"unknown"}},{"type":"Feature","geometry":{"type":"Point","coordinates":[-122.39203,47.54356]},"properties":{"probability":0.417,"inBuffer":false,"facType":"unknown"}},{"type":"Feature","geometry":{"type":"Point","coordinates":[-122.38539,47.54353]},"properties":{"probability":0.088,"inBuffer":false,"facType":"unknown"}},{"type":"Feature","geometry":{"type":"Point","coordinates":[-122.37875,47.54349]},"properties":{"probability":0.093,"inBuffer":false,"facType":"unknown"}},{"type":"Feature","geometry":{"type":"Point","coordinates":[-122.3721,47.54345]},"properties":{"probability":0.089,"inBuffer":false,"facType":"unknown"}},{"type":"Feature","geometry":{"type":"Point","coordinates":[-122.36546,47.54342]},"properties":{"probability":0.311,"inBuffer":false,"facType":"unknown"}},{"type":"Feature","geometry":{"type":"Point","coordinates":[-122.35881,47.54338]},"properties":{"probability":0.082,"inBuffer":false,"facType":"unknown"}},{"type":"Feature","geometry":{"type":"Point","coordinates":[-122.35217,47.54334]},"properties":{"probability":0.101,"inBuffer":false,"facType":"unknown"}},{"type":"Feature","geometry":{"type":"Point","coordinates":[-122.34553,47.5433]},"properties":{"probability":0.162,"inBuffer":false,"facType":"unknown"}},{"type":"Feature","geometry":{"type":"Point","coordinates":[-122.33888,47.54327]},"properties":{"probability":0.171,"inBuffer":false,"facType":"unknown"}},{"type":"Feature","geometry":{"type":"Point","coordinates":[-122.33224,47.54323]},"properties":{"probability":0.573,"inBuffer":false,"facType":"unknown"}},{"type":"Feature","geometry":{"type":"Point","coordinates":[-122.32559,47.54319]},"properties":{"probability":0.636,"inBuffer":false,"facType":"unknown"}},{"type":"Feature","geometry":{"type":"Point","coordinates":[-122.31895,47.54315]},"properties":{"probability":0.627,"inBuffer":false,"facType":"unknown"}},{"type":"Feature","geometry":{"type":"Point","coordinates":[-122.31231,47.54311]},"properties":{"probability":0.145,"inBuffer":false,"facType":"unknown"}},{"type":"Feature","geometry":{"type":"Point","coordinates":[-122.30566,47.54307]},"properties":{"probability":0.083,"inBuffer":false,"facType":"unknown"}},{"type":"Feature","geometry":{"type":"Point","coordinates":[-122.29902,47.54303]},"properties":{"probability":0.084,"inBuffer":false,"facType":"unknown"}},{"type":"Feature","geometry":{"type":"Point","coordinates":[-122.29238,47.54299]},"properties":{"probability":0.413,"inBuffer":false,"facType":"unknown"}},{"type":"Feature","geometry":{"type":"Point","coordinates":[-122.28573,47.54295]},"properties":{"probability":0.52,"inBuffer":false,"facType":"unknown"}},{"type":"Feature","geometry":{"type":"Point","coordinates":[-122.27909,47.54291]},"properties":{"probability":0.099,"inBuffer":false,"facType":"unknown"}},{"type":"Feature","geometry":{"type":"Point","coordinates":[-122.27244,47.54286]},"properties":{"probability":0.084,"inBuffer":false,"facType":"unknown"}},{"type":"Feature","geometry":{"type":"Point","coordinates":[-122.23258,47.5426]},"properties":{"probability":0.134,"inBuffer":false,"facType":"unknown"}},{"type":"Feature","geometry":{"type":"Point","coordinates":[-122.22594,47.54256]},"properties":{"probability":0.258,"inBuffer":false,"facType":"unknown"}},{"type":"Feature","geometry":{"type":"Point","coordinates":[-122.21929,47.54251]},"properties":{"probability":0.257,"inBuffer":false,"facType":"unknown"}},{"type":"Feature","geometry":{"type":"Point","coordinates":[-122.19272,47.54233]},"properties":{"probability":0.236,"inBuffer":false,"facType":"unknown"}},{"type":"Feature","geometry":{"type":"Point","coordinates":[-122.18608,47.54228]},"properties":{"probability":0.281,"inBuffer":false,"facType":"unknown"}},{"type":"Feature","geometry":{"type":"Point","coordinates":[-122.17943,47.54224]},"properties":{"probability":0.273,"inBuffer":false,"facType":"unknown"}},{"type":"Feature","geometry":{"type":"Point","coordinates":[-122.17279,47.54219]},"properties":{"probability":0.297,"inBuffer":false,"facType":"unknown"}},{"type":"Feature","geometry":{"type":"Point","coordinates":[-122.16615,47.54214]},"properties":{"probability":0.423,"inBuffer":false,"facType":"unknown"}},{"type":"Feature","geometry":{"type":"Point","coordinates":[-122.1595,47.54209]},"properties":{"probability":0.083,"inBuffer":false,"facType":"unknown"}},{"type":"Feature","geometry":{"type":"Point","coordinates":[-122.39873,47.5391]},"properties":{"probability":0.295,"inBuffer":false,"facType":"unknown"}},{"type":"Feature","geometry":{"type":"Point","coordinates":[-122.39209,47.53906]},"properties":{"probability":0.333,"inBuffer":false,"facType":"unknown"}},{"type":"Feature","geometry":{"type":"Point","coordinates":[-122.3788,47.53899]},"properties":{"probability":0.362,"inBuffer":false,"facType":"unknown"}},{"type":"Feature","geometry":{"type":"Point","coordinates":[-122.37216,47.53895]},"properties":{"probability":0.907,"inBuffer":false,"facType":"unknown"}},{"type":"Feature","geometry":{"type":"Point","coordinates":[-122.36551,47.53892]},"properties":{"probability":0.919,"inBuffer":false,"facType":"unknown"}},{"type":"Feature","geometry":{"type":"Point","coordinates":[-122.35887,47.53888]},"properties":{"probability":0.418,"inBuffer":false,"facType":"unknown"}},{"type":"Feature","geometry":{"type":"Point","coordinates":[-122.35223,47.53884]},"properties":{"probability":0.284,"inBuffer":false,"facType":"unknown"}},{"type":"Feature","geometry":{"type":"Point","coordinates":[-122.34558,47.53881]},"properties":{"probability":0.155,"inBuffer":false,"facType":"unknown"}},{"type":"Feature","geometry":{"type":"Point","coordinates":[-122.33894,47.53877]},"properties":{"probability":0.148,"inBuffer":false,"facType":"unknown"}},{"type":"Feature","geometry":{"type":"Point","coordinates":[-122.3323,47.53873]},"properties":{"probability":0.156,"inBuffer":false,"facType":"unknown"}},{"type":"Feature","geometry":{"type":"Point","coordinates":[-122.32565,47.53869]},"properties":{"probability":0.528,"inBuffer":false,"facType":"unknown"}},{"type":"Feature","geometry":{"type":"Point","coordinates":[-122.31901,47.53865]},"properties":{"probability":0.175,"inBuffer":false,"facType":"unknown"}},{"type":"Feature","geometry":{"type":"Point","coordinates":[-122.31237,47.53861]},"properties":{"probability":0.179,"inBuffer":false,"facType":"unknown"}},{"type":"Feature","geometry":{"type":"Point","coordinates":[-122.30572,47.53857]},"properties":{"probability":0.387,"inBuffer":false,"facType":"unknown"}},{"type":"Feature","geometry":{"type":"Point","coordinates":[-122.29908,47.53853]},"properties":{"probability":0.39,"inBuffer":false,"facType":"unknown"}},{"type":"Feature","geometry":{"type":"Point","coordinates":[-122.29244,47.53849]},"properties":{"probability":0.089,"inBuffer":false,"facType":"unknown"}},{"type":"Feature","geometry":{"type":"Point","coordinates":[-122.28579,47.53845]},"properties":{"probability":0.129,"inBuffer":false,"facType":"unknown"}},{"type":"Feature","geometry":{"type":"Point","coordinates":[-122.27915,47.53841]},"properties":{"probability":0.099,"inBuffer":false,"facType":"unknown"}},{"type":"Feature","geometry":{"type":"Point","coordinates":[-122.27251,47.53837]},"properties":{"probability":0.085,"inBuffer":false,"facType":"unknown"}},{"type":"Feature","geometry":{"type":"Point","coordinates":[-122.226,47.53806]},"properties":{"probability":0.262,"inBuffer":false,"facType":"unknown"}},{"type":"Feature","geometry":{"type":"Point","coordinates":[-122.21936,47.53802]},"properties":{"probability":0.25,"inBuffer":false,"facType":"unknown"}},{"type":"Feature","geometry":{"type":"Point","coordinates":[-122.21272,47.53797]},"properties":{"probability":0.256,"inBuffer":false,"facType":"unknown"}},{"type":"Feature","geometry":{"type":"Point","coordinates":[-122.19943,47.53788]},"properties":{"probability":0.277,"inBuffer":false,"facType":"unknown"}},{"type":"Feature","geometry":{"type":"Point","coordinates":[-122.19279,47.53783]},"properties":{"probability":0.268,"inBuffer":false,"facType":"unknown"}},{"type":"Feature","geometry":{"type":"Point","coordinates":[-122.18615,47.53779]},"properties":{"probability":0.281,"inBuffer":false,"facType":"unknown"}},{"type":"Feature","geometry":{"type":"Point","coordinates":[-122.1795,47.53774]},"properties":{"probability":0.278,"inBuffer":false,"facType":"unknown"}},{"type":"Feature","geometry":{"type":"Point","coordinates":[-122.17286,47.53769]},"properties":{"probability":0.326,"inBuffer":false,"facType":"unknown"}},{"type":"Feature","geometry":{"type":"Point","coordinates":[-122.16622,47.53764]},"properties":{"probability":0.455,"inBuffer":false,"facType":"unknown"}},{"type":"Feature","geometry":{"type":"Point","coordinates":[-122.15957,47.53759]},"properties":{"probability":0.285,"inBuffer":false,"facType":"unknown"}},{"type":"Feature","geometry":{"type":"Point","coordinates":[-122.39878,47.5346]},"properties":{"probability":0.233,"inBuffer":false,"facType":"unknown"}},{"type":"Feature","geometry":{"type":"Point","coordinates":[-122.39214,47.53456]},"properties":{"probability":0.241,"inBuffer":false,"facType":"unknown"}},{"type":"Feature","geometry":{"type":"Point","coordinates":[-122.37885,47.53449]},"properties":{"probability":0.344,"inBuffer":false,"facType":"unknown"}},{"type":"Feature","geometry":{"type":"Point","coordinates":[-122.37221,47.53446]},"properties":{"probability":0.908,"inBuffer":false,"facType":"unknown"}},{"type":"Feature","geometry":{"type":"Point","coordinates":[-122.36557,47.53442]},"properties":{"probability":0.931,"inBuffer":false,"facType":"unknown"}},{"type":"Feature","geometry":{"type":"Point","coordinates":[-122.35892,47.53438]},"properties":{"probability":0.482,"inBuffer":false,"facType":"unknown"}},{"type":"Feature","geometry":{"type":"Point","coordinates":[-122.35228,47.53435]},"properties":{"probability":0.429,"inBuffer":false,"facType":"unknown"}},{"type":"Feature","geometry":{"type":"Point","coordinates":[-122.34564,47.53431]},"properties":{"probability":0.295,"inBuffer":false,"facType":"unknown"}},{"type":"Feature","geometry":{"type":"Point","coordinates":[-122.339,47.53427]},"properties":{"probability":0.127,"inBuffer":false,"facType":"unknown"}},{"type":"Feature","geometry":{"type":"Point","coordinates":[-122.33235,47.53423]},"properties":{"probability":0.144,"inBuffer":false,"facType":"unknown"}},{"type":"Feature","geometry":{"type":"Point","coordinates":[-122.32571,47.53419]},"properties":{"probability":0.153,"inBuffer":false,"facType":"unknown"}},{"type":"Feature","geometry":{"type":"Point","coordinates":[-122.31907,47.53415]},"properties":{"probability":0.193,"inBuffer":false,"facType":"unknown"}},{"type":"Feature","geometry":{"type":"Point","coordinates":[-122.31242,47.53411]},"properties":{"probability":0.456,"inBuffer":false,"facType":"unknown"}},{"type":"Feature","geometry":{"type":"Point","coordinates":[-122.30578,47.53407]},"properties":{"probability":0.955,"inBuffer":false,"facType":"unknown"}},{"type":"Feature","geometry":{"type":"Point","coordinates":[-122.29914,47.53403]},"properties":{"probability":0.947,"inBuffer":false,"facType":"unknown"}},{"type":"Feature","geometry":{"type":"Point","coordinates":[-122.2925,47.53399]},"properties":{"probability":0.363,"inBuffer":false,"facType":"unknown"}},{"type":"Feature","geometry":{"type":"Point","coordinates":[-122.28585,47.53395]},"properties":{"probability":0.316,"inBuffer":false,"facType":"unknown"}},{"type":"Feature","geometry":{"type":"Point","coordinates":[-122.27921,47.53391]},"properties":{"probability":0.138,"inBuffer":false,"facType":"unknown"}},{"type":"Feature","geometry":{"type":"Point","coordinates":[-122.27257,47.53387]},"properties":{"probability":0.085,"inBuffer":false,"facType":"unknown"}},{"type":"Feature","geometry":{"type":"Point","coordinates":[-122.21943,47.53352]},"properties":{"probability":0.133,"inBuffer":false,"facType":"unknown"}},{"type":"Feature","geometry":{"type":"Point","coordinates":[-122.21279,47.53347]},"properties":{"probability":0.249,"inBuffer":false,"facType":"unknown"}},{"type":"Feature","geometry":{"type":"Point","coordinates":[-122.20614,47.53343]},"properties":{"probability":0.253,"inBuffer":false,"facType":"unknown"}},{"type":"Feature","geometry":{"type":"Point","coordinates":[-122.1995,47.53338]},"properties":{"probability":0.32,"inBuffer":false,"facType":"unknown"}},{"type":"Feature","geometry":{"type":"Point","coordinates":[-122.19286,47.53333]},"properties":{"probability":0.366,"inBuffer":false,"facType":"unknown"}},{"type":"Feature","geometry":{"type":"Point","coordinates":[-122.18622,47.53329]},"properties":{"probability":0.137,"inBuffer":false,"facType":"unknown"}},{"type":"Feature","geometry":{"type":"Point","coordinates":[-122.17293,47.53319]},"properties":{"probability":0.18,"inBuffer":false,"facType":"unknown"}},{"type":"Feature","geometry":{"type":"Point","coordinates":[-122.16629,47.53314]},"properties":{"probability":0.273,"inBuffer":false,"facType":"unknown"}},{"type":"Feature","geometry":{"type":"Point","coordinates":[-122.39219,47.53006]},"properties":{"probability":0.082,"inBuffer":false,"facType":"unknown"}},{"type":"Feature","geometry":{"type":"Point","coordinates":[-122.37891,47.52999]},"properties":{"probability":0.344,"inBuffer":false,"facType":"unknown"}},{"type":"Feature","geometry":{"type":"Point","coordinates":[-122.37226,47.52996]},"properties":{"probability":0.897,"inBuffer":false,"facType":"unknown"}},{"type":"Feature","geometry":{"type":"Point","coordinates":[-122.36562,47.52992]},"properties":{"probability":0.919,"inBuffer":false,"facType":"unknown"}},{"type":"Feature","geometry":{"type":"Point","coordinates":[-122.35898,47.52988]},"properties":{"probability":0.429,"inBuffer":false,"facType":"unknown"}},{"type":"Feature","geometry":{"type":"Point","coordinates":[-122.35234,47.52985]},"properties":{"probability":0.417,"inBuffer":false,"facType":"unknown"}},{"type":"Feature","geometry":{"type":"Point","coordinates":[-122.34569,47.52981]},"properties":{"probability":0.081,"inBuffer":false,"facType":"unknown"}},{"type":"Feature","geometry":{"type":"Point","coordinates":[-122.33905,47.52977]},"properties":{"probability":0.105,"inBuffer":false,"facType":"unknown"}},{"type":"Feature","geometry":{"type":"Point","coordinates":[-122.33241,47.52973]},"properties":{"probability":0.161,"inBuffer":false,"facType":"unknown"}},{"type":"Feature","geometry":{"type":"Point","coordinates":[-122.32577,47.52969]},"properties":{"probability":0.148,"inBuffer":false,"facType":"unknown"}},{"type":"Feature","geometry":{"type":"Point","coordinates":[-122.31913,47.52965]},"properties":{"probability":0.383,"inBuffer":false,"facType":"unknown"}},{"type":"Feature","geometry":{"type":"Point","coordinates":[-122.31248,47.52961]},"properties":{"probability":0.955,"inBuffer":false,"facType":"unknown"}},{"type":"Feature","geometry":{"type":"Point","coordinates":[-122.30584,47.52957]},"properties":{"probability":0.956,"inBuffer":false,"facType":"unknown"}},{"type":"Feature","geometry":{"type":"Point","coordinates":[-122.2992,47.52953]},"properties":{"probability":0.944,"inBuffer":false,"facType":"unknown"}},{"type":"Feature","geometry":{"type":"Point","coordinates":[-122.29256,47.52949]},"properties":{"probability":0.388,"inBuffer":false,"facType":"unknown"}},{"type":"Feature","geometry":{"type":"Point","coordinates":[-122.28591,47.52945]},"properties":{"probability":0.094,"inBuffer":false,"facType":"unknown"}},{"type":"Feature","geometry":{"type":"Point","coordinates":[-122.27927,47.52941]},"properties":{"probability":0.11,"inBuffer":false,"facType":"unknown"}},{"type":"Feature","geometry":{"type":"Point","coordinates":[-122.27263,47.52937]},"properties":{"probability":0.417,"inBuffer":false,"facType":"unknown"}},{"type":"Feature","geometry":{"type":"Point","coordinates":[-122.26599,47.52933]},"properties":{"probability":0.152,"inBuffer":false,"facType":"unknown"}},{"type":"Feature","geometry":{"type":"Point","coordinates":[-122.20621,47.52893]},"properties":{"probability":0.139,"inBuffer":false,"facType":"unknown"}},{"type":"Feature","geometry":{"type":"Point","coordinates":[-122.19957,47.52888]},"properties":{"probability":0.276,"inBuffer":false,"facType":"unknown"}},{"type":"Feature","geometry":{"type":"Point","coordinates":[-122.39888,47.5256]},"properties":{"probability":0.247,"inBuffer":false,"facType":"unknown"}},{"type":"Feature","geometry":{"type":"Point","coordinates":[-122.39224,47.52557]},"properties":{"probability":0.281,"inBuffer":false,"facType":"unknown"}},{"type":"Feature","geometry":{"type":"Point","coordinates":[-122.3856,47.52553]},"properties":{"probability":0.26,"inBuffer":false,"facType":"unknown"}},{"type":"Feature","geometry":{"type":"Point","coordinates":[-122.37232,47.52546]},"properties":{"probability":0.36,"inBuffer":false,"facType":"unknown"}},{"type":"Feature","geometry":{"type":"Point","coordinates":[-122.36568,47.52542]},"properties":{"probability":0.39,"inBuffer":false,"facType":"unknown"}},{"type":"Feature","geometry":{"type":"Point","coordinates":[-122.35903,47.52539]},"properties":{"probability":0.095,"inBuffer":false,"facType":"unknown"}},{"type":"Feature","geometry":{"type":"Point","coordinates":[-122.33911,47.52527]},"properties":{"probability":0.087,"inBuffer":false,"facType":"unknown"}},{"type":"Feature","geometry":{"type":"Point","coordinates":[-122.33247,47.52523]},"properties":{"probability":0.34,"inBuffer":false,"facType":"unknown"}},{"type":"Feature","geometry":{"type":"Point","coordinates":[-122.32583,47.52519]},"properties":{"probability":0.143,"inBuffer":false,"facType":"unknown"}},{"type":"Feature","geometry":{"type":"Point","coordinates":[-122.31918,47.52516]},"properties":{"probability":0.309,"inBuffer":false,"facType":"unknown"}},{"type":"Feature","geometry":{"type":"Point","coordinates":[-122.31254,47.52512]},"properties":{"probability":0.394,"inBuffer":false,"facType":"unknown"}},{"type":"Feature","geometry":{"type":"Point","coordinates":[-122.3059,47.52508]},"properties":{"probability":0.954,"inBuffer":false,"facType":"unknown"}},{"type":"Feature","geometry":{"type":"Point","coordinates":[-122.29926,47.52504]},"properties":{"probability":0.945,"inBuffer":false,"facType":"unknown"}},{"type":"Feature","geometry":{"type":"Point","coordinates":[-122.29262,47.52499]},"properties":{"probability":0.391,"inBuffer":false,"facType":"unknown"}},{"type":"Feature","geometry":{"type":"Point","coordinates":[-122.28598,47.52495]},"properties":{"probability":0.08,"inBuffer":false,"facType":"unknown"}},{"type":"Feature","geometry":{"type":"Point","coordinates":[-122.27933,47.52491]},"properties":{"probability":0.43,"inBuffer":false,"facType":"unknown"}},{"type":"Feature","geometry":{"type":"Point","coordinates":[-122.27269,47.52487]},"properties":{"probability":0.59,"inBuffer":false,"facType":"unknown"}},{"type":"Feature","geometry":{"type":"Point","coordinates":[-122.26605,47.52483]},"properties":{"probability":0.472,"inBuffer":false,"facType":"unknown"}},{"type":"Feature","geometry":{"type":"Point","coordinates":[-122.25941,47.52478]},"properties":{"probability":0.08,"inBuffer":false,"facType":"unknown"}},{"type":"Feature","geometry":{"type":"Point","coordinates":[-122.39229,47.52107]},"properties":{"probability":0.287,"inBuffer":false,"facType":"unknown"}},{"type":"Feature","geometry":{"type":"Point","coordinates":[-122.38565,47.52103]},"properties":{"probability":0.259,"inBuffer":false,"facType":"unknown"}},{"type":"Feature","geometry":{"type":"Point","coordinates":[-122.37901,47.521]},"properties":{"probability":0.083,"inBuffer":false,"facType":"unknown"}},{"type":"Feature","geometry":{"type":"Point","coordinates":[-122.37237,47.52096]},"properties":{"probability":0.266,"inBuffer":false,"facType":"unknown"}},{"type":"Feature","geometry":{"type":"Point","coordinates":[-122.36573,47.52092]},"properties":{"probability":0.312,"inBuffer":false,"facType":"unknown"}},{"type":"Feature","geometry":{"type":"Point","coordinates":[-122.35909,47.52089]},"properties":{"probability":0.124,"inBuffer":false,"facType":"unknown"}},{"type":"Feature","geometry":{"type":"Point","coordinates":[-122.35245,47.52085]},"properties":{"probability":0.078,"inBuffer":false,"facType":"unknown"}},{"type":"Feature","geometry":{"type":"Point","coordinates":[-122.34581,47.52081]},"properties":{"probability":0.087,"inBuffer":false,"facType":"unknown"}},{"type":"Feature","geometry":{"type":"Point","coordinates":[-122.33917,47.52077]},"properties":{"probability":0.424,"inBuffer":false,"facType":"unknown"}},{"type":"Feature","geometry":{"type":"Point","coordinates":[-122.33252,47.52073]},"properties":{"probability":0.451,"inBuffer":false,"facType":"unknown"}},{"type":"Feature","geometry":{"type":"Point","coordinates":[-122.32588,47.5207]},"properties":{"probability":0.304,"inBuffer":false,"facType":"unknown"}},{"type":"Feature","geometry":{"type":"Point","coordinates":[-122.31924,47.52066]},"properties":{"probability":0.146,"inBuffer":false,"facType":"unknown"}},{"type":"Feature","geometry":{"type":"Point","coordinates":[-122.3126,47.52062]},"properties":{"probability":0.145,"inBuffer":false,"facType":"unknown"}},{"type":"Feature","geometry":{"type":"Point","coordinates":[-122.30596,47.52058]},"properties":{"probability":0.452,"inBuffer":false,"facType":"unknown"}},{"type":"Feature","geometry":{"type":"Point","coordinates":[-122.29932,47.52054]},"properties":{"probability":0.171,"inBuffer":false,"facType":"unknown"}},{"type":"Feature","geometry":{"type":"Point","coordinates":[-122.29268,47.5205]},"properties":{"probability":0.176,"inBuffer":false,"facType":"unknown"}},{"type":"Feature","geometry":{"type":"Point","coordinates":[-122.28604,47.52045]},"properties":{"probability":0.101,"inBuffer":false,"facType":"unknown"}},{"type":"Feature","geometry":{"type":"Point","coordinates":[-122.2794,47.52041]},"properties":{"probability":0.269,"inBuffer":false,"facType":"unknown"}},{"type":"Feature","geometry":{"type":"Point","coordinates":[-122.27275,47.52037]},"properties":{"probability":0.521,"inBuffer":false,"facType":"unknown"}},{"type":"Feature","geometry":{"type":"Point","coordinates":[-122.26611,47.52033]},"properties":{"probability":0.474,"inBuffer":false,"facType":"unknown"}},{"type":"Feature","geometry":{"type":"Point","coordinates":[-122.25947,47.52029]},"properties":{"probability":0.085,"inBuffer":false,"facType":"unknown"}},{"type":"Feature","geometry":{"type":"Point","coordinates":[-122.37242,47.51646]},"properties":{"probability":0.076,"inBuffer":false,"facType":"unknown"}},{"type":"Feature","geometry":{"type":"Point","coordinates":[-122.36578,47.51642]},"properties":{"probability":0.273,"inBuffer":false,"facType":"unknown"}},{"type":"Feature","geometry":{"type":"Point","coordinates":[-122.35914,47.51639]},"properties":{"probability":0.096,"inBuffer":false,"facType":"unknown"}},{"type":"Feature","geometry":{"type":"Point","coordinates":[-122.3525,47.51635]},"properties":{"probability":0.133,"inBuffer":false,"facType":"unknown"}},{"type":"Feature","geometry":{"type":"Point","coordinates":[-122.34586,47.51631]},"properties":{"probability":0.106,"inBuffer":false,"facType":"unknown"}},{"type":"Feature","geometry":{"type":"Point","coordinates":[-122.33922,47.51627]},"properties":{"probability":0.425,"inBuffer":false,"facType":"unknown"}},{"type":"Feature","geometry":{"type":"Point","coordinates":[-122.33258,47.51624]},"properties":{"probability":0.437,"inBuffer":false,"facType":"unknown"}},{"type":"Feature","geometry":{"type":"Point","coordinates":[-122.32594,47.5162]},"properties":{"probability":0.094,"inBuffer":false,"facType":"unknown"}},{"type":"Feature","geometry":{"type":"Point","coordinates":[-122.3193,47.51616]},"properties":{"probability":0.103,"inBuffer":false,"facType":"unknown"}},{"type":"Feature","geometry":{"type":"Point","coordinates":[-122.31266,47.51612]},"properties":{"probability":0.458,"inBuffer":false,"facType":"unknown"}},{"type":"Feature","geometry":{"type":"Point","coordinates":[-122.30602,47.51608]},"properties":{"probability":0.634,"inBuffer":false,"facType":"unknown"}},{"type":"Feature","geometry":{"type":"Point","coordinates":[-122.29938,47.51604]},"properties":{"probability":0.62,"inBuffer":false,"facType":"unknown"}},{"type":"Feature","geometry":{"type":"Point","coordinates":[-122.29274,47.516]},"properties":{"probability":0.594,"inBuffer":false,"facType":"unknown"}},{"type":"Feature","geometry":{"type":"Point","coordinates":[-122.2861,47.51596]},"properties":{"probability":0.576,"inBuffer":false,"facType":"unknown"}},{"type":"Feature","geometry":{"type":"Point","coordinates":[-122.27946,47.51591]},"properties":{"probability":0.113,"inBuffer":false,"facType":"unknown"}},{"type":"Feature","geometry":{"type":"Point","coordinates":[-122.27282,47.51587]},"properties":{"probability":0.081,"inBuffer":false,"facType":"unknown"}},{"type":"Feature","geometry":{"type":"Point","coordinates":[-122.26618,47.51583]},"properties":{"probability":0.087,"inBuffer":false,"facType":"unknown"}},{"type":"Feature","geometry":{"type":"Point","coordinates":[-122.25954,47.51579]},"properties":{"probability":0.081,"inBuffer":false,"facType":"unknown"}},{"type":"Feature","geometry":{"type":"Point","coordinates":[-122.36584,47.51193]},"properties":{"probability":0.234,"inBuffer":false,"facType":"unknown"}},{"type":"Feature","geometry":{"type":"Point","coordinates":[-122.3592,47.51189]},"properties":{"probability":0.093,"inBuffer":false,"facType":"unknown"}},{"type":"Feature","geometry":{"type":"Point","coordinates":[-122.35256,47.51185]},"properties":{"probability":0.125,"inBuffer":false,"facType":"unknown"}},{"type":"Feature","geometry":{"type":"Point","coordinates":[-122.34592,47.51181]},"properties":{"probability":0.084,"inBuffer":false,"facType":"unknown"}},{"type":"Feature","geometry":{"type":"Point","coordinates":[-122.31272,47.51162]},"properties":{"probability":0.296,"inBuffer":false,"facType":"unknown"}},{"type":"Feature","geometry":{"type":"Point","coordinates":[-122.30608,47.51158]},"properties":{"probability":0.598,"inBuffer":false,"facType":"unknown"}},{"type":"Feature","geometry":{"type":"Point","coordinates":[-122.29944,47.51154]},"properties":{"probability":0.525,"inBuffer":false,"facType":"unknown"}},{"type":"Feature","geometry":{"type":"Point","coordinates":[-122.2928,47.5115]},"properties":{"probability":0.638,"inBuffer":false,"facType":"unknown"}},{"type":"Feature","geometry":{"type":"Point","coordinates":[-122.28616,47.51146]},"properties":{"probability":0.598,"inBuffer":false,"facType":"unknown"}},{"type":"Feature","geometry":{"type":"Point","coordinates":[-122.27952,47.51142]},"properties":{"probability":0.5,"inBuffer":false,"facType":"unknown"}},{"type":"Feature","geometry":{"type":"Point","coordinates":[-122.27288,47.51137]},"properties":{"probability":0.278,"inBuffer":false,"facType":"unknown"}},{"type":"Feature","geometry":{"type":"Point","coordinates":[-122.26624,47.51133]},"properties":{"probability":0.293,"inBuffer":false,"facType":"unknown"}},{"type":"Feature","geometry":{"type":"Point","coordinates":[-122.23968,47.51116]},"properties":{"probability":0.195,"inBuffer":false,"facType":"unknown"}},{"type":"Feature","geometry":{"type":"Point","coordinates":[-122.23304,47.51111]},"properties":{"probability":0.184,"inBuffer":false,"facType":"unknown"}},{"type":"Feature","geometry":{"type":"Point","coordinates":[-122.36589,47.50743]},"properties":{"probability":0.219,"inBuffer":false,"facType":"unknown"}},{"type":"Feature","geometry":{"type":"Point","coordinates":[-122.35925,47.50739]},"properties":{"probability":0.272,"inBuffer":false,"facType":"unknown"}},{"type":"Feature","geometry":{"type":"Point","coordinates":[-122.35261,47.50735]},"properties":{"probability":0.306,"inBuffer":false,"facType":"unknown"}},{"type":"Feature","geometry":{"type":"Point","coordinates":[-122.34597,47.50732]},"properties":{"probability":0.27,"inBuffer":false,"facType":"unknown"}},{"type":"Feature","geometry":{"type":"Point","coordinates":[-122.33933,47.50728]},"properties":{"probability":0.078,"inBuffer":false,"facType":"unknown"}},{"type":"Feature","geometry":{"type":"Point","coordinates":[-122.3327,47.50724]},"properties":{"probability":0.079,"inBuffer":false,"facType":"unknown"}},{"type":"Feature","geometry":{"type":"Point","coordinates":[-122.2995,47.50704]},"properties":{"probability":0.143,"inBuffer":false,"facType":"unknown"}},{"type":"Feature","geometry":{"type":"Point","coordinates":[-122.29286,47.507]},"properties":{"probability":0.457,"inBuffer":false,"facType":"unknown"}},{"type":"Feature","geometry":{"type":"Point","coordinates":[-122.28622,47.50696]},"properties":{"probability":0.487,"inBuffer":false,"facType":"unknown"}},{"type":"Feature","geometry":{"type":"Point","coordinates":[-122.27958,47.50692]},"properties":{"probability":0.117,"inBuffer":false,"facType":"unknown"}},{"type":"Feature","geometry":{"type":"Point","coordinates":[-122.27294,47.50688]},"properties":{"probability":0.417,"inBuffer":false,"facType":"unknown"}},{"type":"Feature","geometry":{"type":"Point","coordinates":[-122.2663,47.50683]},"properties":{"probability":0.298,"inBuffer":false,"facType":"unknown"}},{"type":"Feature","geometry":{"type":"Point","coordinates":[-122.25966,47.50679]},"properties":{"probability":0.298,"inBuffer":false,"facType":"unknown"}},{"type":"Feature","geometry":{"type":"Point","coordinates":[-122.23975,47.50666]},"properties":{"probability":0.2,"inBuffer":false,"facType":"unknown"}},{"type":"Feature","geometry":{"type":"Point","coordinates":[-122.23311,47.50662]},"properties":{"probability":0.19,"inBuffer":false,"facType":"unknown"}},{"type":"Feature","geometry":{"type":"Point","coordinates":[-122.22647,47.50657]},"properties":{"probability":0.303,"inBuffer":false,"facType":"unknown"}},{"type":"Feature","geometry":{"type":"Point","coordinates":[-122.21983,47.50653]},"properties":{"probability":0.848,"inBuffer":false,"facType":"unknown"}},{"type":"Feature","geometry":{"type":"Point","coordinates":[-122.21319,47.50648]},"properties":{"probability":0.396,"inBuffer":false,"facType":"unknown"}},{"type":"Feature","geometry":{"type":"Point","coordinates":[-122.20655,47.50644]},"properties":{"probability":0.402,"inBuffer":false,"facType":"unknown"}},{"type":"Feature","geometry":{"type":"Point","coordinates":[-122.19991,47.50639]},"properties":{"probability":0.42,"inBuffer":false,"facType":"unknown"}},{"type":"Feature","geometry":{"type":"Point","coordinates":[-122.19327,47.50634]},"properties":{"probability":0.253,"inBuffer":false,"facType":"unknown"}},{"type":"Feature","geometry":{"type":"Point","coordinates":[-122.18663,47.5063]},"properties":{"probability":0.436,"inBuffer":false,"facType":"unknown"}},{"type":"Feature","geometry":{"type":"Point","coordinates":[-122.17999,47.50625]},"properties":{"probability":0.447,"inBuffer":false,"facType":"unknown"}},{"type":"Feature","geometry":{"type":"Point","coordinates":[-122.17335,47.5062]},"properties":{"probability":0.385,"inBuffer":false,"facType":"unknown"}},{"type":"Feature","geometry":{"type":"Point","coordinates":[-122.16008,47.5061]},"properties":{"probability":0.088,"inBuffer":false,"facType":"unknown"}},{"type":"Feature","geometry":{"type":"Point","coordinates":[-122.35931,47.50289]},"properties":{"probability":0.339,"inBuffer":false,"facType":"unknown"}},{"type":"Feature","geometry":{"type":"Point","coordinates":[-122.35267,47.50285]},"properties":{"probability":0.364,"inBuffer":false,"facType":"unknown"}},{"type":"Feature","geometry":{"type":"Point","coordinates":[-122.34603,47.50282]},"properties":{"probability":0.366,"inBuffer":false,"facType":"unknown"}},{"type":"Feature","geometry":{"type":"Point","coordinates":[-122.33939,47.50278]},"properties":{"probability":0.292,"inBuffer":false,"facType":"unknown"}},{"type":"Feature","geometry":{"type":"Point","coordinates":[-122.33275,47.50274]},"properties":{"probability":0.267,"inBuffer":false,"facType":"unknown"}},{"type":"Feature","geometry":{"type":"Point","coordinates":[-122.29956,47.50254]},"properties":{"probability":0.135,"inBuffer":false,"facType":"unknown"}},{"type":"Feature","geometry":{"type":"Point","coordinates":[-122.29292,47.5025]},"properties":{"probability":0.144,"inBuffer":false,"facType":"unknown"}},{"type":"Feature","geometry":{"type":"Point","coordinates":[-122.28628,47.50246]},"properties":{"probability":0.103,"inBuffer":false,"facType":"unknown"}},{"type":"Feature","geometry":{"type":"Point","coordinates":[-122.27964,47.50242]},"properties":{"probability":0.096,"inBuffer":false,"facType":"unknown"}},{"type":"Feature","geometry":{"type":"Point","coordinates":[-122.273,47.50238]},"properties":{"probability":0.371,"inBuffer":false,"facType":"unknown"}},{"type":"Feature","geometry":{"type":"Point","coordinates":[-122.26636,47.50233]},"properties":{"probability":0.291,"inBuffer":false,"facType":"unknown"}},{"type":"Feature","geometry":{"type":"Point","coordinates":[-122.25973,47.50229]},"properties":{"probability":0.147,"inBuffer":false,"facType":"unknown"}},{"type":"Feature","geometry":{"type":"Point","coordinates":[-122.23981,47.50216]},"properties":{"probability":0.199,"inBuffer":false,"facType":"unknown"}},{"type":"Feature","geometry":{"type":"Point","coordinates":[-122.23317,47.50212]},"properties":{"probability":0.306,"inBuffer":false,"facType":"unknown"}},{"type":"Feature","geometry":{"type":"Point","coordinates":[-122.22653,47.50207]},"properties":{"probability":0.881,"inBuffer":false,"facType":"unknown"}},{"type":"Feature","geometry":{"type":"Point","coordinates":[-122.21989,47.50203]},"properties":{"probability":0.921,"inBuffer":false,"facType":"unknown"}},{"type":"Feature","geometry":{"type":"Point","coordinates":[-122.21326,47.50198]},"properties":{"probability":0.945,"inBuffer":false,"facType":"unknown"}},{"type":"Feature","geometry":{"type":"Point","coordinates":[-122.20662,47.50194]},"properties":{"probability":0.61,"inBuffer":false,"facType":"unknown"}},{"type":"Feature","geometry":{"type":"Point","coordinates":[-122.19998,47.50189]},"properties":{"probability":0.536,"inBuffer":false,"facType":"unknown"}},{"type":"Feature","geometry":{"type":"Point","coordinates":[-122.19334,47.50184]},"properties":{"probability":0.43,"inBuffer":false,"facType":"unknown"}},{"type":"Feature","geometry":{"type":"Point","coordinates":[-122.1867,47.5018]},"properties":{"probability":0.459,"inBuffer":false,"facType":"unknown"}},{"type":"Feature","geometry":{"type":"Point","coordinates":[-122.18006,47.50175]},"properties":{"probability":0.494,"inBuffer":false,"facType":"unknown"}},{"type":"Feature","geometry":{"type":"Point","coordinates":[-122.17343,47.5017]},"properties":{"probability":0.412,"inBuffer":false,"facType":"unknown"}},{"type":"Feature","geometry":{"type":"Point","coordinates":[-122.16015,47.50161]},"properties":{"probability":0.088,"inBuffer":false,"facType":"unknown"}},{"type":"Feature","geometry":{"type":"Point","coordinates":[-122.35936,47.49839]},"properties":{"probability":0.324,"inBuffer":false,"facType":"unknown"}},{"type":"Feature","geometry":{"type":"Point","coordinates":[-122.35272,47.49836]},"properties":{"probability":0.893,"inBuffer":false,"facType":"unknown"}},{"type":"Feature","geometry":{"type":"Point","coordinates":[-122.34609,47.49832]},"properties":{"probability":0.894,"inBuffer":false,"facType":"unknown"}},{"type":"Feature","geometry":{"type":"Point","coordinates":[-122.33945,47.49828]},"properties":{"probability":0.346,"inBuffer":false,"facType":"unknown"}},{"type":"Feature","geometry":{"type":"Point","coordinates":[-122.33281,47.49824]},"properties":{"probability":0.224,"inBuffer":false,"facType":"unknown"}},{"type":"Feature","geometry":{"type":"Point","coordinates":[-122.32617,47.4982]},"properties":{"probability":0.213,"inBuffer":false,"facType":"unknown"}},{"type":"Feature","geometry":{"type":"Point","coordinates":[-122.31289,47.49812]},"properties":{"probability":0.227,"inBuffer":false,"facType":"unknown"}},{"type":"Feature","geometry":{"type":"Point","coordinates":[-122.30626,47.49808]},"properties":{"probability":0.079,"inBuffer":false,"facType":"unknown"}},{"type":"Feature","geometry":{"type":"Point","coordinates":[-122.29962,47.49804]},"properties":{"probability":0.097,"inBuffer":false,"facType":"unknown"}},{"type":"Feature","geometry":{"type":"Point","coordinates":[-122.29298,47.498]},"properties":{"probability":0.111,"inBuffer":false,"facType":"unknown"}},{"type":"Feature","geometry":{"type":"Point","coordinates":[-122.28634,47.49796]},"properties":{"probability":0.143,"inBuffer":false,"facType":"unknown"}},{"type":"Feature","geometry":{"type":"Point","coordinates":[-122.2797,47.49792]},"properties":{"probability":0.101,"inBuffer":false,"facType":"unknown"}},{"type":"Feature","geometry":{"type":"Point","coordinates":[-122.27307,47.49788]},"properties":{"probability":0.095,"inBuffer":false,"facType":"unknown"}},{"type":"Feature","geometry":{"type":"Point","coordinates":[-122.24651,47.49771]},"properties":{"probability":0.078,"inBuffer":false,"facType":"unknown"}},{"type":"Feature","geometry":{"type":"Point","coordinates":[-122.23988,47.49766]},"properties":{"probability":0.232,"inBuffer":false,"facType":"unknown"}},{"type":"Feature","geometry":{"type":"Point","coordinates":[-122.23324,47.49762]},"properties":{"probability":0.313,"inBuffer":false,"facType":"unknown"}},{"type":"Feature","geometry":{"type":"Point","coordinates":[-122.2266,47.49757]},"properties":{"probability":0.906,"inBuffer":false,"facType":"unknown"}},{"type":"Feature","geometry":{"type":"Point","coordinates":[-122.21996,47.49753]},"properties":{"probability":0.947,"inBuffer":false,"facType":"unknown"}},{"type":"Feature","geometry":{"type":"Point","coordinates":[-122.21332,47.49748]},"properties":{"probability":0.954,"inBuffer":false,"facType":"unknown"}},{"type":"Feature","geometry":{"type":"Point","coordinates":[-122.20669,47.49744]},"properties":{"probability":0.639,"inBuffer":false,"facType":"unknown"}},{"type":"Feature","geometry":{"type":"Point","coordinates":[-122.20005,47.49739]},"properties":{"probability":0.634,"inBuffer":false,"facType":"unknown"}},{"type":"Feature","geometry":{"type":"Point","coordinates":[-122.19341,47.49735]},"properties":{"probability":0.454,"inBuffer":false,"facType":"unknown"}},{"type":"Feature","geometry":{"type":"Point","coordinates":[-122.18677,47.4973]},"properties":{"probability":0.428,"inBuffer":false,"facType":"unknown"}},{"type":"Feature","geometry":{"type":"Point","coordinates":[-122.18013,47.49725]},"properties":{"probability":0.297,"inBuffer":false,"facType":"unknown"}},{"type":"Feature","geometry":{"type":"Point","coordinates":[-122.1735,47.4972]},"properties":{"probability":0.08,"inBuffer":false,"facType":"unknown"}},{"type":"Feature","geometry":{"type":"Point","coordinates":[-122.36605,47.49393]},"properties":{"probability":0.258,"inBuffer":false,"facType":"unknown"}},{"type":"Feature","geometry":{"type":"Point","coordinates":[-122.35942,47.49389]},"properties":{"probability":0.273,"inBuffer":false,"facType":"unknown"}},{"type":"Feature","geometry":{"type":"Point","coordinates":[-122.35278,47.49386]},"properties":{"probability":0.883,"inBuffer":false,"facType":"unknown"}},{"type":"Feature","geometry":{"type":"Point","coordinates":[-122.34614,47.49382]},"properties":{"probability":0.883,"inBuffer":false,"facType":"unknown"}},{"type":"Feature","geometry":{"type":"Point","coordinates":[-122.3395,47.49378]},"properties":{"probability":0.335,"inBuffer":false,"facType":"unknown"}},{"type":"Feature","geometry":{"type":"Point","coordinates":[-122.33287,47.49374]},"properties":{"probability":0.224,"inBuffer":false,"facType":"unknown"}},{"type":"Feature","geometry":{"type":"Point","coordinates":[-122.32623,47.4937]},"properties":{"probability":0.218,"inBuffer":false,"facType":"unknown"}},{"type":"Feature","geometry":{"type":"Point","coordinates":[-122.31959,47.49366]},"properties":{"probability":0.193,"inBuffer":false,"facType":"unknown"}},{"type":"Feature","geometry":{"type":"Point","coordinates":[-122.31295,47.49363]},"properties":{"probability":0.224,"inBuffer":false,"facType":"unknown"}},{"type":"Feature","geometry":{"type":"Point","coordinates":[-122.30632,47.49359]},"properties":{"probability":0.365,"inBuffer":false,"facType":"unknown"}},{"type":"Feature","geometry":{"type":"Point","coordinates":[-122.29968,47.49354]},"properties":{"probability":0.273,"inBuffer":false,"facType":"unknown"}},{"type":"Feature","geometry":{"type":"Point","coordinates":[-122.29304,47.4935]},"properties":{"probability":0.471,"inBuffer":false,"facType":"unknown"}},{"type":"Feature","geometry":{"type":"Point","coordinates":[-122.2864,47.49346]},"properties":{"probability":0.619,"inBuffer":false,"facType":"unknown"}},{"type":"Feature","geometry":{"type":"Point","coordinates":[-122.27977,47.49342]},"properties":{"probability":0.122,"inBuffer":false,"facType":"unknown"}},{"type":"Feature","geometry":{"type":"Point","coordinates":[-122.27313,47.49338]},"properties":{"probability":0.107,"inBuffer":false,"facType":"unknown"}},{"type":"Feature","geometry":{"type":"Point","coordinates":[-122.26649,47.49334]},"properties":{"probability":0.085,"inBuffer":false,"facType":"unknown"}},{"type":"Feature","geometry":{"type":"Point","coordinates":[-122.24658,47.49321]},"properties":{"probability":0.079,"inBuffer":false,"facType":"unknown"}},{"type":"Feature","geometry":{"type":"Point","coordinates":[-122.23994,47.49316]},"properties":{"probability":0.269,"inBuffer":false,"facType":"unknown"}},{"type":"Feature","geometry":{"type":"Point","coordinates":[-122.2333,47.49312]},"properties":{"probability":0.227,"inBuffer":false,"facType":"unknown"}},{"type":"Feature","geometry":{"type":"Point","coordinates":[-122.22667,47.49308]},"properties":{"probability":0.339,"inBuffer":false,"facType":"unknown"}},{"type":"Feature","geometry":{"type":"Point","coordinates":[-122.22003,47.49303]},"properties":{"probability":0.954,"inBuffer":false,"facType":"unknown"}},{"type":"Feature","geometry":{"type":"Point","coordinates":[-122.21339,47.49299]},"properties":{"probability":0.954,"inBuffer":false,"facType":"unknown"}},{"type":"Feature","geometry":{"type":"Point","coordinates":[-122.20675,47.49294]},"properties":{"probability":0.645,"inBuffer":false,"facType":"unknown"}},{"type":"Feature","geometry":{"type":"Point","coordinates":[-122.20012,47.49289]},"properties":{"probability":0.631,"inBuffer":false,"facType":"unknown"}},{"type":"Feature","geometry":{"type":"Point","coordinates":[-122.19348,47.49285]},"properties":{"probability":0.491,"inBuffer":false,"facType":"unknown"}},{"type":"Feature","geometry":{"type":"Point","coordinates":[-122.18684,47.4928]},"properties":{"probability":0.323,"inBuffer":false,"facType":"unknown"}},{"type":"Feature","geometry":{"type":"Point","coordinates":[-122.1802,47.49275]},"properties":{"probability":0.085,"inBuffer":false,"facType":"unknown"}},{"type":"Feature","geometry":{"type":"Point","coordinates":[-122.17357,47.49271]},"properties":{"probability":0.263,"inBuffer":false,"facType":"unknown"}},{"type":"Feature","geometry":{"type":"Point","coordinates":[-122.16693,47.49266]},"properties":{"probability":0.425,"inBuffer":false,"facType":"unknown"}},{"type":"Feature","geometry":{"type":"Point","coordinates":[-122.16029,47.49261]},"properties":{"probability":0.439,"inBuffer":false,"facType":"unknown"}},{"type":"Feature","geometry":{"type":"Point","coordinates":[-122.36611,47.48943]},"properties":{"probability":0.245,"inBuffer":false,"facType":"unknown"}},{"type":"Feature","geometry":{"type":"Point","coordinates":[-122.35947,47.4894]},"properties":{"probability":0.278,"inBuffer":false,"facType":"unknown"}},{"type":"Feature","geometry":{"type":"Point","coordinates":[-122.35283,47.48936]},"properties":{"probability":0.895,"inBuffer":false,"facType":"unknown"}},{"type":"Feature","geometry":{"type":"Point","coordinates":[-122.3462,47.48932]},"properties":{"probability":0.893,"inBuffer":false,"facType":"unknown"}},{"type":"Feature","geometry":{"type":"Point","coordinates":[-122.33956,47.48928]},"properties":{"probability":0.345,"inBuffer":false,"facType":"unknown"}},{"type":"Feature","geometry":{"type":"Point","coordinates":[-122.33292,47.48924]},"properties":{"probability":0.268,"inBuffer":false,"facType":"unknown"}},{"type":"Feature","geometry":{"type":"Point","coordinates":[-122.32629,47.48921]},"properties":{"probability":0.235,"inBuffer":false,"facType":"unknown"}},{"type":"Feature","geometry":{"type":"Point","coordinates":[-122.31965,47.48917]},"properties":{"probability":0.205,"inBuffer":false,"facType":"unknown"}},{"type":"Feature","geometry":{"type":"Point","coordinates":[-122.31301,47.48913]},"properties":{"probability":0.234,"inBuffer":false,"facType":"unknown"}},{"type":"Feature","geometry":{"type":"Point","coordinates":[-122.30637,47.48909]},"properties":{"probability":0.358,"inBuffer":false,"facType":"unknown"}},{"type":"Feature","geometry":{"type":"Point","coordinates":[-122.29974,47.48905]},"properties":{"probability":0.916,"inBuffer":false,"facType":"unknown"}},{"type":"Feature","geometry":{"type":"Point","coordinates":[-122.2931,47.48901]},"properties":{"probability":0.49,"inBuffer":false,"facType":"unknown"}},{"type":"Feature","geometry":{"type":"Point","coordinates":[-122.28646,47.48896]},"properties":{"probability":0.601,"inBuffer":false,"facType":"unknown"}},{"type":"Feature","geometry":{"type":"Point","coordinates":[-122.27983,47.48892]},"properties":{"probability":0.144,"inBuffer":false,"facType":"unknown"}},{"type":"Feature","geometry":{"type":"Point","coordinates":[-122.27319,47.48888]},"properties":{"probability":0.148,"inBuffer":false,"facType":"unknown"}},{"type":"Feature","geometry":{"type":"Point","coordinates":[-122.26655,47.48884]},"properties":{"probability":0.12,"inBuffer":false,"facType":"unknown"}},{"type":"Feature","geometry":{"type":"Point","coordinates":[-122.24001,47.48867]},"properties":{"probability":0.075,"inBuffer":false,"facType":"unknown"}},{"type":"Feature","geometry":{"type":"Point","coordinates":[-122.23337,47.48862]},"properties":{"probability":0.073,"inBuffer":false,"facType":"unknown"}},{"type":"Feature","geometry":{"type":"Point","coordinates":[-122.22673,47.48858]},"properties":{"probability":0.339,"inBuffer":false,"facType":"unknown"}},{"type":"Feature","geometry":{"type":"Point","coordinates":[-122.22009,47.48853]},"properties":{"probability":0.954,"inBuffer":false,"facType":"unknown"}},{"type":"Feature","geometry":{"type":"Point","coordinates":[-122.21346,47.48849]},"properties":{"probability":0.694,"inBuffer":false,"facType":"unknown"}},{"type":"Feature","geometry":{"type":"Point","coordinates":[-122.20682,47.48844]},"properties":{"probability":0.647,"inBuffer":false,"facType":"unknown"}},{"type":"Feature","geometry":{"type":"Point","coordinates":[-122.20018,47.4884]},"properties":{"probability":0.625,"inBuffer":false,"facType":"unknown"}},{"type":"Feature","geometry":{"type":"Point","coordinates":[-122.19355,47.48835]},"properties":{"probability":0.131,"inBuffer":false,"facType":"unknown"}},{"type":"Feature","geometry":{"type":"Point","coordinates":[-122.18691,47.4883]},"properties":{"probability":0.088,"inBuffer":false,"facType":"unknown"}},{"type":"Feature","geometry":{"type":"Point","coordinates":[-122.18027,47.48825]},"properties":{"probability":0.096,"inBuffer":false,"facType":"unknown"}},{"type":"Feature","geometry":{"type":"Point","coordinates":[-122.17364,47.48821]},"properties":{"probability":0.314,"inBuffer":false,"facType":"unknown"}},{"type":"Feature","geometry":{"type":"Point","coordinates":[-122.167,47.48816]},"properties":{"probability":0.49,"inBuffer":false,"facType":"unknown"}},{"type":"Feature","geometry":{"type":"Point","coordinates":[-122.16036,47.48811]},"properties":{"probability":0.559,"inBuffer":false,"facType":"unknown"}},{"type":"Feature","geometry":{"type":"Point","coordinates":[-122.15373,47.48806]},"properties":{"probability":0.107,"inBuffer":false,"facType":"unknown"}},{"type":"Feature","geometry":{"type":"Point","coordinates":[-122.35953,47.4849]},"properties":{"probability":0.137,"inBuffer":false,"facType":"unknown"}},{"type":"Feature","geometry":{"type":"Point","coordinates":[-122.34625,47.48482]},"properties":{"probability":0.363,"inBuffer":false,"facType":"unknown"}},{"type":"Feature","geometry":{"type":"Point","coordinates":[-122.33962,47.48478]},"properties":{"probability":0.267,"inBuffer":false,"facType":"unknown"}},{"type":"Feature","geometry":{"type":"Point","coordinates":[-122.33298,47.48475]},"properties":{"probability":0.27,"inBuffer":false,"facType":"unknown"}},{"type":"Feature","geometry":{"type":"Point","coordinates":[-122.31971,47.48467]},"properties":{"probability":0.222,"inBuffer":false,"facType":"unknown"}},{"type":"Feature","geometry":{"type":"Point","coordinates":[-122.31307,47.48463]},"properties":{"probability":0.232,"inBuffer":false,"facType":"unknown"}},{"type":"Feature","geometry":{"type":"Point","coordinates":[-122.30643,47.48459]},"properties":{"probability":0.344,"inBuffer":false,"facType":"unknown"}},{"type":"Feature","geometry":{"type":"Point","coordinates":[-122.2998,47.48455]},"properties":{"probability":0.895,"inBuffer":false,"facType":"unknown"}},{"type":"Feature","geometry":{"type":"Point","coordinates":[-122.29316,47.48451]},"properties":{"probability":0.895,"inBuffer":false,"facType":"unknown"}},{"type":"Feature","geometry":{"type":"Point","coordinates":[-122.28652,47.48447]},"properties":{"probability":0.088,"inBuffer":false,"facType":"unknown"}},{"type":"Feature","geometry":{"type":"Point","coordinates":[-122.27989,47.48442]},"properties":{"probability":0.106,"inBuffer":false,"facType":"unknown"}},{"type":"Feature","geometry":{"type":"Point","coordinates":[-122.27325,47.48438]},"properties":{"probability":0.155,"inBuffer":false,"facType":"unknown"}},{"type":"Feature","geometry":{"type":"Point","coordinates":[-122.26662,47.48434]},"properties":{"probability":0.122,"inBuffer":false,"facType":"unknown"}},{"type":"Feature","geometry":{"type":"Point","coordinates":[-122.25998,47.4843]},"properties":{"probability":0.078,"inBuffer":false,"facType":"unknown"}},{"type":"Feature","geometry":{"type":"Point","coordinates":[-122.2268,47.48408]},"properties":{"probability":0.085,"inBuffer":false,"facType":"unknown"}},{"type":"Feature","geometry":{"type":"Point","coordinates":[-122.22016,47.48403]},"properties":{"probability":0.415,"inBuffer":false,"facType":"unknown"}},{"type":"Feature","geometry":{"type":"Point","coordinates":[-122.21352,47.48399]},"properties":{"probability":0.672,"inBuffer":false,"facType":"unknown"}},{"type":"Feature","geometry":{"type":"Point","coordinates":[-122.20689,47.48394]},"properties":{"probability":0.63,"inBuffer":false,"facType":"unknown"}},{"type":"Feature","geometry":{"type":"Point","coordinates":[-122.20025,47.4839]},"properties":{"probability":0.599,"inBuffer":false,"facType":"unknown"}},{"type":"Feature","geometry":{"type":"Point","coordinates":[-122.19362,47.48385]},"properties":{"probability":0.355,"inBuffer":false,"facType":"unknown"}},{"type":"Feature","geometry":{"type":"Point","coordinates":[-122.18698,47.4838]},"properties":{"probability":0.087,"inBuffer":false,"facType":"unknown"}},{"type":"Feature","geometry":{"type":"Point","coordinates":[-122.18034,47.48376]},"properties":{"probability":0.108,"inBuffer":false,"facType":"unknown"}},{"type":"Feature","geometry":{"type":"Point","coordinates":[-122.17371,47.48371]},"properties":{"probability":0.478,"inBuffer":false,"facType":"unknown"}},{"type":"Feature","geometry":{"type":"Point","coordinates":[-122.16707,47.48366]},"properties":{"probability":0.432,"inBuffer":false,"facType":"unknown"}},{"type":"Feature","geometry":{"type":"Point","coordinates":[-122.16044,47.48361]},"properties":{"probability":0.088,"inBuffer":false,"facType":"unknown"}},{"type":"Feature","geometry":{"type":"Point","coordinates":[-122.1538,47.48356]},"properties":{"probability":0.082,"inBuffer":false,"facType":"unknown"}},{"type":"Feature","geometry":{"type":"Point","coordinates":[-122.34631,47.48032]},"properties":{"probability":0.077,"inBuffer":false,"facType":"unknown"}},{"type":"Feature","geometry":{"type":"Point","coordinates":[-122.33967,47.48029]},"properties":{"probability":0.093,"inBuffer":false,"facType":"unknown"}},{"type":"Feature","geometry":{"type":"Point","coordinates":[-122.33304,47.48025]},"properties":{"probability":0.079,"inBuffer":false,"facType":"unknown"}},{"type":"Feature","geometry":{"type":"Point","coordinates":[-122.3264,47.48021]},"properties":{"probability":0.074,"inBuffer":false,"facType":"unknown"}},{"type":"Feature","geometry":{"type":"Point","coordinates":[-122.31977,47.48017]},"properties":{"probability":0.075,"inBuffer":false,"facType":"unknown"}},{"type":"Feature","geometry":{"type":"Point","coordinates":[-122.31313,47.48013]},"properties":{"probability":0.236,"inBuffer":false,"facType":"unknown"}},{"type":"Feature","geometry":{"type":"Point","coordinates":[-122.30649,47.48009]},"properties":{"probability":0.334,"inBuffer":false,"facType":"unknown"}},{"type":"Feature","geometry":{"type":"Point","coordinates":[-122.29986,47.48005]},"properties":{"probability":0.333,"inBuffer":false,"facType":"unknown"}},{"type":"Feature","geometry":{"type":"Point","coordinates":[-122.29322,47.48001]},"properties":{"probability":0.334,"inBuffer":false,"facType":"unknown"}},{"type":"Feature","geometry":{"type":"Point","coordinates":[-122.28659,47.47997]},"properties":{"probability":0.275,"inBuffer":false,"facType":"unknown"}},{"type":"Feature","geometry":{"type":"Point","coordinates":[-122.27995,47.47993]},"properties":{"probability":0.421,"inBuffer":false,"facType":"unknown"}},{"type":"Feature","geometry":{"type":"Point","coordinates":[-122.27331,47.47988]},"properties":{"probability":0.107,"inBuffer":false,"facType":"unknown"}},{"type":"Feature","geometry":{"type":"Point","coordinates":[-122.26668,47.47984]},"properties":{"probability":0.092,"inBuffer":false,"facType":"unknown"}},{"type":"Feature","geometry":{"type":"Point","coordinates":[-122.26004,47.4798]},"properties":{"probability":0.078,"inBuffer":false,"facType":"unknown"}},{"type":"Feature","geometry":{"type":"Point","coordinates":[-122.25341,47.47976]},"properties":{"probability":0.078,"inBuffer":false,"facType":"unknown"}},{"type":"Feature","geometry":{"type":"Point","coordinates":[-122.24677,47.47971]},"properties":{"probability":0.087,"inBuffer":false,"facType":"unknown"}},{"type":"Feature","geometry":{"type":"Point","coordinates":[-122.24013,47.47967]},"properties":{"probability":0.149,"inBuffer":false,"facType":"unknown"}},{"type":"Feature","geometry":{"type":"Point","coordinates":[-122.2335,47.47962]},"properties":{"probability":0.293,"inBuffer":false,"facType":"unknown"}},{"type":"Feature","geometry":{"type":"Point","coordinates":[-122.22686,47.47958]},"properties":{"probability":0.204,"inBuffer":false,"facType":"unknown"}},{"type":"Feature","geometry":{"type":"Point","coordinates":[-122.22023,47.47954]},"properties":{"probability":0.565,"inBuffer":false,"facType":"unknown"}},{"type":"Feature","geometry":{"type":"Point","coordinates":[-122.21359,47.47949]},"properties":{"probability":0.634,"inBuffer":false,"facType":"unknown"}},{"type":"Feature","geometry":{"type":"Point","coordinates":[-122.20696,47.47944]},"properties":{"probability":0.631,"inBuffer":false,"facType":"unknown"}},{"type":"Feature","geometry":{"type":"Point","coordinates":[-122.20032,47.4794]},"properties":{"probability":0.586,"inBuffer":false,"facType":"unknown"}},{"type":"Feature","geometry":{"type":"Point","coordinates":[-122.19368,47.47935]},"properties":{"probability":0.279,"inBuffer":false,"facType":"unknown"}},{"type":"Feature","geometry":{"type":"Point","coordinates":[-122.18705,47.4793]},"properties":{"probability":0.077,"inBuffer":false,"facType":"unknown"}},{"type":"Feature","geometry":{"type":"Point","coordinates":[-122.18041,47.47926]},"properties":{"probability":0.28,"inBuffer":false,"facType":"unknown"}},{"type":"Feature","geometry":{"type":"Point","coordinates":[-122.17378,47.47921]},"properties":{"probability":0.44,"inBuffer":false,"facType":"unknown"}},{"type":"Feature","geometry":{"type":"Point","coordinates":[-122.16714,47.47916]},"properties":{"probability":0.287,"inBuffer":false,"facType":"unknown"}},{"type":"Feature","geometry":{"type":"Point","coordinates":[-122.34636,47.47582]},"properties":{"probability":0.084,"inBuffer":false,"facType":"unknown"}},{"type":"Feature","geometry":{"type":"Point","coordinates":[-122.33973,47.47579]},"properties":{"probability":0.311,"inBuffer":false,"facType":"unknown"}},{"type":"Feature","geometry":{"type":"Point","coordinates":[-122.33309,47.47575]},"properties":{"probability":0.149,"inBuffer":false,"facType":"unknown"}},{"type":"Feature","geometry":{"type":"Point","coordinates":[-122.32646,47.47571]},"properties":{"probability":0.093,"inBuffer":false,"facType":"unknown"}},{"type":"Feature","geometry":{"type":"Point","coordinates":[-122.31982,47.47567]},"properties":{"probability":0.09,"inBuffer":false,"facType":"unknown"}},{"type":"Feature","geometry":{"type":"Point","coordinates":[-122.31319,47.47563]},"properties":{"probability":0.079,"inBuffer":false,"facType":"unknown"}},{"type":"Feature","geometry":{"type":"Point","coordinates":[-122.30655,47.47559]},"properties":{"probability":0.266,"inBuffer":false,"facType":"unknown"}},{"type":"Feature","geometry":{"type":"Point","coordinates":[-122.29328,47.47551]},"properties":{"probability":0.193,"inBuffer":false,"facType":"unknown"}},{"type":"Feature","geometry":{"type":"Point","coordinates":[-122.28665,47.47547]},"properties":{"probability":0.589,"inBuffer":false,"facType":"unknown"}},{"type":"Feature","geometry":{"type":"Point","coordinates":[-122.28001,47.47543]},"properties":{"probability":0.57,"inBuffer":false,"facType":"unknown"}},{"type":"Feature","geometry":{"type":"Point","coordinates":[-122.27338,47.47539]},"properties":{"probability":0.401,"inBuffer":false,"facType":"unknown"}},{"type":"Feature","geometry":{"type":"Point","coordinates":[-122.26674,47.47534]},"properties":{"probability":0.085,"inBuffer":false,"facType":"unknown"}},{"type":"Feature","geometry":{"type":"Point","coordinates":[-122.26011,47.4753]},"properties":{"probability":0.09,"inBuffer":false,"facType":"unknown"}},{"type":"Feature","geometry":{"type":"Point","coordinates":[-122.25347,47.47526]},"properties":{"probability":0.096,"inBuffer":false,"facType":"unknown"}},{"type":"Feature","geometry":{"type":"Point","coordinates":[-122.24683,47.47521]},"properties":{"probability":0.098,"inBuffer":false,"facType":"unknown"}},{"type":"Feature","geometry":{"type":"Point","coordinates":[-122.2402,47.47517]},"properties":{"probability":0.31,"inBuffer":false,"facType":"unknown"}},{"type":"Feature","geometry":{"type":"Point","coordinates":[-122.23356,47.47513]},"properties":{"probability":0.446,"inBuffer":false,"facType":"unknown"}},{"type":"Feature","geometry":{"type":"Point","coordinates":[-122.22693,47.47508]},"properties":{"probability":0.474,"inBuffer":false,"facType":"unknown"}},{"type":"Feature","geometry":{"type":"Point","coordinates":[-122.22029,47.47504]},"properties":{"probability":0.64,"inBuffer":false,"facType":"unknown"}},{"type":"Feature","geometry":{"type":"Point","coordinates":[-122.21366,47.47499]},"properties":{"probability":0.62,"inBuffer":false,"facType":"unknown"}},{"type":"Feature","geometry":{"type":"Point","coordinates":[-122.20702,47.47495]},"properties":{"probability":0.484,"inBuffer":false,"facType":"unknown"}},{"type":"Feature","geometry":{"type":"Point","coordinates":[-122.20039,47.4749]},"properties":{"probability":0.427,"inBuffer":false,"facType":"unknown"}},{"type":"Feature","geometry":{"type":"Point","coordinates":[-122.18712,47.47481]},"properties":{"probability":0.19,"inBuffer":false,"facType":"unknown"}},{"type":"Feature","geometry":{"type":"Point","coordinates":[-122.17385,47.47471]},"properties":{"probability":0.184,"inBuffer":false,"facType":"unknown"}},{"type":"Feature","geometry":{"type":"Point","coordinates":[-122.16721,47.47466]},"properties":{"probability":0.134,"inBuffer":false,"facType":"unknown"}},{"type":"Feature","geometry":{"type":"Point","coordinates":[-122.34642,47.47133]},"properties":{"probability":0.464,"inBuffer":false,"facType":"unknown"}},{"type":"Feature","geometry":{"type":"Point","coordinates":[-122.33979,47.47129]},"properties":{"probability":0.631,"inBuffer":false,"facType":"unknown"}},{"type":"Feature","geometry":{"type":"Point","coordinates":[-122.33315,47.47125]},"properties":{"probability":0.483,"inBuffer":false,"facType":"unknown"}},{"type":"Feature","geometry":{"type":"Point","coordinates":[-122.32652,47.47121]},"properties":{"probability":0.155,"inBuffer":false,"facType":"unknown"}},{"type":"Feature","geometry":{"type":"Point","coordinates":[-122.31988,47.47117]},"properties":{"probability":0.087,"inBuffer":false,"facType":"unknown"}},{"type":"Feature","geometry":{"type":"Point","coordinates":[-122.31325,47.47113]},"properties":{"probability":0.086,"inBuffer":false,"facType":"unknown"}},{"type":"Feature","geometry":{"type":"Point","coordinates":[-122.30661,47.47109]},"properties":{"probability":0.122,"inBuffer":false,"facType":"unknown"}},{"type":"Feature","geometry":{"type":"Point","coordinates":[-122.29998,47.47105]},"properties":{"probability":0.087,"inBuffer":false,"facType":"unknown"}},{"type":"Feature","geometry":{"type":"Point","coordinates":[-122.29334,47.47101]},"properties":{"probability":0.427,"inBuffer":false,"facType":"unknown"}},{"type":"Feature","geometry":{"type":"Point","coordinates":[-122.28671,47.47097]},"properties":{"probability":0.629,"inBuffer":false,"facType":"unknown"}},{"type":"Feature","geometry":{"type":"Point","coordinates":[-122.28007,47.47093]},"properties":{"probability":0.584,"inBuffer":false,"facType":"unknown"}},{"type":"Feature","geometry":{"type":"Point","coordinates":[-122.27344,47.47089]},"properties":{"probability":0.256,"inBuffer":false,"facType":"unknown"}},{"type":"Feature","geometry":{"type":"Point","coordinates":[-122.2668,47.47084]},"properties":{"probability":0.08,"inBuffer":false,"facType":"unknown"}},{"type":"Feature","geometry":{"type":"Point","coordinates":[-122.26017,47.4708]},"properties":{"probability":0.085,"inBuffer":false,"facType":"unknown"}},{"type":"Feature","geometry":{"type":"Point","coordinates":[-122.25353,47.47076]},"properties":{"probability":0.111,"inBuffer":false,"facType":"unknown"}},{"type":"Feature","geometry":{"type":"Point","coordinates":[-122.2469,47.47072]},"properties":{"probability":0.471,"inBuffer":false,"facType":"unknown"}},{"type":"Feature","geometry":{"type":"Point","coordinates":[-122.24026,47.47067]},"properties":{"probability":0.534,"inBuffer":false,"facType":"unknown"}},{"type":"Feature","geometry":{"type":"Point","coordinates":[-122.23363,47.47063]},"properties":{"probability":0.583,"inBuffer":false,"facType":"unknown"}},{"type":"Feature","geometry":{"type":"Point","coordinates":[-122.227,47.47058]},"properties":{"probability":0.639,"inBuffer":false,"facType":"unknown"}},{"type":"Feature","geometry":{"type":"Point","coordinates":[-122.22036,47.47054]},"properties":{"probability":0.639,"inBuffer":false,"facType":"unknown"}},{"type":"Feature","geometry":{"type":"Point","coordinates":[-122.21373,47.47049]},"properties":{"probability":0.633,"inBuffer":false,"facType":"unknown"}},{"type":"Feature","geometry":{"type":"Point","coordinates":[-122.20709,47.47045]},"properties":{"probability":0.438,"inBuffer":false,"facType":"unknown"}},{"type":"Feature","geometry":{"type":"Point","coordinates":[-122.20046,47.4704]},"properties":{"probability":0.297,"inBuffer":false,"facType":"unknown"}},{"type":"Feature","geometry":{"type":"Point","coordinates":[-122.19382,47.47035]},"properties":{"probability":0.284,"inBuffer":false,"facType":"unknown"}},{"type":"Feature","geometry":{"type":"Point","coordinates":[-122.18719,47.47031]},"properties":{"probability":0.284,"inBuffer":false,"facType":"unknown"}},{"type":"Feature","geometry":{"type":"Point","coordinates":[-122.18055,47.47026]},"properties":{"probability":0.274,"inBuffer":false,"facType":"unknown"}},{"type":"Feature","geometry":{"type":"Point","coordinates":[-122.35311,47.46686]},"properties":{"probability":0.087,"inBuffer":false,"facType":"unknown"}},{"type":"Feature","geometry":{"type":"Point","coordinates":[-122.34648,47.46683]},"properties":{"probability":0.607,"inBuffer":false,"facType":"unknown"}},{"type":"Feature","geometry":{"type":"Point","coordinates":[-122.33984,47.46679]},"properties":{"probability":0.649,"inBuffer":false,"facType":"unknown"}},{"type":"Feature","geometry":{"type":"Point","coordinates":[-122.33321,47.46675]},"properties":{"probability":0.641,"inBuffer":false,"facType":"unknown"}},{"type":"Feature","geometry":{"type":"Point","coordinates":[-122.32657,47.46671]},"properties":{"probability":0.618,"inBuffer":false,"facType":"unknown"}},{"type":"Feature","geometry":{"type":"Point","coordinates":[-122.31994,47.46667]},"properties":{"probability":0.329,"inBuffer":false,"facType":"unknown"}},{"type":"Feature","geometry":{"type":"Point","coordinates":[-122.30667,47.46659]},"properties":{"probability":0.154,"inBuffer":false,"facType":"unknown"}},{"type":"Feature","geometry":{"type":"Point","coordinates":[-122.30004,47.46655]},"properties":{"probability":0.173,"inBuffer":false,"facType":"unknown"}},{"type":"Feature","geometry":{"type":"Point","coordinates":[-122.2934,47.46651]},"properties":{"probability":0.642,"inBuffer":false,"facType":"unknown"}},{"type":"Feature","geometry":{"type":"Point","coordinates":[-122.28677,47.46647]},"properties":{"probability":0.631,"inBuffer":false,"facType":"unknown"}},{"type":"Feature","geometry":{"type":"Point","coordinates":[-122.28013,47.46643]},"properties":{"probability":0.476,"inBuffer":false,"facType":"unknown"}},{"type":"Feature","geometry":{"type":"Point","coordinates":[-122.2735,47.46639]},"properties":{"probability":0.104,"inBuffer":false,"facType":"unknown"}},{"type":"Feature","geometry":{"type":"Point","coordinates":[-122.26687,47.46635]},"properties":{"probability":0.111,"inBuffer":false,"facType":"unknown"}},{"type":"Feature","geometry":{"type":"Point","coordinates":[-122.26023,47.4663]},"properties":{"probability":0.545,"inBuffer":false,"facType":"unknown"}},{"type":"Feature","geometry":{"type":"Point","coordinates":[-122.2536,47.46626]},"properties":{"probability":0.629,"inBuffer":false,"facType":"unknown"}},{"type":"Feature","geometry":{"type":"Point","coordinates":[-122.24696,47.46622]},"properties":{"probability":0.596,"inBuffer":false,"facType":"unknown"}},{"type":"Feature","geometry":{"type":"Point","coordinates":[-122.24033,47.46617]},"properties":{"probability":0.585,"inBuffer":false,"facType":"unknown"}},{"type":"Feature","geometry":{"type":"Point","coordinates":[-122.2337,47.46613]},"properties":{"probability":0.564,"inBuffer":false,"facType":"unknown"}},{"type":"Feature","geometry":{"type":"Point","coordinates":[-122.22706,47.46608]},"properties":{"probability":0.631,"inBuffer":false,"facType":"unknown"}},{"type":"Feature","geometry":{"type":"Point","coordinates":[-122.22043,47.46604]},"properties":{"probability":0.57,"inBuffer":false,"facType":"unknown"}},{"type":"Feature","geometry":{"type":"Point","coordinates":[-122.21379,47.46599]},"properties":{"probability":0.305,"inBuffer":false,"facType":"unknown"}},{"type":"Feature","geometry":{"type":"Point","coordinates":[-122.20716,47.46595]},"properties":{"probability":0.334,"inBuffer":false,"facType":"unknown"}},{"type":"Feature","geometry":{"type":"Point","coordinates":[-122.20053,47.4659]},"properties":{"probability":0.15,"inBuffer":false,"facType":"unknown"}},{"type":"Feature","geometry":{"type":"Point","coordinates":[-122.19389,47.46586]},"properties":{"probability":0.298,"inBuffer":false,"facType":"unknown"}},{"type":"Feature","geometry":{"type":"Point","coordinates":[-122.18726,47.46581]},"properties":{"probability":0.284,"inBuffer":false,"facType":"unknown"}},{"type":"Feature","geometry":{"type":"Point","coordinates":[-122.18062,47.46576]},"properties":{"probability":0.265,"inBuffer":false,"facType":"unknown"}},{"type":"Feature","geometry":{"type":"Point","coordinates":[-122.34653,47.46233]},"properties":{"probability":0.393,"inBuffer":false,"facType":"unknown"}},{"type":"Feature","geometry":{"type":"Point","coordinates":[-122.3399,47.46229]},"properties":{"probability":0.629,"inBuffer":false,"facType":"unknown"}},{"type":"Feature","geometry":{"type":"Point","coordinates":[-122.33326,47.46225]},"properties":{"probability":0.63,"inBuffer":false,"facType":"unknown"}},{"type":"Feature","geometry":{"type":"Point","coordinates":[-122.32663,47.46221]},"properties":{"probability":0.481,"inBuffer":false,"facType":"unknown"}},{"type":"Feature","geometry":{"type":"Point","coordinates":[-122.32,47.46217]},"properties":{"probability":0.3,"inBuffer":false,"facType":"unknown"}},{"type":"Feature","geometry":{"type":"Point","coordinates":[-122.30673,47.46209]},"properties":{"probability":0.164,"inBuffer":false,"facType":"unknown"}},{"type":"Feature","geometry":{"type":"Point","coordinates":[-122.3001,47.46205]},"properties":{"probability":0.19,"inBuffer":false,"facType":"unknown"}},{"type":"Feature","geometry":{"type":"Point","coordinates":[-122.29346,47.46201]},"properties":{"probability":0.194,"inBuffer":false,"facType":"unknown"}},{"type":"Feature","geometry":{"type":"Point","coordinates":[-122.28683,47.46197]},"properties":{"probability":0.415,"inBuffer":false,"facType":"unknown"}},{"type":"Feature","geometry":{"type":"Point","coordinates":[-122.2802,47.46193]},"properties":{"probability":0.111,"inBuffer":false,"facType":"unknown"}},{"type":"Feature","geometry":{"type":"Point","coordinates":[-122.27356,47.46189]},"properties":{"probability":0.074,"inBuffer":false,"facType":"unknown"}},{"type":"Feature","geometry":{"type":"Point","coordinates":[-122.26693,47.46185]},"properties":{"probability":0.105,"inBuffer":false,"facType":"unknown"}},{"type":"Feature","geometry":{"type":"Point","coordinates":[-122.26029,47.4618]},"properties":{"probability":0.632,"inBuffer":false,"facType":"unknown"}},{"type":"Feature","geometry":{"type":"Point","coordinates":[-122.25366,47.46176]},"properties":{"probability":0.64,"inBuffer":false,"facType":"unknown"}},{"type":"Feature","geometry":{"type":"Point","coordinates":[-122.24703,47.46172]},"properties":{"probability":0.632,"inBuffer":false,"facType":"unknown"}},{"type":"Feature","geometry":{"type":"Point","coordinates":[-122.24039,47.46167]},"properties":{"probability":0.583,"inBuffer":false,"facType":"unknown"}},{"type":"Feature","geometry":{"type":"Point","coordinates":[-122.23376,47.46163]},"properties":{"probability":0.544,"inBuffer":false,"facType":"unknown"}},{"type":"Feature","geometry":{"type":"Point","coordinates":[-122.22713,47.46159]},"properties":{"probability":0.536,"inBuffer":false,"facType":"unknown"}},{"type":"Feature","geometry":{"type":"Point","coordinates":[-122.22049,47.46154]},"properties":{"probability":0.41,"inBuffer":false,"facType":"unknown"}},{"type":"Feature","geometry":{"type":"Point","coordinates":[-122.20059,47.4614]},"properties":{"probability":0.083,"inBuffer":false,"facType":"unknown"}}]}