{"type":"FeatureCollection","features":[{"type":"Feature","geometry":{"type":"Point","coordinates":[-77.86278,34.37318]},"properties":{"probability":0.342,"inBuffer":false,"facType":"unknown"}},{"type":"Feature","geometry":{"type":"Point","coordinates":[-77.85735,34.37331]},"properties":{"probability":0.247,"inBuffer":false,"facType":"unknown"}},{"type":"Feature","geometry":{"type":"Point","coordinates":[-77.86263,34.36868]},"properties":{"probability":0.34,"inBuffer":false,"facType":"unknown"}},{"type":"Feature","geometry":{"type":"Point","coordinates":[-77.8572,34.36881]},"properties":{"probability":0.231,"inBuffer":false,"facType":"unknown"}},{"type":"Feature","geometry":{"type":"Point","coordinates":[-78.01372,34.33801]},"properties":{"probability":0.218,"inBuffer":false,"facType":"unknown"}},{"type":"Feature","geometry":{"type":"Point","coordinates":[-77.88312,34.33214]},"properties":{"probability":0.192,"inBuffer":false,"facType":"unknown"}},{"type":"Feature","geometry":{"type":"Point","coordinates":[-77.87769,34.33227]},"properties":{"probability":0.194,"inBuffer":false,"facType":"unknown"}},{"type":"Feature","geometry":{"type":"Point","coordinates":[-77.87226,34.3324]},"properties":{"probability":0.208,"inBuffer":false,"facType":"unknown"}},{"type":"Feature","geometry":{"type":"Point","coordinates":[-77.94267,34.32622]},"properties":{"probability":0.195,"inBuffer":false,"facType":"unknown"}},{"type":"Feature","geometry":{"type":"Point","coordinates":[-77.93725,34.32635]},"properties":{"probability":0.402,"inBuffer":false,"facType":"unknown"}},{"type":"Feature","geometry":{"type":"Point","coordinates":[-77.93182,34.32648]},"properties":{"probability":0.382,"inBuffer":false,"facType":"unknown"}},{"type":"Feature","geometry":{"type":"Point","coordinates":[-77.88296,34.32764]},"properties":{"probability":0.504,"inBuffer":false,"facType":"unknown"}},{"type":"Feature","geometry":{"type":"Point","coordinates":[-77.87754,34.32777]},"properties":{"probability":0.558,"inBuffer":false,"facType":"unknown"}},{"type":"Feature","geometry":{"type":"Point","coordinates":[-77.87211,34.32789]},"properties":{"probability":0.37,"inBuffer":false,"facType":"unknown"}},{"type":"Feature","geometry":{"type":"Point","coordinates":[-77.99136,34.32053]},"properties":{"probability":0.212,"inBuffer":false,"facType":"unknown"}},{"type":"Feature","geometry":{"type":"Point","coordinates":[-77.98594,34.32066]},"properties":{"probability":0.376,"inBuffer":false,"facType":"unknown"}},{"type":"Feature","geometry":{"type":"Point","coordinates":[-77.98051,34.32079]},"properties":{"probability":0.339,"inBuffer":false,"facType":"unknown"}},{"type":"Feature","geometry":{"type":"Point","coordinates":[-77.94252,34.32171]},"properties":{"probability":0.287,"inBuffer":false,"facType":"unknown"}},{"type":"Feature","geometry":{"type":"Point","coordinates":[-77.93709,34.32184]},"properties":{"probability":0.532,"inBuffer":false,"facType":"unknown"}},{"type":"Feature","geometry":{"type":"Point","coordinates":[-77.93166,34.32197]},"properties":{"probability":0.418,"inBuffer":false,"facType":"unknown"}},{"type":"Feature","geometry":{"type":"Point","coordinates":[-77.92623,34.3221]},"properties":{"probability":0.068,"inBuffer":false,"facType":"unknown"}},{"type":"Feature","geometry":{"type":"Point","coordinates":[-77.88281,34.32314]},"properties":{"probability":0.172,"inBuffer":false,"facType":"unknown"}},{"type":"Feature","geometry":{"type":"Point","coordinates":[-77.87738,34.32326]},"properties":{"probability":0.526,"inBuffer":false,"facType":"unknown"}},{"type":"Feature","geometry":{"type":"Point","coordinates":[-77.87195,34.32339]},"properties":{"probability":0.303,"inBuffer":false,"facType":"unknown"}},{"type":"Feature","geometry":{"type":"Point","coordinates":[-77.9912,34.31603]},"properties":{"probability":0.235,"inBuffer":false,"facType":"unknown"}},{"type":"Feature","geometry":{"type":"Point","coordinates":[-77.98578,34.31616]},"properties":{"probability":0.44,"inBuffer":false,"facType":"unknown"}},{"type":"Feature","geometry":{"type":"Point","coordinates":[-77.98035,34.31629]},"properties":{"probability":0.467,"inBuffer":false,"facType":"unknown"}},{"type":"Feature","geometry":{"type":"Point","coordinates":[-77.93693,34.31734]},"properties":{"probability":0.072,"inBuffer":false,"facType":"unknown"}},{"type":"Feature","geometry":{"type":"Point","coordinates":[-77.9315,34.31747]},"properties":{"probability":0.071,"inBuffer":false,"facType":"unknown"}},{"type":"Feature","geometry":{"type":"Point","coordinates":[-77.92608,34.3176]},"properties":{"probability":0.058,"inBuffer":false,"facType":"unknown"}},{"type":"Feature","geometry":{"type":"Point","coordinates":[-77.88266,34.31863]},"properties":{"probability":0.138,"inBuffer":false,"facType":"unknown"}},{"type":"Feature","geometry":{"type":"Point","coordinates":[-77.87723,34.31876]},"properties":{"probability":0.126,"inBuffer":false,"facType":"unknown"}},{"type":"Feature","geometry":{"type":"Point","coordinates":[-77.8718,34.31889]},"properties":{"probability":0.066,"inBuffer":false,"facType":"unknown"}},{"type":"Feature","geometry":{"type":"Point","coordinates":[-77.99104,34.31152]},"properties":{"probability":0.097,"inBuffer":false,"facType":"unknown"}},{"type":"Feature","geometry":{"type":"Point","coordinates":[-77.98562,34.31166]},"properties":{"probability":0.37,"inBuffer":false,"facType":"unknown"}},{"type":"Feature","geometry":{"type":"Point","coordinates":[-77.98019,34.31179]},"properties":{"probability":0.371,"inBuffer":false,"facType":"unknown"}},{"type":"Feature","geometry":{"type":"Point","coordinates":[-77.8825,34.31413]},"properties":{"probability":0.053,"inBuffer":false,"facType":"unknown"}},{"type":"Feature","geometry":{"type":"Point","coordinates":[-77.87707,34.31426]},"properties":{"probability":0.06,"inBuffer":false,"facType":"unknown"}},{"type":"Feature","geometry":{"type":"Point","coordinates":[-77.98003,34.30729]},"properties":{"probability":0.185,"inBuffer":false,"facType":"unknown"}},{"type":"Feature","geometry":{"type":"Point","coordinates":[-77.88235,34.30962]},"properties":{"probability":0.052,"inBuffer":false,"facType":"unknown"}},{"type":"Feature","geometry":{"type":"Point","coordinates":[-77.87692,34.30975]},"properties":{"probability":0.061,"inBuffer":false,"facType":"unknown"}},{"type":"Feature","geometry":{"type":"Point","coordinates":[-77.87149,34.30988]},"properties":{"probability":0.204,"inBuffer":false,"facType":"unknown"}},{"type":"Feature","geometry":{"type":"Point","coordinates":[-77.86607,34.31001]},"properties":{"probability":0.143,"inBuffer":false,"facType":"unknown"}},{"type":"Feature","geometry":{"type":"Point","coordinates":[-78.07211,34.3005]},"properties":{"probability":0.2,"inBuffer":false,"facType":"unknown"}},{"type":"Feature","geometry":{"type":"Point","coordinates":[-77.88219,34.30512]},"properties":{"probability":0.185,"inBuffer":false,"facType":"unknown"}},{"type":"Feature","geometry":{"type":"Point","coordinates":[-77.87677,34.30525]},"properties":{"probability":0.204,"inBuffer":false,"facType":"unknown"}},{"type":"Feature","geometry":{"type":"Point","coordinates":[-77.87134,34.30538]},"properties":{"probability":0.2,"inBuffer":false,"facType":"unknown"}},{"type":"Feature","geometry":{"type":"Point","coordinates":[-77.86591,34.3055]},"properties":{"probability":0.141,"inBuffer":false,"facType":"unknown"}},{"type":"Feature","geometry":{"type":"Point","coordinates":[-78.07738,34.29586]},"properties":{"probability":0.203,"inBuffer":false,"facType":"unknown"}},{"type":"Feature","geometry":{"type":"Point","coordinates":[-78.07195,34.296]},"properties":{"probability":0.194,"inBuffer":false,"facType":"unknown"}},{"type":"Feature","geometry":{"type":"Point","coordinates":[-77.99057,34.29801]},"properties":{"probability":0.217,"inBuffer":false,"facType":"unknown"}},{"type":"Feature","geometry":{"type":"Point","coordinates":[-77.98514,34.29815]},"properties":{"probability":0.344,"inBuffer":false,"facType":"unknown"}},{"type":"Feature","geometry":{"type":"Point","coordinates":[-77.97971,34.29828]},"properties":{"probability":0.378,"inBuffer":false,"facType":"unknown"}},{"type":"Feature","geometry":{"type":"Point","coordinates":[-77.97429,34.29841]},"properties":{"probability":0.399,"inBuffer":false,"facType":"unknown"}},{"type":"Feature","geometry":{"type":"Point","coordinates":[-77.96886,34.29854]},"properties":{"probability":0.379,"inBuffer":false,"facType":"unknown"}},{"type":"Feature","geometry":{"type":"Point","coordinates":[-77.88204,34.30062]},"properties":{"probability":0.14,"inBuffer":false,"facType":"unknown"}},{"type":"Feature","geometry":{"type":"Point","coordinates":[-77.87661,34.30075]},"properties":{"probability":0.179,"inBuffer":false,"facType":"unknown"}},{"type":"Feature","geometry":{"type":"Point","coordinates":[-77.87119,34.30087]},"properties":{"probability":0.211,"inBuffer":false,"facType":"unknown"}},{"type":"Feature","geometry":{"type":"Point","coordinates":[-77.86576,34.301]},"properties":{"probability":0.161,"inBuffer":false,"facType":"unknown"}},{"type":"Feature","geometry":{"type":"Point","coordinates":[-77.84948,34.30138]},"properties":{"probability":0.137,"inBuffer":false,"facType":"unknown"}},{"type":"Feature","geometry":{"type":"Point","coordinates":[-77.83863,34.30163]},"properties":{"probability":0.137,"inBuffer":false,"facType":"unknown"}},{"type":"Feature","geometry":{"type":"Point","coordinates":[-77.79521,34.30263]},"properties":{"probability":0.062,"inBuffer":false,"facType":"unknown"}},{"type":"Feature","geometry":{"type":"Point","coordinates":[-77.78978,34.30275]},"properties":{"probability":0.064,"inBuffer":false,"facType":"unknown"}},{"type":"Feature","geometry":{"type":"Point","coordinates":[-77.99041,34.29351]},"properties":{"probability":0.347,"inBuffer":false,"facType":"unknown"}},{"type":"Feature","geometry":{"type":"Point","coordinates":[-77.98498,34.29364]},"properties":{"probability":0.4,"inBuffer":false,"facType":"unknown"}},{"type":"Feature","geometry":{"type":"Point","coordinates":[-77.97955,34.29378]},"properties":{"probability":0.888,"inBuffer":false,"facType":"unknown"}},{"type":"Feature","geometry":{"type":"Point","coordinates":[-77.97413,34.29391]},"properties":{"probability":0.91,"inBuffer":false,"facType":"unknown"}},{"type":"Feature","geometry":{"type":"Point","coordinates":[-77.9687,34.29404]},"properties":{"probability":0.895,"inBuffer":false,"facType":"unknown"}},{"type":"Feature","geometry":{"type":"Point","coordinates":[-77.96328,34.29417]},"properties":{"probability":0.324,"inBuffer":false,"facType":"unknown"}},{"type":"Feature","geometry":{"type":"Point","coordinates":[-77.90359,34.2956]},"properties":{"probability":0.061,"inBuffer":false,"facType":"unknown"}},{"type":"Feature","geometry":{"type":"Point","coordinates":[-77.89816,34.29573]},"properties":{"probability":0.057,"inBuffer":false,"facType":"unknown"}},{"type":"Feature","geometry":{"type":"Point","coordinates":[-77.87646,34.29624]},"properties":{"probability":0.206,"inBuffer":false,"facType":"unknown"}},{"type":"Feature","geometry":{"type":"Point","coordinates":[-77.87103,34.29637]},"properties":{"probability":0.897,"inBuffer":false,"facType":"unknown"}},{"type":"Feature","geometry":{"type":"Point","coordinates":[-77.86561,34.2965]},"properties":{"probability":0.859,"inBuffer":false,"facType":"unknown"}},{"type":"Feature","geometry":{"type":"Point","coordinates":[-77.86018,34.29662]},"properties":{"probability":0.173,"inBuffer":false,"facType":"unknown"}},{"type":"Feature","geometry":{"type":"Point","coordinates":[-77.85475,34.29675]},"properties":{"probability":0.16,"inBuffer":false,"facType":"unknown"}},{"type":"Feature","geometry":{"type":"Point","coordinates":[-77.84933,34.29688]},"properties":{"probability":0.133,"inBuffer":false,"facType":"unknown"}},{"type":"Feature","geometry":{"type":"Point","coordinates":[-77.8439,34.297]},"properties":{"probability":0.134,"inBuffer":false,"facType":"unknown"}},{"type":"Feature","geometry":{"type":"Point","coordinates":[-77.83847,34.29713]},"properties":{"probability":0.135,"inBuffer":false,"facType":"unknown"}},{"type":"Feature","geometry":{"type":"Point","coordinates":[-77.83305,34.29725]},"properties":{"probability":0.135,"inBuffer":false,"facType":"unknown"}},{"type":"Feature","geometry":{"type":"Point","coordinates":[-77.79506,34.29813]},"properties":{"probability":0.11,"inBuffer":false,"facType":"unknown"}},{"type":"Feature","geometry":{"type":"Point","coordinates":[-77.78963,34.29825]},"properties":{"probability":0.1,"inBuffer":false,"facType":"unknown"}},{"type":"Feature","geometry":{"type":"Point","coordinates":[-77.78421,34.29837]},"properties":{"probability":0.052,"inBuffer":false,"facType":"unknown"}},{"type":"Feature","geometry":{"type":"Point","coordinates":[-77.77878,34.2985]},"properties":{"probability":0.052,"inBuffer":false,"facType":"unknown"}},{"type":"Feature","geometry":{"type":"Point","coordinates":[-77.98482,34.28914]},"properties":{"probability":0.886,"inBuffer":false,"facType":"unknown"}},{"type":"Feature","geometry":{"type":"Point","coordinates":[-77.97939,34.28927]},"properties":{"probability":0.889,"inBuffer":false,"facType":"unknown"}},{"type":"Feature","geometry":{"type":"Point","coordinates":[-77.97397,34.2894]},"properties":{"probability":0.895,"inBuffer":false,"facType":"unknown"}},{"type":"Feature","geometry":{"type":"Point","coordinates":[-77.96854,34.28954]},"properties":{"probability":0.892,"inBuffer":false,"facType":"unknown"}},{"type":"Feature","geometry":{"type":"Point","coordinates":[-77.96312,34.28967]},"properties":{"probability":0.349,"inBuffer":false,"facType":"unknown"}},{"type":"Feature","geometry":{"type":"Point","coordinates":[-77.89801,34.29123]},"properties":{"probability":0.199,"inBuffer":false,"facType":"unknown"}},{"type":"Feature","geometry":{"type":"Point","coordinates":[-77.87631,34.29174]},"properties":{"probability":0.207,"inBuffer":false,"facType":"unknown"}},{"type":"Feature","geometry":{"type":"Point","coordinates":[-77.87088,34.29187]},"properties":{"probability":0.909,"inBuffer":false,"facType":"unknown"}},{"type":"Feature","geometry":{"type":"Point","coordinates":[-77.86545,34.29199]},"properties":{"probability":0.871,"inBuffer":false,"facType":"unknown"}},{"type":"Feature","geometry":{"type":"Point","coordinates":[-77.86003,34.29212]},"properties":{"probability":0.842,"inBuffer":false,"facType":"unknown"}},{"type":"Feature","geometry":{"type":"Point","coordinates":[-77.8546,34.29225]},"properties":{"probability":0.156,"inBuffer":false,"facType":"unknown"}},{"type":"Feature","geometry":{"type":"Point","coordinates":[-77.84917,34.29237]},"properties":{"probability":0.135,"inBuffer":false,"facType":"unknown"}},{"type":"Feature","geometry":{"type":"Point","coordinates":[-77.84375,34.2925]},"properties":{"probability":0.136,"inBuffer":false,"facType":"unknown"}},{"type":"Feature","geometry":{"type":"Point","coordinates":[-77.83832,34.29262]},"properties":{"probability":0.138,"inBuffer":false,"facType":"unknown"}},{"type":"Feature","geometry":{"type":"Point","coordinates":[-77.80034,34.2935]},"properties":{"probability":0.058,"inBuffer":false,"facType":"unknown"}},{"type":"Feature","geometry":{"type":"Point","coordinates":[-77.79491,34.29362]},"properties":{"probability":0.085,"inBuffer":false,"facType":"unknown"}},{"type":"Feature","geometry":{"type":"Point","coordinates":[-77.78948,34.29375]},"properties":{"probability":0.051,"inBuffer":false,"facType":"unknown"}},{"type":"Feature","geometry":{"type":"Point","coordinates":[-77.99551,34.28437]},"properties":{"probability":0.396,"inBuffer":false,"facType":"unknown"}},{"type":"Feature","geometry":{"type":"Point","coordinates":[-77.99009,34.2845]},"properties":{"probability":0.895,"inBuffer":false,"facType":"unknown"}},{"type":"Feature","geometry":{"type":"Point","coordinates":[-77.98466,34.28464]},"properties":{"probability":0.386,"inBuffer":false,"facType":"unknown"}},{"type":"Feature","geometry":{"type":"Point","coordinates":[-77.97924,34.28477]},"properties":{"probability":0.909,"inBuffer":false,"facType":"unknown"}},{"type":"Feature","geometry":{"type":"Point","coordinates":[-77.97381,34.2849]},"properties":{"probability":0.895,"inBuffer":false,"facType":"unknown"}},{"type":"Feature","geometry":{"type":"Point","coordinates":[-77.96839,34.28503]},"properties":{"probability":0.408,"inBuffer":false,"facType":"unknown"}},{"type":"Feature","geometry":{"type":"Point","coordinates":[-77.89785,34.28672]},"properties":{"probability":0.191,"inBuffer":false,"facType":"unknown"}},{"type":"Feature","geometry":{"type":"Point","coordinates":[-77.87615,34.28723]},"properties":{"probability":0.33,"inBuffer":false,"facType":"unknown"}},{"type":"Feature","geometry":{"type":"Point","coordinates":[-77.87073,34.28736]},"properties":{"probability":0.357,"inBuffer":false,"facType":"unknown"}},{"type":"Feature","geometry":{"type":"Point","coordinates":[-77.8653,34.28749]},"properties":{"probability":0.842,"inBuffer":false,"facType":"unknown"}},{"type":"Feature","geometry":{"type":"Point","coordinates":[-77.85987,34.28762]},"properties":{"probability":0.163,"inBuffer":false,"facType":"unknown"}},{"type":"Feature","geometry":{"type":"Point","coordinates":[-77.85445,34.28774]},"properties":{"probability":0.154,"inBuffer":false,"facType":"unknown"}},{"type":"Feature","geometry":{"type":"Point","coordinates":[-77.84902,34.28787]},"properties":{"probability":0.138,"inBuffer":false,"facType":"unknown"}},{"type":"Feature","geometry":{"type":"Point","coordinates":[-77.8436,34.28799]},"properties":{"probability":0.138,"inBuffer":false,"facType":"unknown"}},{"type":"Feature","geometry":{"type":"Point","coordinates":[-77.99535,34.27987]},"properties":{"probability":0.365,"inBuffer":false,"facType":"unknown"}},{"type":"Feature","geometry":{"type":"Point","coordinates":[-77.98993,34.28]},"properties":{"probability":0.913,"inBuffer":false,"facType":"unknown"}},{"type":"Feature","geometry":{"type":"Point","coordinates":[-77.9845,34.28013]},"properties":{"probability":0.542,"inBuffer":false,"facType":"unknown"}},{"type":"Feature","geometry":{"type":"Point","coordinates":[-77.97908,34.28027]},"properties":{"probability":0.321,"inBuffer":false,"facType":"unknown"}},{"type":"Feature","geometry":{"type":"Point","coordinates":[-77.9628,34.28066]},"properties":{"probability":0.207,"inBuffer":false,"facType":"unknown"}},{"type":"Feature","geometry":{"type":"Point","coordinates":[-77.95738,34.28079]},"properties":{"probability":0.208,"inBuffer":false,"facType":"unknown"}},{"type":"Feature","geometry":{"type":"Point","coordinates":[-77.91398,34.28183]},"properties":{"probability":0.177,"inBuffer":false,"facType":"unknown"}},{"type":"Feature","geometry":{"type":"Point","coordinates":[-77.90855,34.28196]},"properties":{"probability":0.09,"inBuffer":false,"facType":"unknown"}},{"type":"Feature","geometry":{"type":"Point","coordinates":[-77.876,34.28273]},"properties":{"probability":0.224,"inBuffer":false,"facType":"unknown"}},{"type":"Feature","geometry":{"type":"Point","coordinates":[-77.87057,34.28286]},"properties":{"probability":0.317,"inBuffer":false,"facType":"unknown"}},{"type":"Feature","geometry":{"type":"Point","coordinates":[-77.85972,34.28311]},"properties":{"probability":0.154,"inBuffer":false,"facType":"unknown"}},{"type":"Feature","geometry":{"type":"Point","coordinates":[-77.8543,34.28324]},"properties":{"probability":0.142,"inBuffer":false,"facType":"unknown"}},{"type":"Feature","geometry":{"type":"Point","coordinates":[-77.84887,34.28337]},"properties":{"probability":0.182,"inBuffer":false,"facType":"unknown"}},{"type":"Feature","geometry":{"type":"Point","coordinates":[-77.80546,34.28437]},"properties":{"probability":0.052,"inBuffer":false,"facType":"unknown"}},{"type":"Feature","geometry":{"type":"Point","coordinates":[-78.07655,34.27335]},"properties":{"probability":0.192,"inBuffer":false,"facType":"unknown"}},{"type":"Feature","geometry":{"type":"Point","coordinates":[-78.07113,34.27348]},"properties":{"probability":0.317,"inBuffer":false,"facType":"unknown"}},{"type":"Feature","geometry":{"type":"Point","coordinates":[-78.06571,34.27362]},"properties":{"probability":0.838,"inBuffer":false,"facType":"unknown"}},{"type":"Feature","geometry":{"type":"Point","coordinates":[-78.06028,34.27376]},"properties":{"probability":0.835,"inBuffer":false,"facType":"unknown"}},{"type":"Feature","geometry":{"type":"Point","coordinates":[-78.04943,34.27403]},"properties":{"probability":0.321,"inBuffer":false,"facType":"unknown"}},{"type":"Feature","geometry":{"type":"Point","coordinates":[-78.04401,34.27416]},"properties":{"probability":0.191,"inBuffer":false,"facType":"unknown"}},{"type":"Feature","geometry":{"type":"Point","coordinates":[-77.99519,34.27537]},"properties":{"probability":0.414,"inBuffer":false,"facType":"unknown"}},{"type":"Feature","geometry":{"type":"Point","coordinates":[-77.98977,34.2755]},"properties":{"probability":0.412,"inBuffer":false,"facType":"unknown"}},{"type":"Feature","geometry":{"type":"Point","coordinates":[-77.98434,34.27563]},"properties":{"probability":0.272,"inBuffer":false,"facType":"unknown"}},{"type":"Feature","geometry":{"type":"Point","coordinates":[-77.96264,34.27616]},"properties":{"probability":0.314,"inBuffer":false,"facType":"unknown"}},{"type":"Feature","geometry":{"type":"Point","coordinates":[-77.95722,34.27629]},"properties":{"probability":0.41,"inBuffer":false,"facType":"unknown"}},{"type":"Feature","geometry":{"type":"Point","coordinates":[-77.95179,34.27642]},"properties":{"probability":0.313,"inBuffer":false,"facType":"unknown"}},{"type":"Feature","geometry":{"type":"Point","coordinates":[-77.91925,34.2772]},"properties":{"probability":0.217,"inBuffer":false,"facType":"unknown"}},{"type":"Feature","geometry":{"type":"Point","coordinates":[-77.91382,34.27733]},"properties":{"probability":0.322,"inBuffer":false,"facType":"unknown"}},{"type":"Feature","geometry":{"type":"Point","coordinates":[-77.9084,34.27746]},"properties":{"probability":0.241,"inBuffer":false,"facType":"unknown"}},{"type":"Feature","geometry":{"type":"Point","coordinates":[-77.8867,34.27797]},"properties":{"probability":0.191,"inBuffer":false,"facType":"unknown"}},{"type":"Feature","geometry":{"type":"Point","coordinates":[-77.85414,34.27874]},"properties":{"probability":0.162,"inBuffer":false,"facType":"unknown"}},{"type":"Feature","geometry":{"type":"Point","coordinates":[-77.84872,34.27886]},"properties":{"probability":0.173,"inBuffer":false,"facType":"unknown"}},{"type":"Feature","geometry":{"type":"Point","coordinates":[-77.83244,34.27924]},"properties":{"probability":0.052,"inBuffer":false,"facType":"unknown"}},{"type":"Feature","geometry":{"type":"Point","coordinates":[-77.82702,34.27936]},"properties":{"probability":0.061,"inBuffer":false,"facType":"unknown"}},{"type":"Feature","geometry":{"type":"Point","coordinates":[-77.82159,34.27949]},"properties":{"probability":0.057,"inBuffer":false,"facType":"unknown"}},{"type":"Feature","geometry":{"type":"Point","coordinates":[-78.07097,34.26898]},"properties":{"probability":0.055,"inBuffer":false,"facType":"unknown"}},{"type":"Feature","geometry":{"type":"Point","coordinates":[-78.06554,34.26912]},"properties":{"probability":0.317,"inBuffer":false,"facType":"unknown"}},{"type":"Feature","geometry":{"type":"Point","coordinates":[-78.06012,34.26925]},"properties":{"probability":0.316,"inBuffer":false,"facType":"unknown"}},{"type":"Feature","geometry":{"type":"Point","coordinates":[-78.0547,34.26939]},"properties":{"probability":0.318,"inBuffer":false,"facType":"unknown"}},{"type":"Feature","geometry":{"type":"Point","coordinates":[-78.04927,34.26952]},"properties":{"probability":0.194,"inBuffer":false,"facType":"unknown"}},{"type":"Feature","geometry":{"type":"Point","coordinates":[-78.04385,34.26966]},"properties":{"probability":0.191,"inBuffer":false,"facType":"unknown"}},{"type":"Feature","geometry":{"type":"Point","coordinates":[-78.033,34.26993]},"properties":{"probability":0.147,"inBuffer":false,"facType":"unknown"}},{"type":"Feature","geometry":{"type":"Point","coordinates":[-78.02758,34.27006]},"properties":{"probability":0.144,"inBuffer":false,"facType":"unknown"}},{"type":"Feature","geometry":{"type":"Point","coordinates":[-78.02215,34.2702]},"properties":{"probability":0.147,"inBuffer":false,"facType":"unknown"}},{"type":"Feature","geometry":{"type":"Point","coordinates":[-78.01673,34.27033]},"properties":{"probability":0.158,"inBuffer":false,"facType":"unknown"}},{"type":"Feature","geometry":{"type":"Point","coordinates":[-78.00588,34.2706]},"properties":{"probability":0.145,"inBuffer":false,"facType":"unknown"}},{"type":"Feature","geometry":{"type":"Point","coordinates":[-77.96249,34.27165]},"properties":{"probability":0.371,"inBuffer":false,"facType":"unknown"}},{"type":"Feature","geometry":{"type":"Point","coordinates":[-77.95706,34.27179]},"properties":{"probability":0.401,"inBuffer":false,"facType":"unknown"}},{"type":"Feature","geometry":{"type":"Point","coordinates":[-77.95164,34.27192]},"properties":{"probability":0.061,"inBuffer":false,"facType":"unknown"}},{"type":"Feature","geometry":{"type":"Point","coordinates":[-77.92451,34.27257]},"properties":{"probability":0.057,"inBuffer":false,"facType":"unknown"}},{"type":"Feature","geometry":{"type":"Point","coordinates":[-77.91909,34.2727]},"properties":{"probability":0.198,"inBuffer":false,"facType":"unknown"}},{"type":"Feature","geometry":{"type":"Point","coordinates":[-77.91367,34.27283]},"properties":{"probability":0.362,"inBuffer":false,"facType":"unknown"}},{"type":"Feature","geometry":{"type":"Point","coordinates":[-77.90824,34.27296]},"properties":{"probability":0.869,"inBuffer":false,"facType":"unknown"}},{"type":"Feature","geometry":{"type":"Point","coordinates":[-77.90282,34.27308]},"properties":{"probability":0.833,"inBuffer":false,"facType":"unknown"}},{"type":"Feature","geometry":{"type":"Point","coordinates":[-77.88654,34.27347]},"properties":{"probability":0.191,"inBuffer":false,"facType":"unknown"}},{"type":"Feature","geometry":{"type":"Point","coordinates":[-77.83229,34.27474]},"properties":{"probability":0.051,"inBuffer":false,"facType":"unknown"}},{"type":"Feature","geometry":{"type":"Point","coordinates":[-77.82687,34.27486]},"properties":{"probability":0.272,"inBuffer":false,"facType":"unknown"}},{"type":"Feature","geometry":{"type":"Point","coordinates":[-77.82144,34.27499]},"properties":{"probability":0.073,"inBuffer":false,"facType":"unknown"}},{"type":"Feature","geometry":{"type":"Point","coordinates":[-77.81602,34.27511]},"properties":{"probability":0.061,"inBuffer":false,"facType":"unknown"}},{"type":"Feature","geometry":{"type":"Point","coordinates":[-78.07623,34.26434]},"properties":{"probability":0.334,"inBuffer":false,"facType":"unknown"}},{"type":"Feature","geometry":{"type":"Point","coordinates":[-78.0708,34.26448]},"properties":{"probability":0.257,"inBuffer":false,"facType":"unknown"}},{"type":"Feature","geometry":{"type":"Point","coordinates":[-78.06538,34.26462]},"properties":{"probability":0.839,"inBuffer":false,"facType":"unknown"}},{"type":"Feature","geometry":{"type":"Point","coordinates":[-78.05996,34.26475]},"properties":{"probability":0.837,"inBuffer":false,"facType":"unknown"}},{"type":"Feature","geometry":{"type":"Point","coordinates":[-78.05453,34.26489]},"properties":{"probability":0.32,"inBuffer":false,"facType":"unknown"}},{"type":"Feature","geometry":{"type":"Point","coordinates":[-78.03284,34.26543]},"properties":{"probability":0.136,"inBuffer":false,"facType":"unknown"}},{"type":"Feature","geometry":{"type":"Point","coordinates":[-78.02741,34.26556]},"properties":{"probability":0.146,"inBuffer":false,"facType":"unknown"}},{"type":"Feature","geometry":{"type":"Point","coordinates":[-78.02199,34.26569]},"properties":{"probability":0.2,"inBuffer":false,"facType":"unknown"}},{"type":"Feature","geometry":{"type":"Point","coordinates":[-78.01657,34.26583]},"properties":{"probability":0.216,"inBuffer":false,"facType":"unknown"}},{"type":"Feature","geometry":{"type":"Point","coordinates":[-78.01114,34.26596]},"properties":{"probability":0.177,"inBuffer":false,"facType":"unknown"}},{"type":"Feature","geometry":{"type":"Point","coordinates":[-78.00572,34.26609]},"properties":{"probability":0.18,"inBuffer":false,"facType":"unknown"}},{"type":"Feature","geometry":{"type":"Point","coordinates":[-78.0003,34.26623]},"properties":{"probability":0.144,"inBuffer":false,"facType":"unknown"}},{"type":"Feature","geometry":{"type":"Point","coordinates":[-77.96233,34.26715]},"properties":{"probability":0.058,"inBuffer":false,"facType":"unknown"}},{"type":"Feature","geometry":{"type":"Point","coordinates":[-77.9569,34.26728]},"properties":{"probability":0.058,"inBuffer":false,"facType":"unknown"}},{"type":"Feature","geometry":{"type":"Point","coordinates":[-77.92978,34.26793]},"properties":{"probability":0.052,"inBuffer":false,"facType":"unknown"}},{"type":"Feature","geometry":{"type":"Point","coordinates":[-77.92436,34.26806]},"properties":{"probability":0.351,"inBuffer":false,"facType":"unknown"}},{"type":"Feature","geometry":{"type":"Point","coordinates":[-77.91893,34.26819]},"properties":{"probability":0.337,"inBuffer":false,"facType":"unknown"}},{"type":"Feature","geometry":{"type":"Point","coordinates":[-77.91351,34.26832]},"properties":{"probability":0.923,"inBuffer":false,"facType":"unknown"}},{"type":"Feature","geometry":{"type":"Point","coordinates":[-77.90809,34.26845]},"properties":{"probability":0.886,"inBuffer":false,"facType":"unknown"}},{"type":"Feature","geometry":{"type":"Point","coordinates":[-77.90266,34.26858]},"properties":{"probability":0.836,"inBuffer":false,"facType":"unknown"}},{"type":"Feature","geometry":{"type":"Point","coordinates":[-77.89724,34.26871]},"properties":{"probability":0.837,"inBuffer":false,"facType":"unknown"}},{"type":"Feature","geometry":{"type":"Point","coordinates":[-77.89181,34.26884]},"properties":{"probability":0.318,"inBuffer":false,"facType":"unknown"}},{"type":"Feature","geometry":{"type":"Point","coordinates":[-77.88639,34.26897]},"properties":{"probability":0.191,"inBuffer":false,"facType":"unknown"}},{"type":"Feature","geometry":{"type":"Point","coordinates":[-77.85384,34.26973]},"properties":{"probability":0.144,"inBuffer":false,"facType":"unknown"}},{"type":"Feature","geometry":{"type":"Point","coordinates":[-77.84841,34.26985]},"properties":{"probability":0.144,"inBuffer":false,"facType":"unknown"}},{"type":"Feature","geometry":{"type":"Point","coordinates":[-77.83756,34.27011]},"properties":{"probability":0.059,"inBuffer":false,"facType":"unknown"}},{"type":"Feature","geometry":{"type":"Point","coordinates":[-77.83214,34.27023]},"properties":{"probability":0.358,"inBuffer":false,"facType":"unknown"}},{"type":"Feature","geometry":{"type":"Point","coordinates":[-77.82671,34.27036]},"properties":{"probability":0.35,"inBuffer":false,"facType":"unknown"}},{"type":"Feature","geometry":{"type":"Point","coordinates":[-77.82129,34.27048]},"properties":{"probability":0.357,"inBuffer":false,"facType":"unknown"}},{"type":"Feature","geometry":{"type":"Point","coordinates":[-77.81586,34.27061]},"properties":{"probability":0.07,"inBuffer":false,"facType":"unknown"}},{"type":"Feature","geometry":{"type":"Point","coordinates":[-78.08148,34.2597]},"properties":{"probability":0.164,"inBuffer":false,"facType":"unknown"}},{"type":"Feature","geometry":{"type":"Point","coordinates":[-78.07606,34.25984]},"properties":{"probability":0.356,"inBuffer":false,"facType":"unknown"}},{"type":"Feature","geometry":{"type":"Point","coordinates":[-78.07064,34.25998]},"properties":{"probability":0.324,"inBuffer":false,"facType":"unknown"}},{"type":"Feature","geometry":{"type":"Point","coordinates":[-78.06522,34.26011]},"properties":{"probability":0.841,"inBuffer":false,"facType":"unknown"}},{"type":"Feature","geometry":{"type":"Point","coordinates":[-78.05979,34.26025]},"properties":{"probability":0.865,"inBuffer":false,"facType":"unknown"}},{"type":"Feature","geometry":{"type":"Point","coordinates":[-78.05437,34.26038]},"properties":{"probability":0.051,"inBuffer":false,"facType":"unknown"}},{"type":"Feature","geometry":{"type":"Point","coordinates":[-78.01641,34.26132]},"properties":{"probability":0.186,"inBuffer":false,"facType":"unknown"}},{"type":"Feature","geometry":{"type":"Point","coordinates":[-78.01098,34.26146]},"properties":{"probability":0.838,"inBuffer":false,"facType":"unknown"}},{"type":"Feature","geometry":{"type":"Point","coordinates":[-78.00556,34.26159]},"properties":{"probability":0.83,"inBuffer":false,"facType":"unknown"}},{"type":"Feature","geometry":{"type":"Point","coordinates":[-78.00014,34.26172]},"properties":{"probability":0.178,"inBuffer":false,"facType":"unknown"}},{"type":"Feature","geometry":{"type":"Point","coordinates":[-77.92963,34.26343]},"properties":{"probability":0.059,"inBuffer":false,"facType":"unknown"}},{"type":"Feature","geometry":{"type":"Point","coordinates":[-77.9242,34.26356]},"properties":{"probability":0.455,"inBuffer":false,"facType":"unknown"}},{"type":"Feature","geometry":{"type":"Point","coordinates":[-77.91878,34.26369]},"properties":{"probability":0.443,"inBuffer":false,"facType":"unknown"}},{"type":"Feature","geometry":{"type":"Point","coordinates":[-77.91335,34.26382]},"properties":{"probability":0.212,"inBuffer":false,"facType":"unknown"}},{"type":"Feature","geometry":{"type":"Point","coordinates":[-77.90793,34.26395]},"properties":{"probability":0.886,"inBuffer":false,"facType":"unknown"}},{"type":"Feature","geometry":{"type":"Point","coordinates":[-77.90251,34.26408]},"properties":{"probability":0.838,"inBuffer":false,"facType":"unknown"}},{"type":"Feature","geometry":{"type":"Point","coordinates":[-77.89708,34.26421]},"properties":{"probability":0.161,"inBuffer":false,"facType":"unknown"}},{"type":"Feature","geometry":{"type":"Point","coordinates":[-77.89166,34.26433]},"properties":{"probability":0.194,"inBuffer":false,"facType":"unknown"}},{"type":"Feature","geometry":{"type":"Point","coordinates":[-77.84826,34.26535]},"properties":{"probability":0.185,"inBuffer":false,"facType":"unknown"}},{"type":"Feature","geometry":{"type":"Point","coordinates":[-77.84284,34.26548]},"properties":{"probability":0.228,"inBuffer":false,"facType":"unknown"}},{"type":"Feature","geometry":{"type":"Point","coordinates":[-77.83741,34.2656]},"properties":{"probability":0.304,"inBuffer":false,"facType":"unknown"}},{"type":"Feature","geometry":{"type":"Point","coordinates":[-77.83199,34.26573]},"properties":{"probability":0.447,"inBuffer":false,"facType":"unknown"}},{"type":"Feature","geometry":{"type":"Point","coordinates":[-77.82656,34.26585]},"properties":{"probability":0.44,"inBuffer":false,"facType":"unknown"}},{"type":"Feature","geometry":{"type":"Point","coordinates":[-77.82114,34.26598]},"properties":{"probability":0.317,"inBuffer":false,"facType":"unknown"}},{"type":"Feature","geometry":{"type":"Point","coordinates":[-78.0759,34.25534]},"properties":{"probability":0.319,"inBuffer":false,"facType":"unknown"}},{"type":"Feature","geometry":{"type":"Point","coordinates":[-78.07048,34.25547]},"properties":{"probability":0.301,"inBuffer":false,"facType":"unknown"}},{"type":"Feature","geometry":{"type":"Point","coordinates":[-78.06505,34.25561]},"properties":{"probability":0.84,"inBuffer":false,"facType":"unknown"}},{"type":"Feature","geometry":{"type":"Point","coordinates":[-78.05963,34.25575]},"properties":{"probability":0.192,"inBuffer":false,"facType":"unknown"}},{"type":"Feature","geometry":{"type":"Point","coordinates":[-78.05421,34.25588]},"properties":{"probability":0.223,"inBuffer":false,"facType":"unknown"}},{"type":"Feature","geometry":{"type":"Point","coordinates":[-78.04878,34.25602]},"properties":{"probability":0.19,"inBuffer":false,"facType":"unknown"}},{"type":"Feature","geometry":{"type":"Point","coordinates":[-78.03794,34.25629]},"properties":{"probability":0.132,"inBuffer":false,"facType":"unknown"}},{"type":"Feature","geometry":{"type":"Point","coordinates":[-78.03251,34.25642]},"properties":{"probability":0.167,"inBuffer":false,"facType":"unknown"}},{"type":"Feature","geometry":{"type":"Point","coordinates":[-78.02709,34.25655]},"properties":{"probability":0.165,"inBuffer":false,"facType":"unknown"}},{"type":"Feature","geometry":{"type":"Point","coordinates":[-78.02167,34.25669]},"properties":{"probability":0.163,"inBuffer":false,"facType":"unknown"}},{"type":"Feature","geometry":{"type":"Point","coordinates":[-78.01625,34.25682]},"properties":{"probability":0.833,"inBuffer":false,"facType":"unknown"}},{"type":"Feature","geometry":{"type":"Point","coordinates":[-78.01082,34.25695]},"properties":{"probability":0.831,"inBuffer":false,"facType":"unknown"}},{"type":"Feature","geometry":{"type":"Point","coordinates":[-78.0054,34.25709]},"properties":{"probability":0.836,"inBuffer":false,"facType":"unknown"}},{"type":"Feature","geometry":{"type":"Point","coordinates":[-77.99998,34.25722]},"properties":{"probability":0.165,"inBuffer":false,"facType":"unknown"}},{"type":"Feature","geometry":{"type":"Point","coordinates":[-77.95116,34.25841]},"properties":{"probability":0.213,"inBuffer":false,"facType":"unknown"}},{"type":"Feature","geometry":{"type":"Point","coordinates":[-77.94574,34.25854]},"properties":{"probability":0.326,"inBuffer":false,"facType":"unknown"}},{"type":"Feature","geometry":{"type":"Point","coordinates":[-77.94032,34.25867]},"properties":{"probability":0.208,"inBuffer":false,"facType":"unknown"}},{"type":"Feature","geometry":{"type":"Point","coordinates":[-77.93489,34.2588]},"properties":{"probability":0.176,"inBuffer":false,"facType":"unknown"}},{"type":"Feature","geometry":{"type":"Point","coordinates":[-77.92405,34.25906]},"properties":{"probability":0.36,"inBuffer":false,"facType":"unknown"}},{"type":"Feature","geometry":{"type":"Point","coordinates":[-77.91862,34.25919]},"properties":{"probability":0.35,"inBuffer":false,"facType":"unknown"}},{"type":"Feature","geometry":{"type":"Point","coordinates":[-77.90777,34.25944]},"properties":{"probability":0.16,"inBuffer":false,"facType":"unknown"}},{"type":"Feature","geometry":{"type":"Point","coordinates":[-77.90235,34.25957]},"properties":{"probability":0.153,"inBuffer":false,"facType":"unknown"}},{"type":"Feature","geometry":{"type":"Point","coordinates":[-77.89693,34.2597]},"properties":{"probability":0.134,"inBuffer":false,"facType":"unknown"}},{"type":"Feature","geometry":{"type":"Point","coordinates":[-77.87523,34.26021]},"properties":{"probability":0.15,"inBuffer":false,"facType":"unknown"}},{"type":"Feature","geometry":{"type":"Point","coordinates":[-77.86981,34.26034]},"properties":{"probability":0.185,"inBuffer":false,"facType":"unknown"}},{"type":"Feature","geometry":{"type":"Point","coordinates":[-77.84811,34.26085]},"properties":{"probability":0.262,"inBuffer":false,"facType":"unknown"}},{"type":"Feature","geometry":{"type":"Point","coordinates":[-77.84269,34.26097]},"properties":{"probability":0.303,"inBuffer":false,"facType":"unknown"}},{"type":"Feature","geometry":{"type":"Point","coordinates":[-77.83726,34.2611]},"properties":{"probability":0.939,"inBuffer":false,"facType":"unknown"}},{"type":"Feature","geometry":{"type":"Point","coordinates":[-77.83184,34.26122]},"properties":{"probability":0.945,"inBuffer":false,"facType":"unknown"}},{"type":"Feature","geometry":{"type":"Point","coordinates":[-77.82641,34.26135]},"properties":{"probability":0.942,"inBuffer":false,"facType":"unknown"}},{"type":"Feature","geometry":{"type":"Point","coordinates":[-77.82099,34.26147]},"properties":{"probability":0.061,"inBuffer":false,"facType":"unknown"}},{"type":"Feature","geometry":{"type":"Point","coordinates":[-78.06489,34.25111]},"properties":{"probability":0.316,"inBuffer":false,"facType":"unknown"}},{"type":"Feature","geometry":{"type":"Point","coordinates":[-78.05947,34.25124]},"properties":{"probability":0.164,"inBuffer":false,"facType":"unknown"}},{"type":"Feature","geometry":{"type":"Point","coordinates":[-78.04862,34.25151]},"properties":{"probability":0.19,"inBuffer":false,"facType":"unknown"}},{"type":"Feature","geometry":{"type":"Point","coordinates":[-78.03778,34.25178]},"properties":{"probability":0.161,"inBuffer":false,"facType":"unknown"}},{"type":"Feature","geometry":{"type":"Point","coordinates":[-78.03235,34.25192]},"properties":{"probability":0.837,"inBuffer":false,"facType":"unknown"}},{"type":"Feature","geometry":{"type":"Point","coordinates":[-78.02693,34.25205]},"properties":{"probability":0.842,"inBuffer":false,"facType":"unknown"}},{"type":"Feature","geometry":{"type":"Point","coordinates":[-78.02151,34.25218]},"properties":{"probability":0.837,"inBuffer":false,"facType":"unknown"}},{"type":"Feature","geometry":{"type":"Point","coordinates":[-78.01608,34.25232]},"properties":{"probability":0.834,"inBuffer":false,"facType":"unknown"}},{"type":"Feature","geometry":{"type":"Point","coordinates":[-78.01066,34.25245]},"properties":{"probability":0.84,"inBuffer":false,"facType":"unknown"}},{"type":"Feature","geometry":{"type":"Point","coordinates":[-78.00524,34.25259]},"properties":{"probability":0.834,"inBuffer":false,"facType":"unknown"}},{"type":"Feature","geometry":{"type":"Point","coordinates":[-77.99982,34.25272]},"properties":{"probability":0.162,"inBuffer":false,"facType":"unknown"}},{"type":"Feature","geometry":{"type":"Point","coordinates":[-77.95643,34.25377]},"properties":{"probability":0.051,"inBuffer":false,"facType":"unknown"}},{"type":"Feature","geometry":{"type":"Point","coordinates":[-77.95101,34.2539]},"properties":{"probability":0.367,"inBuffer":false,"facType":"unknown"}},{"type":"Feature","geometry":{"type":"Point","coordinates":[-77.94558,34.25403]},"properties":{"probability":0.413,"inBuffer":false,"facType":"unknown"}},{"type":"Feature","geometry":{"type":"Point","coordinates":[-77.94016,34.25416]},"properties":{"probability":0.891,"inBuffer":false,"facType":"unknown"}},{"type":"Feature","geometry":{"type":"Point","coordinates":[-77.93474,34.25429]},"properties":{"probability":0.834,"inBuffer":false,"facType":"unknown"}},{"type":"Feature","geometry":{"type":"Point","coordinates":[-77.92931,34.25442]},"properties":{"probability":0.179,"inBuffer":false,"facType":"unknown"}},{"type":"Feature","geometry":{"type":"Point","coordinates":[-77.92389,34.25455]},"properties":{"probability":0.059,"inBuffer":false,"facType":"unknown"}},{"type":"Feature","geometry":{"type":"Point","coordinates":[-77.91847,34.25468]},"properties":{"probability":0.063,"inBuffer":false,"facType":"unknown"}},{"type":"Feature","geometry":{"type":"Point","coordinates":[-77.90762,34.25494]},"properties":{"probability":0.134,"inBuffer":false,"facType":"unknown"}},{"type":"Feature","geometry":{"type":"Point","coordinates":[-77.89135,34.25533]},"properties":{"probability":0.15,"inBuffer":false,"facType":"unknown"}},{"type":"Feature","geometry":{"type":"Point","coordinates":[-77.88593,34.25545]},"properties":{"probability":0.221,"inBuffer":false,"facType":"unknown"}},{"type":"Feature","geometry":{"type":"Point","coordinates":[-77.8805,34.25558]},"properties":{"probability":0.165,"inBuffer":false,"facType":"unknown"}},{"type":"Feature","geometry":{"type":"Point","coordinates":[-77.87508,34.25571]},"properties":{"probability":0.346,"inBuffer":false,"facType":"unknown"}},{"type":"Feature","geometry":{"type":"Point","coordinates":[-77.86965,34.25584]},"properties":{"probability":0.375,"inBuffer":false,"facType":"unknown"}},{"type":"Feature","geometry":{"type":"Point","coordinates":[-77.86423,34.25596]},"properties":{"probability":0.342,"inBuffer":false,"facType":"unknown"}},{"type":"Feature","geometry":{"type":"Point","coordinates":[-77.85881,34.25609]},"properties":{"probability":0.068,"inBuffer":false,"facType":"unknown"}},{"type":"Feature","geometry":{"type":"Point","coordinates":[-77.85338,34.25622]},"properties":{"probability":0.117,"inBuffer":false,"facType":"unknown"}},{"type":"Feature","geometry":{"type":"Point","coordinates":[-77.84796,34.25634]},"properties":{"probability":0.277,"inBuffer":false,"facType":"unknown"}},{"type":"Feature","geometry":{"type":"Point","coordinates":[-77.84253,34.25647]},"properties":{"probability":0.307,"inBuffer":false,"facType":"unknown"}},{"type":"Feature","geometry":{"type":"Point","coordinates":[-77.83711,34.25659]},"properties":{"probability":0.924,"inBuffer":false,"facType":"unknown"}},{"type":"Feature","geometry":{"type":"Point","coordinates":[-77.83169,34.25672]},"properties":{"probability":0.915,"inBuffer":false,"facType":"unknown"}},{"type":"Feature","geometry":{"type":"Point","coordinates":[-77.82626,34.25685]},"properties":{"probability":0.916,"inBuffer":false,"facType":"unknown"}},{"type":"Feature","geometry":{"type":"Point","coordinates":[-77.82084,34.25697]},"properties":{"probability":0.225,"inBuffer":false,"facType":"unknown"}},{"type":"Feature","geometry":{"type":"Point","coordinates":[-77.81541,34.2571]},"properties":{"probability":0.143,"inBuffer":false,"facType":"unknown"}},{"type":"Feature","geometry":{"type":"Point","coordinates":[-78.03761,34.24728]},"properties":{"probability":0.177,"inBuffer":false,"facType":"unknown"}},{"type":"Feature","geometry":{"type":"Point","coordinates":[-78.03219,34.24741]},"properties":{"probability":0.844,"inBuffer":false,"facType":"unknown"}},{"type":"Feature","geometry":{"type":"Point","coordinates":[-78.02677,34.24755]},"properties":{"probability":0.841,"inBuffer":false,"facType":"unknown"}},{"type":"Feature","geometry":{"type":"Point","coordinates":[-78.02135,34.24768]},"properties":{"probability":0.837,"inBuffer":false,"facType":"unknown"}},{"type":"Feature","geometry":{"type":"Point","coordinates":[-77.95627,34.24927]},"properties":{"probability":0.226,"inBuffer":false,"facType":"unknown"}},{"type":"Feature","geometry":{"type":"Point","coordinates":[-77.95085,34.2494]},"properties":{"probability":0.523,"inBuffer":false,"facType":"unknown"}},{"type":"Feature","geometry":{"type":"Point","coordinates":[-77.94543,34.24953]},"properties":{"probability":0.932,"inBuffer":false,"facType":"unknown"}},{"type":"Feature","geometry":{"type":"Point","coordinates":[-77.94,34.24966]},"properties":{"probability":0.909,"inBuffer":false,"facType":"unknown"}},{"type":"Feature","geometry":{"type":"Point","coordinates":[-77.93458,34.24979]},"properties":{"probability":0.881,"inBuffer":false,"facType":"unknown"}},{"type":"Feature","geometry":{"type":"Point","coordinates":[-77.92916,34.24992]},"properties":{"probability":0.172,"inBuffer":false,"facType":"unknown"}},{"type":"Feature","geometry":{"type":"Point","coordinates":[-77.92373,34.25005]},"properties":{"probability":0.053,"inBuffer":false,"facType":"unknown"}},{"type":"Feature","geometry":{"type":"Point","coordinates":[-77.91831,34.25018]},"properties":{"probability":0.057,"inBuffer":false,"facType":"unknown"}},{"type":"Feature","geometry":{"type":"Point","coordinates":[-77.89119,34.25082]},"properties":{"probability":0.32,"inBuffer":false,"facType":"unknown"}},{"type":"Feature","geometry":{"type":"Point","coordinates":[-77.88577,34.25095]},"properties":{"probability":0.358,"inBuffer":false,"facType":"unknown"}},{"type":"Feature","geometry":{"type":"Point","coordinates":[-77.88035,34.25108]},"properties":{"probability":0.375,"inBuffer":false,"facType":"unknown"}},{"type":"Feature","geometry":{"type":"Point","coordinates":[-77.87492,34.25121]},"properties":{"probability":0.542,"inBuffer":false,"facType":"unknown"}},{"type":"Feature","geometry":{"type":"Point","coordinates":[-77.8695,34.25133]},"properties":{"probability":0.554,"inBuffer":false,"facType":"unknown"}},{"type":"Feature","geometry":{"type":"Point","coordinates":[-77.86408,34.25146]},"properties":{"probability":0.559,"inBuffer":false,"facType":"unknown"}},{"type":"Feature","geometry":{"type":"Point","coordinates":[-77.85865,34.25159]},"properties":{"probability":0.143,"inBuffer":false,"facType":"unknown"}},{"type":"Feature","geometry":{"type":"Point","coordinates":[-77.85323,34.25171]},"properties":{"probability":0.13,"inBuffer":false,"facType":"unknown"}},{"type":"Feature","geometry":{"type":"Point","coordinates":[-77.84781,34.25184]},"properties":{"probability":0.279,"inBuffer":false,"facType":"unknown"}},{"type":"Feature","geometry":{"type":"Point","coordinates":[-77.84238,34.25197]},"properties":{"probability":0.303,"inBuffer":false,"facType":"unknown"}},{"type":"Feature","geometry":{"type":"Point","coordinates":[-77.83696,34.25209]},"properties":{"probability":0.246,"inBuffer":false,"facType":"unknown"}},{"type":"Feature","geometry":{"type":"Point","coordinates":[-77.83154,34.25222]},"properties":{"probability":0.91,"inBuffer":false,"facType":"unknown"}},{"type":"Feature","geometry":{"type":"Point","coordinates":[-77.82611,34.25234]},"properties":{"probability":0.232,"inBuffer":false,"facType":"unknown"}},{"type":"Feature","geometry":{"type":"Point","coordinates":[-77.82069,34.25247]},"properties":{"probability":0.144,"inBuffer":false,"facType":"unknown"}},{"type":"Feature","geometry":{"type":"Point","coordinates":[-77.81526,34.25259]},"properties":{"probability":0.143,"inBuffer":false,"facType":"unknown"}},{"type":"Feature","geometry":{"type":"Point","coordinates":[-78.03745,34.24278]},"properties":{"probability":0.179,"inBuffer":false,"facType":"unknown"}},{"type":"Feature","geometry":{"type":"Point","coordinates":[-78.03203,34.24291]},"properties":{"probability":0.167,"inBuffer":false,"facType":"unknown"}},{"type":"Feature","geometry":{"type":"Point","coordinates":[-78.02661,34.24304]},"properties":{"probability":0.835,"inBuffer":false,"facType":"unknown"}},{"type":"Feature","geometry":{"type":"Point","coordinates":[-78.02119,34.24318]},"properties":{"probability":0.158,"inBuffer":false,"facType":"unknown"}},{"type":"Feature","geometry":{"type":"Point","coordinates":[-77.95612,34.24477]},"properties":{"probability":0.305,"inBuffer":false,"facType":"unknown"}},{"type":"Feature","geometry":{"type":"Point","coordinates":[-77.95069,34.2449]},"properties":{"probability":0.544,"inBuffer":false,"facType":"unknown"}},{"type":"Feature","geometry":{"type":"Point","coordinates":[-77.94527,34.24503]},"properties":{"probability":0.522,"inBuffer":false,"facType":"unknown"}},{"type":"Feature","geometry":{"type":"Point","coordinates":[-77.93985,34.24516]},"properties":{"probability":0.246,"inBuffer":false,"facType":"unknown"}},{"type":"Feature","geometry":{"type":"Point","coordinates":[-77.93442,34.24529]},"properties":{"probability":0.208,"inBuffer":false,"facType":"unknown"}},{"type":"Feature","geometry":{"type":"Point","coordinates":[-77.929,34.24542]},"properties":{"probability":0.141,"inBuffer":false,"facType":"unknown"}},{"type":"Feature","geometry":{"type":"Point","coordinates":[-77.92358,34.24555]},"properties":{"probability":0.168,"inBuffer":false,"facType":"unknown"}},{"type":"Feature","geometry":{"type":"Point","coordinates":[-77.90731,34.24593]},"properties":{"probability":0.061,"inBuffer":false,"facType":"unknown"}},{"type":"Feature","geometry":{"type":"Point","coordinates":[-77.90189,34.24606]},"properties":{"probability":0.062,"inBuffer":false,"facType":"unknown"}},{"type":"Feature","geometry":{"type":"Point","coordinates":[-77.89646,34.24619]},"properties":{"probability":0.214,"inBuffer":false,"facType":"unknown"}},{"type":"Feature","geometry":{"type":"Point","coordinates":[-77.89104,34.24632]},"properties":{"probability":0.336,"inBuffer":false,"facType":"unknown"}},{"type":"Feature","geometry":{"type":"Point","coordinates":[-77.88562,34.24645]},"properties":{"probability":0.538,"inBuffer":false,"facType":"unknown"}},{"type":"Feature","geometry":{"type":"Point","coordinates":[-77.88019,34.24657]},"properties":{"probability":0.31,"inBuffer":false,"facType":"unknown"}},{"type":"Feature","geometry":{"type":"Point","coordinates":[-77.87477,34.2467]},"properties":{"probability":0.142,"inBuffer":false,"facType":"unknown"}},{"type":"Feature","geometry":{"type":"Point","coordinates":[-77.86935,34.24683]},"properties":{"probability":0.54,"inBuffer":false,"facType":"unknown"}},{"type":"Feature","geometry":{"type":"Point","coordinates":[-77.86392,34.24696]},"properties":{"probability":0.54,"inBuffer":false,"facType":"unknown"}},{"type":"Feature","geometry":{"type":"Point","coordinates":[-77.8585,34.24708]},"properties":{"probability":0.173,"inBuffer":false,"facType":"unknown"}},{"type":"Feature","geometry":{"type":"Point","coordinates":[-77.85308,34.24721]},"properties":{"probability":0.12,"inBuffer":false,"facType":"unknown"}},{"type":"Feature","geometry":{"type":"Point","coordinates":[-77.84765,34.24734]},"properties":{"probability":0.062,"inBuffer":false,"facType":"unknown"}},{"type":"Feature","geometry":{"type":"Point","coordinates":[-77.84223,34.24746]},"properties":{"probability":0.18,"inBuffer":false,"facType":"unknown"}},{"type":"Feature","geometry":{"type":"Point","coordinates":[-77.83681,34.24759]},"properties":{"probability":0.212,"inBuffer":false,"facType":"unknown"}},{"type":"Feature","geometry":{"type":"Point","coordinates":[-77.83138,34.24771]},"properties":{"probability":0.294,"inBuffer":false,"facType":"unknown"}},{"type":"Feature","geometry":{"type":"Point","coordinates":[-77.82596,34.24784]},"properties":{"probability":0.248,"inBuffer":false,"facType":"unknown"}},{"type":"Feature","geometry":{"type":"Point","coordinates":[-77.82054,34.24796]},"properties":{"probability":0.144,"inBuffer":false,"facType":"unknown"}},{"type":"Feature","geometry":{"type":"Point","coordinates":[-77.81511,34.24809]},"properties":{"probability":0.143,"inBuffer":false,"facType":"unknown"}},{"type":"Feature","geometry":{"type":"Point","coordinates":[-77.80969,34.24821]},"properties":{"probability":0.143,"inBuffer":false,"facType":"unknown"}},{"type":"Feature","geometry":{"type":"Point","coordinates":[-77.80427,34.24834]},"properties":{"probability":0.143,"inBuffer":false,"facType":"unknown"}},{"type":"Feature","geometry":{"type":"Point","coordinates":[-78.04271,34.23814]},"properties":{"probability":0.133,"inBuffer":false,"facType":"unknown"}},{"type":"Feature","geometry":{"type":"Point","coordinates":[-78.03729,34.23827]},"properties":{"probability":0.137,"inBuffer":false,"facType":"unknown"}},{"type":"Feature","geometry":{"type":"Point","coordinates":[-78.03187,34.23841]},"properties":{"probability":0.155,"inBuffer":false,"facType":"unknown"}},{"type":"Feature","geometry":{"type":"Point","coordinates":[-78.02645,34.23854]},"properties":{"probability":0.208,"inBuffer":false,"facType":"unknown"}},{"type":"Feature","geometry":{"type":"Point","coordinates":[-78.02102,34.23868]},"properties":{"probability":0.216,"inBuffer":false,"facType":"unknown"}},{"type":"Feature","geometry":{"type":"Point","coordinates":[-78.0156,34.23881]},"properties":{"probability":0.225,"inBuffer":false,"facType":"unknown"}},{"type":"Feature","geometry":{"type":"Point","coordinates":[-78.01018,34.23894]},"properties":{"probability":0.325,"inBuffer":false,"facType":"unknown"}},{"type":"Feature","geometry":{"type":"Point","coordinates":[-78.00476,34.23908]},"properties":{"probability":0.295,"inBuffer":false,"facType":"unknown"}},{"type":"Feature","geometry":{"type":"Point","coordinates":[-77.96138,34.24013]},"properties":{"probability":0.192,"inBuffer":false,"facType":"unknown"}},{"type":"Feature","geometry":{"type":"Point","coordinates":[-77.95596,34.24026]},"properties":{"probability":0.947,"inBuffer":false,"facType":"unknown"}},{"type":"Feature","geometry":{"type":"Point","coordinates":[-77.95054,34.24039]},"properties":{"probability":0.949,"inBuffer":false,"facType":"unknown"}},{"type":"Feature","geometry":{"type":"Point","coordinates":[-77.94511,34.24052]},"properties":{"probability":0.949,"inBuffer":false,"facType":"unknown"}},{"type":"Feature","geometry":{"type":"Point","coordinates":[-77.93969,34.24065]},"properties":{"probability":0.948,"inBuffer":false,"facType":"unknown"}},{"type":"Feature","geometry":{"type":"Point","coordinates":[-77.93427,34.24078]},"properties":{"probability":0.948,"inBuffer":false,"facType":"unknown"}},{"type":"Feature","geometry":{"type":"Point","coordinates":[-77.92885,34.24091]},"properties":{"probability":0.27,"inBuffer":false,"facType":"unknown"}},{"type":"Feature","geometry":{"type":"Point","coordinates":[-77.92342,34.24104]},"properties":{"probability":0.197,"inBuffer":false,"facType":"unknown"}},{"type":"Feature","geometry":{"type":"Point","coordinates":[-77.91258,34.2413]},"properties":{"probability":0.055,"inBuffer":false,"facType":"unknown"}},{"type":"Feature","geometry":{"type":"Point","coordinates":[-77.90715,34.24143]},"properties":{"probability":0.324,"inBuffer":false,"facType":"unknown"}},{"type":"Feature","geometry":{"type":"Point","coordinates":[-77.90173,34.24156]},"properties":{"probability":0.526,"inBuffer":false,"facType":"unknown"}},{"type":"Feature","geometry":{"type":"Point","coordinates":[-77.89631,34.24169]},"properties":{"probability":0.947,"inBuffer":false,"facType":"unknown"}},{"type":"Feature","geometry":{"type":"Point","coordinates":[-77.89089,34.24182]},"properties":{"probability":0.949,"inBuffer":false,"facType":"unknown"}},{"type":"Feature","geometry":{"type":"Point","coordinates":[-77.88546,34.24194]},"properties":{"probability":0.313,"inBuffer":false,"facType":"unknown"}},{"type":"Feature","geometry":{"type":"Point","coordinates":[-77.88004,34.24207]},"properties":{"probability":0.17,"inBuffer":false,"facType":"unknown"}},{"type":"Feature","geometry":{"type":"Point","coordinates":[-77.87462,34.2422]},"properties":{"probability":0.179,"inBuffer":false,"facType":"unknown"}},{"type":"Feature","geometry":{"type":"Point","coordinates":[-77.86919,34.24233]},"properties":{"probability":0.18,"inBuffer":false,"facType":"unknown"}},{"type":"Feature","geometry":{"type":"Point","coordinates":[-77.86377,34.24245]},"properties":{"probability":0.173,"inBuffer":false,"facType":"unknown"}},{"type":"Feature","geometry":{"type":"Point","coordinates":[-77.85835,34.24258]},"properties":{"probability":0.13,"inBuffer":false,"facType":"unknown"}},{"type":"Feature","geometry":{"type":"Point","coordinates":[-77.85293,34.24271]},"properties":{"probability":0.058,"inBuffer":false,"facType":"unknown"}},{"type":"Feature","geometry":{"type":"Point","coordinates":[-77.84208,34.24296]},"properties":{"probability":0.149,"inBuffer":false,"facType":"unknown"}},{"type":"Feature","geometry":{"type":"Point","coordinates":[-77.83666,34.24308]},"properties":{"probability":0.264,"inBuffer":false,"facType":"unknown"}},{"type":"Feature","geometry":{"type":"Point","coordinates":[-77.83123,34.24321]},"properties":{"probability":0.276,"inBuffer":false,"facType":"unknown"}},{"type":"Feature","geometry":{"type":"Point","coordinates":[-77.82581,34.24333]},"properties":{"probability":0.301,"inBuffer":false,"facType":"unknown"}},{"type":"Feature","geometry":{"type":"Point","coordinates":[-77.82039,34.24346]},"properties":{"probability":0.148,"inBuffer":false,"facType":"unknown"}},{"type":"Feature","geometry":{"type":"Point","coordinates":[-77.81496,34.24358]},"properties":{"probability":0.143,"inBuffer":false,"facType":"unknown"}},{"type":"Feature","geometry":{"type":"Point","coordinates":[-77.80954,34.24371]},"properties":{"probability":0.143,"inBuffer":false,"facType":"unknown"}},{"type":"Feature","geometry":{"type":"Point","coordinates":[-77.80412,34.24383]},"properties":{"probability":0.142,"inBuffer":false,"facType":"unknown"}},{"type":"Feature","geometry":{"type":"Point","coordinates":[-78.04255,34.23364]},"properties":{"probability":0.135,"inBuffer":false,"facType":"unknown"}},{"type":"Feature","geometry":{"type":"Point","coordinates":[-78.03713,34.23377]},"properties":{"probability":0.171,"inBuffer":false,"facType":"unknown"}},{"type":"Feature","geometry":{"type":"Point","coordinates":[-78.03171,34.2339]},"properties":{"probability":0.172,"inBuffer":false,"facType":"unknown"}},{"type":"Feature","geometry":{"type":"Point","coordinates":[-78.02628,34.23404]},"properties":{"probability":0.177,"inBuffer":false,"facType":"unknown"}},{"type":"Feature","geometry":{"type":"Point","coordinates":[-78.02086,34.23417]},"properties":{"probability":0.183,"inBuffer":false,"facType":"unknown"}},{"type":"Feature","geometry":{"type":"Point","coordinates":[-78.01544,34.23431]},"properties":{"probability":0.834,"inBuffer":false,"facType":"unknown"}},{"type":"Feature","geometry":{"type":"Point","coordinates":[-78.01002,34.23444]},"properties":{"probability":0.887,"inBuffer":false,"facType":"unknown"}},{"type":"Feature","geometry":{"type":"Point","coordinates":[-78.0046,34.23457]},"properties":{"probability":0.342,"inBuffer":false,"facType":"unknown"}},{"type":"Feature","geometry":{"type":"Point","coordinates":[-77.99918,34.23471]},"properties":{"probability":0.436,"inBuffer":false,"facType":"unknown"}},{"type":"Feature","geometry":{"type":"Point","coordinates":[-77.99375,34.23484]},"properties":{"probability":0.432,"inBuffer":false,"facType":"unknown"}},{"type":"Feature","geometry":{"type":"Point","coordinates":[-77.98833,34.23497]},"properties":{"probability":0.05,"inBuffer":false,"facType":"unknown"}},{"type":"Feature","geometry":{"type":"Point","coordinates":[-77.9558,34.23576]},"properties":{"probability":0.916,"inBuffer":false,"facType":"unknown"}},{"type":"Feature","geometry":{"type":"Point","coordinates":[-77.95038,34.23589]},"properties":{"probability":0.54,"inBuffer":false,"facType":"unknown"}},{"type":"Feature","geometry":{"type":"Point","coordinates":[-77.94496,34.23602]},"properties":{"probability":0.948,"inBuffer":false,"facType":"unknown"}},{"type":"Feature","geometry":{"type":"Point","coordinates":[-77.93953,34.23615]},"properties":{"probability":0.95,"inBuffer":false,"facType":"unknown"}},{"type":"Feature","geometry":{"type":"Point","coordinates":[-77.93411,34.23628]},"properties":{"probability":0.95,"inBuffer":false,"facType":"unknown"}},{"type":"Feature","geometry":{"type":"Point","coordinates":[-77.92869,34.23641]},"properties":{"probability":0.099,"inBuffer":false,"facType":"unknown"}},{"type":"Feature","geometry":{"type":"Point","coordinates":[-77.92327,34.23654]},"properties":{"probability":0.061,"inBuffer":false,"facType":"unknown"}},{"type":"Feature","geometry":{"type":"Point","coordinates":[-77.907,34.23693]},"properties":{"probability":0.31,"inBuffer":false,"facType":"unknown"}},{"type":"Feature","geometry":{"type":"Point","coordinates":[-77.90158,34.23706]},"properties":{"probability":0.494,"inBuffer":false,"facType":"unknown"}},{"type":"Feature","geometry":{"type":"Point","coordinates":[-77.89615,34.23718]},"properties":{"probability":0.941,"inBuffer":false,"facType":"unknown"}},{"type":"Feature","geometry":{"type":"Point","coordinates":[-77.89073,34.23731]},"properties":{"probability":0.943,"inBuffer":false,"facType":"unknown"}},{"type":"Feature","geometry":{"type":"Point","coordinates":[-77.88531,34.23744]},"properties":{"probability":0.29,"inBuffer":false,"facType":"unknown"}},{"type":"Feature","geometry":{"type":"Point","coordinates":[-77.87989,34.23757]},"properties":{"probability":0.287,"inBuffer":false,"facType":"unknown"}},{"type":"Feature","geometry":{"type":"Point","coordinates":[-77.87446,34.2377]},"properties":{"probability":0.198,"inBuffer":false,"facType":"unknown"}},{"type":"Feature","geometry":{"type":"Point","coordinates":[-77.86904,34.23782]},"properties":{"probability":0.174,"inBuffer":false,"facType":"unknown"}},{"type":"Feature","geometry":{"type":"Point","coordinates":[-77.86362,34.23795]},"properties":{"probability":0.122,"inBuffer":false,"facType":"unknown"}},{"type":"Feature","geometry":{"type":"Point","coordinates":[-77.8582,34.23808]},"properties":{"probability":0.068,"inBuffer":false,"facType":"unknown"}},{"type":"Feature","geometry":{"type":"Point","coordinates":[-77.85277,34.2382]},"properties":{"probability":0.053,"inBuffer":false,"facType":"unknown"}},{"type":"Feature","geometry":{"type":"Point","coordinates":[-77.84735,34.23833]},"properties":{"probability":0.192,"inBuffer":false,"facType":"unknown"}},{"type":"Feature","geometry":{"type":"Point","coordinates":[-77.84193,34.23845]},"properties":{"probability":0.189,"inBuffer":false,"facType":"unknown"}},{"type":"Feature","geometry":{"type":"Point","coordinates":[-77.83651,34.23858]},"properties":{"probability":0.305,"inBuffer":false,"facType":"unknown"}},{"type":"Feature","geometry":{"type":"Point","coordinates":[-77.83108,34.23871]},"properties":{"probability":0.312,"inBuffer":false,"facType":"unknown"}},{"type":"Feature","geometry":{"type":"Point","coordinates":[-77.82566,34.23883]},"properties":{"probability":0.949,"inBuffer":false,"facType":"unknown"}},{"type":"Feature","geometry":{"type":"Point","coordinates":[-77.82024,34.23896]},"properties":{"probability":0.174,"inBuffer":false,"facType":"unknown"}},{"type":"Feature","geometry":{"type":"Point","coordinates":[-77.81481,34.23908]},"properties":{"probability":0.143,"inBuffer":false,"facType":"unknown"}},{"type":"Feature","geometry":{"type":"Point","coordinates":[-77.80939,34.2392]},"properties":{"probability":0.143,"inBuffer":false,"facType":"unknown"}},{"type":"Feature","geometry":{"type":"Point","coordinates":[-77.80397,34.23933]},"properties":{"probability":0.143,"inBuffer":false,"facType":"unknown"}},{"type":"Feature","geometry":{"type":"Point","coordinates":[-78.02612,34.22954]},"properties":{"probability":0.147,"inBuffer":false,"facType":"unknown"}},{"type":"Feature","geometry":{"type":"Point","coordinates":[-78.0207,34.22967]},"properties":{"probability":0.176,"inBuffer":false,"facType":"unknown"}},{"type":"Feature","geometry":{"type":"Point","coordinates":[-78.01528,34.2298]},"properties":{"probability":0.829,"inBuffer":false,"facType":"unknown"}},{"type":"Feature","geometry":{"type":"Point","coordinates":[-78.00986,34.22994]},"properties":{"probability":0.867,"inBuffer":false,"facType":"unknown"}},{"type":"Feature","geometry":{"type":"Point","coordinates":[-78.00444,34.23007]},"properties":{"probability":0.249,"inBuffer":false,"facType":"unknown"}},{"type":"Feature","geometry":{"type":"Point","coordinates":[-77.99902,34.2302]},"properties":{"probability":0.496,"inBuffer":false,"facType":"unknown"}},{"type":"Feature","geometry":{"type":"Point","coordinates":[-77.99359,34.23034]},"properties":{"probability":0.453,"inBuffer":false,"facType":"unknown"}},{"type":"Feature","geometry":{"type":"Point","coordinates":[-77.98817,34.23047]},"properties":{"probability":0.066,"inBuffer":false,"facType":"unknown"}},{"type":"Feature","geometry":{"type":"Point","coordinates":[-77.96106,34.23113]},"properties":{"probability":0.162,"inBuffer":false,"facType":"unknown"}},{"type":"Feature","geometry":{"type":"Point","coordinates":[-77.95564,34.23126]},"properties":{"probability":0.363,"inBuffer":false,"facType":"unknown"}},{"type":"Feature","geometry":{"type":"Point","coordinates":[-77.95022,34.23139]},"properties":{"probability":0.392,"inBuffer":false,"facType":"unknown"}},{"type":"Feature","geometry":{"type":"Point","coordinates":[-77.9448,34.23152]},"properties":{"probability":0.943,"inBuffer":false,"facType":"unknown"}},{"type":"Feature","geometry":{"type":"Point","coordinates":[-77.93938,34.23165]},"properties":{"probability":0.521,"inBuffer":false,"facType":"unknown"}},{"type":"Feature","geometry":{"type":"Point","coordinates":[-77.93396,34.23178]},"properties":{"probability":0.519,"inBuffer":false,"facType":"unknown"}},{"type":"Feature","geometry":{"type":"Point","coordinates":[-77.92853,34.23191]},"properties":{"probability":0.075,"inBuffer":false,"facType":"unknown"}},{"type":"Feature","geometry":{"type":"Point","coordinates":[-77.92311,34.23204]},"properties":{"probability":0.061,"inBuffer":false,"facType":"unknown"}},{"type":"Feature","geometry":{"type":"Point","coordinates":[-77.91769,34.23217]},"properties":{"probability":0.057,"inBuffer":false,"facType":"unknown"}},{"type":"Feature","geometry":{"type":"Point","coordinates":[-77.90684,34.23242]},"properties":{"probability":0.055,"inBuffer":false,"facType":"unknown"}},{"type":"Feature","geometry":{"type":"Point","coordinates":[-77.90142,34.23255]},"properties":{"probability":0.073,"inBuffer":false,"facType":"unknown"}},{"type":"Feature","geometry":{"type":"Point","coordinates":[-77.896,34.23268]},"properties":{"probability":0.259,"inBuffer":false,"facType":"unknown"}},{"type":"Feature","geometry":{"type":"Point","coordinates":[-77.89058,34.23281]},"properties":{"probability":0.274,"inBuffer":false,"facType":"unknown"}},{"type":"Feature","geometry":{"type":"Point","coordinates":[-77.88516,34.23294]},"properties":{"probability":0.273,"inBuffer":false,"facType":"unknown"}},{"type":"Feature","geometry":{"type":"Point","coordinates":[-77.87973,34.23306]},"properties":{"probability":0.268,"inBuffer":false,"facType":"unknown"}},{"type":"Feature","geometry":{"type":"Point","coordinates":[-77.87431,34.23319]},"properties":{"probability":0.269,"inBuffer":false,"facType":"unknown"}},{"type":"Feature","geometry":{"type":"Point","coordinates":[-77.86889,34.23332]},"properties":{"probability":0.101,"inBuffer":false,"facType":"unknown"}},{"type":"Feature","geometry":{"type":"Point","coordinates":[-77.86347,34.23345]},"properties":{"probability":0.079,"inBuffer":false,"facType":"unknown"}},{"type":"Feature","geometry":{"type":"Point","coordinates":[-77.85804,34.23357]},"properties":{"probability":0.052,"inBuffer":false,"facType":"unknown"}},{"type":"Feature","geometry":{"type":"Point","coordinates":[-77.85262,34.2337]},"properties":{"probability":0.207,"inBuffer":false,"facType":"unknown"}},{"type":"Feature","geometry":{"type":"Point","coordinates":[-77.8472,34.23382]},"properties":{"probability":0.195,"inBuffer":false,"facType":"unknown"}},{"type":"Feature","geometry":{"type":"Point","coordinates":[-77.84178,34.23395]},"properties":{"probability":0.187,"inBuffer":false,"facType":"unknown"}},{"type":"Feature","geometry":{"type":"Point","coordinates":[-77.83635,34.23408]},"properties":{"probability":0.308,"inBuffer":false,"facType":"unknown"}},{"type":"Feature","geometry":{"type":"Point","coordinates":[-77.83093,34.2342]},"properties":{"probability":0.948,"inBuffer":false,"facType":"unknown"}},{"type":"Feature","geometry":{"type":"Point","coordinates":[-77.82551,34.23433]},"properties":{"probability":0.949,"inBuffer":false,"facType":"unknown"}},{"type":"Feature","geometry":{"type":"Point","coordinates":[-77.82009,34.23445]},"properties":{"probability":0.833,"inBuffer":false,"facType":"unknown"}},{"type":"Feature","geometry":{"type":"Point","coordinates":[-77.81466,34.23458]},"properties":{"probability":0.174,"inBuffer":false,"facType":"unknown"}},{"type":"Feature","geometry":{"type":"Point","coordinates":[-77.80924,34.2347]},"properties":{"probability":0.143,"inBuffer":false,"facType":"unknown"}},{"type":"Feature","geometry":{"type":"Point","coordinates":[-78.02054,34.22517]},"properties":{"probability":0.145,"inBuffer":false,"facType":"unknown"}},{"type":"Feature","geometry":{"type":"Point","coordinates":[-78.01512,34.2253]},"properties":{"probability":0.174,"inBuffer":false,"facType":"unknown"}},{"type":"Feature","geometry":{"type":"Point","coordinates":[-77.99886,34.2257]},"properties":{"probability":0.11,"inBuffer":false,"facType":"unknown"}},{"type":"Feature","geometry":{"type":"Point","coordinates":[-77.99344,34.22583]},"properties":{"probability":0.062,"inBuffer":false,"facType":"unknown"}},{"type":"Feature","geometry":{"type":"Point","coordinates":[-77.98801,34.22596]},"properties":{"probability":0.061,"inBuffer":false,"facType":"unknown"}},{"type":"Feature","geometry":{"type":"Point","coordinates":[-77.96091,34.22662]},"properties":{"probability":0.142,"inBuffer":false,"facType":"unknown"}},{"type":"Feature","geometry":{"type":"Point","coordinates":[-77.95549,34.22675]},"properties":{"probability":0.32,"inBuffer":false,"facType":"unknown"}},{"type":"Feature","geometry":{"type":"Point","coordinates":[-77.95006,34.22688]},"properties":{"probability":0.377,"inBuffer":false,"facType":"unknown"}},{"type":"Feature","geometry":{"type":"Point","coordinates":[-77.94464,34.22701]},"properties":{"probability":0.074,"inBuffer":false,"facType":"unknown"}},{"type":"Feature","geometry":{"type":"Point","coordinates":[-77.93922,34.22714]},"properties":{"probability":0.25,"inBuffer":false,"facType":"unknown"}},{"type":"Feature","geometry":{"type":"Point","coordinates":[-77.9338,34.22727]},"properties":{"probability":0.232,"inBuffer":false,"facType":"unknown"}},{"type":"Feature","geometry":{"type":"Point","coordinates":[-77.92838,34.2274]},"properties":{"probability":0.112,"inBuffer":false,"facType":"unknown"}},{"type":"Feature","geometry":{"type":"Point","coordinates":[-77.92296,34.22753]},"properties":{"probability":0.085,"inBuffer":false,"facType":"unknown"}},{"type":"Feature","geometry":{"type":"Point","coordinates":[-77.91753,34.22766]},"properties":{"probability":0.061,"inBuffer":false,"facType":"unknown"}},{"type":"Feature","geometry":{"type":"Point","coordinates":[-77.91211,34.22779]},"properties":{"probability":0.201,"inBuffer":false,"facType":"unknown"}},{"type":"Feature","geometry":{"type":"Point","coordinates":[-77.90669,34.22792]},"properties":{"probability":0.203,"inBuffer":false,"facType":"unknown"}},{"type":"Feature","geometry":{"type":"Point","coordinates":[-77.90127,34.22805]},"properties":{"probability":0.208,"inBuffer":false,"facType":"unknown"}},{"type":"Feature","geometry":{"type":"Point","coordinates":[-77.89585,34.22818]},"properties":{"probability":0.194,"inBuffer":false,"facType":"unknown"}},{"type":"Feature","geometry":{"type":"Point","coordinates":[-77.89042,34.22831]},"properties":{"probability":0.198,"inBuffer":false,"facType":"unknown"}},{"type":"Feature","geometry":{"type":"Point","coordinates":[-77.885,34.22843]},"properties":{"probability":0.103,"inBuffer":false,"facType":"unknown"}},{"type":"Feature","geometry":{"type":"Point","coordinates":[-77.87958,34.22856]},"properties":{"probability":0.113,"inBuffer":false,"facType":"unknown"}},{"type":"Feature","geometry":{"type":"Point","coordinates":[-77.87416,34.22869]},"properties":{"probability":0.115,"inBuffer":false,"facType":"unknown"}},{"type":"Feature","geometry":{"type":"Point","coordinates":[-77.86874,34.22882]},"properties":{"probability":0.341,"inBuffer":false,"facType":"unknown"}},{"type":"Feature","geometry":{"type":"Point","coordinates":[-77.86331,34.22894]},"properties":{"probability":0.337,"inBuffer":false,"facType":"unknown"}},{"type":"Feature","geometry":{"type":"Point","coordinates":[-77.85789,34.22907]},"properties":{"probability":0.242,"inBuffer":false,"facType":"unknown"}},{"type":"Feature","geometry":{"type":"Point","coordinates":[-77.85247,34.22919]},"properties":{"probability":0.239,"inBuffer":false,"facType":"unknown"}},{"type":"Feature","geometry":{"type":"Point","coordinates":[-77.8362,34.22957]},"properties":{"probability":0.119,"inBuffer":false,"facType":"unknown"}},{"type":"Feature","geometry":{"type":"Point","coordinates":[-77.83078,34.2297]},"properties":{"probability":0.949,"inBuffer":false,"facType":"unknown"}},{"type":"Feature","geometry":{"type":"Point","coordinates":[-77.82536,34.22982]},"properties":{"probability":0.946,"inBuffer":false,"facType":"unknown"}},{"type":"Feature","geometry":{"type":"Point","coordinates":[-77.81994,34.22995]},"properties":{"probability":0.833,"inBuffer":false,"facType":"unknown"}},{"type":"Feature","geometry":{"type":"Point","coordinates":[-77.81451,34.23007]},"properties":{"probability":0.173,"inBuffer":false,"facType":"unknown"}},{"type":"Feature","geometry":{"type":"Point","coordinates":[-77.80909,34.2302]},"properties":{"probability":0.142,"inBuffer":false,"facType":"unknown"}},{"type":"Feature","geometry":{"type":"Point","coordinates":[-78.03664,34.22026]},"properties":{"probability":0.198,"inBuffer":false,"facType":"unknown"}},{"type":"Feature","geometry":{"type":"Point","coordinates":[-78.03122,34.2204]},"properties":{"probability":0.32,"inBuffer":false,"facType":"unknown"}},{"type":"Feature","geometry":{"type":"Point","coordinates":[-78.0258,34.22053]},"properties":{"probability":0.255,"inBuffer":false,"facType":"unknown"}},{"type":"Feature","geometry":{"type":"Point","coordinates":[-78.02038,34.22066]},"properties":{"probability":0.123,"inBuffer":false,"facType":"unknown"}},{"type":"Feature","geometry":{"type":"Point","coordinates":[-78.01496,34.2208]},"properties":{"probability":0.092,"inBuffer":false,"facType":"unknown"}},{"type":"Feature","geometry":{"type":"Point","coordinates":[-78.00954,34.22093]},"properties":{"probability":0.225,"inBuffer":false,"facType":"unknown"}},{"type":"Feature","geometry":{"type":"Point","coordinates":[-78.00412,34.22106]},"properties":{"probability":0.193,"inBuffer":false,"facType":"unknown"}},{"type":"Feature","geometry":{"type":"Point","coordinates":[-77.9987,34.2212]},"properties":{"probability":0.111,"inBuffer":false,"facType":"unknown"}},{"type":"Feature","geometry":{"type":"Point","coordinates":[-77.94991,34.22238]},"properties":{"probability":0.112,"inBuffer":false,"facType":"unknown"}},{"type":"Feature","geometry":{"type":"Point","coordinates":[-77.94449,34.22251]},"properties":{"probability":0.073,"inBuffer":false,"facType":"unknown"}},{"type":"Feature","geometry":{"type":"Point","coordinates":[-77.93906,34.22264]},"properties":{"probability":0.066,"inBuffer":false,"facType":"unknown"}},{"type":"Feature","geometry":{"type":"Point","coordinates":[-77.93364,34.22277]},"properties":{"probability":0.077,"inBuffer":false,"facType":"unknown"}},{"type":"Feature","geometry":{"type":"Point","coordinates":[-77.92822,34.2229]},"properties":{"probability":0.296,"inBuffer":false,"facType":"unknown"}},{"type":"Feature","geometry":{"type":"Point","coordinates":[-77.9228,34.22303]},"properties":{"probability":0.084,"inBuffer":false,"facType":"unknown"}},{"type":"Feature","geometry":{"type":"Point","coordinates":[-77.91738,34.22316]},"properties":{"probability":0.068,"inBuffer":false,"facType":"unknown"}},{"type":"Feature","geometry":{"type":"Point","coordinates":[-77.91196,34.22329]},"properties":{"probability":0.208,"inBuffer":false,"facType":"unknown"}},{"type":"Feature","geometry":{"type":"Point","coordinates":[-77.90654,34.22342]},"properties":{"probability":0.908,"inBuffer":false,"facType":"unknown"}},{"type":"Feature","geometry":{"type":"Point","coordinates":[-77.90111,34.22355]},"properties":{"probability":0.909,"inBuffer":false,"facType":"unknown"}},{"type":"Feature","geometry":{"type":"Point","coordinates":[-77.89569,34.22367]},"properties":{"probability":0.214,"inBuffer":false,"facType":"unknown"}},{"type":"Feature","geometry":{"type":"Point","coordinates":[-77.89027,34.2238]},"properties":{"probability":0.084,"inBuffer":false,"facType":"unknown"}},{"type":"Feature","geometry":{"type":"Point","coordinates":[-77.88485,34.22393]},"properties":{"probability":0.128,"inBuffer":false,"facType":"unknown"}},{"type":"Feature","geometry":{"type":"Point","coordinates":[-77.87943,34.22406]},"properties":{"probability":0.127,"inBuffer":false,"facType":"unknown"}},{"type":"Feature","geometry":{"type":"Point","coordinates":[-77.87401,34.22418]},"properties":{"probability":0.113,"inBuffer":false,"facType":"unknown"}},{"type":"Feature","geometry":{"type":"Point","coordinates":[-77.86858,34.22431]},"properties":{"probability":0.335,"inBuffer":false,"facType":"unknown"}},{"type":"Feature","geometry":{"type":"Point","coordinates":[-77.86316,34.22444]},"properties":{"probability":0.343,"inBuffer":false,"facType":"unknown"}},{"type":"Feature","geometry":{"type":"Point","coordinates":[-77.85774,34.22456]},"properties":{"probability":0.24,"inBuffer":false,"facType":"unknown"}},{"type":"Feature","geometry":{"type":"Point","coordinates":[-77.85232,34.22469]},"properties":{"probability":0.238,"inBuffer":false,"facType":"unknown"}},{"type":"Feature","geometry":{"type":"Point","coordinates":[-77.83605,34.22507]},"properties":{"probability":0.226,"inBuffer":false,"facType":"unknown"}},{"type":"Feature","geometry":{"type":"Point","coordinates":[-77.83063,34.22519]},"properties":{"probability":0.486,"inBuffer":false,"facType":"unknown"}},{"type":"Feature","geometry":{"type":"Point","coordinates":[-77.82521,34.22532]},"properties":{"probability":0.464,"inBuffer":false,"facType":"unknown"}},{"type":"Feature","geometry":{"type":"Point","coordinates":[-77.80894,34.22569]},"properties":{"probability":0.171,"inBuffer":false,"facType":"unknown"}},{"type":"Feature","geometry":{"type":"Point","coordinates":[-78.03648,34.21576]},"properties":{"probability":0.233,"inBuffer":false,"facType":"unknown"}},{"type":"Feature","geometry":{"type":"Point","coordinates":[-78.03106,34.21589]},"properties":{"probability":0.401,"inBuffer":false,"facType":"unknown"}},{"type":"Feature","geometry":{"type":"Point","coordinates":[-78.02564,34.21603]},"properties":{"probability":0.482,"inBuffer":false,"facType":"unknown"}},{"type":"Feature","geometry":{"type":"Point","coordinates":[-78.02022,34.21616]},"properties":{"probability":0.122,"inBuffer":false,"facType":"unknown"}},{"type":"Feature","geometry":{"type":"Point","coordinates":[-78.0148,34.21629]},"properties":{"probability":0.065,"inBuffer":false,"facType":"unknown"}},{"type":"Feature","geometry":{"type":"Point","coordinates":[-78.00938,34.21643]},"properties":{"probability":0.35,"inBuffer":false,"facType":"unknown"}},{"type":"Feature","geometry":{"type":"Point","coordinates":[-78.00396,34.21656]},"properties":{"probability":0.195,"inBuffer":false,"facType":"unknown"}},{"type":"Feature","geometry":{"type":"Point","coordinates":[-77.99854,34.21669]},"properties":{"probability":0.184,"inBuffer":false,"facType":"unknown"}},{"type":"Feature","geometry":{"type":"Point","coordinates":[-77.95517,34.21775]},"properties":{"probability":0.054,"inBuffer":false,"facType":"unknown"}},{"type":"Feature","geometry":{"type":"Point","coordinates":[-77.94975,34.21788]},"properties":{"probability":0.09,"inBuffer":false,"facType":"unknown"}},{"type":"Feature","geometry":{"type":"Point","coordinates":[-77.94433,34.21801]},"properties":{"probability":0.09,"inBuffer":false,"facType":"unknown"}},{"type":"Feature","geometry":{"type":"Point","coordinates":[-77.93891,34.21814]},"properties":{"probability":0.065,"inBuffer":false,"facType":"unknown"}},{"type":"Feature","geometry":{"type":"Point","coordinates":[-77.93349,34.21827]},"properties":{"probability":0.234,"inBuffer":false,"facType":"unknown"}},{"type":"Feature","geometry":{"type":"Point","coordinates":[-77.92807,34.2184]},"properties":{"probability":0.498,"inBuffer":false,"facType":"unknown"}},{"type":"Feature","geometry":{"type":"Point","coordinates":[-77.92264,34.21853]},"properties":{"probability":0.378,"inBuffer":false,"facType":"unknown"}},{"type":"Feature","geometry":{"type":"Point","coordinates":[-77.91722,34.21866]},"properties":{"probability":0.051,"inBuffer":false,"facType":"unknown"}},{"type":"Feature","geometry":{"type":"Point","coordinates":[-77.9118,34.21878]},"properties":{"probability":0.912,"inBuffer":false,"facType":"unknown"}},{"type":"Feature","geometry":{"type":"Point","coordinates":[-77.90638,34.21891]},"properties":{"probability":0.942,"inBuffer":false,"facType":"unknown"}},{"type":"Feature","geometry":{"type":"Point","coordinates":[-77.90096,34.21904]},"properties":{"probability":0.941,"inBuffer":false,"facType":"unknown"}},{"type":"Feature","geometry":{"type":"Point","coordinates":[-77.89554,34.21917]},"properties":{"probability":0.213,"inBuffer":false,"facType":"unknown"}},{"type":"Feature","geometry":{"type":"Point","coordinates":[-77.89012,34.2193]},"properties":{"probability":0.121,"inBuffer":false,"facType":"unknown"}},{"type":"Feature","geometry":{"type":"Point","coordinates":[-77.8847,34.21943]},"properties":{"probability":0.543,"inBuffer":false,"facType":"unknown"}},{"type":"Feature","geometry":{"type":"Point","coordinates":[-77.87927,34.21955]},"properties":{"probability":0.526,"inBuffer":false,"facType":"unknown"}},{"type":"Feature","geometry":{"type":"Point","coordinates":[-77.87385,34.21968]},"properties":{"probability":0.075,"inBuffer":false,"facType":"unknown"}},{"type":"Feature","geometry":{"type":"Point","coordinates":[-77.86843,34.21981]},"properties":{"probability":0.445,"inBuffer":false,"facType":"unknown"}},{"type":"Feature","geometry":{"type":"Point","coordinates":[-77.86301,34.21993]},"properties":{"probability":0.446,"inBuffer":false,"facType":"unknown"}},{"type":"Feature","geometry":{"type":"Point","coordinates":[-77.85759,34.22006]},"properties":{"probability":0.321,"inBuffer":false,"facType":"unknown"}},{"type":"Feature","geometry":{"type":"Point","coordinates":[-77.85217,34.22019]},"properties":{"probability":0.209,"inBuffer":false,"facType":"unknown"}},{"type":"Feature","geometry":{"type":"Point","coordinates":[-77.84674,34.22031]},"properties":{"probability":0.238,"inBuffer":false,"facType":"unknown"}},{"type":"Feature","geometry":{"type":"Point","coordinates":[-77.83048,34.22069]},"properties":{"probability":0.298,"inBuffer":false,"facType":"unknown"}},{"type":"Feature","geometry":{"type":"Point","coordinates":[-77.82506,34.22082]},"properties":{"probability":0.325,"inBuffer":false,"facType":"unknown"}},{"type":"Feature","geometry":{"type":"Point","coordinates":[-77.81964,34.22094]},"properties":{"probability":0.066,"inBuffer":false,"facType":"unknown"}},{"type":"Feature","geometry":{"type":"Point","coordinates":[-77.81421,34.22106]},"properties":{"probability":0.226,"inBuffer":false,"facType":"unknown"}},{"type":"Feature","geometry":{"type":"Point","coordinates":[-77.80879,34.22119]},"properties":{"probability":0.186,"inBuffer":false,"facType":"unknown"}},{"type":"Feature","geometry":{"type":"Point","coordinates":[-77.7871,34.22168]},"properties":{"probability":0.143,"inBuffer":false,"facType":"unknown"}},{"type":"Feature","geometry":{"type":"Point","coordinates":[-78.0309,34.21139]},"properties":{"probability":0.381,"inBuffer":false,"facType":"unknown"}},{"type":"Feature","geometry":{"type":"Point","coordinates":[-78.02548,34.21152]},"properties":{"probability":0.332,"inBuffer":false,"facType":"unknown"}},{"type":"Feature","geometry":{"type":"Point","coordinates":[-78.02006,34.21166]},"properties":{"probability":0.073,"inBuffer":false,"facType":"unknown"}},{"type":"Feature","geometry":{"type":"Point","coordinates":[-78.00922,34.21192]},"properties":{"probability":0.085,"inBuffer":false,"facType":"unknown"}},{"type":"Feature","geometry":{"type":"Point","coordinates":[-77.94959,34.21337]},"properties":{"probability":0.066,"inBuffer":false,"facType":"unknown"}},{"type":"Feature","geometry":{"type":"Point","coordinates":[-77.94417,34.2135]},"properties":{"probability":0.066,"inBuffer":false,"facType":"unknown"}},{"type":"Feature","geometry":{"type":"Point","coordinates":[-77.93875,34.21363]},"properties":{"probability":0.063,"inBuffer":false,"facType":"unknown"}},{"type":"Feature","geometry":{"type":"Point","coordinates":[-77.93333,34.21376]},"properties":{"probability":0.077,"inBuffer":false,"facType":"unknown"}},{"type":"Feature","geometry":{"type":"Point","coordinates":[-77.92791,34.21389]},"properties":{"probability":0.407,"inBuffer":false,"facType":"unknown"}},{"type":"Feature","geometry":{"type":"Point","coordinates":[-77.92249,34.21402]},"properties":{"probability":0.357,"inBuffer":false,"facType":"unknown"}},{"type":"Feature","geometry":{"type":"Point","coordinates":[-77.91165,34.21428]},"properties":{"probability":0.273,"inBuffer":false,"facType":"unknown"}},{"type":"Feature","geometry":{"type":"Point","coordinates":[-77.90623,34.21441]},"properties":{"probability":0.949,"inBuffer":false,"facType":"unknown"}},{"type":"Feature","geometry":{"type":"Point","coordinates":[-77.9008,34.21454]},"properties":{"probability":0.949,"inBuffer":false,"facType":"unknown"}},{"type":"Feature","geometry":{"type":"Point","coordinates":[-77.89538,34.21467]},"properties":{"probability":0.292,"inBuffer":false,"facType":"unknown"}},{"type":"Feature","geometry":{"type":"Point","coordinates":[-77.88996,34.21479]},"properties":{"probability":0.357,"inBuffer":false,"facType":"unknown"}},{"type":"Feature","geometry":{"type":"Point","coordinates":[-77.88454,34.21492]},"properties":{"probability":0.538,"inBuffer":false,"facType":"unknown"}},{"type":"Feature","geometry":{"type":"Point","coordinates":[-77.87912,34.21505]},"properties":{"probability":0.328,"inBuffer":false,"facType":"unknown"}},{"type":"Feature","geometry":{"type":"Point","coordinates":[-77.8737,34.21518]},"properties":{"probability":0.051,"inBuffer":false,"facType":"unknown"}},{"type":"Feature","geometry":{"type":"Point","coordinates":[-77.86828,34.2153]},"properties":{"probability":0.897,"inBuffer":false,"facType":"unknown"}},{"type":"Feature","geometry":{"type":"Point","coordinates":[-77.86286,34.21543]},"properties":{"probability":0.908,"inBuffer":false,"facType":"unknown"}},{"type":"Feature","geometry":{"type":"Point","coordinates":[-77.85744,34.21556]},"properties":{"probability":0.877,"inBuffer":false,"facType":"unknown"}},{"type":"Feature","geometry":{"type":"Point","coordinates":[-77.85201,34.21568]},"properties":{"probability":0.351,"inBuffer":false,"facType":"unknown"}},{"type":"Feature","geometry":{"type":"Point","coordinates":[-77.84659,34.21581]},"properties":{"probability":0.24,"inBuffer":false,"facType":"unknown"}},{"type":"Feature","geometry":{"type":"Point","coordinates":[-77.81949,34.21644]},"properties":{"probability":0.179,"inBuffer":false,"facType":"unknown"}},{"type":"Feature","geometry":{"type":"Point","coordinates":[-77.81406,34.21656]},"properties":{"probability":0.231,"inBuffer":false,"facType":"unknown"}},{"type":"Feature","geometry":{"type":"Point","coordinates":[-77.80864,34.21669]},"properties":{"probability":0.879,"inBuffer":false,"facType":"unknown"}},{"type":"Feature","geometry":{"type":"Point","coordinates":[-77.80322,34.21681]},"properties":{"probability":0.825,"inBuffer":false,"facType":"unknown"}},{"type":"Feature","geometry":{"type":"Point","coordinates":[-77.7978,34.21693]},"properties":{"probability":0.187,"inBuffer":false,"facType":"unknown"}},{"type":"Feature","geometry":{"type":"Point","coordinates":[-77.79238,34.21706]},"properties":{"probability":0.144,"inBuffer":false,"facType":"unknown"}},{"type":"Feature","geometry":{"type":"Point","coordinates":[-77.78696,34.21718]},"properties":{"probability":0.144,"inBuffer":false,"facType":"unknown"}},{"type":"Feature","geometry":{"type":"Point","coordinates":[-78.03074,34.20689]},"properties":{"probability":0.052,"inBuffer":false,"facType":"unknown"}},{"type":"Feature","geometry":{"type":"Point","coordinates":[-78.02532,34.20702]},"properties":{"probability":0.063,"inBuffer":false,"facType":"unknown"}},{"type":"Feature","geometry":{"type":"Point","coordinates":[-77.96028,34.20861]},"properties":{"probability":0.05,"inBuffer":false,"facType":"unknown"}},{"type":"Feature","geometry":{"type":"Point","coordinates":[-77.94944,34.20887]},"properties":{"probability":0.057,"inBuffer":false,"facType":"unknown"}},{"type":"Feature","geometry":{"type":"Point","coordinates":[-77.94402,34.209]},"properties":{"probability":0.053,"inBuffer":false,"facType":"unknown"}},{"type":"Feature","geometry":{"type":"Point","coordinates":[-77.93317,34.20926]},"properties":{"probability":0.064,"inBuffer":false,"facType":"unknown"}},{"type":"Feature","geometry":{"type":"Point","coordinates":[-77.92775,34.20939]},"properties":{"probability":0.436,"inBuffer":false,"facType":"unknown"}},{"type":"Feature","geometry":{"type":"Point","coordinates":[-77.92233,34.20952]},"properties":{"probability":0.937,"inBuffer":false,"facType":"unknown"}},{"type":"Feature","geometry":{"type":"Point","coordinates":[-77.91691,34.20965]},"properties":{"probability":0.891,"inBuffer":false,"facType":"unknown"}},{"type":"Feature","geometry":{"type":"Point","coordinates":[-77.91149,34.20978]},"properties":{"probability":0.394,"inBuffer":false,"facType":"unknown"}},{"type":"Feature","geometry":{"type":"Point","coordinates":[-77.90607,34.20991]},"properties":{"probability":0.27,"inBuffer":false,"facType":"unknown"}},{"type":"Feature","geometry":{"type":"Point","coordinates":[-77.90065,34.21004]},"properties":{"probability":0.269,"inBuffer":false,"facType":"unknown"}},{"type":"Feature","geometry":{"type":"Point","coordinates":[-77.89523,34.21016]},"properties":{"probability":0.112,"inBuffer":false,"facType":"unknown"}},{"type":"Feature","geometry":{"type":"Point","coordinates":[-77.88981,34.21029]},"properties":{"probability":0.128,"inBuffer":false,"facType":"unknown"}},{"type":"Feature","geometry":{"type":"Point","coordinates":[-77.88439,34.21042]},"properties":{"probability":0.403,"inBuffer":false,"facType":"unknown"}},{"type":"Feature","geometry":{"type":"Point","coordinates":[-77.87897,34.21055]},"properties":{"probability":0.194,"inBuffer":false,"facType":"unknown"}},{"type":"Feature","geometry":{"type":"Point","coordinates":[-77.87355,34.21067]},"properties":{"probability":0.369,"inBuffer":false,"facType":"unknown"}},{"type":"Feature","geometry":{"type":"Point","coordinates":[-77.86813,34.2108]},"properties":{"probability":0.908,"inBuffer":false,"facType":"unknown"}},{"type":"Feature","geometry":{"type":"Point","coordinates":[-77.8627,34.21093]},"properties":{"probability":0.913,"inBuffer":false,"facType":"unknown"}},{"type":"Feature","geometry":{"type":"Point","coordinates":[-77.85728,34.21105]},"properties":{"probability":0.899,"inBuffer":false,"facType":"unknown"}},{"type":"Feature","geometry":{"type":"Point","coordinates":[-77.85186,34.21118]},"properties":{"probability":0.399,"inBuffer":false,"facType":"unknown"}},{"type":"Feature","geometry":{"type":"Point","coordinates":[-77.84644,34.21131]},"properties":{"probability":0.29,"inBuffer":false,"facType":"unknown"}},{"type":"Feature","geometry":{"type":"Point","coordinates":[-77.84102,34.21143]},"properties":{"probability":0.05,"inBuffer":false,"facType":"unknown"}},{"type":"Feature","geometry":{"type":"Point","coordinates":[-77.81934,34.21193]},"properties":{"probability":0.143,"inBuffer":false,"facType":"unknown"}},{"type":"Feature","geometry":{"type":"Point","coordinates":[-77.81391,34.21206]},"properties":{"probability":0.179,"inBuffer":false,"facType":"unknown"}},{"type":"Feature","geometry":{"type":"Point","coordinates":[-77.80849,34.21218]},"properties":{"probability":0.829,"inBuffer":false,"facType":"unknown"}},{"type":"Feature","geometry":{"type":"Point","coordinates":[-77.80307,34.21231]},"properties":{"probability":0.856,"inBuffer":false,"facType":"unknown"}},{"type":"Feature","geometry":{"type":"Point","coordinates":[-77.79765,34.21243]},"properties":{"probability":0.209,"inBuffer":false,"facType":"unknown"}},{"type":"Feature","geometry":{"type":"Point","coordinates":[-77.79223,34.21255]},"properties":{"probability":0.144,"inBuffer":false,"facType":"unknown"}},{"type":"Feature","geometry":{"type":"Point","coordinates":[-77.78681,34.21268]},"properties":{"probability":0.144,"inBuffer":false,"facType":"unknown"}},{"type":"Feature","geometry":{"type":"Point","coordinates":[-78.04684,34.20198]},"properties":{"probability":0.054,"inBuffer":false,"facType":"unknown"}},{"type":"Feature","geometry":{"type":"Point","coordinates":[-77.96012,34.20411]},"properties":{"probability":0.05,"inBuffer":false,"facType":"unknown"}},{"type":"Feature","geometry":{"type":"Point","coordinates":[-77.9547,34.20424]},"properties":{"probability":0.057,"inBuffer":false,"facType":"unknown"}},{"type":"Feature","geometry":{"type":"Point","coordinates":[-77.94928,34.20437]},"properties":{"probability":0.058,"inBuffer":false,"facType":"unknown"}},{"type":"Feature","geometry":{"type":"Point","coordinates":[-77.94386,34.2045]},"properties":{"probability":0.063,"inBuffer":false,"facType":"unknown"}},{"type":"Feature","geometry":{"type":"Point","coordinates":[-77.93844,34.20463]},"properties":{"probability":0.068,"inBuffer":false,"facType":"unknown"}},{"type":"Feature","geometry":{"type":"Point","coordinates":[-77.93302,34.20476]},"properties":{"probability":0.063,"inBuffer":false,"facType":"unknown"}},{"type":"Feature","geometry":{"type":"Point","coordinates":[-77.9276,34.20489]},"properties":{"probability":0.948,"inBuffer":false,"facType":"unknown"}},{"type":"Feature","geometry":{"type":"Point","coordinates":[-77.92218,34.20502]},"properties":{"probability":0.949,"inBuffer":false,"facType":"unknown"}},{"type":"Feature","geometry":{"type":"Point","coordinates":[-77.91676,34.20515]},"properties":{"probability":0.931,"inBuffer":false,"facType":"unknown"}},{"type":"Feature","geometry":{"type":"Point","coordinates":[-77.91134,34.20527]},"properties":{"probability":0.4,"inBuffer":false,"facType":"unknown"}},{"type":"Feature","geometry":{"type":"Point","coordinates":[-77.90592,34.2054]},"properties":{"probability":0.286,"inBuffer":false,"facType":"unknown"}},{"type":"Feature","geometry":{"type":"Point","coordinates":[-77.9005,34.20553]},"properties":{"probability":0.187,"inBuffer":false,"facType":"unknown"}},{"type":"Feature","geometry":{"type":"Point","coordinates":[-77.89508,34.20566]},"properties":{"probability":0.063,"inBuffer":false,"facType":"unknown"}},{"type":"Feature","geometry":{"type":"Point","coordinates":[-77.88965,34.20579]},"properties":{"probability":0.078,"inBuffer":false,"facType":"unknown"}},{"type":"Feature","geometry":{"type":"Point","coordinates":[-77.88423,34.20592]},"properties":{"probability":0.067,"inBuffer":false,"facType":"unknown"}},{"type":"Feature","geometry":{"type":"Point","coordinates":[-77.87339,34.20617]},"properties":{"probability":0.24,"inBuffer":false,"facType":"unknown"}},{"type":"Feature","geometry":{"type":"Point","coordinates":[-77.86797,34.2063]},"properties":{"probability":0.396,"inBuffer":false,"facType":"unknown"}},{"type":"Feature","geometry":{"type":"Point","coordinates":[-77.86255,34.20642]},"properties":{"probability":0.216,"inBuffer":false,"facType":"unknown"}},{"type":"Feature","geometry":{"type":"Point","coordinates":[-77.85713,34.20655]},"properties":{"probability":0.055,"inBuffer":false,"facType":"unknown"}},{"type":"Feature","geometry":{"type":"Point","coordinates":[-77.85171,34.20668]},"properties":{"probability":0.058,"inBuffer":false,"facType":"unknown"}},{"type":"Feature","geometry":{"type":"Point","coordinates":[-77.80292,34.2078]},"properties":{"probability":0.211,"inBuffer":false,"facType":"unknown"}},{"type":"Feature","geometry":{"type":"Point","coordinates":[-77.7975,34.20793]},"properties":{"probability":0.224,"inBuffer":false,"facType":"unknown"}},{"type":"Feature","geometry":{"type":"Point","coordinates":[-77.79208,34.20805]},"properties":{"probability":0.145,"inBuffer":false,"facType":"unknown"}},{"type":"Feature","geometry":{"type":"Point","coordinates":[-78.06835,34.19694]},"properties":{"probability":0.175,"inBuffer":false,"facType":"unknown"}},{"type":"Feature","geometry":{"type":"Point","coordinates":[-78.04667,34.19748]},"properties":{"probability":0.053,"inBuffer":false,"facType":"unknown"}},{"type":"Feature","geometry":{"type":"Point","coordinates":[-77.95454,34.19973]},"properties":{"probability":0.069,"inBuffer":false,"facType":"unknown"}},{"type":"Feature","geometry":{"type":"Point","coordinates":[-77.94912,34.19986]},"properties":{"probability":0.066,"inBuffer":false,"facType":"unknown"}},{"type":"Feature","geometry":{"type":"Point","coordinates":[-77.9437,34.19999]},"properties":{"probability":0.365,"inBuffer":false,"facType":"unknown"}},{"type":"Feature","geometry":{"type":"Point","coordinates":[-77.93828,34.20012]},"properties":{"probability":0.384,"inBuffer":false,"facType":"unknown"}},{"type":"Feature","geometry":{"type":"Point","coordinates":[-77.93286,34.20025]},"properties":{"probability":0.92,"inBuffer":false,"facType":"unknown"}},{"type":"Feature","geometry":{"type":"Point","coordinates":[-77.92744,34.20038]},"properties":{"probability":0.947,"inBuffer":false,"facType":"unknown"}},{"type":"Feature","geometry":{"type":"Point","coordinates":[-77.92202,34.20051]},"properties":{"probability":0.949,"inBuffer":false,"facType":"unknown"}},{"type":"Feature","geometry":{"type":"Point","coordinates":[-77.9166,34.20064]},"properties":{"probability":0.894,"inBuffer":false,"facType":"unknown"}},{"type":"Feature","geometry":{"type":"Point","coordinates":[-77.91118,34.20077]},"properties":{"probability":0.394,"inBuffer":false,"facType":"unknown"}},{"type":"Feature","geometry":{"type":"Point","coordinates":[-77.90576,34.2009]},"properties":{"probability":0.312,"inBuffer":false,"facType":"unknown"}},{"type":"Feature","geometry":{"type":"Point","coordinates":[-77.90034,34.20103]},"properties":{"probability":0.29,"inBuffer":false,"facType":"unknown"}},{"type":"Feature","geometry":{"type":"Point","coordinates":[-77.89492,34.20116]},"properties":{"probability":0.111,"inBuffer":false,"facType":"unknown"}},{"type":"Feature","geometry":{"type":"Point","coordinates":[-77.8895,34.20128]},"properties":{"probability":0.117,"inBuffer":false,"facType":"unknown"}},{"type":"Feature","geometry":{"type":"Point","coordinates":[-77.86782,34.20179]},"properties":{"probability":0.195,"inBuffer":false,"facType":"unknown"}},{"type":"Feature","geometry":{"type":"Point","coordinates":[-77.8624,34.20192]},"properties":{"probability":0.228,"inBuffer":false,"facType":"unknown"}},{"type":"Feature","geometry":{"type":"Point","coordinates":[-77.85698,34.20205]},"properties":{"probability":0.225,"inBuffer":false,"facType":"unknown"}},{"type":"Feature","geometry":{"type":"Point","coordinates":[-77.80819,34.20317]},"properties":{"probability":0.145,"inBuffer":false,"facType":"unknown"}},{"type":"Feature","geometry":{"type":"Point","coordinates":[-77.80277,34.2033]},"properties":{"probability":0.197,"inBuffer":false,"facType":"unknown"}},{"type":"Feature","geometry":{"type":"Point","coordinates":[-77.79735,34.20342]},"properties":{"probability":0.149,"inBuffer":false,"facType":"unknown"}},{"type":"Feature","geometry":{"type":"Point","coordinates":[-77.79193,34.20355]},"properties":{"probability":0.145,"inBuffer":false,"facType":"unknown"}},{"type":"Feature","geometry":{"type":"Point","coordinates":[-78.06819,34.19243]},"properties":{"probability":0.209,"inBuffer":false,"facType":"unknown"}},{"type":"Feature","geometry":{"type":"Point","coordinates":[-78.06277,34.19257]},"properties":{"probability":0.194,"inBuffer":false,"facType":"unknown"}},{"type":"Feature","geometry":{"type":"Point","coordinates":[-78.05735,34.19271]},"properties":{"probability":0.176,"inBuffer":false,"facType":"unknown"}},{"type":"Feature","geometry":{"type":"Point","coordinates":[-77.99774,34.19418]},"properties":{"probability":0.162,"inBuffer":false,"facType":"unknown"}},{"type":"Feature","geometry":{"type":"Point","coordinates":[-77.99232,34.19431]},"properties":{"probability":0.834,"inBuffer":false,"facType":"unknown"}},{"type":"Feature","geometry":{"type":"Point","coordinates":[-77.9869,34.19444]},"properties":{"probability":0.83,"inBuffer":false,"facType":"unknown"}},{"type":"Feature","geometry":{"type":"Point","coordinates":[-77.9598,34.1951]},"properties":{"probability":0.054,"inBuffer":false,"facType":"unknown"}},{"type":"Feature","geometry":{"type":"Point","coordinates":[-77.95438,34.19523]},"properties":{"probability":0.312,"inBuffer":false,"facType":"unknown"}},{"type":"Feature","geometry":{"type":"Point","coordinates":[-77.94896,34.19536]},"properties":{"probability":0.417,"inBuffer":false,"facType":"unknown"}},{"type":"Feature","geometry":{"type":"Point","coordinates":[-77.94355,34.19549]},"properties":{"probability":0.384,"inBuffer":false,"facType":"unknown"}},{"type":"Feature","geometry":{"type":"Point","coordinates":[-77.93813,34.19562]},"properties":{"probability":0.437,"inBuffer":false,"facType":"unknown"}},{"type":"Feature","geometry":{"type":"Point","coordinates":[-77.93271,34.19575]},"properties":{"probability":0.935,"inBuffer":false,"facType":"unknown"}},{"type":"Feature","geometry":{"type":"Point","coordinates":[-77.92729,34.19588]},"properties":{"probability":0.942,"inBuffer":false,"facType":"unknown"}},{"type":"Feature","geometry":{"type":"Point","coordinates":[-77.92187,34.19601]},"properties":{"probability":0.942,"inBuffer":false,"facType":"unknown"}},{"type":"Feature","geometry":{"type":"Point","coordinates":[-77.91645,34.19614]},"properties":{"probability":0.396,"inBuffer":false,"facType":"unknown"}},{"type":"Feature","geometry":{"type":"Point","coordinates":[-77.91103,34.19627]},"properties":{"probability":0.304,"inBuffer":false,"facType":"unknown"}},{"type":"Feature","geometry":{"type":"Point","coordinates":[-77.90561,34.1964]},"properties":{"probability":0.335,"inBuffer":false,"facType":"unknown"}},{"type":"Feature","geometry":{"type":"Point","coordinates":[-77.90019,34.19652]},"properties":{"probability":0.329,"inBuffer":false,"facType":"unknown"}},{"type":"Feature","geometry":{"type":"Point","coordinates":[-77.89477,34.19665]},"properties":{"probability":0.123,"inBuffer":false,"facType":"unknown"}},{"type":"Feature","geometry":{"type":"Point","coordinates":[-77.88935,34.19678]},"properties":{"probability":0.125,"inBuffer":false,"facType":"unknown"}},{"type":"Feature","geometry":{"type":"Point","coordinates":[-77.88393,34.19691]},"properties":{"probability":0.061,"inBuffer":false,"facType":"unknown"}},{"type":"Feature","geometry":{"type":"Point","coordinates":[-77.86767,34.19729]},"properties":{"probability":0.099,"inBuffer":false,"facType":"unknown"}},{"type":"Feature","geometry":{"type":"Point","coordinates":[-77.86225,34.19742]},"properties":{"probability":0.196,"inBuffer":false,"facType":"unknown"}},{"type":"Feature","geometry":{"type":"Point","coordinates":[-77.85683,34.19754]},"properties":{"probability":0.201,"inBuffer":false,"facType":"unknown"}},{"type":"Feature","geometry":{"type":"Point","coordinates":[-77.80804,34.19867]},"properties":{"probability":0.143,"inBuffer":false,"facType":"unknown"}},{"type":"Feature","geometry":{"type":"Point","coordinates":[-77.80262,34.19879]},"properties":{"probability":0.145,"inBuffer":false,"facType":"unknown"}},{"type":"Feature","geometry":{"type":"Point","coordinates":[-78.06802,34.18793]},"properties":{"probability":0.182,"inBuffer":false,"facType":"unknown"}},{"type":"Feature","geometry":{"type":"Point","coordinates":[-78.003,34.18954]},"properties":{"probability":0.134,"inBuffer":false,"facType":"unknown"}},{"type":"Feature","geometry":{"type":"Point","coordinates":[-77.99758,34.18967]},"properties":{"probability":0.163,"inBuffer":false,"facType":"unknown"}},{"type":"Feature","geometry":{"type":"Point","coordinates":[-77.99216,34.18981]},"properties":{"probability":0.84,"inBuffer":false,"facType":"unknown"}},{"type":"Feature","geometry":{"type":"Point","coordinates":[-77.98674,34.18994]},"properties":{"probability":0.84,"inBuffer":false,"facType":"unknown"}},{"type":"Feature","geometry":{"type":"Point","coordinates":[-77.95423,34.19073]},"properties":{"probability":0.436,"inBuffer":false,"facType":"unknown"}},{"type":"Feature","geometry":{"type":"Point","coordinates":[-77.94881,34.19086]},"properties":{"probability":0.414,"inBuffer":false,"facType":"unknown"}},{"type":"Feature","geometry":{"type":"Point","coordinates":[-77.94339,34.19099]},"properties":{"probability":0.349,"inBuffer":false,"facType":"unknown"}},{"type":"Feature","geometry":{"type":"Point","coordinates":[-77.93797,34.19112]},"properties":{"probability":0.21,"inBuffer":false,"facType":"unknown"}},{"type":"Feature","geometry":{"type":"Point","coordinates":[-77.93255,34.19125]},"properties":{"probability":0.943,"inBuffer":false,"facType":"unknown"}},{"type":"Feature","geometry":{"type":"Point","coordinates":[-77.92713,34.19138]},"properties":{"probability":0.918,"inBuffer":false,"facType":"unknown"}},{"type":"Feature","geometry":{"type":"Point","coordinates":[-77.92171,34.19151]},"properties":{"probability":0.395,"inBuffer":false,"facType":"unknown"}},{"type":"Feature","geometry":{"type":"Point","coordinates":[-77.91629,34.19164]},"properties":{"probability":0.288,"inBuffer":false,"facType":"unknown"}},{"type":"Feature","geometry":{"type":"Point","coordinates":[-77.91087,34.19176]},"properties":{"probability":0.316,"inBuffer":false,"facType":"unknown"}},{"type":"Feature","geometry":{"type":"Point","coordinates":[-77.90545,34.19189]},"properties":{"probability":0.326,"inBuffer":false,"facType":"unknown"}},{"type":"Feature","geometry":{"type":"Point","coordinates":[-77.90003,34.19202]},"properties":{"probability":0.061,"inBuffer":false,"facType":"unknown"}},{"type":"Feature","geometry":{"type":"Point","coordinates":[-77.89461,34.19215]},"properties":{"probability":0.109,"inBuffer":false,"facType":"unknown"}},{"type":"Feature","geometry":{"type":"Point","coordinates":[-77.88919,34.19228]},"properties":{"probability":0.078,"inBuffer":false,"facType":"unknown"}},{"type":"Feature","geometry":{"type":"Point","coordinates":[-77.88377,34.1924]},"properties":{"probability":0.057,"inBuffer":false,"facType":"unknown"}},{"type":"Feature","geometry":{"type":"Point","coordinates":[-77.8079,34.19417]},"properties":{"probability":0.145,"inBuffer":false,"facType":"unknown"}},{"type":"Feature","geometry":{"type":"Point","coordinates":[-78.02451,34.18451]},"properties":{"probability":0.134,"inBuffer":false,"facType":"unknown"}},{"type":"Feature","geometry":{"type":"Point","coordinates":[-78.00826,34.18491]},"properties":{"probability":0.136,"inBuffer":false,"facType":"unknown"}},{"type":"Feature","geometry":{"type":"Point","coordinates":[-78.00284,34.18504]},"properties":{"probability":0.136,"inBuffer":false,"facType":"unknown"}},{"type":"Feature","geometry":{"type":"Point","coordinates":[-77.99742,34.18517]},"properties":{"probability":0.156,"inBuffer":false,"facType":"unknown"}},{"type":"Feature","geometry":{"type":"Point","coordinates":[-77.992,34.1853]},"properties":{"probability":0.842,"inBuffer":false,"facType":"unknown"}},{"type":"Feature","geometry":{"type":"Point","coordinates":[-77.95407,34.18622]},"properties":{"probability":0.225,"inBuffer":false,"facType":"unknown"}},{"type":"Feature","geometry":{"type":"Point","coordinates":[-77.94865,34.18635]},"properties":{"probability":0.342,"inBuffer":false,"facType":"unknown"}},{"type":"Feature","geometry":{"type":"Point","coordinates":[-77.94323,34.18648]},"properties":{"probability":0.053,"inBuffer":false,"facType":"unknown"}},{"type":"Feature","geometry":{"type":"Point","coordinates":[-77.93781,34.18661]},"properties":{"probability":0.401,"inBuffer":false,"facType":"unknown"}},{"type":"Feature","geometry":{"type":"Point","coordinates":[-77.93239,34.18674]},"properties":{"probability":0.447,"inBuffer":false,"facType":"unknown"}},{"type":"Feature","geometry":{"type":"Point","coordinates":[-77.92697,34.18687]},"properties":{"probability":0.411,"inBuffer":false,"facType":"unknown"}},{"type":"Feature","geometry":{"type":"Point","coordinates":[-77.92156,34.187]},"properties":{"probability":0.398,"inBuffer":false,"facType":"unknown"}},{"type":"Feature","geometry":{"type":"Point","coordinates":[-77.91614,34.18713]},"properties":{"probability":0.285,"inBuffer":false,"facType":"unknown"}},{"type":"Feature","geometry":{"type":"Point","coordinates":[-77.91072,34.18726]},"properties":{"probability":0.24,"inBuffer":false,"facType":"unknown"}},{"type":"Feature","geometry":{"type":"Point","coordinates":[-78.02435,34.18]},"properties":{"probability":0.134,"inBuffer":false,"facType":"unknown"}},{"type":"Feature","geometry":{"type":"Point","coordinates":[-78.01893,34.18014]},"properties":{"probability":0.135,"inBuffer":false,"facType":"unknown"}},{"type":"Feature","geometry":{"type":"Point","coordinates":[-78.01352,34.18027]},"properties":{"probability":0.135,"inBuffer":false,"facType":"unknown"}},{"type":"Feature","geometry":{"type":"Point","coordinates":[-78.0081,34.1804]},"properties":{"probability":0.132,"inBuffer":false,"facType":"unknown"}},{"type":"Feature","geometry":{"type":"Point","coordinates":[-78.00268,34.18054]},"properties":{"probability":0.134,"inBuffer":false,"facType":"unknown"}},{"type":"Feature","geometry":{"type":"Point","coordinates":[-77.99726,34.18067]},"properties":{"probability":0.134,"inBuffer":false,"facType":"unknown"}},{"type":"Feature","geometry":{"type":"Point","coordinates":[-77.99184,34.1808]},"properties":{"probability":0.157,"inBuffer":false,"facType":"unknown"}},{"type":"Feature","geometry":{"type":"Point","coordinates":[-77.95391,34.18172]},"properties":{"probability":0.059,"inBuffer":false,"facType":"unknown"}},{"type":"Feature","geometry":{"type":"Point","coordinates":[-77.94849,34.18185]},"properties":{"probability":0.058,"inBuffer":false,"facType":"unknown"}},{"type":"Feature","geometry":{"type":"Point","coordinates":[-77.93766,34.18211]},"properties":{"probability":0.059,"inBuffer":false,"facType":"unknown"}},{"type":"Feature","geometry":{"type":"Point","coordinates":[-77.93224,34.18224]},"properties":{"probability":0.33,"inBuffer":false,"facType":"unknown"}},{"type":"Feature","geometry":{"type":"Point","coordinates":[-77.92682,34.18237]},"properties":{"probability":0.289,"inBuffer":false,"facType":"unknown"}},{"type":"Feature","geometry":{"type":"Point","coordinates":[-77.9214,34.1825]},"properties":{"probability":0.303,"inBuffer":false,"facType":"unknown"}},{"type":"Feature","geometry":{"type":"Point","coordinates":[-77.91598,34.18263]},"properties":{"probability":0.33,"inBuffer":false,"facType":"unknown"}},{"type":"Feature","geometry":{"type":"Point","coordinates":[-77.89972,34.18301]},"properties":{"probability":0.057,"inBuffer":false,"facType":"unknown"}},{"type":"Feature","geometry":{"type":"Point","coordinates":[-77.89431,34.18314]},"properties":{"probability":0.071,"inBuffer":false,"facType":"unknown"}},{"type":"Feature","geometry":{"type":"Point","coordinates":[-77.88889,34.18327]},"properties":{"probability":0.068,"inBuffer":false,"facType":"unknown"}},{"type":"Feature","geometry":{"type":"Point","coordinates":[-78.02419,34.1755]},"properties":{"probability":0.133,"inBuffer":false,"facType":"unknown"}},{"type":"Feature","geometry":{"type":"Point","coordinates":[-78.01877,34.17563]},"properties":{"probability":0.133,"inBuffer":false,"facType":"unknown"}},{"type":"Feature","geometry":{"type":"Point","coordinates":[-78.01336,34.17577]},"properties":{"probability":0.134,"inBuffer":false,"facType":"unknown"}},{"type":"Feature","geometry":{"type":"Point","coordinates":[-77.93208,34.17774]},"properties":{"probability":0.293,"inBuffer":false,"facType":"unknown"}},{"type":"Feature","geometry":{"type":"Point","coordinates":[-77.92666,34.17787]},"properties":{"probability":0.29,"inBuffer":false,"facType":"unknown"}},{"type":"Feature","geometry":{"type":"Point","coordinates":[-77.92124,34.178]},"properties":{"probability":0.319,"inBuffer":false,"facType":"unknown"}},{"type":"Feature","geometry":{"type":"Point","coordinates":[-77.91583,34.17812]},"properties":{"probability":0.066,"inBuffer":false,"facType":"unknown"}},{"type":"Feature","geometry":{"type":"Point","coordinates":[-77.90499,34.17838]},"properties":{"probability":0.051,"inBuffer":false,"facType":"unknown"}},{"type":"Feature","geometry":{"type":"Point","coordinates":[-77.89957,34.17851]},"properties":{"probability":0.069,"inBuffer":false,"facType":"unknown"}},{"type":"Feature","geometry":{"type":"Point","coordinates":[-77.89415,34.17864]},"properties":{"probability":0.483,"inBuffer":false,"facType":"unknown"}},{"type":"Feature","geometry":{"type":"Point","coordinates":[-77.88873,34.17877]},"properties":{"probability":0.356,"inBuffer":false,"facType":"unknown"}},{"type":"Feature","geometry":{"type":"Point","coordinates":[-77.92109,34.17349]},"properties":{"probability":0.289,"inBuffer":false,"facType":"unknown"}},{"type":"Feature","geometry":{"type":"Point","coordinates":[-77.91567,34.17362]},"properties":{"probability":0.057,"inBuffer":false,"facType":"unknown"}},{"type":"Feature","geometry":{"type":"Point","coordinates":[-77.90483,34.17388]},"properties":{"probability":0.063,"inBuffer":false,"facType":"unknown"}},{"type":"Feature","geometry":{"type":"Point","coordinates":[-77.89942,34.17401]},"properties":{"probability":0.331,"inBuffer":false,"facType":"unknown"}},{"type":"Feature","geometry":{"type":"Point","coordinates":[-77.894,34.17413]},"properties":{"probability":0.371,"inBuffer":false,"facType":"unknown"}},{"type":"Feature","geometry":{"type":"Point","coordinates":[-77.88858,34.17426]},"properties":{"probability":0.349,"inBuffer":false,"facType":"unknown"}},{"type":"Feature","geometry":{"type":"Point","coordinates":[-77.94802,34.16834]},"properties":{"probability":0.328,"inBuffer":false,"facType":"unknown"}},{"type":"Feature","geometry":{"type":"Point","coordinates":[-77.94261,34.16847]},"properties":{"probability":0.312,"inBuffer":false,"facType":"unknown"}},{"type":"Feature","geometry":{"type":"Point","coordinates":[-77.90468,34.16938]},"properties":{"probability":0.053,"inBuffer":false,"facType":"unknown"}},{"type":"Feature","geometry":{"type":"Point","coordinates":[-77.89926,34.1695]},"properties":{"probability":0.05,"inBuffer":false,"facType":"unknown"}},{"type":"Feature","geometry":{"type":"Point","coordinates":[-77.89384,34.16963]},"properties":{"probability":0.299,"inBuffer":false,"facType":"unknown"}},{"type":"Feature","geometry":{"type":"Point","coordinates":[-77.88843,34.16976]},"properties":{"probability":0.186,"inBuffer":false,"facType":"unknown"}},{"type":"Feature","geometry":{"type":"Point","coordinates":[-77.94787,34.16384]},"properties":{"probability":0.339,"inBuffer":false,"facType":"unknown"}},{"type":"Feature","geometry":{"type":"Point","coordinates":[-77.94245,34.16397]},"properties":{"probability":0.356,"inBuffer":false,"facType":"unknown"}},{"type":"Feature","geometry":{"type":"Point","coordinates":[-77.93703,34.1641]},"properties":{"probability":0.053,"inBuffer":false,"facType":"unknown"}},{"type":"Feature","geometry":{"type":"Point","coordinates":[-77.90453,34.16487]},"properties":{"probability":0.06,"inBuffer":false,"facType":"unknown"}},{"type":"Feature","geometry":{"type":"Point","coordinates":[-77.89911,34.165]},"properties":{"probability":0.053,"inBuffer":false,"facType":"unknown"}},{"type":"Feature","geometry":{"type":"Point","coordinates":[-77.89369,34.16513]},"properties":{"probability":0.297,"inBuffer":false,"facType":"unknown"}},{"type":"Feature","geometry":{"type":"Point","coordinates":[-78.09938,34.15559]},"properties":{"probability":0.853,"inBuffer":false,"facType":"unknown"}},{"type":"Feature","geometry":{"type":"Point","coordinates":[-78.09396,34.15573]},"properties":{"probability":0.201,"inBuffer":false,"facType":"unknown"}},{"type":"Feature","geometry":{"type":"Point","coordinates":[-77.94771,34.15933]},"properties":{"probability":0.101,"inBuffer":false,"facType":"unknown"}},{"type":"Feature","geometry":{"type":"Point","coordinates":[-77.94229,34.15946]},"properties":{"probability":0.201,"inBuffer":false,"facType":"unknown"}},{"type":"Feature","geometry":{"type":"Point","coordinates":[-77.93688,34.15959]},"properties":{"probability":0.277,"inBuffer":false,"facType":"unknown"}},{"type":"Feature","geometry":{"type":"Point","coordinates":[-77.93146,34.15972]},"properties":{"probability":0.05,"inBuffer":false,"facType":"unknown"}},{"type":"Feature","geometry":{"type":"Point","coordinates":[-77.90979,34.16024]},"properties":{"probability":0.057,"inBuffer":false,"facType":"unknown"}},{"type":"Feature","geometry":{"type":"Point","coordinates":[-77.90437,34.16037]},"properties":{"probability":0.064,"inBuffer":false,"facType":"unknown"}},{"type":"Feature","geometry":{"type":"Point","coordinates":[-77.89895,34.1605]},"properties":{"probability":0.321,"inBuffer":false,"facType":"unknown"}},{"type":"Feature","geometry":{"type":"Point","coordinates":[-77.89354,34.16062]},"properties":{"probability":0.323,"inBuffer":false,"facType":"unknown"}},{"type":"Feature","geometry":{"type":"Point","coordinates":[-77.88812,34.16075]},"properties":{"probability":0.217,"inBuffer":false,"facType":"unknown"}},{"type":"Feature","geometry":{"type":"Point","coordinates":[-78.09922,34.15109]},"properties":{"probability":0.851,"inBuffer":false,"facType":"unknown"}},{"type":"Feature","geometry":{"type":"Point","coordinates":[-78.0938,34.15123]},"properties":{"probability":0.853,"inBuffer":false,"facType":"unknown"}},{"type":"Feature","geometry":{"type":"Point","coordinates":[-78.08838,34.15137]},"properties":{"probability":0.847,"inBuffer":false,"facType":"unknown"}},{"type":"Feature","geometry":{"type":"Point","coordinates":[-77.94214,34.15496]},"properties":{"probability":0.202,"inBuffer":false,"facType":"unknown"}},{"type":"Feature","geometry":{"type":"Point","coordinates":[-77.93672,34.15509]},"properties":{"probability":0.23,"inBuffer":false,"facType":"unknown"}},{"type":"Feature","geometry":{"type":"Point","coordinates":[-77.9313,34.15522]},"properties":{"probability":0.221,"inBuffer":false,"facType":"unknown"}},{"type":"Feature","geometry":{"type":"Point","coordinates":[-77.90963,34.15574]},"properties":{"probability":0.055,"inBuffer":false,"facType":"unknown"}},{"type":"Feature","geometry":{"type":"Point","coordinates":[-77.90422,34.15586]},"properties":{"probability":0.062,"inBuffer":false,"facType":"unknown"}},{"type":"Feature","geometry":{"type":"Point","coordinates":[-77.8988,34.15599]},"properties":{"probability":0.291,"inBuffer":false,"facType":"unknown"}},{"type":"Feature","geometry":{"type":"Point","coordinates":[-77.89338,34.15612]},"properties":{"probability":0.246,"inBuffer":false,"facType":"unknown"}},{"type":"Feature","geometry":{"type":"Point","coordinates":[-77.88797,34.15625]},"properties":{"probability":0.151,"inBuffer":false,"facType":"unknown"}},{"type":"Feature","geometry":{"type":"Point","coordinates":[-78.09363,34.14673]},"properties":{"probability":0.834,"inBuffer":false,"facType":"unknown"}},{"type":"Feature","geometry":{"type":"Point","coordinates":[-78.08822,34.14686]},"properties":{"probability":0.839,"inBuffer":false,"facType":"unknown"}},{"type":"Feature","geometry":{"type":"Point","coordinates":[-77.94198,34.15046]},"properties":{"probability":0.184,"inBuffer":false,"facType":"unknown"}},{"type":"Feature","geometry":{"type":"Point","coordinates":[-77.93656,34.15059]},"properties":{"probability":0.22,"inBuffer":false,"facType":"unknown"}},{"type":"Feature","geometry":{"type":"Point","coordinates":[-77.90406,34.15136]},"properties":{"probability":0.057,"inBuffer":false,"facType":"unknown"}},{"type":"Feature","geometry":{"type":"Point","coordinates":[-77.89865,34.15149]},"properties":{"probability":0.06,"inBuffer":false,"facType":"unknown"}},{"type":"Feature","geometry":{"type":"Point","coordinates":[-77.89323,34.15162]},"properties":{"probability":0.054,"inBuffer":false,"facType":"unknown"}},{"type":"Feature","geometry":{"type":"Point","coordinates":[-78.09347,34.14222]},"properties":{"probability":0.162,"inBuffer":false,"facType":"unknown"}},{"type":"Feature","geometry":{"type":"Point","coordinates":[-78.08806,34.14236]},"properties":{"probability":0.837,"inBuffer":false,"facType":"unknown"}},{"type":"Feature","geometry":{"type":"Point","coordinates":[-77.90391,34.14686]},"properties":{"probability":0.074,"inBuffer":false,"facType":"unknown"}},{"type":"Feature","geometry":{"type":"Point","coordinates":[-77.89849,34.14699]},"properties":{"probability":0.109,"inBuffer":false,"facType":"unknown"}},{"type":"Feature","geometry":{"type":"Point","coordinates":[-77.89307,34.14711]},"properties":{"probability":0.084,"inBuffer":false,"facType":"unknown"}},{"type":"Feature","geometry":{"type":"Point","coordinates":[-77.88766,34.14724]},"properties":{"probability":0.056,"inBuffer":false,"facType":"unknown"}},{"type":"Feature","geometry":{"type":"Point","coordinates":[-77.90375,34.14235]},"properties":{"probability":0.077,"inBuffer":false,"facType":"unknown"}},{"type":"Feature","geometry":{"type":"Point","coordinates":[-77.89834,34.14248]},"properties":{"probability":0.112,"inBuffer":false,"facType":"unknown"}},{"type":"Feature","geometry":{"type":"Point","coordinates":[-77.89292,34.14261]},"properties":{"probability":0.109,"inBuffer":false,"facType":"unknown"}},{"type":"Feature","geometry":{"type":"Point","coordinates":[-77.8875,34.14274]},"properties":{"probability":0.057,"inBuffer":false,"facType":"unknown"}},{"type":"Feature","geometry":{"type":"Point","coordinates":[-78.10397,34.13294]},"properties":{"probability":0.186,"inBuffer":false,"facType":"unknown"}},{"type":"Feature","geometry":{"type":"Point","coordinates":[-78.09856,34.13308]},"properties":{"probability":0.105,"inBuffer":false,"facType":"unknown"}},{"type":"Feature","geometry":{"type":"Point","coordinates":[-77.91443,34.13759]},"properties":{"probability":0.211,"inBuffer":false,"facType":"unknown"}},{"type":"Feature","geometry":{"type":"Point","coordinates":[-77.90902,34.13772]},"properties":{"probability":0.151,"inBuffer":false,"facType":"unknown"}},{"type":"Feature","geometry":{"type":"Point","coordinates":[-77.9036,34.13785]},"properties":{"probability":0.064,"inBuffer":false,"facType":"unknown"}},{"type":"Feature","geometry":{"type":"Point","coordinates":[-77.89818,34.13798]},"properties":{"probability":0.097,"inBuffer":false,"facType":"unknown"}},{"type":"Feature","geometry":{"type":"Point","coordinates":[-77.89277,34.13811]},"properties":{"probability":0.109,"inBuffer":false,"facType":"unknown"}},{"type":"Feature","geometry":{"type":"Point","coordinates":[-78.09839,34.12858]},"properties":{"probability":0.184,"inBuffer":false,"facType":"unknown"}},{"type":"Feature","geometry":{"type":"Point","coordinates":[-77.91428,34.13309]},"properties":{"probability":0.195,"inBuffer":false,"facType":"unknown"}},{"type":"Feature","geometry":{"type":"Point","coordinates":[-77.90886,34.13322]},"properties":{"probability":0.224,"inBuffer":false,"facType":"unknown"}},{"type":"Feature","geometry":{"type":"Point","coordinates":[-77.90345,34.13335]},"properties":{"probability":0.065,"inBuffer":false,"facType":"unknown"}},{"type":"Feature","geometry":{"type":"Point","coordinates":[-77.89803,34.13347]},"properties":{"probability":0.087,"inBuffer":false,"facType":"unknown"}},{"type":"Feature","geometry":{"type":"Point","coordinates":[-77.89261,34.1336]},"properties":{"probability":0.11,"inBuffer":false,"facType":"unknown"}},{"type":"Feature","geometry":{"type":"Point","coordinates":[-77.91412,34.12859]},"properties":{"probability":0.222,"inBuffer":false,"facType":"unknown"}},{"type":"Feature","geometry":{"type":"Point","coordinates":[-77.90871,34.12871]},"properties":{"probability":0.168,"inBuffer":false,"facType":"unknown"}},{"type":"Feature","geometry":{"type":"Point","coordinates":[-77.90329,34.12884]},"properties":{"probability":0.05,"inBuffer":false,"facType":"unknown"}},{"type":"Feature","geometry":{"type":"Point","coordinates":[-77.90314,34.12434]},"properties":{"probability":0.057,"inBuffer":false,"facType":"unknown"}},{"type":"Feature","geometry":{"type":"Point","coordinates":[-77.89772,34.12447]},"properties":{"probability":0.051,"inBuffer":false,"facType":"unknown"}},{"type":"Feature","geometry":{"type":"Point","coordinates":[-77.88148,34.12485]},"properties":{"probability":0.195,"inBuffer":false,"facType":"unknown"}},{"type":"Feature","geometry":{"type":"Point","coordinates":[-77.87606,34.12498]},"properties":{"probability":0.191,"inBuffer":false,"facType":"unknown"}},{"type":"Feature","geometry":{"type":"Point","coordinates":[-77.90298,34.11984]},"properties":{"probability":0.27,"inBuffer":false,"facType":"unknown"}},{"type":"Feature","geometry":{"type":"Point","coordinates":[-77.89757,34.11996]},"properties":{"probability":0.271,"inBuffer":false,"facType":"unknown"}},{"type":"Feature","geometry":{"type":"Point","coordinates":[-77.89215,34.12009]},"properties":{"probability":0.26,"inBuffer":false,"facType":"unknown"}},{"type":"Feature","geometry":{"type":"Point","coordinates":[-77.88674,34.12022]},"properties":{"probability":0.194,"inBuffer":false,"facType":"unknown"}},{"type":"Feature","geometry":{"type":"Point","coordinates":[-77.88132,34.12035]},"properties":{"probability":0.193,"inBuffer":false,"facType":"unknown"}},{"type":"Feature","geometry":{"type":"Point","coordinates":[-77.87591,34.12047]},"properties":{"probability":0.191,"inBuffer":false,"facType":"unknown"}},{"type":"Feature","geometry":{"type":"Point","coordinates":[-77.91907,34.11495]},"properties":{"probability":0.191,"inBuffer":false,"facType":"unknown"}},{"type":"Feature","geometry":{"type":"Point","coordinates":[-77.91366,34.11508]},"properties":{"probability":0.194,"inBuffer":false,"facType":"unknown"}},{"type":"Feature","geometry":{"type":"Point","coordinates":[-77.90824,34.1152]},"properties":{"probability":0.203,"inBuffer":false,"facType":"unknown"}},{"type":"Feature","geometry":{"type":"Point","coordinates":[-77.90283,34.11533]},"properties":{"probability":0.379,"inBuffer":false,"facType":"unknown"}},{"type":"Feature","geometry":{"type":"Point","coordinates":[-77.89741,34.11546]},"properties":{"probability":0.202,"inBuffer":false,"facType":"unknown"}},{"type":"Feature","geometry":{"type":"Point","coordinates":[-77.892,34.11559]},"properties":{"probability":0.2,"inBuffer":false,"facType":"unknown"}},{"type":"Feature","geometry":{"type":"Point","coordinates":[-77.92433,34.11031]},"properties":{"probability":0.192,"inBuffer":false,"facType":"unknown"}},{"type":"Feature","geometry":{"type":"Point","coordinates":[-77.91892,34.11044]},"properties":{"probability":0.198,"inBuffer":false,"facType":"unknown"}},{"type":"Feature","geometry":{"type":"Point","coordinates":[-77.9135,34.11057]},"properties":{"probability":0.32,"inBuffer":false,"facType":"unknown"}},{"type":"Feature","geometry":{"type":"Point","coordinates":[-77.90809,34.1107]},"properties":{"probability":0.406,"inBuffer":false,"facType":"unknown"}},{"type":"Feature","geometry":{"type":"Point","coordinates":[-77.90268,34.11083]},"properties":{"probability":0.893,"inBuffer":false,"facType":"unknown"}},{"type":"Feature","geometry":{"type":"Point","coordinates":[-77.89726,34.11096]},"properties":{"probability":0.385,"inBuffer":false,"facType":"unknown"}},{"type":"Feature","geometry":{"type":"Point","coordinates":[-77.89185,34.11108]},"properties":{"probability":0.329,"inBuffer":false,"facType":"unknown"}},{"type":"Feature","geometry":{"type":"Point","coordinates":[-77.92418,34.10581]},"properties":{"probability":0.195,"inBuffer":false,"facType":"unknown"}},{"type":"Feature","geometry":{"type":"Point","coordinates":[-77.91876,34.10594]},"properties":{"probability":0.202,"inBuffer":false,"facType":"unknown"}},{"type":"Feature","geometry":{"type":"Point","coordinates":[-77.91335,34.10607]},"properties":{"probability":0.402,"inBuffer":false,"facType":"unknown"}},{"type":"Feature","geometry":{"type":"Point","coordinates":[-77.90794,34.1062]},"properties":{"probability":0.913,"inBuffer":false,"facType":"unknown"}},{"type":"Feature","geometry":{"type":"Point","coordinates":[-77.90252,34.10633]},"properties":{"probability":0.924,"inBuffer":false,"facType":"unknown"}},{"type":"Feature","geometry":{"type":"Point","coordinates":[-77.89711,34.10645]},"properties":{"probability":0.912,"inBuffer":false,"facType":"unknown"}},{"type":"Feature","geometry":{"type":"Point","coordinates":[-77.89169,34.10658]},"properties":{"probability":0.378,"inBuffer":false,"facType":"unknown"}},{"type":"Feature","geometry":{"type":"Point","coordinates":[-77.92402,34.10131]},"properties":{"probability":0.193,"inBuffer":false,"facType":"unknown"}},{"type":"Feature","geometry":{"type":"Point","coordinates":[-77.91861,34.10144]},"properties":{"probability":0.205,"inBuffer":false,"facType":"unknown"}},{"type":"Feature","geometry":{"type":"Point","coordinates":[-77.9132,34.10157]},"properties":{"probability":0.427,"inBuffer":false,"facType":"unknown"}},{"type":"Feature","geometry":{"type":"Point","coordinates":[-77.90778,34.10169]},"properties":{"probability":0.913,"inBuffer":false,"facType":"unknown"}},{"type":"Feature","geometry":{"type":"Point","coordinates":[-77.90237,34.10182]},"properties":{"probability":0.913,"inBuffer":false,"facType":"unknown"}},{"type":"Feature","geometry":{"type":"Point","coordinates":[-77.89695,34.10195]},"properties":{"probability":0.884,"inBuffer":false,"facType":"unknown"}},{"type":"Feature","geometry":{"type":"Point","coordinates":[-77.89154,34.10208]},"properties":{"probability":0.324,"inBuffer":false,"facType":"unknown"}},{"type":"Feature","geometry":{"type":"Point","coordinates":[-77.91845,34.09693]},"properties":{"probability":0.201,"inBuffer":false,"facType":"unknown"}},{"type":"Feature","geometry":{"type":"Point","coordinates":[-77.91304,34.09706]},"properties":{"probability":0.285,"inBuffer":false,"facType":"unknown"}},{"type":"Feature","geometry":{"type":"Point","coordinates":[-77.90763,34.09719]},"properties":{"probability":0.403,"inBuffer":false,"facType":"unknown"}},{"type":"Feature","geometry":{"type":"Point","coordinates":[-77.90221,34.09732]},"properties":{"probability":0.384,"inBuffer":false,"facType":"unknown"}},{"type":"Feature","geometry":{"type":"Point","coordinates":[-77.8968,34.09745]},"properties":{"probability":0.32,"inBuffer":false,"facType":"unknown"}},{"type":"Feature","geometry":{"type":"Point","coordinates":[-77.9183,34.09243]},"properties":{"probability":0.201,"inBuffer":false,"facType":"unknown"}},{"type":"Feature","geometry":{"type":"Point","coordinates":[-77.91289,34.09256]},"properties":{"probability":0.255,"inBuffer":false,"facType":"unknown"}},{"type":"Feature","geometry":{"type":"Point","coordinates":[-77.90747,34.09269]},"properties":{"probability":0.261,"inBuffer":false,"facType":"unknown"}},{"type":"Feature","geometry":{"type":"Point","coordinates":[-77.90206,34.09281]},"properties":{"probability":0.235,"inBuffer":false,"facType":"unknown"}},{"type":"Feature","geometry":{"type":"Point","coordinates":[-77.89665,34.09294]},"properties":{"probability":0.2,"inBuffer":false,"facType":"unknown"}},{"type":"Feature","geometry":{"type":"Point","coordinates":[-77.89123,34.09307]},"properties":{"probability":0.192,"inBuffer":false,"facType":"unknown"}},{"type":"Feature","geometry":{"type":"Point","coordinates":[-77.91273,34.08805]},"properties":{"probability":0.191,"inBuffer":false,"facType":"unknown"}},{"type":"Feature","geometry":{"type":"Point","coordinates":[-77.90732,34.08818]},"properties":{"probability":0.2,"inBuffer":false,"facType":"unknown"}},{"type":"Feature","geometry":{"type":"Point","coordinates":[-77.90191,34.08831]},"properties":{"probability":0.198,"inBuffer":false,"facType":"unknown"}},{"type":"Feature","geometry":{"type":"Point","coordinates":[-77.89649,34.08844]},"properties":{"probability":0.202,"inBuffer":false,"facType":"unknown"}},{"type":"Feature","geometry":{"type":"Point","coordinates":[-77.89108,34.08857]},"properties":{"probability":0.193,"inBuffer":false,"facType":"unknown"}},{"type":"Feature","geometry":{"type":"Point","coordinates":[-77.90175,34.08381]},"properties":{"probability":0.196,"inBuffer":false,"facType":"unknown"}},{"type":"Feature","geometry":{"type":"Point","coordinates":[-77.89634,34.08394]},"properties":{"probability":0.199,"inBuffer":false,"facType":"unknown"}},{"type":"Feature","geometry":{"type":"Point","coordinates":[-77.91242,34.07905]},"properties":{"probability":0.193,"inBuffer":false,"facType":"unknown"}},{"type":"Feature","geometry":{"type":"Point","coordinates":[-77.9016,34.0793]},"properties":{"probability":0.192,"inBuffer":false,"facType":"unknown"}},{"type":"Feature","geometry":{"type":"Point","coordinates":[-77.89619,34.07943]},"properties":{"probability":0.194,"inBuffer":false,"facType":"unknown"}}]}