{"type":"FeatureCollection","features":[{"type":"Feature","geometry":{"type":"Point","coordinates":[-66.14071,18.47161]},"properties":{"probability":0.627,"inBuffer":true,"facType":"police"}},{"type":"Feature","geometry":{"type":"Point","coordinates":[-66.13622,18.47161]},"properties":{"probability":0.63,"inBuffer":true,"facType":"police"}},{"type":"Feature","geometry":{"type":"Point","coordinates":[-66.13173,18.47161]},"properties":{"probability":0.59,"inBuffer":true,"facType":"police"}},{"type":"Feature","geometry":{"type":"Point","coordinates":[-66.12724,18.47161]},"properties":{"probability":0.291,"inBuffer":false,"facType":"police"}},{"type":"Feature","geometry":{"type":"Point","coordinates":[-66.12274,18.47161]},"properties":{"probability":0.402,"inBuffer":false,"facType":"police"}},{"type":"Feature","geometry":{"type":"Point","coordinates":[-66.11825,18.47161]},"properties":{"probability":0.41,"inBuffer":false,"facType":"police"}},{"type":"Feature","geometry":{"type":"Point","coordinates":[-66.11376,18.47161]},"properties":{"probability":0.501,"inBuffer":false,"facType":"police"}},{"type":"Feature","geometry":{"type":"Point","coordinates":[-66.10927,18.47161]},"properties":{"probability":0.619,"inBuffer":true,"facType":"police"}},{"type":"Feature","geometry":{"type":"Point","coordinates":[-66.10477,18.47161]},"properties":{"probability":0.622,"inBuffer":true,"facType":"police"}},{"type":"Feature","geometry":{"type":"Point","coordinates":[-66.10028,18.47161]},"properties":{"probability":0.509,"inBuffer":true,"facType":"police"}},{"type":"Feature","geometry":{"type":"Point","coordinates":[-66.08681,18.47161]},"properties":{"probability":0.483,"inBuffer":false,"facType":"police"}},{"type":"Feature","geometry":{"type":"Point","coordinates":[-66.14071,18.46712]},"properties":{"probability":0.631,"inBuffer":true,"facType":"police"}},{"type":"Feature","geometry":{"type":"Point","coordinates":[-66.13622,18.46712]},"properties":{"probability":0.487,"inBuffer":true,"facType":"police"}},{"type":"Feature","geometry":{"type":"Point","coordinates":[-66.13173,18.46712]},"properties":{"probability":0.486,"inBuffer":true,"facType":"police"}},{"type":"Feature","geometry":{"type":"Point","coordinates":[-66.12724,18.46712]},"properties":{"probability":0.374,"inBuffer":true,"facType":"police"}},{"type":"Feature","geometry":{"type":"Point","coordinates":[-66.12274,18.46712]},"properties":{"probability":0.435,"inBuffer":true,"facType":"police"}},{"type":"Feature","geometry":{"type":"Point","coordinates":[-66.11825,18.46712]},"properties":{"probability":0.789,"inBuffer":true,"facType":"police"}},{"type":"Feature","geometry":{"type":"Point","coordinates":[-66.11376,18.46712]},"properties":{"probability":0.825,"inBuffer":true,"facType":"police"}},{"type":"Feature","geometry":{"type":"Point","coordinates":[-66.10927,18.46712]},"properties":{"probability":0.643,"inBuffer":true,"facType":"police"}},{"type":"Feature","geometry":{"type":"Point","coordinates":[-66.10477,18.46712]},"properties":{"probability":0.617,"inBuffer":true,"facType":"police"}},{"type":"Feature","geometry":{"type":"Point","coordinates":[-66.10028,18.46712]},"properties":{"probability":0.644,"inBuffer":true,"facType":"police"}},{"type":"Feature","geometry":{"type":"Point","coordinates":[-66.09579,18.46712]},"properties":{"probability":0.451,"inBuffer":true,"facType":"police"}},{"type":"Feature","geometry":{"type":"Point","coordinates":[-66.0913,18.46712]},"properties":{"probability":0.495,"inBuffer":true,"facType":"police"}},{"type":"Feature","geometry":{"type":"Point","coordinates":[-66.08681,18.46712]},"properties":{"probability":0.481,"inBuffer":false,"facType":"police"}},{"type":"Feature","geometry":{"type":"Point","coordinates":[-66.08232,18.46712]},"properties":{"probability":0.534,"inBuffer":false,"facType":"police"}},{"type":"Feature","geometry":{"type":"Point","coordinates":[-66.1991,18.46263]},"properties":{"probability":0.387,"inBuffer":false,"facType":"police"}},{"type":"Feature","geometry":{"type":"Point","coordinates":[-66.19461,18.46263]},"properties":{"probability":0.357,"inBuffer":false,"facType":"police"}},{"type":"Feature","geometry":{"type":"Point","coordinates":[-66.19012,18.46263]},"properties":{"probability":0.443,"inBuffer":false,"facType":"police"}},{"type":"Feature","geometry":{"type":"Point","coordinates":[-66.18562,18.46263]},"properties":{"probability":0.589,"inBuffer":false,"facType":"police"}},{"type":"Feature","geometry":{"type":"Point","coordinates":[-66.14969,18.46263]},"properties":{"probability":0.517,"inBuffer":false,"facType":"police"}},{"type":"Feature","geometry":{"type":"Point","coordinates":[-66.1452,18.46263]},"properties":{"probability":0.492,"inBuffer":false,"facType":"police"}},{"type":"Feature","geometry":{"type":"Point","coordinates":[-66.14071,18.46263]},"properties":{"probability":0.34,"inBuffer":false,"facType":"police"}},{"type":"Feature","geometry":{"type":"Point","coordinates":[-66.13622,18.46263]},"properties":{"probability":0.397,"inBuffer":false,"facType":"police"}},{"type":"Feature","geometry":{"type":"Point","coordinates":[-66.13173,18.46263]},"properties":{"probability":0.558,"inBuffer":true,"facType":"police"}},{"type":"Feature","geometry":{"type":"Point","coordinates":[-66.12724,18.46263]},"properties":{"probability":0.64,"inBuffer":true,"facType":"police"}},{"type":"Feature","geometry":{"type":"Point","coordinates":[-66.12274,18.46263]},"properties":{"probability":0.641,"inBuffer":true,"facType":"police"}},{"type":"Feature","geometry":{"type":"Point","coordinates":[-66.11825,18.46263]},"properties":{"probability":0.844,"inBuffer":true,"facType":"police"}},{"type":"Feature","geometry":{"type":"Point","coordinates":[-66.11376,18.46263]},"properties":{"probability":0.849,"inBuffer":true,"facType":"police"}},{"type":"Feature","geometry":{"type":"Point","coordinates":[-66.10927,18.46263]},"properties":{"probability":0.827,"inBuffer":true,"facType":"police"}},{"type":"Feature","geometry":{"type":"Point","coordinates":[-66.10477,18.46263]},"properties":{"probability":0.791,"inBuffer":true,"facType":"police"}},{"type":"Feature","geometry":{"type":"Point","coordinates":[-66.10028,18.46263]},"properties":{"probability":0.777,"inBuffer":true,"facType":"police"}},{"type":"Feature","geometry":{"type":"Point","coordinates":[-66.09579,18.46263]},"properties":{"probability":0.804,"inBuffer":true,"facType":"police"}},{"type":"Feature","geometry":{"type":"Point","coordinates":[-66.0913,18.46263]},"properties":{"probability":0.72,"inBuffer":true,"facType":"police"}},{"type":"Feature","geometry":{"type":"Point","coordinates":[-66.08681,18.46263]},"properties":{"probability":0.481,"inBuffer":true,"facType":"police"}},{"type":"Feature","geometry":{"type":"Point","coordinates":[-66.08232,18.46263]},"properties":{"probability":0.397,"inBuffer":false,"facType":"police"}},{"type":"Feature","geometry":{"type":"Point","coordinates":[-66.07783,18.46263]},"properties":{"probability":0.462,"inBuffer":false,"facType":"police"}},{"type":"Feature","geometry":{"type":"Point","coordinates":[-66.07333,18.46263]},"properties":{"probability":0.414,"inBuffer":false,"facType":"police"}},{"type":"Feature","geometry":{"type":"Point","coordinates":[-66.19461,18.45813]},"properties":{"probability":0.507,"inBuffer":false,"facType":"police"}},{"type":"Feature","geometry":{"type":"Point","coordinates":[-66.19012,18.45813]},"properties":{"probability":0.407,"inBuffer":false,"facType":"police"}},{"type":"Feature","geometry":{"type":"Point","coordinates":[-66.18562,18.45813]},"properties":{"probability":0.415,"inBuffer":false,"facType":"police"}},{"type":"Feature","geometry":{"type":"Point","coordinates":[-66.18113,18.45813]},"properties":{"probability":0.42,"inBuffer":false,"facType":"police"}},{"type":"Feature","geometry":{"type":"Point","coordinates":[-66.17664,18.45813]},"properties":{"probability":0.432,"inBuffer":false,"facType":"police"}},{"type":"Feature","geometry":{"type":"Point","coordinates":[-66.17215,18.45813]},"properties":{"probability":0.536,"inBuffer":false,"facType":"police"}},{"type":"Feature","geometry":{"type":"Point","coordinates":[-66.16766,18.45813]},"properties":{"probability":0.502,"inBuffer":false,"facType":"police"}},{"type":"Feature","geometry":{"type":"Point","coordinates":[-66.15868,18.45813]},"properties":{"probability":0.592,"inBuffer":false,"facType":"police"}},{"type":"Feature","geometry":{"type":"Point","coordinates":[-66.15418,18.45813]},"properties":{"probability":0.379,"inBuffer":true,"facType":"police"}},{"type":"Feature","geometry":{"type":"Point","coordinates":[-66.14969,18.45813]},"properties":{"probability":0.773,"inBuffer":true,"facType":"police"}},{"type":"Feature","geometry":{"type":"Point","coordinates":[-66.1452,18.45813]},"properties":{"probability":0.729,"inBuffer":true,"facType":"police"}},{"type":"Feature","geometry":{"type":"Point","coordinates":[-66.14071,18.45813]},"properties":{"probability":0.424,"inBuffer":false,"facType":"police"}},{"type":"Feature","geometry":{"type":"Point","coordinates":[-66.13622,18.45813]},"properties":{"probability":0.348,"inBuffer":false,"facType":"police"}},{"type":"Feature","geometry":{"type":"Point","coordinates":[-66.13173,18.45813]},"properties":{"probability":0.594,"inBuffer":true,"facType":"police"}},{"type":"Feature","geometry":{"type":"Point","coordinates":[-66.12724,18.45813]},"properties":{"probability":0.602,"inBuffer":true,"facType":"police"}},{"type":"Feature","geometry":{"type":"Point","coordinates":[-66.12274,18.45813]},"properties":{"probability":0.614,"inBuffer":true,"facType":"police"}},{"type":"Feature","geometry":{"type":"Point","coordinates":[-66.11825,18.45813]},"properties":{"probability":0.463,"inBuffer":true,"facType":"police"}},{"type":"Feature","geometry":{"type":"Point","coordinates":[-66.11376,18.45813]},"properties":{"probability":0.399,"inBuffer":true,"facType":"police"}},{"type":"Feature","geometry":{"type":"Point","coordinates":[-66.10927,18.45813]},"properties":{"probability":0.389,"inBuffer":true,"facType":"police"}},{"type":"Feature","geometry":{"type":"Point","coordinates":[-66.10477,18.45813]},"properties":{"probability":0.455,"inBuffer":true,"facType":"police"}},{"type":"Feature","geometry":{"type":"Point","coordinates":[-66.10028,18.45813]},"properties":{"probability":0.622,"inBuffer":true,"facType":"police"}},{"type":"Feature","geometry":{"type":"Point","coordinates":[-66.09579,18.45813]},"properties":{"probability":0.814,"inBuffer":true,"facType":"police"}},{"type":"Feature","geometry":{"type":"Point","coordinates":[-66.0913,18.45813]},"properties":{"probability":0.848,"inBuffer":true,"facType":"police"}},{"type":"Feature","geometry":{"type":"Point","coordinates":[-66.08681,18.45813]},"properties":{"probability":0.846,"inBuffer":true,"facType":"police"}},{"type":"Feature","geometry":{"type":"Point","coordinates":[-66.08232,18.45813]},"properties":{"probability":0.819,"inBuffer":false,"facType":"police"}},{"type":"Feature","geometry":{"type":"Point","coordinates":[-66.07783,18.45813]},"properties":{"probability":0.839,"inBuffer":true,"facType":"police"}},{"type":"Feature","geometry":{"type":"Point","coordinates":[-66.07333,18.45813]},"properties":{"probability":0.845,"inBuffer":true,"facType":"police"}},{"type":"Feature","geometry":{"type":"Point","coordinates":[-66.06884,18.45813]},"properties":{"probability":0.847,"inBuffer":true,"facType":"police"}},{"type":"Feature","geometry":{"type":"Point","coordinates":[-66.06435,18.45813]},"properties":{"probability":0.782,"inBuffer":true,"facType":"police"}},{"type":"Feature","geometry":{"type":"Point","coordinates":[-66.05986,18.45813]},"properties":{"probability":0.624,"inBuffer":true,"facType":"police"}},{"type":"Feature","geometry":{"type":"Point","coordinates":[-66.05537,18.45813]},"properties":{"probability":0.524,"inBuffer":false,"facType":"police"}},{"type":"Feature","geometry":{"type":"Point","coordinates":[-66.05088,18.45813]},"properties":{"probability":0.334,"inBuffer":false,"facType":"police"}},{"type":"Feature","geometry":{"type":"Point","coordinates":[-66.04639,18.45813]},"properties":{"probability":0.363,"inBuffer":false,"facType":"police"}},{"type":"Feature","geometry":{"type":"Point","coordinates":[-66.04189,18.45813]},"properties":{"probability":0.481,"inBuffer":false,"facType":"police"}},{"type":"Feature","geometry":{"type":"Point","coordinates":[-65.99698,18.45813]},"properties":{"probability":0.541,"inBuffer":false,"facType":"police"}},{"type":"Feature","geometry":{"type":"Point","coordinates":[-65.99249,18.45813]},"properties":{"probability":0.442,"inBuffer":false,"facType":"police"}},{"type":"Feature","geometry":{"type":"Point","coordinates":[-65.98799,18.45813]},"properties":{"probability":0.493,"inBuffer":true,"facType":"police"}},{"type":"Feature","geometry":{"type":"Point","coordinates":[-65.98351,18.45813]},"properties":{"probability":0.488,"inBuffer":true,"facType":"police"}},{"type":"Feature","geometry":{"type":"Point","coordinates":[-65.97901,18.45813]},"properties":{"probability":0.643,"inBuffer":true,"facType":"police"}},{"type":"Feature","geometry":{"type":"Point","coordinates":[-66.19461,18.45364]},"properties":{"probability":0.393,"inBuffer":false,"facType":"police"}},{"type":"Feature","geometry":{"type":"Point","coordinates":[-66.19012,18.45364]},"properties":{"probability":0.401,"inBuffer":false,"facType":"police"}},{"type":"Feature","geometry":{"type":"Point","coordinates":[-66.18562,18.45364]},"properties":{"probability":0.434,"inBuffer":false,"facType":"police"}},{"type":"Feature","geometry":{"type":"Point","coordinates":[-66.18113,18.45364]},"properties":{"probability":0.415,"inBuffer":false,"facType":"police"}},{"type":"Feature","geometry":{"type":"Point","coordinates":[-66.17664,18.45364]},"properties":{"probability":0.362,"inBuffer":false,"facType":"police"}},{"type":"Feature","geometry":{"type":"Point","coordinates":[-66.17215,18.45364]},"properties":{"probability":0.363,"inBuffer":false,"facType":"police"}},{"type":"Feature","geometry":{"type":"Point","coordinates":[-66.16766,18.45364]},"properties":{"probability":0.32,"inBuffer":false,"facType":"police"}},{"type":"Feature","geometry":{"type":"Point","coordinates":[-66.16317,18.45364]},"properties":{"probability":0.412,"inBuffer":false,"facType":"police"}},{"type":"Feature","geometry":{"type":"Point","coordinates":[-66.15868,18.45364]},"properties":{"probability":0.35,"inBuffer":false,"facType":"police"}},{"type":"Feature","geometry":{"type":"Point","coordinates":[-66.15418,18.45364]},"properties":{"probability":0.423,"inBuffer":true,"facType":"police"}},{"type":"Feature","geometry":{"type":"Point","coordinates":[-66.14969,18.45364]},"properties":{"probability":0.761,"inBuffer":true,"facType":"police"}},{"type":"Feature","geometry":{"type":"Point","coordinates":[-66.1452,18.45364]},"properties":{"probability":0.668,"inBuffer":true,"facType":"police"}},{"type":"Feature","geometry":{"type":"Point","coordinates":[-66.14071,18.45364]},"properties":{"probability":0.417,"inBuffer":false,"facType":"police"}},{"type":"Feature","geometry":{"type":"Point","coordinates":[-66.13622,18.45364]},"properties":{"probability":0.398,"inBuffer":false,"facType":"police"}},{"type":"Feature","geometry":{"type":"Point","coordinates":[-66.13173,18.45364]},"properties":{"probability":0.503,"inBuffer":true,"facType":"police"}},{"type":"Feature","geometry":{"type":"Point","coordinates":[-66.12724,18.45364]},"properties":{"probability":0.612,"inBuffer":true,"facType":"police"}},{"type":"Feature","geometry":{"type":"Point","coordinates":[-66.12274,18.45364]},"properties":{"probability":0.633,"inBuffer":true,"facType":"police"}},{"type":"Feature","geometry":{"type":"Point","coordinates":[-66.11825,18.45364]},"properties":{"probability":0.6,"inBuffer":true,"facType":"police"}},{"type":"Feature","geometry":{"type":"Point","coordinates":[-66.11376,18.45364]},"properties":{"probability":0.597,"inBuffer":true,"facType":"police"}},{"type":"Feature","geometry":{"type":"Point","coordinates":[-66.10927,18.45364]},"properties":{"probability":0.365,"inBuffer":true,"facType":"police"}},{"type":"Feature","geometry":{"type":"Point","coordinates":[-66.10477,18.45364]},"properties":{"probability":0.496,"inBuffer":true,"facType":"police"}},{"type":"Feature","geometry":{"type":"Point","coordinates":[-66.10028,18.45364]},"properties":{"probability":0.78,"inBuffer":true,"facType":"police"}},{"type":"Feature","geometry":{"type":"Point","coordinates":[-66.09579,18.45364]},"properties":{"probability":0.845,"inBuffer":true,"facType":"police"}},{"type":"Feature","geometry":{"type":"Point","coordinates":[-66.0913,18.45364]},"properties":{"probability":0.847,"inBuffer":true,"facType":"police"}},{"type":"Feature","geometry":{"type":"Point","coordinates":[-66.08681,18.45364]},"properties":{"probability":0.843,"inBuffer":true,"facType":"police"}},{"type":"Feature","geometry":{"type":"Point","coordinates":[-66.08232,18.45364]},"properties":{"probability":0.847,"inBuffer":true,"facType":"police"}},{"type":"Feature","geometry":{"type":"Point","coordinates":[-66.07783,18.45364]},"properties":{"probability":0.86,"inBuffer":true,"facType":"police"}},{"type":"Feature","geometry":{"type":"Point","coordinates":[-66.07333,18.45364]},"properties":{"probability":0.85,"inBuffer":true,"facType":"police"}},{"type":"Feature","geometry":{"type":"Point","coordinates":[-66.06884,18.45364]},"properties":{"probability":0.855,"inBuffer":true,"facType":"police"}},{"type":"Feature","geometry":{"type":"Point","coordinates":[-66.06435,18.45364]},"properties":{"probability":0.865,"inBuffer":true,"facType":"police"}},{"type":"Feature","geometry":{"type":"Point","coordinates":[-66.05986,18.45364]},"properties":{"probability":0.848,"inBuffer":true,"facType":"police"}},{"type":"Feature","geometry":{"type":"Point","coordinates":[-66.05537,18.45364]},"properties":{"probability":0.806,"inBuffer":false,"facType":"police"}},{"type":"Feature","geometry":{"type":"Point","coordinates":[-66.05088,18.45364]},"properties":{"probability":0.843,"inBuffer":false,"facType":"police"}},{"type":"Feature","geometry":{"type":"Point","coordinates":[-66.04639,18.45364]},"properties":{"probability":0.796,"inBuffer":false,"facType":"police"}},{"type":"Feature","geometry":{"type":"Point","coordinates":[-66.04189,18.45364]},"properties":{"probability":0.655,"inBuffer":true,"facType":"police"}},{"type":"Feature","geometry":{"type":"Point","coordinates":[-66.0374,18.45364]},"properties":{"probability":0.361,"inBuffer":true,"facType":"police"}},{"type":"Feature","geometry":{"type":"Point","coordinates":[-66.03291,18.45364]},"properties":{"probability":0.289,"inBuffer":false,"facType":"police"}},{"type":"Feature","geometry":{"type":"Point","coordinates":[-66.02842,18.45364]},"properties":{"probability":0.535,"inBuffer":false,"facType":"police"}},{"type":"Feature","geometry":{"type":"Point","coordinates":[-66.02393,18.45364]},"properties":{"probability":0.541,"inBuffer":false,"facType":"police"}},{"type":"Feature","geometry":{"type":"Point","coordinates":[-66.01495,18.45364]},"properties":{"probability":0.57,"inBuffer":false,"facType":"police"}},{"type":"Feature","geometry":{"type":"Point","coordinates":[-66.00147,18.45364]},"properties":{"probability":0.601,"inBuffer":false,"facType":"police"}},{"type":"Feature","geometry":{"type":"Point","coordinates":[-65.99698,18.45364]},"properties":{"probability":0.356,"inBuffer":false,"facType":"police"}},{"type":"Feature","geometry":{"type":"Point","coordinates":[-65.99249,18.45364]},"properties":{"probability":0.483,"inBuffer":false,"facType":"police"}},{"type":"Feature","geometry":{"type":"Point","coordinates":[-65.98799,18.45364]},"properties":{"probability":0.564,"inBuffer":true,"facType":"police"}},{"type":"Feature","geometry":{"type":"Point","coordinates":[-65.98351,18.45364]},"properties":{"probability":0.591,"inBuffer":true,"facType":"police"}},{"type":"Feature","geometry":{"type":"Point","coordinates":[-65.97901,18.45364]},"properties":{"probability":0.574,"inBuffer":true,"facType":"police"}},{"type":"Feature","geometry":{"type":"Point","coordinates":[-66.19461,18.44915]},"properties":{"probability":0.377,"inBuffer":false,"facType":"police"}},{"type":"Feature","geometry":{"type":"Point","coordinates":[-66.19012,18.44915]},"properties":{"probability":0.363,"inBuffer":false,"facType":"police"}},{"type":"Feature","geometry":{"type":"Point","coordinates":[-66.18562,18.44915]},"properties":{"probability":0.459,"inBuffer":false,"facType":"police"}},{"type":"Feature","geometry":{"type":"Point","coordinates":[-66.18113,18.44915]},"properties":{"probability":0.46,"inBuffer":false,"facType":"police"}},{"type":"Feature","geometry":{"type":"Point","coordinates":[-66.17664,18.44915]},"properties":{"probability":0.686,"inBuffer":false,"facType":"police"}},{"type":"Feature","geometry":{"type":"Point","coordinates":[-66.17215,18.44915]},"properties":{"probability":0.591,"inBuffer":false,"facType":"police"}},{"type":"Feature","geometry":{"type":"Point","coordinates":[-66.16766,18.44915]},"properties":{"probability":0.38,"inBuffer":false,"facType":"police"}},{"type":"Feature","geometry":{"type":"Point","coordinates":[-66.16317,18.44915]},"properties":{"probability":0.349,"inBuffer":false,"facType":"police"}},{"type":"Feature","geometry":{"type":"Point","coordinates":[-66.15868,18.44915]},"properties":{"probability":0.34,"inBuffer":false,"facType":"police"}},{"type":"Feature","geometry":{"type":"Point","coordinates":[-66.15418,18.44915]},"properties":{"probability":0.333,"inBuffer":false,"facType":"police"}},{"type":"Feature","geometry":{"type":"Point","coordinates":[-66.14969,18.44915]},"properties":{"probability":0.426,"inBuffer":false,"facType":"police"}},{"type":"Feature","geometry":{"type":"Point","coordinates":[-66.1452,18.44915]},"properties":{"probability":0.414,"inBuffer":false,"facType":"police"}},{"type":"Feature","geometry":{"type":"Point","coordinates":[-66.14071,18.44915]},"properties":{"probability":0.376,"inBuffer":false,"facType":"police"}},{"type":"Feature","geometry":{"type":"Point","coordinates":[-66.13622,18.44915]},"properties":{"probability":0.348,"inBuffer":false,"facType":"police"}},{"type":"Feature","geometry":{"type":"Point","coordinates":[-66.13173,18.44915]},"properties":{"probability":0.442,"inBuffer":false,"facType":"police"}},{"type":"Feature","geometry":{"type":"Point","coordinates":[-66.12724,18.44915]},"properties":{"probability":0.475,"inBuffer":true,"facType":"police"}},{"type":"Feature","geometry":{"type":"Point","coordinates":[-66.12274,18.44915]},"properties":{"probability":0.603,"inBuffer":true,"facType":"police"}},{"type":"Feature","geometry":{"type":"Point","coordinates":[-66.11825,18.44915]},"properties":{"probability":0.492,"inBuffer":true,"facType":"police"}},{"type":"Feature","geometry":{"type":"Point","coordinates":[-66.11376,18.44915]},"properties":{"probability":0.471,"inBuffer":true,"facType":"police"}},{"type":"Feature","geometry":{"type":"Point","coordinates":[-66.10927,18.44915]},"properties":{"probability":0.471,"inBuffer":false,"facType":"police"}},{"type":"Feature","geometry":{"type":"Point","coordinates":[-66.10477,18.44915]},"properties":{"probability":0.389,"inBuffer":true,"facType":"police"}},{"type":"Feature","geometry":{"type":"Point","coordinates":[-66.10028,18.44915]},"properties":{"probability":0.48,"inBuffer":true,"facType":"police"}},{"type":"Feature","geometry":{"type":"Point","coordinates":[-66.09579,18.44915]},"properties":{"probability":0.687,"inBuffer":true,"facType":"police"}},{"type":"Feature","geometry":{"type":"Point","coordinates":[-66.0913,18.44915]},"properties":{"probability":0.806,"inBuffer":true,"facType":"police"}},{"type":"Feature","geometry":{"type":"Point","coordinates":[-66.08681,18.44915]},"properties":{"probability":0.792,"inBuffer":true,"facType":"police"}},{"type":"Feature","geometry":{"type":"Point","coordinates":[-66.08232,18.44915]},"properties":{"probability":0.846,"inBuffer":true,"facType":"police"}},{"type":"Feature","geometry":{"type":"Point","coordinates":[-66.07783,18.44915]},"properties":{"probability":0.863,"inBuffer":true,"facType":"police"}},{"type":"Feature","geometry":{"type":"Point","coordinates":[-66.07333,18.44915]},"properties":{"probability":0.845,"inBuffer":true,"facType":"police"}},{"type":"Feature","geometry":{"type":"Point","coordinates":[-66.06884,18.44915]},"properties":{"probability":0.851,"inBuffer":true,"facType":"police"}},{"type":"Feature","geometry":{"type":"Point","coordinates":[-66.06435,18.44915]},"properties":{"probability":0.844,"inBuffer":true,"facType":"police"}},{"type":"Feature","geometry":{"type":"Point","coordinates":[-66.05986,18.44915]},"properties":{"probability":0.85,"inBuffer":true,"facType":"police"}},{"type":"Feature","geometry":{"type":"Point","coordinates":[-66.05537,18.44915]},"properties":{"probability":0.841,"inBuffer":false,"facType":"police"}},{"type":"Feature","geometry":{"type":"Point","coordinates":[-66.05088,18.44915]},"properties":{"probability":0.825,"inBuffer":false,"facType":"police"}},{"type":"Feature","geometry":{"type":"Point","coordinates":[-66.04639,18.44915]},"properties":{"probability":0.841,"inBuffer":true,"facType":"police"}},{"type":"Feature","geometry":{"type":"Point","coordinates":[-66.04189,18.44915]},"properties":{"probability":0.833,"inBuffer":true,"facType":"police"}},{"type":"Feature","geometry":{"type":"Point","coordinates":[-66.0374,18.44915]},"properties":{"probability":0.755,"inBuffer":true,"facType":"police"}},{"type":"Feature","geometry":{"type":"Point","coordinates":[-66.03291,18.44915]},"properties":{"probability":0.642,"inBuffer":false,"facType":"police"}},{"type":"Feature","geometry":{"type":"Point","coordinates":[-66.02842,18.44915]},"properties":{"probability":0.6,"inBuffer":false,"facType":"police"}},{"type":"Feature","geometry":{"type":"Point","coordinates":[-66.02393,18.44915]},"properties":{"probability":0.363,"inBuffer":false,"facType":"police"}},{"type":"Feature","geometry":{"type":"Point","coordinates":[-66.01944,18.44915]},"properties":{"probability":0.398,"inBuffer":false,"facType":"police"}},{"type":"Feature","geometry":{"type":"Point","coordinates":[-66.01495,18.44915]},"properties":{"probability":0.379,"inBuffer":false,"facType":"police"}},{"type":"Feature","geometry":{"type":"Point","coordinates":[-66.01045,18.44915]},"properties":{"probability":0.344,"inBuffer":false,"facType":"police"}},{"type":"Feature","geometry":{"type":"Point","coordinates":[-66.00596,18.44915]},"properties":{"probability":0.404,"inBuffer":false,"facType":"police"}},{"type":"Feature","geometry":{"type":"Point","coordinates":[-66.00147,18.44915]},"properties":{"probability":0.394,"inBuffer":false,"facType":"police"}},{"type":"Feature","geometry":{"type":"Point","coordinates":[-65.99698,18.44915]},"properties":{"probability":0.472,"inBuffer":false,"facType":"police"}},{"type":"Feature","geometry":{"type":"Point","coordinates":[-65.99249,18.44915]},"properties":{"probability":0.474,"inBuffer":false,"facType":"police"}},{"type":"Feature","geometry":{"type":"Point","coordinates":[-65.98799,18.44915]},"properties":{"probability":0.439,"inBuffer":false,"facType":"police"}},{"type":"Feature","geometry":{"type":"Point","coordinates":[-65.98351,18.44915]},"properties":{"probability":0.604,"inBuffer":true,"facType":"police"}},{"type":"Feature","geometry":{"type":"Point","coordinates":[-65.96104,18.44915]},"properties":{"probability":0.553,"inBuffer":false,"facType":"police"}},{"type":"Feature","geometry":{"type":"Point","coordinates":[-66.1991,18.44466]},"properties":{"probability":0.387,"inBuffer":false,"facType":"police"}},{"type":"Feature","geometry":{"type":"Point","coordinates":[-66.19461,18.44466]},"properties":{"probability":0.482,"inBuffer":true,"facType":"police"}},{"type":"Feature","geometry":{"type":"Point","coordinates":[-66.19012,18.44466]},"properties":{"probability":0.397,"inBuffer":false,"facType":"police"}},{"type":"Feature","geometry":{"type":"Point","coordinates":[-66.18562,18.44466]},"properties":{"probability":0.425,"inBuffer":false,"facType":"police"}},{"type":"Feature","geometry":{"type":"Point","coordinates":[-66.18113,18.44466]},"properties":{"probability":0.636,"inBuffer":false,"facType":"police"}},{"type":"Feature","geometry":{"type":"Point","coordinates":[-66.17664,18.44466]},"properties":{"probability":0.788,"inBuffer":false,"facType":"police"}},{"type":"Feature","geometry":{"type":"Point","coordinates":[-66.17215,18.44466]},"properties":{"probability":0.657,"inBuffer":false,"facType":"police"}},{"type":"Feature","geometry":{"type":"Point","coordinates":[-66.16766,18.44466]},"properties":{"probability":0.466,"inBuffer":false,"facType":"police"}},{"type":"Feature","geometry":{"type":"Point","coordinates":[-66.16317,18.44466]},"properties":{"probability":0.425,"inBuffer":false,"facType":"police"}},{"type":"Feature","geometry":{"type":"Point","coordinates":[-66.15868,18.44466]},"properties":{"probability":0.375,"inBuffer":false,"facType":"police"}},{"type":"Feature","geometry":{"type":"Point","coordinates":[-66.15418,18.44466]},"properties":{"probability":0.436,"inBuffer":false,"facType":"police"}},{"type":"Feature","geometry":{"type":"Point","coordinates":[-66.14969,18.44466]},"properties":{"probability":0.391,"inBuffer":false,"facType":"police"}},{"type":"Feature","geometry":{"type":"Point","coordinates":[-66.1452,18.44466]},"properties":{"probability":0.342,"inBuffer":false,"facType":"police"}},{"type":"Feature","geometry":{"type":"Point","coordinates":[-66.14071,18.44466]},"properties":{"probability":0.375,"inBuffer":false,"facType":"police"}},{"type":"Feature","geometry":{"type":"Point","coordinates":[-66.13622,18.44466]},"properties":{"probability":0.399,"inBuffer":false,"facType":"police"}},{"type":"Feature","geometry":{"type":"Point","coordinates":[-66.13173,18.44466]},"properties":{"probability":0.405,"inBuffer":true,"facType":"police"}},{"type":"Feature","geometry":{"type":"Point","coordinates":[-66.12724,18.44466]},"properties":{"probability":0.473,"inBuffer":true,"facType":"police"}},{"type":"Feature","geometry":{"type":"Point","coordinates":[-66.12274,18.44466]},"properties":{"probability":0.532,"inBuffer":true,"facType":"police"}},{"type":"Feature","geometry":{"type":"Point","coordinates":[-66.11825,18.44466]},"properties":{"probability":0.61,"inBuffer":false,"facType":"police"}},{"type":"Feature","geometry":{"type":"Point","coordinates":[-66.11376,18.44466]},"properties":{"probability":0.428,"inBuffer":false,"facType":"police"}},{"type":"Feature","geometry":{"type":"Point","coordinates":[-66.10927,18.44466]},"properties":{"probability":0.387,"inBuffer":false,"facType":"police"}},{"type":"Feature","geometry":{"type":"Point","coordinates":[-66.10477,18.44466]},"properties":{"probability":0.476,"inBuffer":false,"facType":"police"}},{"type":"Feature","geometry":{"type":"Point","coordinates":[-66.10028,18.44466]},"properties":{"probability":0.425,"inBuffer":false,"facType":"police"}},{"type":"Feature","geometry":{"type":"Point","coordinates":[-66.09579,18.44466]},"properties":{"probability":0.396,"inBuffer":false,"facType":"police"}},{"type":"Feature","geometry":{"type":"Point","coordinates":[-66.0913,18.44466]},"properties":{"probability":0.511,"inBuffer":false,"facType":"police"}},{"type":"Feature","geometry":{"type":"Point","coordinates":[-66.08681,18.44466]},"properties":{"probability":0.622,"inBuffer":true,"facType":"police"}},{"type":"Feature","geometry":{"type":"Point","coordinates":[-66.08232,18.44466]},"properties":{"probability":0.801,"inBuffer":true,"facType":"police"}},{"type":"Feature","geometry":{"type":"Point","coordinates":[-66.07783,18.44466]},"properties":{"probability":0.848,"inBuffer":true,"facType":"police"}},{"type":"Feature","geometry":{"type":"Point","coordinates":[-66.07333,18.44466]},"properties":{"probability":0.856,"inBuffer":false,"facType":"police"}},{"type":"Feature","geometry":{"type":"Point","coordinates":[-66.06884,18.44466]},"properties":{"probability":0.855,"inBuffer":true,"facType":"police"}},{"type":"Feature","geometry":{"type":"Point","coordinates":[-66.06435,18.44466]},"properties":{"probability":0.859,"inBuffer":true,"facType":"police"}},{"type":"Feature","geometry":{"type":"Point","coordinates":[-66.05986,18.44466]},"properties":{"probability":0.844,"inBuffer":true,"facType":"police"}},{"type":"Feature","geometry":{"type":"Point","coordinates":[-66.05537,18.44466]},"properties":{"probability":0.841,"inBuffer":true,"facType":"police"}},{"type":"Feature","geometry":{"type":"Point","coordinates":[-66.05088,18.44466]},"properties":{"probability":0.823,"inBuffer":true,"facType":"police"}},{"type":"Feature","geometry":{"type":"Point","coordinates":[-66.04639,18.44466]},"properties":{"probability":0.8,"inBuffer":true,"facType":"police"}},{"type":"Feature","geometry":{"type":"Point","coordinates":[-66.04189,18.44466]},"properties":{"probability":0.74,"inBuffer":true,"facType":"police"}},{"type":"Feature","geometry":{"type":"Point","coordinates":[-66.0374,18.44466]},"properties":{"probability":0.78,"inBuffer":true,"facType":"police"}},{"type":"Feature","geometry":{"type":"Point","coordinates":[-66.03291,18.44466]},"properties":{"probability":0.797,"inBuffer":false,"facType":"police"}},{"type":"Feature","geometry":{"type":"Point","coordinates":[-66.02842,18.44466]},"properties":{"probability":0.816,"inBuffer":true,"facType":"police"}},{"type":"Feature","geometry":{"type":"Point","coordinates":[-66.02393,18.44466]},"properties":{"probability":0.839,"inBuffer":true,"facType":"police"}},{"type":"Feature","geometry":{"type":"Point","coordinates":[-66.01944,18.44466]},"properties":{"probability":0.812,"inBuffer":true,"facType":"police"}},{"type":"Feature","geometry":{"type":"Point","coordinates":[-66.01495,18.44466]},"properties":{"probability":0.774,"inBuffer":false,"facType":"police"}},{"type":"Feature","geometry":{"type":"Point","coordinates":[-66.01045,18.44466]},"properties":{"probability":0.597,"inBuffer":false,"facType":"police"}},{"type":"Feature","geometry":{"type":"Point","coordinates":[-66.00596,18.44466]},"properties":{"probability":0.827,"inBuffer":false,"facType":"police"}},{"type":"Feature","geometry":{"type":"Point","coordinates":[-66.00147,18.44466]},"properties":{"probability":0.845,"inBuffer":false,"facType":"police"}},{"type":"Feature","geometry":{"type":"Point","coordinates":[-65.99698,18.44466]},"properties":{"probability":0.817,"inBuffer":false,"facType":"police"}},{"type":"Feature","geometry":{"type":"Point","coordinates":[-65.99249,18.44466]},"properties":{"probability":0.755,"inBuffer":false,"facType":"police"}},{"type":"Feature","geometry":{"type":"Point","coordinates":[-65.98799,18.44466]},"properties":{"probability":0.462,"inBuffer":false,"facType":"police"}},{"type":"Feature","geometry":{"type":"Point","coordinates":[-65.98351,18.44466]},"properties":{"probability":0.485,"inBuffer":false,"facType":"police"}},{"type":"Feature","geometry":{"type":"Point","coordinates":[-65.96104,18.44466]},"properties":{"probability":0.572,"inBuffer":false,"facType":"police"}},{"type":"Feature","geometry":{"type":"Point","coordinates":[-66.1991,18.44017]},"properties":{"probability":0.418,"inBuffer":true,"facType":"police"}},{"type":"Feature","geometry":{"type":"Point","coordinates":[-66.19461,18.44017]},"properties":{"probability":0.441,"inBuffer":true,"facType":"police"}},{"type":"Feature","geometry":{"type":"Point","coordinates":[-66.19012,18.44017]},"properties":{"probability":0.427,"inBuffer":true,"facType":"police"}},{"type":"Feature","geometry":{"type":"Point","coordinates":[-66.18562,18.44017]},"properties":{"probability":0.529,"inBuffer":false,"facType":"police"}},{"type":"Feature","geometry":{"type":"Point","coordinates":[-66.18113,18.44017]},"properties":{"probability":0.654,"inBuffer":false,"facType":"police"}},{"type":"Feature","geometry":{"type":"Point","coordinates":[-66.17664,18.44017]},"properties":{"probability":0.784,"inBuffer":false,"facType":"police"}},{"type":"Feature","geometry":{"type":"Point","coordinates":[-66.17215,18.44017]},"properties":{"probability":0.627,"inBuffer":false,"facType":"police"}},{"type":"Feature","geometry":{"type":"Point","coordinates":[-66.16766,18.44017]},"properties":{"probability":0.66,"inBuffer":false,"facType":"police"}},{"type":"Feature","geometry":{"type":"Point","coordinates":[-66.16317,18.44017]},"properties":{"probability":0.47,"inBuffer":false,"facType":"police"}},{"type":"Feature","geometry":{"type":"Point","coordinates":[-66.15868,18.44017]},"properties":{"probability":0.396,"inBuffer":false,"facType":"police"}},{"type":"Feature","geometry":{"type":"Point","coordinates":[-66.15418,18.44017]},"properties":{"probability":0.427,"inBuffer":false,"facType":"police"}},{"type":"Feature","geometry":{"type":"Point","coordinates":[-66.14969,18.44017]},"properties":{"probability":0.438,"inBuffer":false,"facType":"police"}},{"type":"Feature","geometry":{"type":"Point","coordinates":[-66.1452,18.44017]},"properties":{"probability":0.374,"inBuffer":false,"facType":"police"}},{"type":"Feature","geometry":{"type":"Point","coordinates":[-66.14071,18.44017]},"properties":{"probability":0.372,"inBuffer":false,"facType":"police"}},{"type":"Feature","geometry":{"type":"Point","coordinates":[-66.13622,18.44017]},"properties":{"probability":0.352,"inBuffer":false,"facType":"police"}},{"type":"Feature","geometry":{"type":"Point","coordinates":[-66.13173,18.44017]},"properties":{"probability":0.696,"inBuffer":true,"facType":"police"}},{"type":"Feature","geometry":{"type":"Point","coordinates":[-66.12724,18.44017]},"properties":{"probability":0.809,"inBuffer":true,"facType":"police"}},{"type":"Feature","geometry":{"type":"Point","coordinates":[-66.12274,18.44017]},"properties":{"probability":0.788,"inBuffer":true,"facType":"police"}},{"type":"Feature","geometry":{"type":"Point","coordinates":[-66.11825,18.44017]},"properties":{"probability":0.671,"inBuffer":false,"facType":"police"}},{"type":"Feature","geometry":{"type":"Point","coordinates":[-66.11376,18.44017]},"properties":{"probability":0.524,"inBuffer":false,"facType":"police"}},{"type":"Feature","geometry":{"type":"Point","coordinates":[-66.10927,18.44017]},"properties":{"probability":0.406,"inBuffer":false,"facType":"police"}},{"type":"Feature","geometry":{"type":"Point","coordinates":[-66.10477,18.44017]},"properties":{"probability":0.439,"inBuffer":false,"facType":"police"}},{"type":"Feature","geometry":{"type":"Point","coordinates":[-66.10028,18.44017]},"properties":{"probability":0.493,"inBuffer":false,"facType":"police"}},{"type":"Feature","geometry":{"type":"Point","coordinates":[-66.09579,18.44017]},"properties":{"probability":0.433,"inBuffer":false,"facType":"police"}},{"type":"Feature","geometry":{"type":"Point","coordinates":[-66.0913,18.44017]},"properties":{"probability":0.624,"inBuffer":false,"facType":"police"}},{"type":"Feature","geometry":{"type":"Point","coordinates":[-66.08681,18.44017]},"properties":{"probability":0.481,"inBuffer":true,"facType":"police"}},{"type":"Feature","geometry":{"type":"Point","coordinates":[-66.08232,18.44017]},"properties":{"probability":0.438,"inBuffer":true,"facType":"police"}},{"type":"Feature","geometry":{"type":"Point","coordinates":[-66.07783,18.44017]},"properties":{"probability":0.424,"inBuffer":false,"facType":"police"}},{"type":"Feature","geometry":{"type":"Point","coordinates":[-66.07333,18.44017]},"properties":{"probability":0.749,"inBuffer":false,"facType":"police"}},{"type":"Feature","geometry":{"type":"Point","coordinates":[-66.06884,18.44017]},"properties":{"probability":0.814,"inBuffer":false,"facType":"police"}},{"type":"Feature","geometry":{"type":"Point","coordinates":[-66.06435,18.44017]},"properties":{"probability":0.832,"inBuffer":false,"facType":"police"}},{"type":"Feature","geometry":{"type":"Point","coordinates":[-66.05986,18.44017]},"properties":{"probability":0.847,"inBuffer":false,"facType":"police"}},{"type":"Feature","geometry":{"type":"Point","coordinates":[-66.05537,18.44017]},"properties":{"probability":0.815,"inBuffer":true,"facType":"police"}},{"type":"Feature","geometry":{"type":"Point","coordinates":[-66.05088,18.44017]},"properties":{"probability":0.784,"inBuffer":true,"facType":"police"}},{"type":"Feature","geometry":{"type":"Point","coordinates":[-66.04639,18.44017]},"properties":{"probability":0.645,"inBuffer":true,"facType":"police"}},{"type":"Feature","geometry":{"type":"Point","coordinates":[-66.04189,18.44017]},"properties":{"probability":0.604,"inBuffer":true,"facType":"police"}},{"type":"Feature","geometry":{"type":"Point","coordinates":[-66.0374,18.44017]},"properties":{"probability":0.414,"inBuffer":true,"facType":"police"}},{"type":"Feature","geometry":{"type":"Point","coordinates":[-66.03291,18.44017]},"properties":{"probability":0.527,"inBuffer":false,"facType":"police"}},{"type":"Feature","geometry":{"type":"Point","coordinates":[-66.02842,18.44017]},"properties":{"probability":0.743,"inBuffer":true,"facType":"police"}},{"type":"Feature","geometry":{"type":"Point","coordinates":[-66.02393,18.44017]},"properties":{"probability":0.841,"inBuffer":true,"facType":"police"}},{"type":"Feature","geometry":{"type":"Point","coordinates":[-66.01944,18.44017]},"properties":{"probability":0.811,"inBuffer":true,"facType":"police"}},{"type":"Feature","geometry":{"type":"Point","coordinates":[-66.01495,18.44017]},"properties":{"probability":0.8,"inBuffer":false,"facType":"police"}},{"type":"Feature","geometry":{"type":"Point","coordinates":[-66.01045,18.44017]},"properties":{"probability":0.854,"inBuffer":false,"facType":"police"}},{"type":"Feature","geometry":{"type":"Point","coordinates":[-66.00596,18.44017]},"properties":{"probability":0.826,"inBuffer":false,"facType":"police"}},{"type":"Feature","geometry":{"type":"Point","coordinates":[-66.00147,18.44017]},"properties":{"probability":0.808,"inBuffer":true,"facType":"police"}},{"type":"Feature","geometry":{"type":"Point","coordinates":[-65.99698,18.44017]},"properties":{"probability":0.859,"inBuffer":true,"facType":"police"}},{"type":"Feature","geometry":{"type":"Point","coordinates":[-65.99249,18.44017]},"properties":{"probability":0.844,"inBuffer":true,"facType":"police"}},{"type":"Feature","geometry":{"type":"Point","coordinates":[-65.98799,18.44017]},"properties":{"probability":0.448,"inBuffer":false,"facType":"police"}},{"type":"Feature","geometry":{"type":"Point","coordinates":[-65.98351,18.44017]},"properties":{"probability":0.365,"inBuffer":false,"facType":"police"}},{"type":"Feature","geometry":{"type":"Point","coordinates":[-65.97901,18.44017]},"properties":{"probability":0.443,"inBuffer":false,"facType":"police"}},{"type":"Feature","geometry":{"type":"Point","coordinates":[-65.97452,18.44017]},"properties":{"probability":0.622,"inBuffer":false,"facType":"police"}},{"type":"Feature","geometry":{"type":"Point","coordinates":[-66.1991,18.43567]},"properties":{"probability":0.468,"inBuffer":true,"facType":"police"}},{"type":"Feature","geometry":{"type":"Point","coordinates":[-66.19461,18.43567]},"properties":{"probability":0.396,"inBuffer":true,"facType":"police"}},{"type":"Feature","geometry":{"type":"Point","coordinates":[-66.19012,18.43567]},"properties":{"probability":0.427,"inBuffer":true,"facType":"police"}},{"type":"Feature","geometry":{"type":"Point","coordinates":[-66.18562,18.43567]},"properties":{"probability":0.411,"inBuffer":false,"facType":"police"}},{"type":"Feature","geometry":{"type":"Point","coordinates":[-66.18113,18.43567]},"properties":{"probability":0.633,"inBuffer":false,"facType":"police"}},{"type":"Feature","geometry":{"type":"Point","coordinates":[-66.17664,18.43567]},"properties":{"probability":0.661,"inBuffer":false,"facType":"police"}},{"type":"Feature","geometry":{"type":"Point","coordinates":[-66.17215,18.43567]},"properties":{"probability":0.646,"inBuffer":false,"facType":"police"}},{"type":"Feature","geometry":{"type":"Point","coordinates":[-66.16766,18.43567]},"properties":{"probability":0.639,"inBuffer":false,"facType":"police"}},{"type":"Feature","geometry":{"type":"Point","coordinates":[-66.16317,18.43567]},"properties":{"probability":0.51,"inBuffer":false,"facType":"police"}},{"type":"Feature","geometry":{"type":"Point","coordinates":[-66.15868,18.43567]},"properties":{"probability":0.445,"inBuffer":false,"facType":"police"}},{"type":"Feature","geometry":{"type":"Point","coordinates":[-66.15418,18.43567]},"properties":{"probability":0.501,"inBuffer":false,"facType":"police"}},{"type":"Feature","geometry":{"type":"Point","coordinates":[-66.14969,18.43567]},"properties":{"probability":0.649,"inBuffer":false,"facType":"police"}},{"type":"Feature","geometry":{"type":"Point","coordinates":[-66.1452,18.43567]},"properties":{"probability":0.382,"inBuffer":false,"facType":"police"}},{"type":"Feature","geometry":{"type":"Point","coordinates":[-66.14071,18.43567]},"properties":{"probability":0.372,"inBuffer":false,"facType":"police"}},{"type":"Feature","geometry":{"type":"Point","coordinates":[-66.13622,18.43567]},"properties":{"probability":0.457,"inBuffer":false,"facType":"police"}},{"type":"Feature","geometry":{"type":"Point","coordinates":[-66.13173,18.43567]},"properties":{"probability":0.745,"inBuffer":false,"facType":"police"}},{"type":"Feature","geometry":{"type":"Point","coordinates":[-66.12724,18.43567]},"properties":{"probability":0.809,"inBuffer":true,"facType":"police"}},{"type":"Feature","geometry":{"type":"Point","coordinates":[-66.12274,18.43567]},"properties":{"probability":0.783,"inBuffer":true,"facType":"police"}},{"type":"Feature","geometry":{"type":"Point","coordinates":[-66.11825,18.43567]},"properties":{"probability":0.797,"inBuffer":false,"facType":"police"}},{"type":"Feature","geometry":{"type":"Point","coordinates":[-66.11376,18.43567]},"properties":{"probability":0.787,"inBuffer":true,"facType":"police"}},{"type":"Feature","geometry":{"type":"Point","coordinates":[-66.10927,18.43567]},"properties":{"probability":0.469,"inBuffer":true,"facType":"police"}},{"type":"Feature","geometry":{"type":"Point","coordinates":[-66.10477,18.43567]},"properties":{"probability":0.337,"inBuffer":false,"facType":"police"}},{"type":"Feature","geometry":{"type":"Point","coordinates":[-66.10028,18.43567]},"properties":{"probability":0.376,"inBuffer":false,"facType":"police"}},{"type":"Feature","geometry":{"type":"Point","coordinates":[-66.09579,18.43567]},"properties":{"probability":0.85,"inBuffer":false,"facType":"police"}},{"type":"Feature","geometry":{"type":"Point","coordinates":[-66.0913,18.43567]},"properties":{"probability":0.851,"inBuffer":false,"facType":"police"}},{"type":"Feature","geometry":{"type":"Point","coordinates":[-66.08681,18.43567]},"properties":{"probability":0.64,"inBuffer":false,"facType":"police"}},{"type":"Feature","geometry":{"type":"Point","coordinates":[-66.08232,18.43567]},"properties":{"probability":0.404,"inBuffer":false,"facType":"police"}},{"type":"Feature","geometry":{"type":"Point","coordinates":[-66.07783,18.43567]},"properties":{"probability":0.428,"inBuffer":false,"facType":"police"}},{"type":"Feature","geometry":{"type":"Point","coordinates":[-66.07333,18.43567]},"properties":{"probability":0.447,"inBuffer":false,"facType":"police"}},{"type":"Feature","geometry":{"type":"Point","coordinates":[-66.06884,18.43567]},"properties":{"probability":0.508,"inBuffer":false,"facType":"police"}},{"type":"Feature","geometry":{"type":"Point","coordinates":[-66.06435,18.43567]},"properties":{"probability":0.719,"inBuffer":false,"facType":"police"}},{"type":"Feature","geometry":{"type":"Point","coordinates":[-66.05986,18.43567]},"properties":{"probability":0.844,"inBuffer":false,"facType":"police"}},{"type":"Feature","geometry":{"type":"Point","coordinates":[-66.05537,18.43567]},"properties":{"probability":0.806,"inBuffer":true,"facType":"police"}},{"type":"Feature","geometry":{"type":"Point","coordinates":[-66.05088,18.43567]},"properties":{"probability":0.746,"inBuffer":true,"facType":"police"}},{"type":"Feature","geometry":{"type":"Point","coordinates":[-66.04639,18.43567]},"properties":{"probability":0.709,"inBuffer":true,"facType":"police"}},{"type":"Feature","geometry":{"type":"Point","coordinates":[-66.04189,18.43567]},"properties":{"probability":0.744,"inBuffer":true,"facType":"police"}},{"type":"Feature","geometry":{"type":"Point","coordinates":[-66.0374,18.43567]},"properties":{"probability":0.464,"inBuffer":true,"facType":"police"}},{"type":"Feature","geometry":{"type":"Point","coordinates":[-66.03291,18.43567]},"properties":{"probability":0.382,"inBuffer":false,"facType":"police"}},{"type":"Feature","geometry":{"type":"Point","coordinates":[-66.02842,18.43567]},"properties":{"probability":0.386,"inBuffer":false,"facType":"police"}},{"type":"Feature","geometry":{"type":"Point","coordinates":[-66.02393,18.43567]},"properties":{"probability":0.509,"inBuffer":true,"facType":"police"}},{"type":"Feature","geometry":{"type":"Point","coordinates":[-66.01944,18.43567]},"properties":{"probability":0.716,"inBuffer":false,"facType":"police"}},{"type":"Feature","geometry":{"type":"Point","coordinates":[-66.01495,18.43567]},"properties":{"probability":0.811,"inBuffer":false,"facType":"police"}},{"type":"Feature","geometry":{"type":"Point","coordinates":[-66.01045,18.43567]},"properties":{"probability":0.856,"inBuffer":false,"facType":"police"}},{"type":"Feature","geometry":{"type":"Point","coordinates":[-66.00596,18.43567]},"properties":{"probability":0.839,"inBuffer":false,"facType":"police"}},{"type":"Feature","geometry":{"type":"Point","coordinates":[-66.00147,18.43567]},"properties":{"probability":0.844,"inBuffer":true,"facType":"police"}},{"type":"Feature","geometry":{"type":"Point","coordinates":[-65.99698,18.43567]},"properties":{"probability":0.843,"inBuffer":true,"facType":"police"}},{"type":"Feature","geometry":{"type":"Point","coordinates":[-65.99249,18.43567]},"properties":{"probability":0.739,"inBuffer":true,"facType":"police"}},{"type":"Feature","geometry":{"type":"Point","coordinates":[-65.98799,18.43567]},"properties":{"probability":0.405,"inBuffer":false,"facType":"police"}},{"type":"Feature","geometry":{"type":"Point","coordinates":[-65.98351,18.43567]},"properties":{"probability":0.4,"inBuffer":false,"facType":"police"}},{"type":"Feature","geometry":{"type":"Point","coordinates":[-65.97901,18.43567]},"properties":{"probability":0.402,"inBuffer":false,"facType":"police"}},{"type":"Feature","geometry":{"type":"Point","coordinates":[-65.97452,18.43567]},"properties":{"probability":0.321,"inBuffer":false,"facType":"police"}},{"type":"Feature","geometry":{"type":"Point","coordinates":[-65.97003,18.43567]},"properties":{"probability":0.567,"inBuffer":false,"facType":"police"}},{"type":"Feature","geometry":{"type":"Point","coordinates":[-66.1991,18.43118]},"properties":{"probability":0.522,"inBuffer":false,"facType":"police"}},{"type":"Feature","geometry":{"type":"Point","coordinates":[-66.19461,18.43118]},"properties":{"probability":0.329,"inBuffer":false,"facType":"police"}},{"type":"Feature","geometry":{"type":"Point","coordinates":[-66.19012,18.43118]},"properties":{"probability":0.42,"inBuffer":false,"facType":"police"}},{"type":"Feature","geometry":{"type":"Point","coordinates":[-66.18562,18.43118]},"properties":{"probability":0.342,"inBuffer":false,"facType":"police"}},{"type":"Feature","geometry":{"type":"Point","coordinates":[-66.18113,18.43118]},"properties":{"probability":0.408,"inBuffer":false,"facType":"police"}},{"type":"Feature","geometry":{"type":"Point","coordinates":[-66.17664,18.43118]},"properties":{"probability":0.479,"inBuffer":false,"facType":"police"}},{"type":"Feature","geometry":{"type":"Point","coordinates":[-66.17215,18.43118]},"properties":{"probability":0.49,"inBuffer":false,"facType":"police"}},{"type":"Feature","geometry":{"type":"Point","coordinates":[-66.16766,18.43118]},"properties":{"probability":0.466,"inBuffer":false,"facType":"police"}},{"type":"Feature","geometry":{"type":"Point","coordinates":[-66.16317,18.43118]},"properties":{"probability":0.439,"inBuffer":false,"facType":"police"}},{"type":"Feature","geometry":{"type":"Point","coordinates":[-66.15868,18.43118]},"properties":{"probability":0.396,"inBuffer":false,"facType":"police"}},{"type":"Feature","geometry":{"type":"Point","coordinates":[-66.15418,18.43118]},"properties":{"probability":0.795,"inBuffer":false,"facType":"police"}},{"type":"Feature","geometry":{"type":"Point","coordinates":[-66.14969,18.43118]},"properties":{"probability":0.761,"inBuffer":false,"facType":"police"}},{"type":"Feature","geometry":{"type":"Point","coordinates":[-66.1452,18.43118]},"properties":{"probability":0.663,"inBuffer":false,"facType":"police"}},{"type":"Feature","geometry":{"type":"Point","coordinates":[-66.14071,18.43118]},"properties":{"probability":0.532,"inBuffer":true,"facType":"police"}},{"type":"Feature","geometry":{"type":"Point","coordinates":[-66.13622,18.43118]},"properties":{"probability":0.541,"inBuffer":true,"facType":"police"}},{"type":"Feature","geometry":{"type":"Point","coordinates":[-66.13173,18.43118]},"properties":{"probability":0.421,"inBuffer":false,"facType":"police"}},{"type":"Feature","geometry":{"type":"Point","coordinates":[-66.12724,18.43118]},"properties":{"probability":0.401,"inBuffer":false,"facType":"police"}},{"type":"Feature","geometry":{"type":"Point","coordinates":[-66.12274,18.43118]},"properties":{"probability":0.651,"inBuffer":false,"facType":"police"}},{"type":"Feature","geometry":{"type":"Point","coordinates":[-66.11825,18.43118]},"properties":{"probability":0.83,"inBuffer":true,"facType":"police"}},{"type":"Feature","geometry":{"type":"Point","coordinates":[-66.11376,18.43118]},"properties":{"probability":0.831,"inBuffer":true,"facType":"police"}},{"type":"Feature","geometry":{"type":"Point","coordinates":[-66.10927,18.43118]},"properties":{"probability":0.811,"inBuffer":true,"facType":"police"}},{"type":"Feature","geometry":{"type":"Point","coordinates":[-66.10477,18.43118]},"properties":{"probability":0.864,"inBuffer":true,"facType":"police"}},{"type":"Feature","geometry":{"type":"Point","coordinates":[-66.10028,18.43118]},"properties":{"probability":0.859,"inBuffer":true,"facType":"police"}},{"type":"Feature","geometry":{"type":"Point","coordinates":[-66.09579,18.43118]},"properties":{"probability":0.848,"inBuffer":false,"facType":"police"}},{"type":"Feature","geometry":{"type":"Point","coordinates":[-66.0913,18.43118]},"properties":{"probability":0.848,"inBuffer":false,"facType":"police"}},{"type":"Feature","geometry":{"type":"Point","coordinates":[-66.08681,18.43118]},"properties":{"probability":0.786,"inBuffer":false,"facType":"police"}},{"type":"Feature","geometry":{"type":"Point","coordinates":[-66.08232,18.43118]},"properties":{"probability":0.405,"inBuffer":false,"facType":"police"}},{"type":"Feature","geometry":{"type":"Point","coordinates":[-66.07783,18.43118]},"properties":{"probability":0.671,"inBuffer":false,"facType":"police"}},{"type":"Feature","geometry":{"type":"Point","coordinates":[-66.07333,18.43118]},"properties":{"probability":0.797,"inBuffer":false,"facType":"police"}},{"type":"Feature","geometry":{"type":"Point","coordinates":[-66.06884,18.43118]},"properties":{"probability":0.826,"inBuffer":false,"facType":"police"}},{"type":"Feature","geometry":{"type":"Point","coordinates":[-66.06435,18.43118]},"properties":{"probability":0.847,"inBuffer":false,"facType":"police"}},{"type":"Feature","geometry":{"type":"Point","coordinates":[-66.05986,18.43118]},"properties":{"probability":0.848,"inBuffer":false,"facType":"police"}},{"type":"Feature","geometry":{"type":"Point","coordinates":[-66.05537,18.43118]},"properties":{"probability":0.802,"inBuffer":false,"facType":"police"}},{"type":"Feature","geometry":{"type":"Point","coordinates":[-66.05088,18.43118]},"properties":{"probability":0.654,"inBuffer":false,"facType":"police"}},{"type":"Feature","geometry":{"type":"Point","coordinates":[-66.04639,18.43118]},"properties":{"probability":0.666,"inBuffer":false,"facType":"police"}},{"type":"Feature","geometry":{"type":"Point","coordinates":[-66.04189,18.43118]},"properties":{"probability":0.67,"inBuffer":true,"facType":"police"}},{"type":"Feature","geometry":{"type":"Point","coordinates":[-66.0374,18.43118]},"properties":{"probability":0.454,"inBuffer":true,"facType":"police"}},{"type":"Feature","geometry":{"type":"Point","coordinates":[-66.03291,18.43118]},"properties":{"probability":0.319,"inBuffer":false,"facType":"police"}},{"type":"Feature","geometry":{"type":"Point","coordinates":[-66.02842,18.43118]},"properties":{"probability":0.314,"inBuffer":false,"facType":"police"}},{"type":"Feature","geometry":{"type":"Point","coordinates":[-66.02393,18.43118]},"properties":{"probability":0.373,"inBuffer":false,"facType":"police"}},{"type":"Feature","geometry":{"type":"Point","coordinates":[-66.01944,18.43118]},"properties":{"probability":0.713,"inBuffer":false,"facType":"police"}},{"type":"Feature","geometry":{"type":"Point","coordinates":[-66.01495,18.43118]},"properties":{"probability":0.815,"inBuffer":false,"facType":"police"}},{"type":"Feature","geometry":{"type":"Point","coordinates":[-66.01045,18.43118]},"properties":{"probability":0.809,"inBuffer":false,"facType":"police"}},{"type":"Feature","geometry":{"type":"Point","coordinates":[-66.00596,18.43118]},"properties":{"probability":0.84,"inBuffer":false,"facType":"police"}},{"type":"Feature","geometry":{"type":"Point","coordinates":[-66.00147,18.43118]},"properties":{"probability":0.842,"inBuffer":false,"facType":"police"}},{"type":"Feature","geometry":{"type":"Point","coordinates":[-65.99698,18.43118]},"properties":{"probability":0.785,"inBuffer":true,"facType":"police"}},{"type":"Feature","geometry":{"type":"Point","coordinates":[-65.99249,18.43118]},"properties":{"probability":0.606,"inBuffer":false,"facType":"police"}},{"type":"Feature","geometry":{"type":"Point","coordinates":[-65.98799,18.43118]},"properties":{"probability":0.539,"inBuffer":false,"facType":"police"}},{"type":"Feature","geometry":{"type":"Point","coordinates":[-65.98351,18.43118]},"properties":{"probability":0.368,"inBuffer":false,"facType":"police"}},{"type":"Feature","geometry":{"type":"Point","coordinates":[-65.97901,18.43118]},"properties":{"probability":0.394,"inBuffer":false,"facType":"police"}},{"type":"Feature","geometry":{"type":"Point","coordinates":[-65.97452,18.43118]},"properties":{"probability":0.377,"inBuffer":false,"facType":"police"}},{"type":"Feature","geometry":{"type":"Point","coordinates":[-65.97003,18.43118]},"properties":{"probability":0.521,"inBuffer":false,"facType":"police"}},{"type":"Feature","geometry":{"type":"Point","coordinates":[-65.96554,18.43118]},"properties":{"probability":0.6,"inBuffer":false,"facType":"police"}},{"type":"Feature","geometry":{"type":"Point","coordinates":[-66.1991,18.42669]},"properties":{"probability":0.611,"inBuffer":false,"facType":"police"}},{"type":"Feature","geometry":{"type":"Point","coordinates":[-66.19461,18.42669]},"properties":{"probability":0.458,"inBuffer":false,"facType":"police"}},{"type":"Feature","geometry":{"type":"Point","coordinates":[-66.19012,18.42669]},"properties":{"probability":0.375,"inBuffer":false,"facType":"police"}},{"type":"Feature","geometry":{"type":"Point","coordinates":[-66.18562,18.42669]},"properties":{"probability":0.364,"inBuffer":false,"facType":"police"}},{"type":"Feature","geometry":{"type":"Point","coordinates":[-66.18113,18.42669]},"properties":{"probability":0.431,"inBuffer":false,"facType":"police"}},{"type":"Feature","geometry":{"type":"Point","coordinates":[-66.17664,18.42669]},"properties":{"probability":0.44,"inBuffer":false,"facType":"police"}},{"type":"Feature","geometry":{"type":"Point","coordinates":[-66.17215,18.42669]},"properties":{"probability":0.441,"inBuffer":false,"facType":"police"}},{"type":"Feature","geometry":{"type":"Point","coordinates":[-66.16766,18.42669]},"properties":{"probability":0.531,"inBuffer":false,"facType":"police"}},{"type":"Feature","geometry":{"type":"Point","coordinates":[-66.16317,18.42669]},"properties":{"probability":0.486,"inBuffer":false,"facType":"police"}},{"type":"Feature","geometry":{"type":"Point","coordinates":[-66.15868,18.42669]},"properties":{"probability":0.374,"inBuffer":false,"facType":"police"}},{"type":"Feature","geometry":{"type":"Point","coordinates":[-66.15418,18.42669]},"properties":{"probability":0.781,"inBuffer":false,"facType":"police"}},{"type":"Feature","geometry":{"type":"Point","coordinates":[-66.14969,18.42669]},"properties":{"probability":0.856,"inBuffer":false,"facType":"police"}},{"type":"Feature","geometry":{"type":"Point","coordinates":[-66.1452,18.42669]},"properties":{"probability":0.828,"inBuffer":true,"facType":"police"}},{"type":"Feature","geometry":{"type":"Point","coordinates":[-66.14071,18.42669]},"properties":{"probability":0.843,"inBuffer":true,"facType":"police"}},{"type":"Feature","geometry":{"type":"Point","coordinates":[-66.13622,18.42669]},"properties":{"probability":0.766,"inBuffer":true,"facType":"police"}},{"type":"Feature","geometry":{"type":"Point","coordinates":[-66.13173,18.42669]},"properties":{"probability":0.415,"inBuffer":true,"facType":"police"}},{"type":"Feature","geometry":{"type":"Point","coordinates":[-66.12724,18.42669]},"properties":{"probability":0.351,"inBuffer":false,"facType":"police"}},{"type":"Feature","geometry":{"type":"Point","coordinates":[-66.12274,18.42669]},"properties":{"probability":0.809,"inBuffer":false,"facType":"police"}},{"type":"Feature","geometry":{"type":"Point","coordinates":[-66.11825,18.42669]},"properties":{"probability":0.842,"inBuffer":true,"facType":"police"}},{"type":"Feature","geometry":{"type":"Point","coordinates":[-66.11376,18.42669]},"properties":{"probability":0.847,"inBuffer":true,"facType":"police"}},{"type":"Feature","geometry":{"type":"Point","coordinates":[-66.10927,18.42669]},"properties":{"probability":0.853,"inBuffer":true,"facType":"police"}},{"type":"Feature","geometry":{"type":"Point","coordinates":[-66.10477,18.42669]},"properties":{"probability":0.856,"inBuffer":true,"facType":"police"}},{"type":"Feature","geometry":{"type":"Point","coordinates":[-66.10028,18.42669]},"properties":{"probability":0.859,"inBuffer":true,"facType":"police"}},{"type":"Feature","geometry":{"type":"Point","coordinates":[-66.09579,18.42669]},"properties":{"probability":0.778,"inBuffer":false,"facType":"police"}},{"type":"Feature","geometry":{"type":"Point","coordinates":[-66.0913,18.42669]},"properties":{"probability":0.454,"inBuffer":false,"facType":"police"}},{"type":"Feature","geometry":{"type":"Point","coordinates":[-66.08681,18.42669]},"properties":{"probability":0.473,"inBuffer":false,"facType":"police"}},{"type":"Feature","geometry":{"type":"Point","coordinates":[-66.08232,18.42669]},"properties":{"probability":0.609,"inBuffer":false,"facType":"police"}},{"type":"Feature","geometry":{"type":"Point","coordinates":[-66.07783,18.42669]},"properties":{"probability":0.847,"inBuffer":false,"facType":"police"}},{"type":"Feature","geometry":{"type":"Point","coordinates":[-66.07333,18.42669]},"properties":{"probability":0.854,"inBuffer":false,"facType":"police"}},{"type":"Feature","geometry":{"type":"Point","coordinates":[-66.06884,18.42669]},"properties":{"probability":0.849,"inBuffer":false,"facType":"police"}},{"type":"Feature","geometry":{"type":"Point","coordinates":[-66.06435,18.42669]},"properties":{"probability":0.853,"inBuffer":true,"facType":"police"}},{"type":"Feature","geometry":{"type":"Point","coordinates":[-66.05986,18.42669]},"properties":{"probability":0.849,"inBuffer":false,"facType":"police"}},{"type":"Feature","geometry":{"type":"Point","coordinates":[-66.05537,18.42669]},"properties":{"probability":0.856,"inBuffer":false,"facType":"police"}},{"type":"Feature","geometry":{"type":"Point","coordinates":[-66.05088,18.42669]},"properties":{"probability":0.798,"inBuffer":false,"facType":"police"}},{"type":"Feature","geometry":{"type":"Point","coordinates":[-66.04639,18.42669]},"properties":{"probability":0.795,"inBuffer":false,"facType":"police"}},{"type":"Feature","geometry":{"type":"Point","coordinates":[-66.04189,18.42669]},"properties":{"probability":0.667,"inBuffer":false,"facType":"police"}},{"type":"Feature","geometry":{"type":"Point","coordinates":[-66.0374,18.42669]},"properties":{"probability":0.446,"inBuffer":false,"facType":"police"}},{"type":"Feature","geometry":{"type":"Point","coordinates":[-66.03291,18.42669]},"properties":{"probability":0.341,"inBuffer":false,"facType":"police"}},{"type":"Feature","geometry":{"type":"Point","coordinates":[-66.02842,18.42669]},"properties":{"probability":0.394,"inBuffer":false,"facType":"police"}},{"type":"Feature","geometry":{"type":"Point","coordinates":[-66.02393,18.42669]},"properties":{"probability":0.409,"inBuffer":false,"facType":"police"}},{"type":"Feature","geometry":{"type":"Point","coordinates":[-66.01944,18.42669]},"properties":{"probability":0.403,"inBuffer":false,"facType":"police"}},{"type":"Feature","geometry":{"type":"Point","coordinates":[-66.01495,18.42669]},"properties":{"probability":0.772,"inBuffer":false,"facType":"police"}},{"type":"Feature","geometry":{"type":"Point","coordinates":[-66.01045,18.42669]},"properties":{"probability":0.535,"inBuffer":false,"facType":"police"}},{"type":"Feature","geometry":{"type":"Point","coordinates":[-66.00596,18.42669]},"properties":{"probability":0.643,"inBuffer":false,"facType":"police"}},{"type":"Feature","geometry":{"type":"Point","coordinates":[-66.00147,18.42669]},"properties":{"probability":0.652,"inBuffer":false,"facType":"police"}},{"type":"Feature","geometry":{"type":"Point","coordinates":[-65.99698,18.42669]},"properties":{"probability":0.644,"inBuffer":false,"facType":"police"}},{"type":"Feature","geometry":{"type":"Point","coordinates":[-65.99249,18.42669]},"properties":{"probability":0.658,"inBuffer":false,"facType":"police"}},{"type":"Feature","geometry":{"type":"Point","coordinates":[-65.98799,18.42669]},"properties":{"probability":0.649,"inBuffer":false,"facType":"police"}},{"type":"Feature","geometry":{"type":"Point","coordinates":[-65.98351,18.42669]},"properties":{"probability":0.64,"inBuffer":false,"facType":"police"}},{"type":"Feature","geometry":{"type":"Point","coordinates":[-65.97901,18.42669]},"properties":{"probability":0.629,"inBuffer":false,"facType":"police"}},{"type":"Feature","geometry":{"type":"Point","coordinates":[-65.97452,18.42669]},"properties":{"probability":0.422,"inBuffer":false,"facType":"police"}},{"type":"Feature","geometry":{"type":"Point","coordinates":[-65.97003,18.42669]},"properties":{"probability":0.384,"inBuffer":false,"facType":"police"}},{"type":"Feature","geometry":{"type":"Point","coordinates":[-65.96554,18.42669]},"properties":{"probability":0.448,"inBuffer":false,"facType":"police"}},{"type":"Feature","geometry":{"type":"Point","coordinates":[-65.96104,18.42669]},"properties":{"probability":0.589,"inBuffer":false,"facType":"police"}},{"type":"Feature","geometry":{"type":"Point","coordinates":[-65.95655,18.42669]},"properties":{"probability":0.552,"inBuffer":false,"facType":"police"}},{"type":"Feature","geometry":{"type":"Point","coordinates":[-65.95206,18.42669]},"properties":{"probability":0.505,"inBuffer":false,"facType":"police"}},{"type":"Feature","geometry":{"type":"Point","coordinates":[-66.1991,18.4222]},"properties":{"probability":0.356,"inBuffer":false,"facType":"police"}},{"type":"Feature","geometry":{"type":"Point","coordinates":[-66.19461,18.4222]},"properties":{"probability":0.387,"inBuffer":false,"facType":"police"}},{"type":"Feature","geometry":{"type":"Point","coordinates":[-66.19012,18.4222]},"properties":{"probability":0.364,"inBuffer":false,"facType":"police"}},{"type":"Feature","geometry":{"type":"Point","coordinates":[-66.18562,18.4222]},"properties":{"probability":0.447,"inBuffer":false,"facType":"police"}},{"type":"Feature","geometry":{"type":"Point","coordinates":[-66.18113,18.4222]},"properties":{"probability":0.41,"inBuffer":false,"facType":"police"}},{"type":"Feature","geometry":{"type":"Point","coordinates":[-66.17664,18.4222]},"properties":{"probability":0.427,"inBuffer":false,"facType":"police"}},{"type":"Feature","geometry":{"type":"Point","coordinates":[-66.17215,18.4222]},"properties":{"probability":0.439,"inBuffer":false,"facType":"police"}},{"type":"Feature","geometry":{"type":"Point","coordinates":[-66.16766,18.4222]},"properties":{"probability":0.47,"inBuffer":false,"facType":"police"}},{"type":"Feature","geometry":{"type":"Point","coordinates":[-66.16317,18.4222]},"properties":{"probability":0.721,"inBuffer":false,"facType":"police"}},{"type":"Feature","geometry":{"type":"Point","coordinates":[-66.15868,18.4222]},"properties":{"probability":0.599,"inBuffer":false,"facType":"police"}},{"type":"Feature","geometry":{"type":"Point","coordinates":[-66.15418,18.4222]},"properties":{"probability":0.819,"inBuffer":false,"facType":"police"}},{"type":"Feature","geometry":{"type":"Point","coordinates":[-66.14969,18.4222]},"properties":{"probability":0.858,"inBuffer":true,"facType":"police"}},{"type":"Feature","geometry":{"type":"Point","coordinates":[-66.1452,18.4222]},"properties":{"probability":0.859,"inBuffer":true,"facType":"police"}},{"type":"Feature","geometry":{"type":"Point","coordinates":[-66.14071,18.4222]},"properties":{"probability":0.857,"inBuffer":true,"facType":"police"}},{"type":"Feature","geometry":{"type":"Point","coordinates":[-66.13622,18.4222]},"properties":{"probability":0.817,"inBuffer":true,"facType":"police"}},{"type":"Feature","geometry":{"type":"Point","coordinates":[-66.13173,18.4222]},"properties":{"probability":0.604,"inBuffer":false,"facType":"police"}},{"type":"Feature","geometry":{"type":"Point","coordinates":[-66.12724,18.4222]},"properties":{"probability":0.792,"inBuffer":true,"facType":"police"}},{"type":"Feature","geometry":{"type":"Point","coordinates":[-66.12274,18.4222]},"properties":{"probability":0.851,"inBuffer":true,"facType":"police"}},{"type":"Feature","geometry":{"type":"Point","coordinates":[-66.11825,18.4222]},"properties":{"probability":0.847,"inBuffer":false,"facType":"police"}},{"type":"Feature","geometry":{"type":"Point","coordinates":[-66.11376,18.4222]},"properties":{"probability":0.849,"inBuffer":false,"facType":"police"}},{"type":"Feature","geometry":{"type":"Point","coordinates":[-66.10927,18.4222]},"properties":{"probability":0.857,"inBuffer":true,"facType":"police"}},{"type":"Feature","geometry":{"type":"Point","coordinates":[-66.10477,18.4222]},"properties":{"probability":0.86,"inBuffer":true,"facType":"police"}},{"type":"Feature","geometry":{"type":"Point","coordinates":[-66.10028,18.4222]},"properties":{"probability":0.851,"inBuffer":true,"facType":"police"}},{"type":"Feature","geometry":{"type":"Point","coordinates":[-66.09579,18.4222]},"properties":{"probability":0.739,"inBuffer":false,"facType":"police"}},{"type":"Feature","geometry":{"type":"Point","coordinates":[-66.0913,18.4222]},"properties":{"probability":0.401,"inBuffer":false,"facType":"police"}},{"type":"Feature","geometry":{"type":"Point","coordinates":[-66.08681,18.4222]},"properties":{"probability":0.398,"inBuffer":false,"facType":"police"}},{"type":"Feature","geometry":{"type":"Point","coordinates":[-66.08232,18.4222]},"properties":{"probability":0.83,"inBuffer":true,"facType":"police"}},{"type":"Feature","geometry":{"type":"Point","coordinates":[-66.07783,18.4222]},"properties":{"probability":0.86,"inBuffer":true,"facType":"police"}},{"type":"Feature","geometry":{"type":"Point","coordinates":[-66.07333,18.4222]},"properties":{"probability":0.858,"inBuffer":true,"facType":"police"}},{"type":"Feature","geometry":{"type":"Point","coordinates":[-66.06884,18.4222]},"properties":{"probability":0.853,"inBuffer":true,"facType":"police"}},{"type":"Feature","geometry":{"type":"Point","coordinates":[-66.06435,18.4222]},"properties":{"probability":0.844,"inBuffer":true,"facType":"police"}},{"type":"Feature","geometry":{"type":"Point","coordinates":[-66.05986,18.4222]},"properties":{"probability":0.862,"inBuffer":true,"facType":"police"}},{"type":"Feature","geometry":{"type":"Point","coordinates":[-66.05537,18.4222]},"properties":{"probability":0.851,"inBuffer":true,"facType":"police"}},{"type":"Feature","geometry":{"type":"Point","coordinates":[-66.05088,18.4222]},"properties":{"probability":0.83,"inBuffer":true,"facType":"police"}},{"type":"Feature","geometry":{"type":"Point","coordinates":[-66.04639,18.4222]},"properties":{"probability":0.808,"inBuffer":true,"facType":"police"}},{"type":"Feature","geometry":{"type":"Point","coordinates":[-66.04189,18.4222]},"properties":{"probability":0.664,"inBuffer":true,"facType":"police"}},{"type":"Feature","geometry":{"type":"Point","coordinates":[-66.0374,18.4222]},"properties":{"probability":0.449,"inBuffer":true,"facType":"police"}},{"type":"Feature","geometry":{"type":"Point","coordinates":[-66.03291,18.4222]},"properties":{"probability":0.381,"inBuffer":false,"facType":"police"}},{"type":"Feature","geometry":{"type":"Point","coordinates":[-66.02842,18.4222]},"properties":{"probability":0.368,"inBuffer":false,"facType":"police"}},{"type":"Feature","geometry":{"type":"Point","coordinates":[-66.02393,18.4222]},"properties":{"probability":0.365,"inBuffer":false,"facType":"police"}},{"type":"Feature","geometry":{"type":"Point","coordinates":[-66.01944,18.4222]},"properties":{"probability":0.434,"inBuffer":false,"facType":"police"}},{"type":"Feature","geometry":{"type":"Point","coordinates":[-66.01495,18.4222]},"properties":{"probability":0.374,"inBuffer":false,"facType":"police"}},{"type":"Feature","geometry":{"type":"Point","coordinates":[-66.01045,18.4222]},"properties":{"probability":0.39,"inBuffer":false,"facType":"police"}},{"type":"Feature","geometry":{"type":"Point","coordinates":[-66.00596,18.4222]},"properties":{"probability":0.376,"inBuffer":false,"facType":"police"}},{"type":"Feature","geometry":{"type":"Point","coordinates":[-66.00147,18.4222]},"properties":{"probability":0.405,"inBuffer":false,"facType":"police"}},{"type":"Feature","geometry":{"type":"Point","coordinates":[-65.99698,18.4222]},"properties":{"probability":0.413,"inBuffer":false,"facType":"police"}},{"type":"Feature","geometry":{"type":"Point","coordinates":[-65.99249,18.4222]},"properties":{"probability":0.452,"inBuffer":false,"facType":"police"}},{"type":"Feature","geometry":{"type":"Point","coordinates":[-65.98799,18.4222]},"properties":{"probability":0.783,"inBuffer":false,"facType":"police"}},{"type":"Feature","geometry":{"type":"Point","coordinates":[-65.98351,18.4222]},"properties":{"probability":0.79,"inBuffer":false,"facType":"police"}},{"type":"Feature","geometry":{"type":"Point","coordinates":[-65.97901,18.4222]},"properties":{"probability":0.651,"inBuffer":false,"facType":"police"}},{"type":"Feature","geometry":{"type":"Point","coordinates":[-65.97452,18.4222]},"properties":{"probability":0.442,"inBuffer":false,"facType":"police"}},{"type":"Feature","geometry":{"type":"Point","coordinates":[-65.97003,18.4222]},"properties":{"probability":0.348,"inBuffer":false,"facType":"police"}},{"type":"Feature","geometry":{"type":"Point","coordinates":[-65.96554,18.4222]},"properties":{"probability":0.419,"inBuffer":false,"facType":"police"}},{"type":"Feature","geometry":{"type":"Point","coordinates":[-65.96104,18.4222]},"properties":{"probability":0.317,"inBuffer":false,"facType":"police"}},{"type":"Feature","geometry":{"type":"Point","coordinates":[-65.95655,18.4222]},"properties":{"probability":0.386,"inBuffer":false,"facType":"police"}},{"type":"Feature","geometry":{"type":"Point","coordinates":[-65.95206,18.4222]},"properties":{"probability":0.376,"inBuffer":false,"facType":"police"}},{"type":"Feature","geometry":{"type":"Point","coordinates":[-66.1991,18.41771]},"properties":{"probability":0.372,"inBuffer":false,"facType":"police"}},{"type":"Feature","geometry":{"type":"Point","coordinates":[-66.19461,18.41771]},"properties":{"probability":0.358,"inBuffer":false,"facType":"police"}},{"type":"Feature","geometry":{"type":"Point","coordinates":[-66.19012,18.41771]},"properties":{"probability":0.362,"inBuffer":false,"facType":"police"}},{"type":"Feature","geometry":{"type":"Point","coordinates":[-66.18562,18.41771]},"properties":{"probability":0.375,"inBuffer":false,"facType":"police"}},{"type":"Feature","geometry":{"type":"Point","coordinates":[-66.18113,18.41771]},"properties":{"probability":0.436,"inBuffer":false,"facType":"police"}},{"type":"Feature","geometry":{"type":"Point","coordinates":[-66.17664,18.41771]},"properties":{"probability":0.349,"inBuffer":false,"facType":"police"}},{"type":"Feature","geometry":{"type":"Point","coordinates":[-66.17215,18.41771]},"properties":{"probability":0.402,"inBuffer":false,"facType":"police"}},{"type":"Feature","geometry":{"type":"Point","coordinates":[-66.16766,18.41771]},"properties":{"probability":0.628,"inBuffer":false,"facType":"police"}},{"type":"Feature","geometry":{"type":"Point","coordinates":[-66.16317,18.41771]},"properties":{"probability":0.74,"inBuffer":false,"facType":"police"}},{"type":"Feature","geometry":{"type":"Point","coordinates":[-66.15868,18.41771]},"properties":{"probability":0.616,"inBuffer":false,"facType":"police"}},{"type":"Feature","geometry":{"type":"Point","coordinates":[-66.15418,18.41771]},"properties":{"probability":0.809,"inBuffer":true,"facType":"police"}},{"type":"Feature","geometry":{"type":"Point","coordinates":[-66.14969,18.41771]},"properties":{"probability":0.854,"inBuffer":true,"facType":"police"}},{"type":"Feature","geometry":{"type":"Point","coordinates":[-66.1452,18.41771]},"properties":{"probability":0.858,"inBuffer":true,"facType":"police"}},{"type":"Feature","geometry":{"type":"Point","coordinates":[-66.14071,18.41771]},"properties":{"probability":0.859,"inBuffer":true,"facType":"police"}},{"type":"Feature","geometry":{"type":"Point","coordinates":[-66.13622,18.41771]},"properties":{"probability":0.834,"inBuffer":true,"facType":"police"}},{"type":"Feature","geometry":{"type":"Point","coordinates":[-66.13173,18.41771]},"properties":{"probability":0.642,"inBuffer":true,"facType":"police"}},{"type":"Feature","geometry":{"type":"Point","coordinates":[-66.12724,18.41771]},"properties":{"probability":0.767,"inBuffer":true,"facType":"police"}},{"type":"Feature","geometry":{"type":"Point","coordinates":[-66.12274,18.41771]},"properties":{"probability":0.856,"inBuffer":true,"facType":"police"}},{"type":"Feature","geometry":{"type":"Point","coordinates":[-66.11825,18.41771]},"properties":{"probability":0.85,"inBuffer":false,"facType":"police"}},{"type":"Feature","geometry":{"type":"Point","coordinates":[-66.11376,18.41771]},"properties":{"probability":0.844,"inBuffer":true,"facType":"police"}},{"type":"Feature","geometry":{"type":"Point","coordinates":[-66.10927,18.41771]},"properties":{"probability":0.857,"inBuffer":true,"facType":"police"}},{"type":"Feature","geometry":{"type":"Point","coordinates":[-66.10477,18.41771]},"properties":{"probability":0.852,"inBuffer":false,"facType":"police"}},{"type":"Feature","geometry":{"type":"Point","coordinates":[-66.10028,18.41771]},"properties":{"probability":0.844,"inBuffer":false,"facType":"police"}},{"type":"Feature","geometry":{"type":"Point","coordinates":[-66.09579,18.41771]},"properties":{"probability":0.784,"inBuffer":false,"facType":"police"}},{"type":"Feature","geometry":{"type":"Point","coordinates":[-66.0913,18.41771]},"properties":{"probability":0.744,"inBuffer":false,"facType":"police"}},{"type":"Feature","geometry":{"type":"Point","coordinates":[-66.08681,18.41771]},"properties":{"probability":0.787,"inBuffer":true,"facType":"police"}},{"type":"Feature","geometry":{"type":"Point","coordinates":[-66.08232,18.41771]},"properties":{"probability":0.85,"inBuffer":true,"facType":"police"}},{"type":"Feature","geometry":{"type":"Point","coordinates":[-66.07783,18.41771]},"properties":{"probability":0.858,"inBuffer":true,"facType":"police"}},{"type":"Feature","geometry":{"type":"Point","coordinates":[-66.07333,18.41771]},"properties":{"probability":0.86,"inBuffer":true,"facType":"police"}},{"type":"Feature","geometry":{"type":"Point","coordinates":[-66.06884,18.41771]},"properties":{"probability":0.856,"inBuffer":true,"facType":"police"}},{"type":"Feature","geometry":{"type":"Point","coordinates":[-66.06435,18.41771]},"properties":{"probability":0.845,"inBuffer":true,"facType":"police"}},{"type":"Feature","geometry":{"type":"Point","coordinates":[-66.05986,18.41771]},"properties":{"probability":0.843,"inBuffer":true,"facType":"police"}},{"type":"Feature","geometry":{"type":"Point","coordinates":[-66.05537,18.41771]},"properties":{"probability":0.844,"inBuffer":true,"facType":"police"}},{"type":"Feature","geometry":{"type":"Point","coordinates":[-66.05088,18.41771]},"properties":{"probability":0.823,"inBuffer":true,"facType":"police"}},{"type":"Feature","geometry":{"type":"Point","coordinates":[-66.04639,18.41771]},"properties":{"probability":0.806,"inBuffer":true,"facType":"police"}},{"type":"Feature","geometry":{"type":"Point","coordinates":[-66.04189,18.41771]},"properties":{"probability":0.779,"inBuffer":true,"facType":"police"}},{"type":"Feature","geometry":{"type":"Point","coordinates":[-66.0374,18.41771]},"properties":{"probability":0.772,"inBuffer":true,"facType":"police"}},{"type":"Feature","geometry":{"type":"Point","coordinates":[-66.03291,18.41771]},"properties":{"probability":0.765,"inBuffer":true,"facType":"police"}},{"type":"Feature","geometry":{"type":"Point","coordinates":[-66.02842,18.41771]},"properties":{"probability":0.445,"inBuffer":true,"facType":"police"}},{"type":"Feature","geometry":{"type":"Point","coordinates":[-66.02393,18.41771]},"properties":{"probability":0.377,"inBuffer":false,"facType":"police"}},{"type":"Feature","geometry":{"type":"Point","coordinates":[-66.01944,18.41771]},"properties":{"probability":0.506,"inBuffer":false,"facType":"police"}},{"type":"Feature","geometry":{"type":"Point","coordinates":[-66.01495,18.41771]},"properties":{"probability":0.573,"inBuffer":false,"facType":"police"}},{"type":"Feature","geometry":{"type":"Point","coordinates":[-66.01045,18.41771]},"properties":{"probability":0.446,"inBuffer":false,"facType":"police"}},{"type":"Feature","geometry":{"type":"Point","coordinates":[-66.00596,18.41771]},"properties":{"probability":0.345,"inBuffer":false,"facType":"police"}},{"type":"Feature","geometry":{"type":"Point","coordinates":[-66.00147,18.41771]},"properties":{"probability":0.341,"inBuffer":false,"facType":"police"}},{"type":"Feature","geometry":{"type":"Point","coordinates":[-65.99698,18.41771]},"properties":{"probability":0.377,"inBuffer":false,"facType":"police"}},{"type":"Feature","geometry":{"type":"Point","coordinates":[-65.99249,18.41771]},"properties":{"probability":0.65,"inBuffer":false,"facType":"police"}},{"type":"Feature","geometry":{"type":"Point","coordinates":[-65.98799,18.41771]},"properties":{"probability":0.82,"inBuffer":false,"facType":"police"}},{"type":"Feature","geometry":{"type":"Point","coordinates":[-65.98351,18.41771]},"properties":{"probability":0.84,"inBuffer":false,"facType":"police"}},{"type":"Feature","geometry":{"type":"Point","coordinates":[-65.97901,18.41771]},"properties":{"probability":0.648,"inBuffer":false,"facType":"police"}},{"type":"Feature","geometry":{"type":"Point","coordinates":[-65.97452,18.41771]},"properties":{"probability":0.63,"inBuffer":false,"facType":"police"}},{"type":"Feature","geometry":{"type":"Point","coordinates":[-65.97003,18.41771]},"properties":{"probability":0.626,"inBuffer":false,"facType":"police"}},{"type":"Feature","geometry":{"type":"Point","coordinates":[-65.96554,18.41771]},"properties":{"probability":0.644,"inBuffer":false,"facType":"police"}},{"type":"Feature","geometry":{"type":"Point","coordinates":[-65.96104,18.41771]},"properties":{"probability":0.502,"inBuffer":false,"facType":"police"}},{"type":"Feature","geometry":{"type":"Point","coordinates":[-65.95655,18.41771]},"properties":{"probability":0.456,"inBuffer":false,"facType":"police"}},{"type":"Feature","geometry":{"type":"Point","coordinates":[-65.95206,18.41771]},"properties":{"probability":0.289,"inBuffer":false,"facType":"police"}},{"type":"Feature","geometry":{"type":"Point","coordinates":[-66.1991,18.41322]},"properties":{"probability":0.486,"inBuffer":false,"facType":"police"}},{"type":"Feature","geometry":{"type":"Point","coordinates":[-66.19461,18.41322]},"properties":{"probability":0.398,"inBuffer":false,"facType":"police"}},{"type":"Feature","geometry":{"type":"Point","coordinates":[-66.19012,18.41322]},"properties":{"probability":0.452,"inBuffer":false,"facType":"police"}},{"type":"Feature","geometry":{"type":"Point","coordinates":[-66.18562,18.41322]},"properties":{"probability":0.494,"inBuffer":false,"facType":"police"}},{"type":"Feature","geometry":{"type":"Point","coordinates":[-66.18113,18.41322]},"properties":{"probability":0.447,"inBuffer":false,"facType":"police"}},{"type":"Feature","geometry":{"type":"Point","coordinates":[-66.17664,18.41322]},"properties":{"probability":0.46,"inBuffer":false,"facType":"police"}},{"type":"Feature","geometry":{"type":"Point","coordinates":[-66.17215,18.41322]},"properties":{"probability":0.369,"inBuffer":false,"facType":"police"}},{"type":"Feature","geometry":{"type":"Point","coordinates":[-66.16766,18.41322]},"properties":{"probability":0.397,"inBuffer":false,"facType":"police"}},{"type":"Feature","geometry":{"type":"Point","coordinates":[-66.16317,18.41322]},"properties":{"probability":0.598,"inBuffer":false,"facType":"police"}},{"type":"Feature","geometry":{"type":"Point","coordinates":[-66.15868,18.41322]},"properties":{"probability":0.614,"inBuffer":false,"facType":"police"}},{"type":"Feature","geometry":{"type":"Point","coordinates":[-66.15418,18.41322]},"properties":{"probability":0.654,"inBuffer":true,"facType":"police"}},{"type":"Feature","geometry":{"type":"Point","coordinates":[-66.14969,18.41322]},"properties":{"probability":0.854,"inBuffer":true,"facType":"police"}},{"type":"Feature","geometry":{"type":"Point","coordinates":[-66.1452,18.41322]},"properties":{"probability":0.851,"inBuffer":true,"facType":"police"}},{"type":"Feature","geometry":{"type":"Point","coordinates":[-66.14071,18.41322]},"properties":{"probability":0.851,"inBuffer":true,"facType":"police"}},{"type":"Feature","geometry":{"type":"Point","coordinates":[-66.13622,18.41322]},"properties":{"probability":0.817,"inBuffer":true,"facType":"police"}},{"type":"Feature","geometry":{"type":"Point","coordinates":[-66.13173,18.41322]},"properties":{"probability":0.631,"inBuffer":true,"facType":"police"}},{"type":"Feature","geometry":{"type":"Point","coordinates":[-66.12724,18.41322]},"properties":{"probability":0.549,"inBuffer":true,"facType":"police"}},{"type":"Feature","geometry":{"type":"Point","coordinates":[-66.12274,18.41322]},"properties":{"probability":0.752,"inBuffer":true,"facType":"police"}},{"type":"Feature","geometry":{"type":"Point","coordinates":[-66.11825,18.41322]},"properties":{"probability":0.725,"inBuffer":true,"facType":"police"}},{"type":"Feature","geometry":{"type":"Point","coordinates":[-66.11376,18.41322]},"properties":{"probability":0.648,"inBuffer":true,"facType":"police"}},{"type":"Feature","geometry":{"type":"Point","coordinates":[-66.10927,18.41322]},"properties":{"probability":0.833,"inBuffer":true,"facType":"police"}},{"type":"Feature","geometry":{"type":"Point","coordinates":[-66.10477,18.41322]},"properties":{"probability":0.841,"inBuffer":false,"facType":"police"}},{"type":"Feature","geometry":{"type":"Point","coordinates":[-66.10028,18.41322]},"properties":{"probability":0.843,"inBuffer":false,"facType":"police"}},{"type":"Feature","geometry":{"type":"Point","coordinates":[-66.09579,18.41322]},"properties":{"probability":0.831,"inBuffer":false,"facType":"police"}},{"type":"Feature","geometry":{"type":"Point","coordinates":[-66.0913,18.41322]},"properties":{"probability":0.812,"inBuffer":true,"facType":"police"}},{"type":"Feature","geometry":{"type":"Point","coordinates":[-66.08681,18.41322]},"properties":{"probability":0.802,"inBuffer":true,"facType":"police"}},{"type":"Feature","geometry":{"type":"Point","coordinates":[-66.08232,18.41322]},"properties":{"probability":0.846,"inBuffer":true,"facType":"police"}},{"type":"Feature","geometry":{"type":"Point","coordinates":[-66.07783,18.41322]},"properties":{"probability":0.851,"inBuffer":true,"facType":"police"}},{"type":"Feature","geometry":{"type":"Point","coordinates":[-66.07333,18.41322]},"properties":{"probability":0.848,"inBuffer":true,"facType":"police"}},{"type":"Feature","geometry":{"type":"Point","coordinates":[-66.06884,18.41322]},"properties":{"probability":0.861,"inBuffer":true,"facType":"police"}},{"type":"Feature","geometry":{"type":"Point","coordinates":[-66.06435,18.41322]},"properties":{"probability":0.843,"inBuffer":true,"facType":"police"}},{"type":"Feature","geometry":{"type":"Point","coordinates":[-66.05986,18.41322]},"properties":{"probability":0.844,"inBuffer":true,"facType":"police"}},{"type":"Feature","geometry":{"type":"Point","coordinates":[-66.05537,18.41322]},"properties":{"probability":0.843,"inBuffer":true,"facType":"police"}},{"type":"Feature","geometry":{"type":"Point","coordinates":[-66.05088,18.41322]},"properties":{"probability":0.831,"inBuffer":true,"facType":"police"}},{"type":"Feature","geometry":{"type":"Point","coordinates":[-66.04639,18.41322]},"properties":{"probability":0.812,"inBuffer":true,"facType":"police"}},{"type":"Feature","geometry":{"type":"Point","coordinates":[-66.04189,18.41322]},"properties":{"probability":0.79,"inBuffer":true,"facType":"police"}},{"type":"Feature","geometry":{"type":"Point","coordinates":[-66.0374,18.41322]},"properties":{"probability":0.845,"inBuffer":true,"facType":"police"}},{"type":"Feature","geometry":{"type":"Point","coordinates":[-66.03291,18.41322]},"properties":{"probability":0.851,"inBuffer":true,"facType":"police"}},{"type":"Feature","geometry":{"type":"Point","coordinates":[-66.02842,18.41322]},"properties":{"probability":0.857,"inBuffer":true,"facType":"police"}},{"type":"Feature","geometry":{"type":"Point","coordinates":[-66.02393,18.41322]},"properties":{"probability":0.644,"inBuffer":false,"facType":"police"}},{"type":"Feature","geometry":{"type":"Point","coordinates":[-66.01944,18.41322]},"properties":{"probability":0.604,"inBuffer":false,"facType":"police"}},{"type":"Feature","geometry":{"type":"Point","coordinates":[-66.01495,18.41322]},"properties":{"probability":0.313,"inBuffer":false,"facType":"police"}},{"type":"Feature","geometry":{"type":"Point","coordinates":[-66.01045,18.41322]},"properties":{"probability":0.436,"inBuffer":false,"facType":"police"}},{"type":"Feature","geometry":{"type":"Point","coordinates":[-66.00596,18.41322]},"properties":{"probability":0.366,"inBuffer":false,"facType":"police"}},{"type":"Feature","geometry":{"type":"Point","coordinates":[-66.00147,18.41322]},"properties":{"probability":0.507,"inBuffer":false,"facType":"police"}},{"type":"Feature","geometry":{"type":"Point","coordinates":[-65.99698,18.41322]},"properties":{"probability":0.643,"inBuffer":false,"facType":"police"}},{"type":"Feature","geometry":{"type":"Point","coordinates":[-65.99249,18.41322]},"properties":{"probability":0.73,"inBuffer":false,"facType":"police"}},{"type":"Feature","geometry":{"type":"Point","coordinates":[-65.98799,18.41322]},"properties":{"probability":0.814,"inBuffer":false,"facType":"police"}},{"type":"Feature","geometry":{"type":"Point","coordinates":[-65.98351,18.41322]},"properties":{"probability":0.85,"inBuffer":false,"facType":"police"}},{"type":"Feature","geometry":{"type":"Point","coordinates":[-65.97901,18.41322]},"properties":{"probability":0.749,"inBuffer":false,"facType":"police"}},{"type":"Feature","geometry":{"type":"Point","coordinates":[-65.97452,18.41322]},"properties":{"probability":0.654,"inBuffer":false,"facType":"police"}},{"type":"Feature","geometry":{"type":"Point","coordinates":[-65.97003,18.41322]},"properties":{"probability":0.745,"inBuffer":false,"facType":"police"}},{"type":"Feature","geometry":{"type":"Point","coordinates":[-65.96554,18.41322]},"properties":{"probability":0.647,"inBuffer":false,"facType":"police"}},{"type":"Feature","geometry":{"type":"Point","coordinates":[-65.96104,18.41322]},"properties":{"probability":0.509,"inBuffer":false,"facType":"police"}},{"type":"Feature","geometry":{"type":"Point","coordinates":[-65.95655,18.41322]},"properties":{"probability":0.436,"inBuffer":false,"facType":"police"}},{"type":"Feature","geometry":{"type":"Point","coordinates":[-65.95206,18.41322]},"properties":{"probability":0.328,"inBuffer":false,"facType":"police"}},{"type":"Feature","geometry":{"type":"Point","coordinates":[-66.1991,18.40873]},"properties":{"probability":0.601,"inBuffer":false,"facType":"police"}},{"type":"Feature","geometry":{"type":"Point","coordinates":[-66.19461,18.40873]},"properties":{"probability":0.622,"inBuffer":false,"facType":"police"}},{"type":"Feature","geometry":{"type":"Point","coordinates":[-66.19012,18.40873]},"properties":{"probability":0.614,"inBuffer":false,"facType":"police"}},{"type":"Feature","geometry":{"type":"Point","coordinates":[-66.18562,18.40873]},"properties":{"probability":0.641,"inBuffer":false,"facType":"police"}},{"type":"Feature","geometry":{"type":"Point","coordinates":[-66.18113,18.40873]},"properties":{"probability":0.41,"inBuffer":false,"facType":"police"}},{"type":"Feature","geometry":{"type":"Point","coordinates":[-66.17664,18.40873]},"properties":{"probability":0.441,"inBuffer":false,"facType":"police"}},{"type":"Feature","geometry":{"type":"Point","coordinates":[-66.17215,18.40873]},"properties":{"probability":0.34,"inBuffer":false,"facType":"police"}},{"type":"Feature","geometry":{"type":"Point","coordinates":[-66.16766,18.40873]},"properties":{"probability":0.397,"inBuffer":false,"facType":"police"}},{"type":"Feature","geometry":{"type":"Point","coordinates":[-66.16317,18.40873]},"properties":{"probability":0.606,"inBuffer":false,"facType":"police"}},{"type":"Feature","geometry":{"type":"Point","coordinates":[-66.15868,18.40873]},"properties":{"probability":0.768,"inBuffer":false,"facType":"police"}},{"type":"Feature","geometry":{"type":"Point","coordinates":[-66.15418,18.40873]},"properties":{"probability":0.575,"inBuffer":false,"facType":"police"}},{"type":"Feature","geometry":{"type":"Point","coordinates":[-66.14969,18.40873]},"properties":{"probability":0.813,"inBuffer":false,"facType":"police"}},{"type":"Feature","geometry":{"type":"Point","coordinates":[-66.1452,18.40873]},"properties":{"probability":0.777,"inBuffer":false,"facType":"police"}},{"type":"Feature","geometry":{"type":"Point","coordinates":[-66.14071,18.40873]},"properties":{"probability":0.602,"inBuffer":false,"facType":"police"}},{"type":"Feature","geometry":{"type":"Point","coordinates":[-66.13622,18.40873]},"properties":{"probability":0.439,"inBuffer":true,"facType":"police"}},{"type":"Feature","geometry":{"type":"Point","coordinates":[-66.13173,18.40873]},"properties":{"probability":0.405,"inBuffer":true,"facType":"police"}},{"type":"Feature","geometry":{"type":"Point","coordinates":[-66.12724,18.40873]},"properties":{"probability":0.407,"inBuffer":false,"facType":"police"}},{"type":"Feature","geometry":{"type":"Point","coordinates":[-66.12274,18.40873]},"properties":{"probability":0.625,"inBuffer":false,"facType":"police"}},{"type":"Feature","geometry":{"type":"Point","coordinates":[-66.11825,18.40873]},"properties":{"probability":0.623,"inBuffer":true,"facType":"police"}},{"type":"Feature","geometry":{"type":"Point","coordinates":[-66.11376,18.40873]},"properties":{"probability":0.48,"inBuffer":true,"facType":"police"}},{"type":"Feature","geometry":{"type":"Point","coordinates":[-66.10927,18.40873]},"properties":{"probability":0.856,"inBuffer":true,"facType":"police"}},{"type":"Feature","geometry":{"type":"Point","coordinates":[-66.10477,18.40873]},"properties":{"probability":0.842,"inBuffer":false,"facType":"police"}},{"type":"Feature","geometry":{"type":"Point","coordinates":[-66.10028,18.40873]},"properties":{"probability":0.844,"inBuffer":false,"facType":"police"}},{"type":"Feature","geometry":{"type":"Point","coordinates":[-66.09579,18.40873]},"properties":{"probability":0.622,"inBuffer":false,"facType":"police"}},{"type":"Feature","geometry":{"type":"Point","coordinates":[-66.0913,18.40873]},"properties":{"probability":0.688,"inBuffer":false,"facType":"police"}},{"type":"Feature","geometry":{"type":"Point","coordinates":[-66.08681,18.40873]},"properties":{"probability":0.665,"inBuffer":true,"facType":"police"}},{"type":"Feature","geometry":{"type":"Point","coordinates":[-66.08232,18.40873]},"properties":{"probability":0.774,"inBuffer":true,"facType":"police"}},{"type":"Feature","geometry":{"type":"Point","coordinates":[-66.07783,18.40873]},"properties":{"probability":0.805,"inBuffer":false,"facType":"police"}},{"type":"Feature","geometry":{"type":"Point","coordinates":[-66.07333,18.40873]},"properties":{"probability":0.842,"inBuffer":true,"facType":"police"}},{"type":"Feature","geometry":{"type":"Point","coordinates":[-66.06884,18.40873]},"properties":{"probability":0.847,"inBuffer":true,"facType":"police"}},{"type":"Feature","geometry":{"type":"Point","coordinates":[-66.06435,18.40873]},"properties":{"probability":0.848,"inBuffer":true,"facType":"police"}},{"type":"Feature","geometry":{"type":"Point","coordinates":[-66.05986,18.40873]},"properties":{"probability":0.847,"inBuffer":false,"facType":"police"}},{"type":"Feature","geometry":{"type":"Point","coordinates":[-66.05537,18.40873]},"properties":{"probability":0.855,"inBuffer":true,"facType":"police"}},{"type":"Feature","geometry":{"type":"Point","coordinates":[-66.05088,18.40873]},"properties":{"probability":0.85,"inBuffer":true,"facType":"police"}},{"type":"Feature","geometry":{"type":"Point","coordinates":[-66.04639,18.40873]},"properties":{"probability":0.843,"inBuffer":true,"facType":"police"}},{"type":"Feature","geometry":{"type":"Point","coordinates":[-66.04189,18.40873]},"properties":{"probability":0.816,"inBuffer":false,"facType":"police"}},{"type":"Feature","geometry":{"type":"Point","coordinates":[-66.0374,18.40873]},"properties":{"probability":0.828,"inBuffer":true,"facType":"police"}},{"type":"Feature","geometry":{"type":"Point","coordinates":[-66.03291,18.40873]},"properties":{"probability":0.848,"inBuffer":true,"facType":"police"}},{"type":"Feature","geometry":{"type":"Point","coordinates":[-66.02842,18.40873]},"properties":{"probability":0.859,"inBuffer":false,"facType":"police"}},{"type":"Feature","geometry":{"type":"Point","coordinates":[-66.02393,18.40873]},"properties":{"probability":0.846,"inBuffer":false,"facType":"police"}},{"type":"Feature","geometry":{"type":"Point","coordinates":[-66.01944,18.40873]},"properties":{"probability":0.466,"inBuffer":false,"facType":"police"}},{"type":"Feature","geometry":{"type":"Point","coordinates":[-66.01495,18.40873]},"properties":{"probability":0.348,"inBuffer":false,"facType":"police"}},{"type":"Feature","geometry":{"type":"Point","coordinates":[-66.01045,18.40873]},"properties":{"probability":0.432,"inBuffer":false,"facType":"police"}},{"type":"Feature","geometry":{"type":"Point","coordinates":[-66.00596,18.40873]},"properties":{"probability":0.559,"inBuffer":false,"facType":"police"}},{"type":"Feature","geometry":{"type":"Point","coordinates":[-66.00147,18.40873]},"properties":{"probability":0.648,"inBuffer":false,"facType":"police"}},{"type":"Feature","geometry":{"type":"Point","coordinates":[-65.99698,18.40873]},"properties":{"probability":0.655,"inBuffer":true,"facType":"police"}},{"type":"Feature","geometry":{"type":"Point","coordinates":[-65.99249,18.40873]},"properties":{"probability":0.649,"inBuffer":true,"facType":"police"}},{"type":"Feature","geometry":{"type":"Point","coordinates":[-65.98799,18.40873]},"properties":{"probability":0.784,"inBuffer":false,"facType":"police"}},{"type":"Feature","geometry":{"type":"Point","coordinates":[-65.98351,18.40873]},"properties":{"probability":0.843,"inBuffer":false,"facType":"police"}},{"type":"Feature","geometry":{"type":"Point","coordinates":[-65.97901,18.40873]},"properties":{"probability":0.773,"inBuffer":false,"facType":"police"}},{"type":"Feature","geometry":{"type":"Point","coordinates":[-65.97452,18.40873]},"properties":{"probability":0.795,"inBuffer":false,"facType":"police"}},{"type":"Feature","geometry":{"type":"Point","coordinates":[-65.97003,18.40873]},"properties":{"probability":0.784,"inBuffer":false,"facType":"police"}},{"type":"Feature","geometry":{"type":"Point","coordinates":[-65.96554,18.40873]},"properties":{"probability":0.653,"inBuffer":false,"facType":"police"}},{"type":"Feature","geometry":{"type":"Point","coordinates":[-65.96104,18.40873]},"properties":{"probability":0.465,"inBuffer":false,"facType":"police"}},{"type":"Feature","geometry":{"type":"Point","coordinates":[-65.95655,18.40873]},"properties":{"probability":0.34,"inBuffer":false,"facType":"police"}},{"type":"Feature","geometry":{"type":"Point","coordinates":[-65.95206,18.40873]},"properties":{"probability":0.464,"inBuffer":false,"facType":"police"}},{"type":"Feature","geometry":{"type":"Point","coordinates":[-66.1991,18.40423]},"properties":{"probability":0.809,"inBuffer":false,"facType":"police"}},{"type":"Feature","geometry":{"type":"Point","coordinates":[-66.19461,18.40423]},"properties":{"probability":0.837,"inBuffer":false,"facType":"police"}},{"type":"Feature","geometry":{"type":"Point","coordinates":[-66.19012,18.40423]},"properties":{"probability":0.672,"inBuffer":false,"facType":"police"}},{"type":"Feature","geometry":{"type":"Point","coordinates":[-66.18562,18.40423]},"properties":{"probability":0.737,"inBuffer":false,"facType":"police"}},{"type":"Feature","geometry":{"type":"Point","coordinates":[-66.18113,18.40423]},"properties":{"probability":0.79,"inBuffer":false,"facType":"police"}},{"type":"Feature","geometry":{"type":"Point","coordinates":[-66.17664,18.40423]},"properties":{"probability":0.644,"inBuffer":false,"facType":"police"}},{"type":"Feature","geometry":{"type":"Point","coordinates":[-66.17215,18.40423]},"properties":{"probability":0.543,"inBuffer":false,"facType":"police"}},{"type":"Feature","geometry":{"type":"Point","coordinates":[-66.16766,18.40423]},"properties":{"probability":0.654,"inBuffer":true,"facType":"police"}},{"type":"Feature","geometry":{"type":"Point","coordinates":[-66.16317,18.40423]},"properties":{"probability":0.761,"inBuffer":false,"facType":"police"}},{"type":"Feature","geometry":{"type":"Point","coordinates":[-66.15868,18.40423]},"properties":{"probability":0.818,"inBuffer":true,"facType":"police"}},{"type":"Feature","geometry":{"type":"Point","coordinates":[-66.15418,18.40423]},"properties":{"probability":0.753,"inBuffer":true,"facType":"police"}},{"type":"Feature","geometry":{"type":"Point","coordinates":[-66.14969,18.40423]},"properties":{"probability":0.423,"inBuffer":true,"facType":"police"}},{"type":"Feature","geometry":{"type":"Point","coordinates":[-66.1452,18.40423]},"properties":{"probability":0.406,"inBuffer":true,"facType":"police"}},{"type":"Feature","geometry":{"type":"Point","coordinates":[-66.14071,18.40423]},"properties":{"probability":0.403,"inBuffer":false,"facType":"police"}},{"type":"Feature","geometry":{"type":"Point","coordinates":[-66.13622,18.40423]},"properties":{"probability":0.38,"inBuffer":false,"facType":"police"}},{"type":"Feature","geometry":{"type":"Point","coordinates":[-66.13173,18.40423]},"properties":{"probability":0.364,"inBuffer":false,"facType":"police"}},{"type":"Feature","geometry":{"type":"Point","coordinates":[-66.12724,18.40423]},"properties":{"probability":0.372,"inBuffer":false,"facType":"police"}},{"type":"Feature","geometry":{"type":"Point","coordinates":[-66.12274,18.40423]},"properties":{"probability":0.431,"inBuffer":false,"facType":"police"}},{"type":"Feature","geometry":{"type":"Point","coordinates":[-66.11825,18.40423]},"properties":{"probability":0.629,"inBuffer":true,"facType":"police"}},{"type":"Feature","geometry":{"type":"Point","coordinates":[-66.11376,18.40423]},"properties":{"probability":0.654,"inBuffer":true,"facType":"police"}},{"type":"Feature","geometry":{"type":"Point","coordinates":[-66.10927,18.40423]},"properties":{"probability":0.859,"inBuffer":true,"facType":"police"}},{"type":"Feature","geometry":{"type":"Point","coordinates":[-66.10477,18.40423]},"properties":{"probability":0.842,"inBuffer":false,"facType":"police"}},{"type":"Feature","geometry":{"type":"Point","coordinates":[-66.10028,18.40423]},"properties":{"probability":0.845,"inBuffer":false,"facType":"police"}},{"type":"Feature","geometry":{"type":"Point","coordinates":[-66.09579,18.40423]},"properties":{"probability":0.548,"inBuffer":true,"facType":"police"}},{"type":"Feature","geometry":{"type":"Point","coordinates":[-66.0913,18.40423]},"properties":{"probability":0.783,"inBuffer":true,"facType":"police"}},{"type":"Feature","geometry":{"type":"Point","coordinates":[-66.08681,18.40423]},"properties":{"probability":0.788,"inBuffer":true,"facType":"police"}},{"type":"Feature","geometry":{"type":"Point","coordinates":[-66.08232,18.40423]},"properties":{"probability":0.739,"inBuffer":false,"facType":"police"}},{"type":"Feature","geometry":{"type":"Point","coordinates":[-66.07783,18.40423]},"properties":{"probability":0.778,"inBuffer":false,"facType":"police"}},{"type":"Feature","geometry":{"type":"Point","coordinates":[-66.07333,18.40423]},"properties":{"probability":0.802,"inBuffer":false,"facType":"police"}},{"type":"Feature","geometry":{"type":"Point","coordinates":[-66.06884,18.40423]},"properties":{"probability":0.832,"inBuffer":false,"facType":"police"}},{"type":"Feature","geometry":{"type":"Point","coordinates":[-66.06435,18.40423]},"properties":{"probability":0.827,"inBuffer":false,"facType":"police"}},{"type":"Feature","geometry":{"type":"Point","coordinates":[-66.05986,18.40423]},"properties":{"probability":0.847,"inBuffer":false,"facType":"police"}},{"type":"Feature","geometry":{"type":"Point","coordinates":[-66.05537,18.40423]},"properties":{"probability":0.843,"inBuffer":false,"facType":"police"}},{"type":"Feature","geometry":{"type":"Point","coordinates":[-66.05088,18.40423]},"properties":{"probability":0.847,"inBuffer":true,"facType":"police"}},{"type":"Feature","geometry":{"type":"Point","coordinates":[-66.04639,18.40423]},"properties":{"probability":0.844,"inBuffer":false,"facType":"police"}},{"type":"Feature","geometry":{"type":"Point","coordinates":[-66.04189,18.40423]},"properties":{"probability":0.845,"inBuffer":true,"facType":"police"}},{"type":"Feature","geometry":{"type":"Point","coordinates":[-66.0374,18.40423]},"properties":{"probability":0.8,"inBuffer":true,"facType":"police"}},{"type":"Feature","geometry":{"type":"Point","coordinates":[-66.03291,18.40423]},"properties":{"probability":0.807,"inBuffer":false,"facType":"police"}},{"type":"Feature","geometry":{"type":"Point","coordinates":[-66.02842,18.40423]},"properties":{"probability":0.829,"inBuffer":false,"facType":"police"}},{"type":"Feature","geometry":{"type":"Point","coordinates":[-66.02393,18.40423]},"properties":{"probability":0.795,"inBuffer":false,"facType":"police"}},{"type":"Feature","geometry":{"type":"Point","coordinates":[-66.01944,18.40423]},"properties":{"probability":0.648,"inBuffer":false,"facType":"police"}},{"type":"Feature","geometry":{"type":"Point","coordinates":[-66.01495,18.40423]},"properties":{"probability":0.63,"inBuffer":true,"facType":"police"}},{"type":"Feature","geometry":{"type":"Point","coordinates":[-66.01045,18.40423]},"properties":{"probability":0.642,"inBuffer":false,"facType":"police"}},{"type":"Feature","geometry":{"type":"Point","coordinates":[-66.00596,18.40423]},"properties":{"probability":0.651,"inBuffer":false,"facType":"police"}},{"type":"Feature","geometry":{"type":"Point","coordinates":[-66.00147,18.40423]},"properties":{"probability":0.655,"inBuffer":false,"facType":"police"}},{"type":"Feature","geometry":{"type":"Point","coordinates":[-65.99698,18.40423]},"properties":{"probability":0.648,"inBuffer":true,"facType":"police"}},{"type":"Feature","geometry":{"type":"Point","coordinates":[-65.99249,18.40423]},"properties":{"probability":0.61,"inBuffer":true,"facType":"police"}},{"type":"Feature","geometry":{"type":"Point","coordinates":[-65.98799,18.40423]},"properties":{"probability":0.747,"inBuffer":true,"facType":"police"}},{"type":"Feature","geometry":{"type":"Point","coordinates":[-65.98351,18.40423]},"properties":{"probability":0.824,"inBuffer":true,"facType":"police"}},{"type":"Feature","geometry":{"type":"Point","coordinates":[-65.97901,18.40423]},"properties":{"probability":0.836,"inBuffer":false,"facType":"police"}},{"type":"Feature","geometry":{"type":"Point","coordinates":[-65.97452,18.40423]},"properties":{"probability":0.844,"inBuffer":false,"facType":"police"}},{"type":"Feature","geometry":{"type":"Point","coordinates":[-65.97003,18.40423]},"properties":{"probability":0.824,"inBuffer":false,"facType":"police"}},{"type":"Feature","geometry":{"type":"Point","coordinates":[-65.96554,18.40423]},"properties":{"probability":0.782,"inBuffer":false,"facType":"police"}},{"type":"Feature","geometry":{"type":"Point","coordinates":[-65.96104,18.40423]},"properties":{"probability":0.478,"inBuffer":false,"facType":"police"}},{"type":"Feature","geometry":{"type":"Point","coordinates":[-65.95655,18.40423]},"properties":{"probability":0.427,"inBuffer":false,"facType":"police"}},{"type":"Feature","geometry":{"type":"Point","coordinates":[-65.95206,18.40423]},"properties":{"probability":0.329,"inBuffer":false,"facType":"police"}},{"type":"Feature","geometry":{"type":"Point","coordinates":[-66.1991,18.39974]},"properties":{"probability":0.411,"inBuffer":false,"facType":"police"}},{"type":"Feature","geometry":{"type":"Point","coordinates":[-66.19461,18.39974]},"properties":{"probability":0.437,"inBuffer":false,"facType":"police"}},{"type":"Feature","geometry":{"type":"Point","coordinates":[-66.19012,18.39974]},"properties":{"probability":0.426,"inBuffer":false,"facType":"police"}},{"type":"Feature","geometry":{"type":"Point","coordinates":[-66.18562,18.39974]},"properties":{"probability":0.483,"inBuffer":false,"facType":"police"}},{"type":"Feature","geometry":{"type":"Point","coordinates":[-66.18113,18.39974]},"properties":{"probability":0.502,"inBuffer":false,"facType":"police"}},{"type":"Feature","geometry":{"type":"Point","coordinates":[-66.17664,18.39974]},"properties":{"probability":0.406,"inBuffer":false,"facType":"police"}},{"type":"Feature","geometry":{"type":"Point","coordinates":[-66.17215,18.39974]},"properties":{"probability":0.481,"inBuffer":true,"facType":"police"}},{"type":"Feature","geometry":{"type":"Point","coordinates":[-66.16766,18.39974]},"properties":{"probability":0.822,"inBuffer":true,"facType":"police"}},{"type":"Feature","geometry":{"type":"Point","coordinates":[-66.16317,18.39974]},"properties":{"probability":0.851,"inBuffer":true,"facType":"police"}},{"type":"Feature","geometry":{"type":"Point","coordinates":[-66.15868,18.39974]},"properties":{"probability":0.858,"inBuffer":true,"facType":"police"}},{"type":"Feature","geometry":{"type":"Point","coordinates":[-66.15418,18.39974]},"properties":{"probability":0.856,"inBuffer":true,"facType":"police"}},{"type":"Feature","geometry":{"type":"Point","coordinates":[-66.14969,18.39974]},"properties":{"probability":0.849,"inBuffer":true,"facType":"police"}},{"type":"Feature","geometry":{"type":"Point","coordinates":[-66.1452,18.39974]},"properties":{"probability":0.776,"inBuffer":true,"facType":"police"}},{"type":"Feature","geometry":{"type":"Point","coordinates":[-66.14071,18.39974]},"properties":{"probability":0.428,"inBuffer":true,"facType":"police"}},{"type":"Feature","geometry":{"type":"Point","coordinates":[-66.13622,18.39974]},"properties":{"probability":0.512,"inBuffer":false,"facType":"police"}},{"type":"Feature","geometry":{"type":"Point","coordinates":[-66.13173,18.39974]},"properties":{"probability":0.749,"inBuffer":false,"facType":"police"}},{"type":"Feature","geometry":{"type":"Point","coordinates":[-66.12724,18.39974]},"properties":{"probability":0.795,"inBuffer":true,"facType":"police"}},{"type":"Feature","geometry":{"type":"Point","coordinates":[-66.12274,18.39974]},"properties":{"probability":0.809,"inBuffer":true,"facType":"police"}},{"type":"Feature","geometry":{"type":"Point","coordinates":[-66.11825,18.39974]},"properties":{"probability":0.78,"inBuffer":true,"facType":"police"}},{"type":"Feature","geometry":{"type":"Point","coordinates":[-66.11376,18.39974]},"properties":{"probability":0.742,"inBuffer":false,"facType":"police"}},{"type":"Feature","geometry":{"type":"Point","coordinates":[-66.10927,18.39974]},"properties":{"probability":0.817,"inBuffer":false,"facType":"police"}},{"type":"Feature","geometry":{"type":"Point","coordinates":[-66.10477,18.39974]},"properties":{"probability":0.832,"inBuffer":false,"facType":"police"}},{"type":"Feature","geometry":{"type":"Point","coordinates":[-66.10028,18.39974]},"properties":{"probability":0.809,"inBuffer":false,"facType":"police"}},{"type":"Feature","geometry":{"type":"Point","coordinates":[-66.09579,18.39974]},"properties":{"probability":0.775,"inBuffer":true,"facType":"police"}},{"type":"Feature","geometry":{"type":"Point","coordinates":[-66.0913,18.39974]},"properties":{"probability":0.779,"inBuffer":true,"facType":"police"}},{"type":"Feature","geometry":{"type":"Point","coordinates":[-66.08681,18.39974]},"properties":{"probability":0.788,"inBuffer":true,"facType":"police"}},{"type":"Feature","geometry":{"type":"Point","coordinates":[-66.08232,18.39974]},"properties":{"probability":0.748,"inBuffer":false,"facType":"police"}},{"type":"Feature","geometry":{"type":"Point","coordinates":[-66.07783,18.39974]},"properties":{"probability":0.832,"inBuffer":true,"facType":"police"}},{"type":"Feature","geometry":{"type":"Point","coordinates":[-66.07333,18.39974]},"properties":{"probability":0.845,"inBuffer":true,"facType":"police"}},{"type":"Feature","geometry":{"type":"Point","coordinates":[-66.06884,18.39974]},"properties":{"probability":0.772,"inBuffer":true,"facType":"police"}},{"type":"Feature","geometry":{"type":"Point","coordinates":[-66.06435,18.39974]},"properties":{"probability":0.478,"inBuffer":false,"facType":"police"}},{"type":"Feature","geometry":{"type":"Point","coordinates":[-66.05986,18.39974]},"properties":{"probability":0.642,"inBuffer":false,"facType":"police"}},{"type":"Feature","geometry":{"type":"Point","coordinates":[-66.05537,18.39974]},"properties":{"probability":0.83,"inBuffer":true,"facType":"police"}},{"type":"Feature","geometry":{"type":"Point","coordinates":[-66.05088,18.39974]},"properties":{"probability":0.856,"inBuffer":true,"facType":"police"}},{"type":"Feature","geometry":{"type":"Point","coordinates":[-66.04639,18.39974]},"properties":{"probability":0.848,"inBuffer":true,"facType":"police"}},{"type":"Feature","geometry":{"type":"Point","coordinates":[-66.04189,18.39974]},"properties":{"probability":0.846,"inBuffer":true,"facType":"police"}},{"type":"Feature","geometry":{"type":"Point","coordinates":[-66.0374,18.39974]},"properties":{"probability":0.824,"inBuffer":true,"facType":"police"}},{"type":"Feature","geometry":{"type":"Point","coordinates":[-66.03291,18.39974]},"properties":{"probability":0.845,"inBuffer":true,"facType":"police"}},{"type":"Feature","geometry":{"type":"Point","coordinates":[-66.02842,18.39974]},"properties":{"probability":0.841,"inBuffer":false,"facType":"police"}},{"type":"Feature","geometry":{"type":"Point","coordinates":[-66.02393,18.39974]},"properties":{"probability":0.785,"inBuffer":false,"facType":"police"}},{"type":"Feature","geometry":{"type":"Point","coordinates":[-66.01944,18.39974]},"properties":{"probability":0.75,"inBuffer":true,"facType":"police"}},{"type":"Feature","geometry":{"type":"Point","coordinates":[-66.01495,18.39974]},"properties":{"probability":0.799,"inBuffer":true,"facType":"police"}},{"type":"Feature","geometry":{"type":"Point","coordinates":[-66.01045,18.39974]},"properties":{"probability":0.808,"inBuffer":true,"facType":"police"}},{"type":"Feature","geometry":{"type":"Point","coordinates":[-66.00596,18.39974]},"properties":{"probability":0.786,"inBuffer":false,"facType":"police"}},{"type":"Feature","geometry":{"type":"Point","coordinates":[-66.00147,18.39974]},"properties":{"probability":0.788,"inBuffer":false,"facType":"police"}},{"type":"Feature","geometry":{"type":"Point","coordinates":[-65.99698,18.39974]},"properties":{"probability":0.762,"inBuffer":true,"facType":"police"}},{"type":"Feature","geometry":{"type":"Point","coordinates":[-65.99249,18.39974]},"properties":{"probability":0.806,"inBuffer":true,"facType":"police"}},{"type":"Feature","geometry":{"type":"Point","coordinates":[-65.98799,18.39974]},"properties":{"probability":0.784,"inBuffer":true,"facType":"police"}},{"type":"Feature","geometry":{"type":"Point","coordinates":[-65.98351,18.39974]},"properties":{"probability":0.759,"inBuffer":true,"facType":"police"}},{"type":"Feature","geometry":{"type":"Point","coordinates":[-65.97901,18.39974]},"properties":{"probability":0.654,"inBuffer":false,"facType":"police"}},{"type":"Feature","geometry":{"type":"Point","coordinates":[-65.97452,18.39974]},"properties":{"probability":0.631,"inBuffer":false,"facType":"police"}},{"type":"Feature","geometry":{"type":"Point","coordinates":[-65.97003,18.39974]},"properties":{"probability":0.775,"inBuffer":false,"facType":"police"}},{"type":"Feature","geometry":{"type":"Point","coordinates":[-65.96554,18.39974]},"properties":{"probability":0.664,"inBuffer":false,"facType":"police"}},{"type":"Feature","geometry":{"type":"Point","coordinates":[-65.96104,18.39974]},"properties":{"probability":0.65,"inBuffer":false,"facType":"police"}},{"type":"Feature","geometry":{"type":"Point","coordinates":[-65.95655,18.39974]},"properties":{"probability":0.652,"inBuffer":false,"facType":"police"}},{"type":"Feature","geometry":{"type":"Point","coordinates":[-65.95206,18.39974]},"properties":{"probability":0.387,"inBuffer":false,"facType":"police"}},{"type":"Feature","geometry":{"type":"Point","coordinates":[-66.1991,18.39525]},"properties":{"probability":0.343,"inBuffer":false,"facType":"police"}},{"type":"Feature","geometry":{"type":"Point","coordinates":[-66.19461,18.39525]},"properties":{"probability":0.411,"inBuffer":false,"facType":"police"}},{"type":"Feature","geometry":{"type":"Point","coordinates":[-66.19012,18.39525]},"properties":{"probability":0.406,"inBuffer":false,"facType":"police"}},{"type":"Feature","geometry":{"type":"Point","coordinates":[-66.18562,18.39525]},"properties":{"probability":0.378,"inBuffer":false,"facType":"police"}},{"type":"Feature","geometry":{"type":"Point","coordinates":[-66.18113,18.39525]},"properties":{"probability":0.449,"inBuffer":false,"facType":"police"}},{"type":"Feature","geometry":{"type":"Point","coordinates":[-66.17664,18.39525]},"properties":{"probability":0.43,"inBuffer":false,"facType":"police"}},{"type":"Feature","geometry":{"type":"Point","coordinates":[-66.17215,18.39525]},"properties":{"probability":0.447,"inBuffer":true,"facType":"police"}},{"type":"Feature","geometry":{"type":"Point","coordinates":[-66.16766,18.39525]},"properties":{"probability":0.787,"inBuffer":true,"facType":"police"}},{"type":"Feature","geometry":{"type":"Point","coordinates":[-66.16317,18.39525]},"properties":{"probability":0.843,"inBuffer":true,"facType":"police"}},{"type":"Feature","geometry":{"type":"Point","coordinates":[-66.15868,18.39525]},"properties":{"probability":0.855,"inBuffer":true,"facType":"police"}},{"type":"Feature","geometry":{"type":"Point","coordinates":[-66.15418,18.39525]},"properties":{"probability":0.856,"inBuffer":true,"facType":"police"}},{"type":"Feature","geometry":{"type":"Point","coordinates":[-66.14969,18.39525]},"properties":{"probability":0.857,"inBuffer":true,"facType":"police"}},{"type":"Feature","geometry":{"type":"Point","coordinates":[-66.1452,18.39525]},"properties":{"probability":0.83,"inBuffer":true,"facType":"police"}},{"type":"Feature","geometry":{"type":"Point","coordinates":[-66.14071,18.39525]},"properties":{"probability":0.461,"inBuffer":false,"facType":"police"}},{"type":"Feature","geometry":{"type":"Point","coordinates":[-66.13622,18.39525]},"properties":{"probability":0.478,"inBuffer":false,"facType":"police"}},{"type":"Feature","geometry":{"type":"Point","coordinates":[-66.13173,18.39525]},"properties":{"probability":0.551,"inBuffer":false,"facType":"police"}},{"type":"Feature","geometry":{"type":"Point","coordinates":[-66.12724,18.39525]},"properties":{"probability":0.611,"inBuffer":true,"facType":"police"}},{"type":"Feature","geometry":{"type":"Point","coordinates":[-66.12274,18.39525]},"properties":{"probability":0.651,"inBuffer":true,"facType":"police"}},{"type":"Feature","geometry":{"type":"Point","coordinates":[-66.11825,18.39525]},"properties":{"probability":0.645,"inBuffer":true,"facType":"police"}},{"type":"Feature","geometry":{"type":"Point","coordinates":[-66.11376,18.39525]},"properties":{"probability":0.67,"inBuffer":true,"facType":"police"}},{"type":"Feature","geometry":{"type":"Point","coordinates":[-66.10927,18.39525]},"properties":{"probability":0.646,"inBuffer":false,"facType":"police"}},{"type":"Feature","geometry":{"type":"Point","coordinates":[-66.10477,18.39525]},"properties":{"probability":0.835,"inBuffer":false,"facType":"police"}},{"type":"Feature","geometry":{"type":"Point","coordinates":[-66.10028,18.39525]},"properties":{"probability":0.835,"inBuffer":true,"facType":"police"}},{"type":"Feature","geometry":{"type":"Point","coordinates":[-66.09579,18.39525]},"properties":{"probability":0.784,"inBuffer":true,"facType":"police"}},{"type":"Feature","geometry":{"type":"Point","coordinates":[-66.0913,18.39525]},"properties":{"probability":0.799,"inBuffer":true,"facType":"police"}},{"type":"Feature","geometry":{"type":"Point","coordinates":[-66.08681,18.39525]},"properties":{"probability":0.831,"inBuffer":false,"facType":"police"}},{"type":"Feature","geometry":{"type":"Point","coordinates":[-66.08232,18.39525]},"properties":{"probability":0.841,"inBuffer":true,"facType":"police"}},{"type":"Feature","geometry":{"type":"Point","coordinates":[-66.07783,18.39525]},"properties":{"probability":0.845,"inBuffer":true,"facType":"police"}},{"type":"Feature","geometry":{"type":"Point","coordinates":[-66.07333,18.39525]},"properties":{"probability":0.825,"inBuffer":true,"facType":"police"}},{"type":"Feature","geometry":{"type":"Point","coordinates":[-66.06884,18.39525]},"properties":{"probability":0.658,"inBuffer":true,"facType":"police"}},{"type":"Feature","geometry":{"type":"Point","coordinates":[-66.06435,18.39525]},"properties":{"probability":0.482,"inBuffer":false,"facType":"police"}},{"type":"Feature","geometry":{"type":"Point","coordinates":[-66.05986,18.39525]},"properties":{"probability":0.382,"inBuffer":false,"facType":"police"}},{"type":"Feature","geometry":{"type":"Point","coordinates":[-66.05537,18.39525]},"properties":{"probability":0.536,"inBuffer":true,"facType":"police"}},{"type":"Feature","geometry":{"type":"Point","coordinates":[-66.05088,18.39525]},"properties":{"probability":0.665,"inBuffer":true,"facType":"police"}},{"type":"Feature","geometry":{"type":"Point","coordinates":[-66.04639,18.39525]},"properties":{"probability":0.671,"inBuffer":true,"facType":"police"}},{"type":"Feature","geometry":{"type":"Point","coordinates":[-66.04189,18.39525]},"properties":{"probability":0.787,"inBuffer":true,"facType":"police"}},{"type":"Feature","geometry":{"type":"Point","coordinates":[-66.0374,18.39525]},"properties":{"probability":0.826,"inBuffer":true,"facType":"police"}},{"type":"Feature","geometry":{"type":"Point","coordinates":[-66.03291,18.39525]},"properties":{"probability":0.792,"inBuffer":true,"facType":"police"}},{"type":"Feature","geometry":{"type":"Point","coordinates":[-66.02842,18.39525]},"properties":{"probability":0.8,"inBuffer":true,"facType":"police"}},{"type":"Feature","geometry":{"type":"Point","coordinates":[-66.02393,18.39525]},"properties":{"probability":0.607,"inBuffer":false,"facType":"police"}},{"type":"Feature","geometry":{"type":"Point","coordinates":[-66.01944,18.39525]},"properties":{"probability":0.669,"inBuffer":true,"facType":"police"}},{"type":"Feature","geometry":{"type":"Point","coordinates":[-66.01495,18.39525]},"properties":{"probability":0.745,"inBuffer":true,"facType":"police"}},{"type":"Feature","geometry":{"type":"Point","coordinates":[-66.01045,18.39525]},"properties":{"probability":0.779,"inBuffer":true,"facType":"police"}},{"type":"Feature","geometry":{"type":"Point","coordinates":[-66.00596,18.39525]},"properties":{"probability":0.787,"inBuffer":false,"facType":"police"}},{"type":"Feature","geometry":{"type":"Point","coordinates":[-66.00147,18.39525]},"properties":{"probability":0.785,"inBuffer":false,"facType":"police"}},{"type":"Feature","geometry":{"type":"Point","coordinates":[-65.99698,18.39525]},"properties":{"probability":0.815,"inBuffer":false,"facType":"police"}},{"type":"Feature","geometry":{"type":"Point","coordinates":[-65.99249,18.39525]},"properties":{"probability":0.785,"inBuffer":false,"facType":"police"}},{"type":"Feature","geometry":{"type":"Point","coordinates":[-65.98799,18.39525]},"properties":{"probability":0.671,"inBuffer":true,"facType":"police"}},{"type":"Feature","geometry":{"type":"Point","coordinates":[-65.98351,18.39525]},"properties":{"probability":0.634,"inBuffer":false,"facType":"police"}},{"type":"Feature","geometry":{"type":"Point","coordinates":[-65.97901,18.39525]},"properties":{"probability":0.755,"inBuffer":false,"facType":"police"}},{"type":"Feature","geometry":{"type":"Point","coordinates":[-65.97452,18.39525]},"properties":{"probability":0.797,"inBuffer":false,"facType":"police"}},{"type":"Feature","geometry":{"type":"Point","coordinates":[-65.97003,18.39525]},"properties":{"probability":0.784,"inBuffer":true,"facType":"police"}},{"type":"Feature","geometry":{"type":"Point","coordinates":[-65.96554,18.39525]},"properties":{"probability":0.771,"inBuffer":false,"facType":"police"}},{"type":"Feature","geometry":{"type":"Point","coordinates":[-65.96104,18.39525]},"properties":{"probability":0.625,"inBuffer":false,"facType":"police"}},{"type":"Feature","geometry":{"type":"Point","coordinates":[-65.95655,18.39525]},"properties":{"probability":0.64,"inBuffer":false,"facType":"police"}},{"type":"Feature","geometry":{"type":"Point","coordinates":[-65.95206,18.39525]},"properties":{"probability":0.52,"inBuffer":false,"facType":"police"}},{"type":"Feature","geometry":{"type":"Point","coordinates":[-66.1991,18.39076]},"properties":{"probability":0.353,"inBuffer":false,"facType":"police"}},{"type":"Feature","geometry":{"type":"Point","coordinates":[-66.19461,18.39076]},"properties":{"probability":0.328,"inBuffer":false,"facType":"police"}},{"type":"Feature","geometry":{"type":"Point","coordinates":[-66.19012,18.39076]},"properties":{"probability":0.347,"inBuffer":false,"facType":"police"}},{"type":"Feature","geometry":{"type":"Point","coordinates":[-66.18562,18.39076]},"properties":{"probability":0.449,"inBuffer":false,"facType":"police"}},{"type":"Feature","geometry":{"type":"Point","coordinates":[-66.18113,18.39076]},"properties":{"probability":0.446,"inBuffer":false,"facType":"police"}},{"type":"Feature","geometry":{"type":"Point","coordinates":[-66.17664,18.39076]},"properties":{"probability":0.503,"inBuffer":false,"facType":"police"}},{"type":"Feature","geometry":{"type":"Point","coordinates":[-66.17215,18.39076]},"properties":{"probability":0.564,"inBuffer":true,"facType":"police"}},{"type":"Feature","geometry":{"type":"Point","coordinates":[-66.16766,18.39076]},"properties":{"probability":0.739,"inBuffer":true,"facType":"police"}},{"type":"Feature","geometry":{"type":"Point","coordinates":[-66.16317,18.39076]},"properties":{"probability":0.783,"inBuffer":true,"facType":"police"}},{"type":"Feature","geometry":{"type":"Point","coordinates":[-66.15868,18.39076]},"properties":{"probability":0.796,"inBuffer":false,"facType":"police"}},{"type":"Feature","geometry":{"type":"Point","coordinates":[-66.15418,18.39076]},"properties":{"probability":0.793,"inBuffer":true,"facType":"police"}},{"type":"Feature","geometry":{"type":"Point","coordinates":[-66.14969,18.39076]},"properties":{"probability":0.788,"inBuffer":true,"facType":"police"}},{"type":"Feature","geometry":{"type":"Point","coordinates":[-66.1452,18.39076]},"properties":{"probability":0.735,"inBuffer":true,"facType":"police"}},{"type":"Feature","geometry":{"type":"Point","coordinates":[-66.14071,18.39076]},"properties":{"probability":0.604,"inBuffer":false,"facType":"police"}},{"type":"Feature","geometry":{"type":"Point","coordinates":[-66.13622,18.39076]},"properties":{"probability":0.444,"inBuffer":false,"facType":"police"}},{"type":"Feature","geometry":{"type":"Point","coordinates":[-66.13173,18.39076]},"properties":{"probability":0.394,"inBuffer":false,"facType":"police"}},{"type":"Feature","geometry":{"type":"Point","coordinates":[-66.12724,18.39076]},"properties":{"probability":0.437,"inBuffer":false,"facType":"police"}},{"type":"Feature","geometry":{"type":"Point","coordinates":[-66.12274,18.39076]},"properties":{"probability":0.613,"inBuffer":true,"facType":"police"}},{"type":"Feature","geometry":{"type":"Point","coordinates":[-66.11825,18.39076]},"properties":{"probability":0.676,"inBuffer":true,"facType":"police"}},{"type":"Feature","geometry":{"type":"Point","coordinates":[-66.11376,18.39076]},"properties":{"probability":0.628,"inBuffer":true,"facType":"police"}},{"type":"Feature","geometry":{"type":"Point","coordinates":[-66.10927,18.39076]},"properties":{"probability":0.617,"inBuffer":false,"facType":"police"}},{"type":"Feature","geometry":{"type":"Point","coordinates":[-66.10477,18.39076]},"properties":{"probability":0.844,"inBuffer":true,"facType":"police"}},{"type":"Feature","geometry":{"type":"Point","coordinates":[-66.10028,18.39076]},"properties":{"probability":0.824,"inBuffer":true,"facType":"police"}},{"type":"Feature","geometry":{"type":"Point","coordinates":[-66.09579,18.39076]},"properties":{"probability":0.743,"inBuffer":true,"facType":"police"}},{"type":"Feature","geometry":{"type":"Point","coordinates":[-66.0913,18.39076]},"properties":{"probability":0.799,"inBuffer":true,"facType":"police"}},{"type":"Feature","geometry":{"type":"Point","coordinates":[-66.08681,18.39076]},"properties":{"probability":0.844,"inBuffer":false,"facType":"police"}},{"type":"Feature","geometry":{"type":"Point","coordinates":[-66.08232,18.39076]},"properties":{"probability":0.851,"inBuffer":true,"facType":"police"}},{"type":"Feature","geometry":{"type":"Point","coordinates":[-66.07783,18.39076]},"properties":{"probability":0.832,"inBuffer":true,"facType":"police"}},{"type":"Feature","geometry":{"type":"Point","coordinates":[-66.07333,18.39076]},"properties":{"probability":0.761,"inBuffer":true,"facType":"police"}},{"type":"Feature","geometry":{"type":"Point","coordinates":[-66.06884,18.39076]},"properties":{"probability":0.652,"inBuffer":true,"facType":"police"}},{"type":"Feature","geometry":{"type":"Point","coordinates":[-66.06435,18.39076]},"properties":{"probability":0.659,"inBuffer":false,"facType":"police"}},{"type":"Feature","geometry":{"type":"Point","coordinates":[-66.05986,18.39076]},"properties":{"probability":0.48,"inBuffer":false,"facType":"police"}},{"type":"Feature","geometry":{"type":"Point","coordinates":[-66.05537,18.39076]},"properties":{"probability":0.432,"inBuffer":true,"facType":"police"}},{"type":"Feature","geometry":{"type":"Point","coordinates":[-66.05088,18.39076]},"properties":{"probability":0.403,"inBuffer":true,"facType":"police"}},{"type":"Feature","geometry":{"type":"Point","coordinates":[-66.04639,18.39076]},"properties":{"probability":0.396,"inBuffer":false,"facType":"police"}},{"type":"Feature","geometry":{"type":"Point","coordinates":[-66.04189,18.39076]},"properties":{"probability":0.367,"inBuffer":false,"facType":"police"}},{"type":"Feature","geometry":{"type":"Point","coordinates":[-66.0374,18.39076]},"properties":{"probability":0.669,"inBuffer":true,"facType":"police"}},{"type":"Feature","geometry":{"type":"Point","coordinates":[-66.03291,18.39076]},"properties":{"probability":0.666,"inBuffer":true,"facType":"police"}},{"type":"Feature","geometry":{"type":"Point","coordinates":[-66.02842,18.39076]},"properties":{"probability":0.51,"inBuffer":false,"facType":"police"}},{"type":"Feature","geometry":{"type":"Point","coordinates":[-66.02393,18.39076]},"properties":{"probability":0.494,"inBuffer":true,"facType":"police"}},{"type":"Feature","geometry":{"type":"Point","coordinates":[-66.01944,18.39076]},"properties":{"probability":0.456,"inBuffer":false,"facType":"police"}},{"type":"Feature","geometry":{"type":"Point","coordinates":[-66.01495,18.39076]},"properties":{"probability":0.522,"inBuffer":true,"facType":"police"}},{"type":"Feature","geometry":{"type":"Point","coordinates":[-66.01045,18.39076]},"properties":{"probability":0.537,"inBuffer":false,"facType":"police"}},{"type":"Feature","geometry":{"type":"Point","coordinates":[-66.00596,18.39076]},"properties":{"probability":0.588,"inBuffer":false,"facType":"police"}},{"type":"Feature","geometry":{"type":"Point","coordinates":[-66.00147,18.39076]},"properties":{"probability":0.606,"inBuffer":false,"facType":"police"}},{"type":"Feature","geometry":{"type":"Point","coordinates":[-65.99698,18.39076]},"properties":{"probability":0.714,"inBuffer":false,"facType":"police"}},{"type":"Feature","geometry":{"type":"Point","coordinates":[-65.99249,18.39076]},"properties":{"probability":0.619,"inBuffer":false,"facType":"police"}},{"type":"Feature","geometry":{"type":"Point","coordinates":[-65.98799,18.39076]},"properties":{"probability":0.474,"inBuffer":false,"facType":"police"}},{"type":"Feature","geometry":{"type":"Point","coordinates":[-65.98351,18.39076]},"properties":{"probability":0.477,"inBuffer":false,"facType":"police"}},{"type":"Feature","geometry":{"type":"Point","coordinates":[-65.97901,18.39076]},"properties":{"probability":0.677,"inBuffer":false,"facType":"police"}},{"type":"Feature","geometry":{"type":"Point","coordinates":[-65.97452,18.39076]},"properties":{"probability":0.805,"inBuffer":true,"facType":"police"}},{"type":"Feature","geometry":{"type":"Point","coordinates":[-65.97003,18.39076]},"properties":{"probability":0.797,"inBuffer":true,"facType":"police"}},{"type":"Feature","geometry":{"type":"Point","coordinates":[-65.96554,18.39076]},"properties":{"probability":0.804,"inBuffer":true,"facType":"police"}},{"type":"Feature","geometry":{"type":"Point","coordinates":[-65.96104,18.39076]},"properties":{"probability":0.784,"inBuffer":false,"facType":"police"}},{"type":"Feature","geometry":{"type":"Point","coordinates":[-65.95655,18.39076]},"properties":{"probability":0.785,"inBuffer":false,"facType":"police"}},{"type":"Feature","geometry":{"type":"Point","coordinates":[-65.95206,18.39076]},"properties":{"probability":0.465,"inBuffer":false,"facType":"police"}},{"type":"Feature","geometry":{"type":"Point","coordinates":[-66.1991,18.38627]},"properties":{"probability":0.349,"inBuffer":false,"facType":"police"}},{"type":"Feature","geometry":{"type":"Point","coordinates":[-66.19461,18.38627]},"properties":{"probability":0.434,"inBuffer":false,"facType":"police"}},{"type":"Feature","geometry":{"type":"Point","coordinates":[-66.19012,18.38627]},"properties":{"probability":0.345,"inBuffer":false,"facType":"police"}},{"type":"Feature","geometry":{"type":"Point","coordinates":[-66.18562,18.38627]},"properties":{"probability":0.433,"inBuffer":false,"facType":"police"}},{"type":"Feature","geometry":{"type":"Point","coordinates":[-66.18113,18.38627]},"properties":{"probability":0.434,"inBuffer":false,"facType":"police"}},{"type":"Feature","geometry":{"type":"Point","coordinates":[-66.17664,18.38627]},"properties":{"probability":0.652,"inBuffer":false,"facType":"police"}},{"type":"Feature","geometry":{"type":"Point","coordinates":[-66.17215,18.38627]},"properties":{"probability":0.778,"inBuffer":false,"facType":"police"}},{"type":"Feature","geometry":{"type":"Point","coordinates":[-66.16766,18.38627]},"properties":{"probability":0.78,"inBuffer":true,"facType":"police"}},{"type":"Feature","geometry":{"type":"Point","coordinates":[-66.16317,18.38627]},"properties":{"probability":0.789,"inBuffer":false,"facType":"police"}},{"type":"Feature","geometry":{"type":"Point","coordinates":[-66.15868,18.38627]},"properties":{"probability":0.784,"inBuffer":false,"facType":"police"}},{"type":"Feature","geometry":{"type":"Point","coordinates":[-66.15418,18.38627]},"properties":{"probability":0.661,"inBuffer":false,"facType":"police"}},{"type":"Feature","geometry":{"type":"Point","coordinates":[-66.14969,18.38627]},"properties":{"probability":0.748,"inBuffer":false,"facType":"police"}},{"type":"Feature","geometry":{"type":"Point","coordinates":[-66.1452,18.38627]},"properties":{"probability":0.79,"inBuffer":false,"facType":"police"}},{"type":"Feature","geometry":{"type":"Point","coordinates":[-66.14071,18.38627]},"properties":{"probability":0.721,"inBuffer":false,"facType":"police"}},{"type":"Feature","geometry":{"type":"Point","coordinates":[-66.13622,18.38627]},"properties":{"probability":0.387,"inBuffer":false,"facType":"police"}},{"type":"Feature","geometry":{"type":"Point","coordinates":[-66.13173,18.38627]},"properties":{"probability":0.368,"inBuffer":false,"facType":"police"}},{"type":"Feature","geometry":{"type":"Point","coordinates":[-66.12724,18.38627]},"properties":{"probability":0.524,"inBuffer":false,"facType":"police"}},{"type":"Feature","geometry":{"type":"Point","coordinates":[-66.12274,18.38627]},"properties":{"probability":0.668,"inBuffer":false,"facType":"police"}},{"type":"Feature","geometry":{"type":"Point","coordinates":[-66.11825,18.38627]},"properties":{"probability":0.677,"inBuffer":true,"facType":"police"}},{"type":"Feature","geometry":{"type":"Point","coordinates":[-66.11376,18.38627]},"properties":{"probability":0.654,"inBuffer":false,"facType":"police"}},{"type":"Feature","geometry":{"type":"Point","coordinates":[-66.10927,18.38627]},"properties":{"probability":0.602,"inBuffer":false,"facType":"police"}},{"type":"Feature","geometry":{"type":"Point","coordinates":[-66.10477,18.38627]},"properties":{"probability":0.76,"inBuffer":false,"facType":"police"}},{"type":"Feature","geometry":{"type":"Point","coordinates":[-66.10028,18.38627]},"properties":{"probability":0.711,"inBuffer":true,"facType":"police"}},{"type":"Feature","geometry":{"type":"Point","coordinates":[-66.09579,18.38627]},"properties":{"probability":0.671,"inBuffer":true,"facType":"police"}},{"type":"Feature","geometry":{"type":"Point","coordinates":[-66.0913,18.38627]},"properties":{"probability":0.648,"inBuffer":false,"facType":"police"}},{"type":"Feature","geometry":{"type":"Point","coordinates":[-66.08681,18.38627]},"properties":{"probability":0.816,"inBuffer":true,"facType":"police"}},{"type":"Feature","geometry":{"type":"Point","coordinates":[-66.08232,18.38627]},"properties":{"probability":0.843,"inBuffer":true,"facType":"police"}},{"type":"Feature","geometry":{"type":"Point","coordinates":[-66.07783,18.38627]},"properties":{"probability":0.742,"inBuffer":true,"facType":"police"}},{"type":"Feature","geometry":{"type":"Point","coordinates":[-66.07333,18.38627]},"properties":{"probability":0.723,"inBuffer":true,"facType":"police"}},{"type":"Feature","geometry":{"type":"Point","coordinates":[-66.06884,18.38627]},"properties":{"probability":0.747,"inBuffer":true,"facType":"police"}},{"type":"Feature","geometry":{"type":"Point","coordinates":[-66.06435,18.38627]},"properties":{"probability":0.681,"inBuffer":false,"facType":"police"}},{"type":"Feature","geometry":{"type":"Point","coordinates":[-66.05986,18.38627]},"properties":{"probability":0.651,"inBuffer":false,"facType":"police"}},{"type":"Feature","geometry":{"type":"Point","coordinates":[-66.05537,18.38627]},"properties":{"probability":0.386,"inBuffer":false,"facType":"police"}},{"type":"Feature","geometry":{"type":"Point","coordinates":[-66.05088,18.38627]},"properties":{"probability":0.406,"inBuffer":false,"facType":"police"}},{"type":"Feature","geometry":{"type":"Point","coordinates":[-66.04639,18.38627]},"properties":{"probability":0.369,"inBuffer":false,"facType":"police"}},{"type":"Feature","geometry":{"type":"Point","coordinates":[-66.04189,18.38627]},"properties":{"probability":0.375,"inBuffer":false,"facType":"police"}},{"type":"Feature","geometry":{"type":"Point","coordinates":[-66.0374,18.38627]},"properties":{"probability":0.513,"inBuffer":false,"facType":"police"}},{"type":"Feature","geometry":{"type":"Point","coordinates":[-66.03291,18.38627]},"properties":{"probability":0.654,"inBuffer":false,"facType":"police"}},{"type":"Feature","geometry":{"type":"Point","coordinates":[-66.02842,18.38627]},"properties":{"probability":0.472,"inBuffer":true,"facType":"police"}},{"type":"Feature","geometry":{"type":"Point","coordinates":[-66.02393,18.38627]},"properties":{"probability":0.462,"inBuffer":true,"facType":"police"}},{"type":"Feature","geometry":{"type":"Point","coordinates":[-66.01944,18.38627]},"properties":{"probability":0.457,"inBuffer":true,"facType":"police"}},{"type":"Feature","geometry":{"type":"Point","coordinates":[-66.01495,18.38627]},"properties":{"probability":0.434,"inBuffer":false,"facType":"police"}},{"type":"Feature","geometry":{"type":"Point","coordinates":[-66.01045,18.38627]},"properties":{"probability":0.408,"inBuffer":false,"facType":"police"}},{"type":"Feature","geometry":{"type":"Point","coordinates":[-66.00596,18.38627]},"properties":{"probability":0.384,"inBuffer":false,"facType":"police"}},{"type":"Feature","geometry":{"type":"Point","coordinates":[-66.00147,18.38627]},"properties":{"probability":0.45,"inBuffer":false,"facType":"police"}},{"type":"Feature","geometry":{"type":"Point","coordinates":[-65.99698,18.38627]},"properties":{"probability":0.358,"inBuffer":false,"facType":"police"}},{"type":"Feature","geometry":{"type":"Point","coordinates":[-65.99249,18.38627]},"properties":{"probability":0.359,"inBuffer":false,"facType":"police"}},{"type":"Feature","geometry":{"type":"Point","coordinates":[-65.98799,18.38627]},"properties":{"probability":0.502,"inBuffer":false,"facType":"police"}},{"type":"Feature","geometry":{"type":"Point","coordinates":[-65.98351,18.38627]},"properties":{"probability":0.64,"inBuffer":true,"facType":"police"}},{"type":"Feature","geometry":{"type":"Point","coordinates":[-65.97901,18.38627]},"properties":{"probability":0.747,"inBuffer":true,"facType":"police"}},{"type":"Feature","geometry":{"type":"Point","coordinates":[-65.97452,18.38627]},"properties":{"probability":0.758,"inBuffer":true,"facType":"police"}},{"type":"Feature","geometry":{"type":"Point","coordinates":[-65.97003,18.38627]},"properties":{"probability":0.778,"inBuffer":true,"facType":"police"}},{"type":"Feature","geometry":{"type":"Point","coordinates":[-65.96554,18.38627]},"properties":{"probability":0.83,"inBuffer":true,"facType":"police"}},{"type":"Feature","geometry":{"type":"Point","coordinates":[-65.96104,18.38627]},"properties":{"probability":0.835,"inBuffer":true,"facType":"police"}},{"type":"Feature","geometry":{"type":"Point","coordinates":[-65.95655,18.38627]},"properties":{"probability":0.784,"inBuffer":false,"facType":"police"}},{"type":"Feature","geometry":{"type":"Point","coordinates":[-65.95206,18.38627]},"properties":{"probability":0.386,"inBuffer":false,"facType":"police"}},{"type":"Feature","geometry":{"type":"Point","coordinates":[-66.1991,18.38178]},"properties":{"probability":0.366,"inBuffer":false,"facType":"police"}},{"type":"Feature","geometry":{"type":"Point","coordinates":[-66.19461,18.38178]},"properties":{"probability":0.361,"inBuffer":false,"facType":"police"}},{"type":"Feature","geometry":{"type":"Point","coordinates":[-66.19012,18.38178]},"properties":{"probability":0.346,"inBuffer":false,"facType":"police"}},{"type":"Feature","geometry":{"type":"Point","coordinates":[-66.18562,18.38178]},"properties":{"probability":0.496,"inBuffer":false,"facType":"police"}},{"type":"Feature","geometry":{"type":"Point","coordinates":[-66.18113,18.38178]},"properties":{"probability":0.508,"inBuffer":false,"facType":"police"}},{"type":"Feature","geometry":{"type":"Point","coordinates":[-66.17664,18.38178]},"properties":{"probability":0.607,"inBuffer":false,"facType":"police"}},{"type":"Feature","geometry":{"type":"Point","coordinates":[-66.17215,18.38178]},"properties":{"probability":0.791,"inBuffer":false,"facType":"police"}},{"type":"Feature","geometry":{"type":"Point","coordinates":[-66.16766,18.38178]},"properties":{"probability":0.784,"inBuffer":false,"facType":"police"}},{"type":"Feature","geometry":{"type":"Point","coordinates":[-66.16317,18.38178]},"properties":{"probability":0.626,"inBuffer":false,"facType":"police"}},{"type":"Feature","geometry":{"type":"Point","coordinates":[-66.15868,18.38178]},"properties":{"probability":0.63,"inBuffer":false,"facType":"police"}},{"type":"Feature","geometry":{"type":"Point","coordinates":[-66.15418,18.38178]},"properties":{"probability":0.632,"inBuffer":false,"facType":"police"}},{"type":"Feature","geometry":{"type":"Point","coordinates":[-66.14969,18.38178]},"properties":{"probability":0.806,"inBuffer":false,"facType":"police"}},{"type":"Feature","geometry":{"type":"Point","coordinates":[-66.1452,18.38178]},"properties":{"probability":0.842,"inBuffer":false,"facType":"police"}},{"type":"Feature","geometry":{"type":"Point","coordinates":[-66.14071,18.38178]},"properties":{"probability":0.809,"inBuffer":false,"facType":"police"}},{"type":"Feature","geometry":{"type":"Point","coordinates":[-66.13622,18.38178]},"properties":{"probability":0.472,"inBuffer":false,"facType":"police"}},{"type":"Feature","geometry":{"type":"Point","coordinates":[-66.13173,18.38178]},"properties":{"probability":0.47,"inBuffer":false,"facType":"police"}},{"type":"Feature","geometry":{"type":"Point","coordinates":[-66.12724,18.38178]},"properties":{"probability":0.573,"inBuffer":false,"facType":"police"}},{"type":"Feature","geometry":{"type":"Point","coordinates":[-66.12274,18.38178]},"properties":{"probability":0.689,"inBuffer":false,"facType":"police"}},{"type":"Feature","geometry":{"type":"Point","coordinates":[-66.11825,18.38178]},"properties":{"probability":0.636,"inBuffer":false,"facType":"police"}},{"type":"Feature","geometry":{"type":"Point","coordinates":[-66.11376,18.38178]},"properties":{"probability":0.676,"inBuffer":true,"facType":"police"}},{"type":"Feature","geometry":{"type":"Point","coordinates":[-66.10927,18.38178]},"properties":{"probability":0.639,"inBuffer":false,"facType":"police"}},{"type":"Feature","geometry":{"type":"Point","coordinates":[-66.10477,18.38178]},"properties":{"probability":0.587,"inBuffer":false,"facType":"police"}},{"type":"Feature","geometry":{"type":"Point","coordinates":[-66.10028,18.38178]},"properties":{"probability":0.639,"inBuffer":false,"facType":"police"}},{"type":"Feature","geometry":{"type":"Point","coordinates":[-66.09579,18.38178]},"properties":{"probability":0.688,"inBuffer":false,"facType":"police"}},{"type":"Feature","geometry":{"type":"Point","coordinates":[-66.0913,18.38178]},"properties":{"probability":0.631,"inBuffer":false,"facType":"police"}},{"type":"Feature","geometry":{"type":"Point","coordinates":[-66.08681,18.38178]},"properties":{"probability":0.604,"inBuffer":false,"facType":"police"}},{"type":"Feature","geometry":{"type":"Point","coordinates":[-66.08232,18.38178]},"properties":{"probability":0.663,"inBuffer":true,"facType":"police"}},{"type":"Feature","geometry":{"type":"Point","coordinates":[-66.07783,18.38178]},"properties":{"probability":0.644,"inBuffer":true,"facType":"police"}},{"type":"Feature","geometry":{"type":"Point","coordinates":[-66.07333,18.38178]},"properties":{"probability":0.766,"inBuffer":true,"facType":"police"}},{"type":"Feature","geometry":{"type":"Point","coordinates":[-66.06884,18.38178]},"properties":{"probability":0.783,"inBuffer":true,"facType":"police"}},{"type":"Feature","geometry":{"type":"Point","coordinates":[-66.06435,18.38178]},"properties":{"probability":0.639,"inBuffer":false,"facType":"police"}},{"type":"Feature","geometry":{"type":"Point","coordinates":[-66.05986,18.38178]},"properties":{"probability":0.66,"inBuffer":false,"facType":"police"}},{"type":"Feature","geometry":{"type":"Point","coordinates":[-66.05537,18.38178]},"properties":{"probability":0.483,"inBuffer":false,"facType":"police"}},{"type":"Feature","geometry":{"type":"Point","coordinates":[-66.05088,18.38178]},"properties":{"probability":0.444,"inBuffer":false,"facType":"police"}},{"type":"Feature","geometry":{"type":"Point","coordinates":[-66.04639,18.38178]},"properties":{"probability":0.391,"inBuffer":false,"facType":"police"}},{"type":"Feature","geometry":{"type":"Point","coordinates":[-66.04189,18.38178]},"properties":{"probability":0.397,"inBuffer":false,"facType":"police"}},{"type":"Feature","geometry":{"type":"Point","coordinates":[-66.0374,18.38178]},"properties":{"probability":0.413,"inBuffer":false,"facType":"police"}},{"type":"Feature","geometry":{"type":"Point","coordinates":[-66.03291,18.38178]},"properties":{"probability":0.424,"inBuffer":false,"facType":"police"}},{"type":"Feature","geometry":{"type":"Point","coordinates":[-66.02842,18.38178]},"properties":{"probability":0.43,"inBuffer":true,"facType":"police"}},{"type":"Feature","geometry":{"type":"Point","coordinates":[-66.02393,18.38178]},"properties":{"probability":0.391,"inBuffer":true,"facType":"police"}},{"type":"Feature","geometry":{"type":"Point","coordinates":[-66.01944,18.38178]},"properties":{"probability":0.402,"inBuffer":true,"facType":"police"}},{"type":"Feature","geometry":{"type":"Point","coordinates":[-66.01495,18.38178]},"properties":{"probability":0.344,"inBuffer":false,"facType":"police"}},{"type":"Feature","geometry":{"type":"Point","coordinates":[-66.01045,18.38178]},"properties":{"probability":0.366,"inBuffer":false,"facType":"police"}},{"type":"Feature","geometry":{"type":"Point","coordinates":[-66.00596,18.38178]},"properties":{"probability":0.362,"inBuffer":false,"facType":"police"}},{"type":"Feature","geometry":{"type":"Point","coordinates":[-66.00147,18.38178]},"properties":{"probability":0.346,"inBuffer":false,"facType":"police"}},{"type":"Feature","geometry":{"type":"Point","coordinates":[-65.99698,18.38178]},"properties":{"probability":0.393,"inBuffer":false,"facType":"police"}},{"type":"Feature","geometry":{"type":"Point","coordinates":[-65.99249,18.38178]},"properties":{"probability":0.367,"inBuffer":false,"facType":"police"}},{"type":"Feature","geometry":{"type":"Point","coordinates":[-65.98799,18.38178]},"properties":{"probability":0.65,"inBuffer":false,"facType":"police"}},{"type":"Feature","geometry":{"type":"Point","coordinates":[-65.98351,18.38178]},"properties":{"probability":0.795,"inBuffer":true,"facType":"police"}},{"type":"Feature","geometry":{"type":"Point","coordinates":[-65.97901,18.38178]},"properties":{"probability":0.796,"inBuffer":true,"facType":"police"}},{"type":"Feature","geometry":{"type":"Point","coordinates":[-65.97452,18.38178]},"properties":{"probability":0.745,"inBuffer":true,"facType":"police"}},{"type":"Feature","geometry":{"type":"Point","coordinates":[-65.97003,18.38178]},"properties":{"probability":0.745,"inBuffer":false,"facType":"police"}},{"type":"Feature","geometry":{"type":"Point","coordinates":[-65.96554,18.38178]},"properties":{"probability":0.831,"inBuffer":true,"facType":"police"}},{"type":"Feature","geometry":{"type":"Point","coordinates":[-65.96104,18.38178]},"properties":{"probability":0.844,"inBuffer":true,"facType":"police"}},{"type":"Feature","geometry":{"type":"Point","coordinates":[-65.95655,18.38178]},"properties":{"probability":0.842,"inBuffer":true,"facType":"police"}},{"type":"Feature","geometry":{"type":"Point","coordinates":[-65.95206,18.38178]},"properties":{"probability":0.461,"inBuffer":false,"facType":"police"}},{"type":"Feature","geometry":{"type":"Point","coordinates":[-66.1991,18.37729]},"properties":{"probability":0.476,"inBuffer":false,"facType":"police"}},{"type":"Feature","geometry":{"type":"Point","coordinates":[-66.19461,18.37729]},"properties":{"probability":0.42,"inBuffer":false,"facType":"police"}},{"type":"Feature","geometry":{"type":"Point","coordinates":[-66.19012,18.37729]},"properties":{"probability":0.4,"inBuffer":false,"facType":"police"}},{"type":"Feature","geometry":{"type":"Point","coordinates":[-66.18562,18.37729]},"properties":{"probability":0.507,"inBuffer":false,"facType":"police"}},{"type":"Feature","geometry":{"type":"Point","coordinates":[-66.18113,18.37729]},"properties":{"probability":0.607,"inBuffer":false,"facType":"police"}},{"type":"Feature","geometry":{"type":"Point","coordinates":[-66.17664,18.37729]},"properties":{"probability":0.64,"inBuffer":false,"facType":"police"}},{"type":"Feature","geometry":{"type":"Point","coordinates":[-66.17215,18.37729]},"properties":{"probability":0.77,"inBuffer":false,"facType":"police"}},{"type":"Feature","geometry":{"type":"Point","coordinates":[-66.16766,18.37729]},"properties":{"probability":0.663,"inBuffer":false,"facType":"police"}},{"type":"Feature","geometry":{"type":"Point","coordinates":[-66.16317,18.37729]},"properties":{"probability":0.52,"inBuffer":false,"facType":"police"}},{"type":"Feature","geometry":{"type":"Point","coordinates":[-66.15868,18.37729]},"properties":{"probability":0.493,"inBuffer":false,"facType":"police"}},{"type":"Feature","geometry":{"type":"Point","coordinates":[-66.15418,18.37729]},"properties":{"probability":0.639,"inBuffer":false,"facType":"police"}},{"type":"Feature","geometry":{"type":"Point","coordinates":[-66.14969,18.37729]},"properties":{"probability":0.788,"inBuffer":false,"facType":"police"}},{"type":"Feature","geometry":{"type":"Point","coordinates":[-66.1452,18.37729]},"properties":{"probability":0.792,"inBuffer":false,"facType":"police"}},{"type":"Feature","geometry":{"type":"Point","coordinates":[-66.14071,18.37729]},"properties":{"probability":0.689,"inBuffer":false,"facType":"police"}},{"type":"Feature","geometry":{"type":"Point","coordinates":[-66.13622,18.37729]},"properties":{"probability":0.402,"inBuffer":false,"facType":"police"}},{"type":"Feature","geometry":{"type":"Point","coordinates":[-66.13173,18.37729]},"properties":{"probability":0.491,"inBuffer":false,"facType":"police"}},{"type":"Feature","geometry":{"type":"Point","coordinates":[-66.12724,18.37729]},"properties":{"probability":0.631,"inBuffer":false,"facType":"police"}},{"type":"Feature","geometry":{"type":"Point","coordinates":[-66.12274,18.37729]},"properties":{"probability":0.596,"inBuffer":false,"facType":"police"}},{"type":"Feature","geometry":{"type":"Point","coordinates":[-66.11825,18.37729]},"properties":{"probability":0.478,"inBuffer":true,"facType":"police"}},{"type":"Feature","geometry":{"type":"Point","coordinates":[-66.11376,18.37729]},"properties":{"probability":0.676,"inBuffer":true,"facType":"police"}},{"type":"Feature","geometry":{"type":"Point","coordinates":[-66.10927,18.37729]},"properties":{"probability":0.796,"inBuffer":true,"facType":"police"}},{"type":"Feature","geometry":{"type":"Point","coordinates":[-66.10477,18.37729]},"properties":{"probability":0.634,"inBuffer":false,"facType":"police"}},{"type":"Feature","geometry":{"type":"Point","coordinates":[-66.10028,18.37729]},"properties":{"probability":0.643,"inBuffer":false,"facType":"police"}},{"type":"Feature","geometry":{"type":"Point","coordinates":[-66.09579,18.37729]},"properties":{"probability":0.789,"inBuffer":false,"facType":"police"}},{"type":"Feature","geometry":{"type":"Point","coordinates":[-66.0913,18.37729]},"properties":{"probability":0.661,"inBuffer":false,"facType":"police"}},{"type":"Feature","geometry":{"type":"Point","coordinates":[-66.08681,18.37729]},"properties":{"probability":0.483,"inBuffer":false,"facType":"police"}},{"type":"Feature","geometry":{"type":"Point","coordinates":[-66.08232,18.37729]},"properties":{"probability":0.516,"inBuffer":false,"facType":"police"}},{"type":"Feature","geometry":{"type":"Point","coordinates":[-66.07783,18.37729]},"properties":{"probability":0.647,"inBuffer":false,"facType":"police"}},{"type":"Feature","geometry":{"type":"Point","coordinates":[-66.07333,18.37729]},"properties":{"probability":0.677,"inBuffer":false,"facType":"police"}},{"type":"Feature","geometry":{"type":"Point","coordinates":[-66.06884,18.37729]},"properties":{"probability":0.663,"inBuffer":false,"facType":"police"}},{"type":"Feature","geometry":{"type":"Point","coordinates":[-66.06435,18.37729]},"properties":{"probability":0.399,"inBuffer":false,"facType":"police"}},{"type":"Feature","geometry":{"type":"Point","coordinates":[-66.05986,18.37729]},"properties":{"probability":0.527,"inBuffer":false,"facType":"police"}},{"type":"Feature","geometry":{"type":"Point","coordinates":[-66.05537,18.37729]},"properties":{"probability":0.645,"inBuffer":false,"facType":"police"}},{"type":"Feature","geometry":{"type":"Point","coordinates":[-66.05088,18.37729]},"properties":{"probability":0.659,"inBuffer":true,"facType":"police"}},{"type":"Feature","geometry":{"type":"Point","coordinates":[-66.04639,18.37729]},"properties":{"probability":0.675,"inBuffer":true,"facType":"police"}},{"type":"Feature","geometry":{"type":"Point","coordinates":[-66.04189,18.37729]},"properties":{"probability":0.472,"inBuffer":true,"facType":"police"}},{"type":"Feature","geometry":{"type":"Point","coordinates":[-66.0374,18.37729]},"properties":{"probability":0.356,"inBuffer":false,"facType":"police"}},{"type":"Feature","geometry":{"type":"Point","coordinates":[-66.03291,18.37729]},"properties":{"probability":0.377,"inBuffer":false,"facType":"police"}},{"type":"Feature","geometry":{"type":"Point","coordinates":[-66.02842,18.37729]},"properties":{"probability":0.441,"inBuffer":false,"facType":"police"}},{"type":"Feature","geometry":{"type":"Point","coordinates":[-66.02393,18.37729]},"properties":{"probability":0.392,"inBuffer":false,"facType":"police"}},{"type":"Feature","geometry":{"type":"Point","coordinates":[-66.01944,18.37729]},"properties":{"probability":0.363,"inBuffer":false,"facType":"police"}},{"type":"Feature","geometry":{"type":"Point","coordinates":[-66.01495,18.37729]},"properties":{"probability":0.382,"inBuffer":false,"facType":"police"}},{"type":"Feature","geometry":{"type":"Point","coordinates":[-66.01045,18.37729]},"properties":{"probability":0.457,"inBuffer":false,"facType":"police"}},{"type":"Feature","geometry":{"type":"Point","coordinates":[-66.00596,18.37729]},"properties":{"probability":0.449,"inBuffer":false,"facType":"police"}},{"type":"Feature","geometry":{"type":"Point","coordinates":[-66.00147,18.37729]},"properties":{"probability":0.454,"inBuffer":false,"facType":"police"}},{"type":"Feature","geometry":{"type":"Point","coordinates":[-65.99698,18.37729]},"properties":{"probability":0.429,"inBuffer":false,"facType":"police"}},{"type":"Feature","geometry":{"type":"Point","coordinates":[-65.99249,18.37729]},"properties":{"probability":0.43,"inBuffer":false,"facType":"police"}},{"type":"Feature","geometry":{"type":"Point","coordinates":[-65.98799,18.37729]},"properties":{"probability":0.521,"inBuffer":false,"facType":"police"}},{"type":"Feature","geometry":{"type":"Point","coordinates":[-65.98351,18.37729]},"properties":{"probability":0.67,"inBuffer":true,"facType":"police"}},{"type":"Feature","geometry":{"type":"Point","coordinates":[-65.97901,18.37729]},"properties":{"probability":0.709,"inBuffer":true,"facType":"police"}},{"type":"Feature","geometry":{"type":"Point","coordinates":[-65.97452,18.37729]},"properties":{"probability":0.726,"inBuffer":false,"facType":"police"}},{"type":"Feature","geometry":{"type":"Point","coordinates":[-65.97003,18.37729]},"properties":{"probability":0.638,"inBuffer":false,"facType":"police"}},{"type":"Feature","geometry":{"type":"Point","coordinates":[-65.96554,18.37729]},"properties":{"probability":0.641,"inBuffer":true,"facType":"police"}},{"type":"Feature","geometry":{"type":"Point","coordinates":[-65.96104,18.37729]},"properties":{"probability":0.78,"inBuffer":true,"facType":"police"}},{"type":"Feature","geometry":{"type":"Point","coordinates":[-65.95655,18.37729]},"properties":{"probability":0.78,"inBuffer":true,"facType":"police"}},{"type":"Feature","geometry":{"type":"Point","coordinates":[-65.95206,18.37729]},"properties":{"probability":0.655,"inBuffer":false,"facType":"police"}},{"type":"Feature","geometry":{"type":"Point","coordinates":[-66.1991,18.37279]},"properties":{"probability":0.414,"inBuffer":false,"facType":"police"}},{"type":"Feature","geometry":{"type":"Point","coordinates":[-66.19461,18.37279]},"properties":{"probability":0.77,"inBuffer":false,"facType":"police"}},{"type":"Feature","geometry":{"type":"Point","coordinates":[-66.19012,18.37279]},"properties":{"probability":0.735,"inBuffer":false,"facType":"police"}},{"type":"Feature","geometry":{"type":"Point","coordinates":[-66.18562,18.37279]},"properties":{"probability":0.624,"inBuffer":false,"facType":"police"}},{"type":"Feature","geometry":{"type":"Point","coordinates":[-66.18113,18.37279]},"properties":{"probability":0.592,"inBuffer":false,"facType":"police"}},{"type":"Feature","geometry":{"type":"Point","coordinates":[-66.17664,18.37279]},"properties":{"probability":0.566,"inBuffer":false,"facType":"police"}},{"type":"Feature","geometry":{"type":"Point","coordinates":[-66.17215,18.37279]},"properties":{"probability":0.503,"inBuffer":false,"facType":"police"}},{"type":"Feature","geometry":{"type":"Point","coordinates":[-66.16766,18.37279]},"properties":{"probability":0.656,"inBuffer":false,"facType":"police"}},{"type":"Feature","geometry":{"type":"Point","coordinates":[-66.16317,18.37279]},"properties":{"probability":0.619,"inBuffer":false,"facType":"police"}},{"type":"Feature","geometry":{"type":"Point","coordinates":[-66.15868,18.37279]},"properties":{"probability":0.63,"inBuffer":true,"facType":"police"}},{"type":"Feature","geometry":{"type":"Point","coordinates":[-66.15418,18.37279]},"properties":{"probability":0.672,"inBuffer":true,"facType":"police"}},{"type":"Feature","geometry":{"type":"Point","coordinates":[-66.14969,18.37279]},"properties":{"probability":0.666,"inBuffer":true,"facType":"police"}},{"type":"Feature","geometry":{"type":"Point","coordinates":[-66.1452,18.37279]},"properties":{"probability":0.662,"inBuffer":false,"facType":"police"}},{"type":"Feature","geometry":{"type":"Point","coordinates":[-66.14071,18.37279]},"properties":{"probability":0.49,"inBuffer":false,"facType":"police"}},{"type":"Feature","geometry":{"type":"Point","coordinates":[-66.13622,18.37279]},"properties":{"probability":0.415,"inBuffer":false,"facType":"police"}},{"type":"Feature","geometry":{"type":"Point","coordinates":[-66.13173,18.37279]},"properties":{"probability":0.469,"inBuffer":false,"facType":"police"}},{"type":"Feature","geometry":{"type":"Point","coordinates":[-66.12724,18.37279]},"properties":{"probability":0.475,"inBuffer":false,"facType":"police"}},{"type":"Feature","geometry":{"type":"Point","coordinates":[-66.12274,18.37279]},"properties":{"probability":0.464,"inBuffer":false,"facType":"police"}},{"type":"Feature","geometry":{"type":"Point","coordinates":[-66.11825,18.37279]},"properties":{"probability":0.633,"inBuffer":true,"facType":"police"}},{"type":"Feature","geometry":{"type":"Point","coordinates":[-66.11376,18.37279]},"properties":{"probability":0.806,"inBuffer":true,"facType":"police"}},{"type":"Feature","geometry":{"type":"Point","coordinates":[-66.10927,18.37279]},"properties":{"probability":0.852,"inBuffer":true,"facType":"police"}},{"type":"Feature","geometry":{"type":"Point","coordinates":[-66.10477,18.37279]},"properties":{"probability":0.806,"inBuffer":false,"facType":"police"}},{"type":"Feature","geometry":{"type":"Point","coordinates":[-66.10028,18.37279]},"properties":{"probability":0.645,"inBuffer":false,"facType":"police"}},{"type":"Feature","geometry":{"type":"Point","coordinates":[-66.09579,18.37279]},"properties":{"probability":0.787,"inBuffer":false,"facType":"police"}},{"type":"Feature","geometry":{"type":"Point","coordinates":[-66.0913,18.37279]},"properties":{"probability":0.661,"inBuffer":false,"facType":"police"}},{"type":"Feature","geometry":{"type":"Point","coordinates":[-66.08681,18.37279]},"properties":{"probability":0.64,"inBuffer":false,"facType":"police"}},{"type":"Feature","geometry":{"type":"Point","coordinates":[-66.08232,18.37279]},"properties":{"probability":0.658,"inBuffer":false,"facType":"police"}},{"type":"Feature","geometry":{"type":"Point","coordinates":[-66.07783,18.37279]},"properties":{"probability":0.834,"inBuffer":false,"facType":"police"}},{"type":"Feature","geometry":{"type":"Point","coordinates":[-66.07333,18.37279]},"properties":{"probability":0.843,"inBuffer":false,"facType":"police"}},{"type":"Feature","geometry":{"type":"Point","coordinates":[-66.06884,18.37279]},"properties":{"probability":0.668,"inBuffer":false,"facType":"police"}},{"type":"Feature","geometry":{"type":"Point","coordinates":[-66.06435,18.37279]},"properties":{"probability":0.599,"inBuffer":false,"facType":"police"}},{"type":"Feature","geometry":{"type":"Point","coordinates":[-66.05986,18.37279]},"properties":{"probability":0.473,"inBuffer":false,"facType":"police"}},{"type":"Feature","geometry":{"type":"Point","coordinates":[-66.05537,18.37279]},"properties":{"probability":0.482,"inBuffer":false,"facType":"police"}},{"type":"Feature","geometry":{"type":"Point","coordinates":[-66.05088,18.37279]},"properties":{"probability":0.426,"inBuffer":true,"facType":"police"}},{"type":"Feature","geometry":{"type":"Point","coordinates":[-66.04639,18.37279]},"properties":{"probability":0.646,"inBuffer":true,"facType":"police"}},{"type":"Feature","geometry":{"type":"Point","coordinates":[-66.04189,18.37279]},"properties":{"probability":0.569,"inBuffer":true,"facType":"police"}},{"type":"Feature","geometry":{"type":"Point","coordinates":[-66.0374,18.37279]},"properties":{"probability":0.368,"inBuffer":false,"facType":"police"}},{"type":"Feature","geometry":{"type":"Point","coordinates":[-66.03291,18.37279]},"properties":{"probability":0.352,"inBuffer":false,"facType":"police"}},{"type":"Feature","geometry":{"type":"Point","coordinates":[-66.02842,18.37279]},"properties":{"probability":0.424,"inBuffer":false,"facType":"police"}},{"type":"Feature","geometry":{"type":"Point","coordinates":[-66.02393,18.37279]},"properties":{"probability":0.568,"inBuffer":true,"facType":"police"}},{"type":"Feature","geometry":{"type":"Point","coordinates":[-66.01944,18.37279]},"properties":{"probability":0.613,"inBuffer":true,"facType":"police"}},{"type":"Feature","geometry":{"type":"Point","coordinates":[-66.01495,18.37279]},"properties":{"probability":0.612,"inBuffer":false,"facType":"police"}},{"type":"Feature","geometry":{"type":"Point","coordinates":[-66.01045,18.37279]},"properties":{"probability":0.434,"inBuffer":false,"facType":"police"}},{"type":"Feature","geometry":{"type":"Point","coordinates":[-66.00596,18.37279]},"properties":{"probability":0.346,"inBuffer":false,"facType":"police"}},{"type":"Feature","geometry":{"type":"Point","coordinates":[-66.00147,18.37279]},"properties":{"probability":0.347,"inBuffer":false,"facType":"police"}},{"type":"Feature","geometry":{"type":"Point","coordinates":[-65.99698,18.37279]},"properties":{"probability":0.368,"inBuffer":false,"facType":"police"}},{"type":"Feature","geometry":{"type":"Point","coordinates":[-65.99249,18.37279]},"properties":{"probability":0.332,"inBuffer":false,"facType":"police"}},{"type":"Feature","geometry":{"type":"Point","coordinates":[-65.98799,18.37279]},"properties":{"probability":0.426,"inBuffer":false,"facType":"police"}},{"type":"Feature","geometry":{"type":"Point","coordinates":[-65.98351,18.37279]},"properties":{"probability":0.499,"inBuffer":false,"facType":"police"}},{"type":"Feature","geometry":{"type":"Point","coordinates":[-65.97901,18.37279]},"properties":{"probability":0.522,"inBuffer":false,"facType":"police"}},{"type":"Feature","geometry":{"type":"Point","coordinates":[-65.97452,18.37279]},"properties":{"probability":0.661,"inBuffer":false,"facType":"police"}},{"type":"Feature","geometry":{"type":"Point","coordinates":[-65.97003,18.37279]},"properties":{"probability":0.388,"inBuffer":false,"facType":"police"}},{"type":"Feature","geometry":{"type":"Point","coordinates":[-65.96554,18.37279]},"properties":{"probability":0.403,"inBuffer":false,"facType":"police"}},{"type":"Feature","geometry":{"type":"Point","coordinates":[-65.96104,18.37279]},"properties":{"probability":0.36,"inBuffer":false,"facType":"police"}},{"type":"Feature","geometry":{"type":"Point","coordinates":[-65.95655,18.37279]},"properties":{"probability":0.474,"inBuffer":false,"facType":"police"}},{"type":"Feature","geometry":{"type":"Point","coordinates":[-65.95206,18.37279]},"properties":{"probability":0.656,"inBuffer":false,"facType":"police"}},{"type":"Feature","geometry":{"type":"Point","coordinates":[-66.1991,18.3683]},"properties":{"probability":0.415,"inBuffer":false,"facType":"police"}},{"type":"Feature","geometry":{"type":"Point","coordinates":[-66.19461,18.3683]},"properties":{"probability":0.667,"inBuffer":false,"facType":"police"}},{"type":"Feature","geometry":{"type":"Point","coordinates":[-66.19012,18.3683]},"properties":{"probability":0.765,"inBuffer":false,"facType":"police"}},{"type":"Feature","geometry":{"type":"Point","coordinates":[-66.18562,18.3683]},"properties":{"probability":0.663,"inBuffer":false,"facType":"police"}},{"type":"Feature","geometry":{"type":"Point","coordinates":[-66.18113,18.3683]},"properties":{"probability":0.536,"inBuffer":false,"facType":"police"}},{"type":"Feature","geometry":{"type":"Point","coordinates":[-66.17664,18.3683]},"properties":{"probability":0.476,"inBuffer":false,"facType":"police"}},{"type":"Feature","geometry":{"type":"Point","coordinates":[-66.17215,18.3683]},"properties":{"probability":0.531,"inBuffer":false,"facType":"police"}},{"type":"Feature","geometry":{"type":"Point","coordinates":[-66.16766,18.3683]},"properties":{"probability":0.625,"inBuffer":false,"facType":"police"}},{"type":"Feature","geometry":{"type":"Point","coordinates":[-66.16317,18.3683]},"properties":{"probability":0.645,"inBuffer":false,"facType":"police"}},{"type":"Feature","geometry":{"type":"Point","coordinates":[-66.15868,18.3683]},"properties":{"probability":0.66,"inBuffer":true,"facType":"police"}},{"type":"Feature","geometry":{"type":"Point","coordinates":[-66.15418,18.3683]},"properties":{"probability":0.669,"inBuffer":true,"facType":"police"}},{"type":"Feature","geometry":{"type":"Point","coordinates":[-66.14969,18.3683]},"properties":{"probability":0.655,"inBuffer":true,"facType":"police"}},{"type":"Feature","geometry":{"type":"Point","coordinates":[-66.1452,18.3683]},"properties":{"probability":0.414,"inBuffer":true,"facType":"police"}},{"type":"Feature","geometry":{"type":"Point","coordinates":[-66.14071,18.3683]},"properties":{"probability":0.416,"inBuffer":false,"facType":"police"}},{"type":"Feature","geometry":{"type":"Point","coordinates":[-66.13622,18.3683]},"properties":{"probability":0.356,"inBuffer":false,"facType":"police"}},{"type":"Feature","geometry":{"type":"Point","coordinates":[-66.13173,18.3683]},"properties":{"probability":0.483,"inBuffer":false,"facType":"police"}},{"type":"Feature","geometry":{"type":"Point","coordinates":[-66.12724,18.3683]},"properties":{"probability":0.521,"inBuffer":false,"facType":"police"}},{"type":"Feature","geometry":{"type":"Point","coordinates":[-66.12274,18.3683]},"properties":{"probability":0.41,"inBuffer":false,"facType":"police"}},{"type":"Feature","geometry":{"type":"Point","coordinates":[-66.11825,18.3683]},"properties":{"probability":0.432,"inBuffer":false,"facType":"police"}},{"type":"Feature","geometry":{"type":"Point","coordinates":[-66.11376,18.3683]},"properties":{"probability":0.793,"inBuffer":true,"facType":"police"}},{"type":"Feature","geometry":{"type":"Point","coordinates":[-66.10927,18.3683]},"properties":{"probability":0.845,"inBuffer":true,"facType":"police"}},{"type":"Feature","geometry":{"type":"Point","coordinates":[-66.10477,18.3683]},"properties":{"probability":0.801,"inBuffer":false,"facType":"police"}},{"type":"Feature","geometry":{"type":"Point","coordinates":[-66.10028,18.3683]},"properties":{"probability":0.78,"inBuffer":true,"facType":"police"}},{"type":"Feature","geometry":{"type":"Point","coordinates":[-66.09579,18.3683]},"properties":{"probability":0.659,"inBuffer":true,"facType":"police"}},{"type":"Feature","geometry":{"type":"Point","coordinates":[-66.0913,18.3683]},"properties":{"probability":0.677,"inBuffer":false,"facType":"police"}},{"type":"Feature","geometry":{"type":"Point","coordinates":[-66.08681,18.3683]},"properties":{"probability":0.649,"inBuffer":false,"facType":"police"}},{"type":"Feature","geometry":{"type":"Point","coordinates":[-66.08232,18.3683]},"properties":{"probability":0.778,"inBuffer":false,"facType":"police"}},{"type":"Feature","geometry":{"type":"Point","coordinates":[-66.07783,18.3683]},"properties":{"probability":0.796,"inBuffer":false,"facType":"police"}},{"type":"Feature","geometry":{"type":"Point","coordinates":[-66.07333,18.3683]},"properties":{"probability":0.769,"inBuffer":false,"facType":"police"}},{"type":"Feature","geometry":{"type":"Point","coordinates":[-66.06884,18.3683]},"properties":{"probability":0.652,"inBuffer":false,"facType":"police"}},{"type":"Feature","geometry":{"type":"Point","coordinates":[-66.06435,18.3683]},"properties":{"probability":0.631,"inBuffer":false,"facType":"police"}},{"type":"Feature","geometry":{"type":"Point","coordinates":[-66.05986,18.3683]},"properties":{"probability":0.59,"inBuffer":false,"facType":"police"}},{"type":"Feature","geometry":{"type":"Point","coordinates":[-66.05537,18.3683]},"properties":{"probability":0.476,"inBuffer":false,"facType":"police"}},{"type":"Feature","geometry":{"type":"Point","coordinates":[-66.05088,18.3683]},"properties":{"probability":0.486,"inBuffer":true,"facType":"police"}},{"type":"Feature","geometry":{"type":"Point","coordinates":[-66.04639,18.3683]},"properties":{"probability":0.547,"inBuffer":true,"facType":"police"}},{"type":"Feature","geometry":{"type":"Point","coordinates":[-66.04189,18.3683]},"properties":{"probability":0.486,"inBuffer":true,"facType":"police"}},{"type":"Feature","geometry":{"type":"Point","coordinates":[-66.0374,18.3683]},"properties":{"probability":0.376,"inBuffer":false,"facType":"police"}},{"type":"Feature","geometry":{"type":"Point","coordinates":[-66.03291,18.3683]},"properties":{"probability":0.427,"inBuffer":false,"facType":"police"}},{"type":"Feature","geometry":{"type":"Point","coordinates":[-66.02842,18.3683]},"properties":{"probability":0.642,"inBuffer":true,"facType":"police"}},{"type":"Feature","geometry":{"type":"Point","coordinates":[-66.02393,18.3683]},"properties":{"probability":0.633,"inBuffer":true,"facType":"police"}},{"type":"Feature","geometry":{"type":"Point","coordinates":[-66.01944,18.3683]},"properties":{"probability":0.649,"inBuffer":true,"facType":"police"}},{"type":"Feature","geometry":{"type":"Point","coordinates":[-66.01495,18.3683]},"properties":{"probability":0.641,"inBuffer":false,"facType":"police"}},{"type":"Feature","geometry":{"type":"Point","coordinates":[-66.01045,18.3683]},"properties":{"probability":0.506,"inBuffer":false,"facType":"police"}},{"type":"Feature","geometry":{"type":"Point","coordinates":[-66.00596,18.3683]},"properties":{"probability":0.374,"inBuffer":false,"facType":"police"}},{"type":"Feature","geometry":{"type":"Point","coordinates":[-66.00147,18.3683]},"properties":{"probability":0.423,"inBuffer":false,"facType":"police"}},{"type":"Feature","geometry":{"type":"Point","coordinates":[-65.99698,18.3683]},"properties":{"probability":0.422,"inBuffer":false,"facType":"police"}},{"type":"Feature","geometry":{"type":"Point","coordinates":[-65.99249,18.3683]},"properties":{"probability":0.481,"inBuffer":false,"facType":"police"}},{"type":"Feature","geometry":{"type":"Point","coordinates":[-65.98799,18.3683]},"properties":{"probability":0.528,"inBuffer":false,"facType":"police"}},{"type":"Feature","geometry":{"type":"Point","coordinates":[-65.98351,18.3683]},"properties":{"probability":0.579,"inBuffer":false,"facType":"police"}},{"type":"Feature","geometry":{"type":"Point","coordinates":[-65.97901,18.3683]},"properties":{"probability":0.347,"inBuffer":false,"facType":"police"}},{"type":"Feature","geometry":{"type":"Point","coordinates":[-65.97452,18.3683]},"properties":{"probability":0.35,"inBuffer":false,"facType":"police"}},{"type":"Feature","geometry":{"type":"Point","coordinates":[-65.97003,18.3683]},"properties":{"probability":0.367,"inBuffer":false,"facType":"police"}},{"type":"Feature","geometry":{"type":"Point","coordinates":[-65.96554,18.3683]},"properties":{"probability":0.429,"inBuffer":false,"facType":"police"}},{"type":"Feature","geometry":{"type":"Point","coordinates":[-65.96104,18.3683]},"properties":{"probability":0.484,"inBuffer":false,"facType":"police"}},{"type":"Feature","geometry":{"type":"Point","coordinates":[-65.95655,18.3683]},"properties":{"probability":0.365,"inBuffer":false,"facType":"police"}},{"type":"Feature","geometry":{"type":"Point","coordinates":[-65.95206,18.3683]},"properties":{"probability":0.381,"inBuffer":false,"facType":"police"}},{"type":"Feature","geometry":{"type":"Point","coordinates":[-66.1991,18.36381]},"properties":{"probability":0.421,"inBuffer":false,"facType":"police"}},{"type":"Feature","geometry":{"type":"Point","coordinates":[-66.19461,18.36381]},"properties":{"probability":0.496,"inBuffer":false,"facType":"police"}},{"type":"Feature","geometry":{"type":"Point","coordinates":[-66.19012,18.36381]},"properties":{"probability":0.802,"inBuffer":false,"facType":"police"}},{"type":"Feature","geometry":{"type":"Point","coordinates":[-66.18562,18.36381]},"properties":{"probability":0.752,"inBuffer":false,"facType":"police"}},{"type":"Feature","geometry":{"type":"Point","coordinates":[-66.18113,18.36381]},"properties":{"probability":0.465,"inBuffer":false,"facType":"police"}},{"type":"Feature","geometry":{"type":"Point","coordinates":[-66.17664,18.36381]},"properties":{"probability":0.611,"inBuffer":false,"facType":"police"}},{"type":"Feature","geometry":{"type":"Point","coordinates":[-66.17215,18.36381]},"properties":{"probability":0.54,"inBuffer":false,"facType":"police"}},{"type":"Feature","geometry":{"type":"Point","coordinates":[-66.16766,18.36381]},"properties":{"probability":0.399,"inBuffer":false,"facType":"police"}},{"type":"Feature","geometry":{"type":"Point","coordinates":[-66.16317,18.36381]},"properties":{"probability":0.639,"inBuffer":false,"facType":"police"}},{"type":"Feature","geometry":{"type":"Point","coordinates":[-66.15868,18.36381]},"properties":{"probability":0.646,"inBuffer":true,"facType":"police"}},{"type":"Feature","geometry":{"type":"Point","coordinates":[-66.15418,18.36381]},"properties":{"probability":0.562,"inBuffer":true,"facType":"police"}},{"type":"Feature","geometry":{"type":"Point","coordinates":[-66.14969,18.36381]},"properties":{"probability":0.456,"inBuffer":true,"facType":"police"}},{"type":"Feature","geometry":{"type":"Point","coordinates":[-66.1452,18.36381]},"properties":{"probability":0.477,"inBuffer":true,"facType":"police"}},{"type":"Feature","geometry":{"type":"Point","coordinates":[-66.14071,18.36381]},"properties":{"probability":0.37,"inBuffer":false,"facType":"police"}},{"type":"Feature","geometry":{"type":"Point","coordinates":[-66.13622,18.36381]},"properties":{"probability":0.364,"inBuffer":false,"facType":"police"}},{"type":"Feature","geometry":{"type":"Point","coordinates":[-66.13173,18.36381]},"properties":{"probability":0.419,"inBuffer":false,"facType":"police"}},{"type":"Feature","geometry":{"type":"Point","coordinates":[-66.12724,18.36381]},"properties":{"probability":0.653,"inBuffer":false,"facType":"police"}},{"type":"Feature","geometry":{"type":"Point","coordinates":[-66.12274,18.36381]},"properties":{"probability":0.632,"inBuffer":false,"facType":"police"}},{"type":"Feature","geometry":{"type":"Point","coordinates":[-66.11825,18.36381]},"properties":{"probability":0.698,"inBuffer":true,"facType":"police"}},{"type":"Feature","geometry":{"type":"Point","coordinates":[-66.11376,18.36381]},"properties":{"probability":0.792,"inBuffer":true,"facType":"police"}},{"type":"Feature","geometry":{"type":"Point","coordinates":[-66.10927,18.36381]},"properties":{"probability":0.799,"inBuffer":true,"facType":"police"}},{"type":"Feature","geometry":{"type":"Point","coordinates":[-66.10477,18.36381]},"properties":{"probability":0.755,"inBuffer":false,"facType":"police"}},{"type":"Feature","geometry":{"type":"Point","coordinates":[-66.10028,18.36381]},"properties":{"probability":0.775,"inBuffer":true,"facType":"police"}},{"type":"Feature","geometry":{"type":"Point","coordinates":[-66.09579,18.36381]},"properties":{"probability":0.655,"inBuffer":true,"facType":"police"}},{"type":"Feature","geometry":{"type":"Point","coordinates":[-66.0913,18.36381]},"properties":{"probability":0.642,"inBuffer":true,"facType":"police"}},{"type":"Feature","geometry":{"type":"Point","coordinates":[-66.08681,18.36381]},"properties":{"probability":0.652,"inBuffer":false,"facType":"police"}},{"type":"Feature","geometry":{"type":"Point","coordinates":[-66.08232,18.36381]},"properties":{"probability":0.655,"inBuffer":false,"facType":"police"}},{"type":"Feature","geometry":{"type":"Point","coordinates":[-66.07783,18.36381]},"properties":{"probability":0.663,"inBuffer":false,"facType":"police"}},{"type":"Feature","geometry":{"type":"Point","coordinates":[-66.07333,18.36381]},"properties":{"probability":0.609,"inBuffer":false,"facType":"police"}},{"type":"Feature","geometry":{"type":"Point","coordinates":[-66.06884,18.36381]},"properties":{"probability":0.447,"inBuffer":false,"facType":"police"}},{"type":"Feature","geometry":{"type":"Point","coordinates":[-66.06435,18.36381]},"properties":{"probability":0.473,"inBuffer":false,"facType":"police"}},{"type":"Feature","geometry":{"type":"Point","coordinates":[-66.05986,18.36381]},"properties":{"probability":0.513,"inBuffer":false,"facType":"police"}},{"type":"Feature","geometry":{"type":"Point","coordinates":[-66.05537,18.36381]},"properties":{"probability":0.508,"inBuffer":false,"facType":"police"}},{"type":"Feature","geometry":{"type":"Point","coordinates":[-66.05088,18.36381]},"properties":{"probability":0.523,"inBuffer":false,"facType":"police"}},{"type":"Feature","geometry":{"type":"Point","coordinates":[-66.04639,18.36381]},"properties":{"probability":0.474,"inBuffer":false,"facType":"police"}},{"type":"Feature","geometry":{"type":"Point","coordinates":[-66.04189,18.36381]},"properties":{"probability":0.398,"inBuffer":false,"facType":"police"}},{"type":"Feature","geometry":{"type":"Point","coordinates":[-66.0374,18.36381]},"properties":{"probability":0.404,"inBuffer":false,"facType":"police"}},{"type":"Feature","geometry":{"type":"Point","coordinates":[-66.03291,18.36381]},"properties":{"probability":0.419,"inBuffer":false,"facType":"police"}},{"type":"Feature","geometry":{"type":"Point","coordinates":[-66.02842,18.36381]},"properties":{"probability":0.527,"inBuffer":true,"facType":"police"}},{"type":"Feature","geometry":{"type":"Point","coordinates":[-66.02393,18.36381]},"properties":{"probability":0.585,"inBuffer":true,"facType":"police"}},{"type":"Feature","geometry":{"type":"Point","coordinates":[-66.01944,18.36381]},"properties":{"probability":0.495,"inBuffer":true,"facType":"police"}},{"type":"Feature","geometry":{"type":"Point","coordinates":[-66.01495,18.36381]},"properties":{"probability":0.478,"inBuffer":false,"facType":"police"}},{"type":"Feature","geometry":{"type":"Point","coordinates":[-66.01045,18.36381]},"properties":{"probability":0.435,"inBuffer":false,"facType":"police"}},{"type":"Feature","geometry":{"type":"Point","coordinates":[-66.00596,18.36381]},"properties":{"probability":0.427,"inBuffer":false,"facType":"police"}},{"type":"Feature","geometry":{"type":"Point","coordinates":[-66.00147,18.36381]},"properties":{"probability":0.395,"inBuffer":false,"facType":"police"}},{"type":"Feature","geometry":{"type":"Point","coordinates":[-65.99698,18.36381]},"properties":{"probability":0.386,"inBuffer":false,"facType":"police"}},{"type":"Feature","geometry":{"type":"Point","coordinates":[-65.99249,18.36381]},"properties":{"probability":0.384,"inBuffer":false,"facType":"police"}},{"type":"Feature","geometry":{"type":"Point","coordinates":[-65.98799,18.36381]},"properties":{"probability":0.471,"inBuffer":false,"facType":"police"}},{"type":"Feature","geometry":{"type":"Point","coordinates":[-65.98351,18.36381]},"properties":{"probability":0.526,"inBuffer":false,"facType":"police"}},{"type":"Feature","geometry":{"type":"Point","coordinates":[-65.97901,18.36381]},"properties":{"probability":0.346,"inBuffer":false,"facType":"police"}},{"type":"Feature","geometry":{"type":"Point","coordinates":[-65.97452,18.36381]},"properties":{"probability":0.395,"inBuffer":false,"facType":"police"}},{"type":"Feature","geometry":{"type":"Point","coordinates":[-65.97003,18.36381]},"properties":{"probability":0.451,"inBuffer":false,"facType":"police"}},{"type":"Feature","geometry":{"type":"Point","coordinates":[-65.96554,18.36381]},"properties":{"probability":0.472,"inBuffer":false,"facType":"police"}},{"type":"Feature","geometry":{"type":"Point","coordinates":[-65.96104,18.36381]},"properties":{"probability":0.476,"inBuffer":false,"facType":"police"}},{"type":"Feature","geometry":{"type":"Point","coordinates":[-65.95655,18.36381]},"properties":{"probability":0.353,"inBuffer":false,"facType":"police"}},{"type":"Feature","geometry":{"type":"Point","coordinates":[-65.95206,18.36381]},"properties":{"probability":0.355,"inBuffer":false,"facType":"police"}},{"type":"Feature","geometry":{"type":"Point","coordinates":[-66.1991,18.35932]},"properties":{"probability":0.452,"inBuffer":false,"facType":"police"}},{"type":"Feature","geometry":{"type":"Point","coordinates":[-66.19461,18.35932]},"properties":{"probability":0.48,"inBuffer":false,"facType":"police"}},{"type":"Feature","geometry":{"type":"Point","coordinates":[-66.19012,18.35932]},"properties":{"probability":0.816,"inBuffer":false,"facType":"police"}},{"type":"Feature","geometry":{"type":"Point","coordinates":[-66.18562,18.35932]},"properties":{"probability":0.761,"inBuffer":false,"facType":"police"}},{"type":"Feature","geometry":{"type":"Point","coordinates":[-66.18113,18.35932]},"properties":{"probability":0.43,"inBuffer":false,"facType":"police"}},{"type":"Feature","geometry":{"type":"Point","coordinates":[-66.17664,18.35932]},"properties":{"probability":0.46,"inBuffer":false,"facType":"police"}},{"type":"Feature","geometry":{"type":"Point","coordinates":[-66.17215,18.35932]},"properties":{"probability":0.414,"inBuffer":false,"facType":"police"}},{"type":"Feature","geometry":{"type":"Point","coordinates":[-66.16766,18.35932]},"properties":{"probability":0.356,"inBuffer":false,"facType":"police"}},{"type":"Feature","geometry":{"type":"Point","coordinates":[-66.16317,18.35932]},"properties":{"probability":0.466,"inBuffer":false,"facType":"police"}},{"type":"Feature","geometry":{"type":"Point","coordinates":[-66.15868,18.35932]},"properties":{"probability":0.446,"inBuffer":false,"facType":"police"}},{"type":"Feature","geometry":{"type":"Point","coordinates":[-66.15418,18.35932]},"properties":{"probability":0.377,"inBuffer":true,"facType":"police"}},{"type":"Feature","geometry":{"type":"Point","coordinates":[-66.14969,18.35932]},"properties":{"probability":0.38,"inBuffer":true,"facType":"police"}},{"type":"Feature","geometry":{"type":"Point","coordinates":[-66.1452,18.35932]},"properties":{"probability":0.323,"inBuffer":true,"facType":"police"}},{"type":"Feature","geometry":{"type":"Point","coordinates":[-66.14071,18.35932]},"properties":{"probability":0.288,"inBuffer":false,"facType":"police"}},{"type":"Feature","geometry":{"type":"Point","coordinates":[-66.13622,18.35932]},"properties":{"probability":0.349,"inBuffer":false,"facType":"police"}},{"type":"Feature","geometry":{"type":"Point","coordinates":[-66.13173,18.35932]},"properties":{"probability":0.363,"inBuffer":false,"facType":"police"}},{"type":"Feature","geometry":{"type":"Point","coordinates":[-66.12724,18.35932]},"properties":{"probability":0.437,"inBuffer":false,"facType":"police"}},{"type":"Feature","geometry":{"type":"Point","coordinates":[-66.12274,18.35932]},"properties":{"probability":0.649,"inBuffer":false,"facType":"police"}},{"type":"Feature","geometry":{"type":"Point","coordinates":[-66.11825,18.35932]},"properties":{"probability":0.804,"inBuffer":true,"facType":"police"}},{"type":"Feature","geometry":{"type":"Point","coordinates":[-66.11376,18.35932]},"properties":{"probability":0.84,"inBuffer":true,"facType":"police"}},{"type":"Feature","geometry":{"type":"Point","coordinates":[-66.10927,18.35932]},"properties":{"probability":0.771,"inBuffer":true,"facType":"police"}},{"type":"Feature","geometry":{"type":"Point","coordinates":[-66.10477,18.35932]},"properties":{"probability":0.662,"inBuffer":false,"facType":"police"}},{"type":"Feature","geometry":{"type":"Point","coordinates":[-66.10028,18.35932]},"properties":{"probability":0.655,"inBuffer":true,"facType":"police"}},{"type":"Feature","geometry":{"type":"Point","coordinates":[-66.09579,18.35932]},"properties":{"probability":0.475,"inBuffer":true,"facType":"police"}},{"type":"Feature","geometry":{"type":"Point","coordinates":[-66.0913,18.35932]},"properties":{"probability":0.468,"inBuffer":true,"facType":"police"}},{"type":"Feature","geometry":{"type":"Point","coordinates":[-66.08681,18.35932]},"properties":{"probability":0.459,"inBuffer":false,"facType":"police"}},{"type":"Feature","geometry":{"type":"Point","coordinates":[-66.08232,18.35932]},"properties":{"probability":0.4,"inBuffer":false,"facType":"police"}},{"type":"Feature","geometry":{"type":"Point","coordinates":[-66.07783,18.35932]},"properties":{"probability":0.781,"inBuffer":false,"facType":"police"}},{"type":"Feature","geometry":{"type":"Point","coordinates":[-66.07333,18.35932]},"properties":{"probability":0.729,"inBuffer":false,"facType":"police"}},{"type":"Feature","geometry":{"type":"Point","coordinates":[-66.06884,18.35932]},"properties":{"probability":0.424,"inBuffer":false,"facType":"police"}},{"type":"Feature","geometry":{"type":"Point","coordinates":[-66.06435,18.35932]},"properties":{"probability":0.44,"inBuffer":false,"facType":"police"}},{"type":"Feature","geometry":{"type":"Point","coordinates":[-66.05986,18.35932]},"properties":{"probability":0.524,"inBuffer":false,"facType":"police"}},{"type":"Feature","geometry":{"type":"Point","coordinates":[-66.05537,18.35932]},"properties":{"probability":0.628,"inBuffer":false,"facType":"police"}},{"type":"Feature","geometry":{"type":"Point","coordinates":[-66.05088,18.35932]},"properties":{"probability":0.634,"inBuffer":true,"facType":"police"}},{"type":"Feature","geometry":{"type":"Point","coordinates":[-66.04639,18.35932]},"properties":{"probability":0.593,"inBuffer":true,"facType":"police"}},{"type":"Feature","geometry":{"type":"Point","coordinates":[-66.04189,18.35932]},"properties":{"probability":0.528,"inBuffer":true,"facType":"police"}},{"type":"Feature","geometry":{"type":"Point","coordinates":[-66.0374,18.35932]},"properties":{"probability":0.364,"inBuffer":false,"facType":"police"}},{"type":"Feature","geometry":{"type":"Point","coordinates":[-66.03291,18.35932]},"properties":{"probability":0.398,"inBuffer":false,"facType":"police"}},{"type":"Feature","geometry":{"type":"Point","coordinates":[-66.02842,18.35932]},"properties":{"probability":0.372,"inBuffer":false,"facType":"police"}},{"type":"Feature","geometry":{"type":"Point","coordinates":[-66.02393,18.35932]},"properties":{"probability":0.446,"inBuffer":false,"facType":"police"}},{"type":"Feature","geometry":{"type":"Point","coordinates":[-66.01944,18.35932]},"properties":{"probability":0.429,"inBuffer":false,"facType":"police"}},{"type":"Feature","geometry":{"type":"Point","coordinates":[-66.01495,18.35932]},"properties":{"probability":0.364,"inBuffer":false,"facType":"police"}},{"type":"Feature","geometry":{"type":"Point","coordinates":[-66.01045,18.35932]},"properties":{"probability":0.463,"inBuffer":true,"facType":"police"}},{"type":"Feature","geometry":{"type":"Point","coordinates":[-66.00596,18.35932]},"properties":{"probability":0.441,"inBuffer":true,"facType":"police"}},{"type":"Feature","geometry":{"type":"Point","coordinates":[-66.00147,18.35932]},"properties":{"probability":0.431,"inBuffer":true,"facType":"police"}},{"type":"Feature","geometry":{"type":"Point","coordinates":[-65.99698,18.35932]},"properties":{"probability":0.35,"inBuffer":false,"facType":"police"}},{"type":"Feature","geometry":{"type":"Point","coordinates":[-65.99249,18.35932]},"properties":{"probability":0.446,"inBuffer":false,"facType":"police"}},{"type":"Feature","geometry":{"type":"Point","coordinates":[-65.98799,18.35932]},"properties":{"probability":0.459,"inBuffer":false,"facType":"police"}},{"type":"Feature","geometry":{"type":"Point","coordinates":[-65.98351,18.35932]},"properties":{"probability":0.379,"inBuffer":false,"facType":"police"}},{"type":"Feature","geometry":{"type":"Point","coordinates":[-65.97901,18.35932]},"properties":{"probability":0.593,"inBuffer":false,"facType":"police"}},{"type":"Feature","geometry":{"type":"Point","coordinates":[-65.97452,18.35932]},"properties":{"probability":0.591,"inBuffer":false,"facType":"police"}},{"type":"Feature","geometry":{"type":"Point","coordinates":[-65.97003,18.35932]},"properties":{"probability":0.443,"inBuffer":false,"facType":"police"}},{"type":"Feature","geometry":{"type":"Point","coordinates":[-65.96554,18.35932]},"properties":{"probability":0.35,"inBuffer":false,"facType":"police"}},{"type":"Feature","geometry":{"type":"Point","coordinates":[-65.96104,18.35932]},"properties":{"probability":0.452,"inBuffer":false,"facType":"police"}},{"type":"Feature","geometry":{"type":"Point","coordinates":[-65.95655,18.35932]},"properties":{"probability":0.43,"inBuffer":false,"facType":"police"}},{"type":"Feature","geometry":{"type":"Point","coordinates":[-65.95206,18.35932]},"properties":{"probability":0.432,"inBuffer":false,"facType":"police"}},{"type":"Feature","geometry":{"type":"Point","coordinates":[-66.1991,18.35483]},"properties":{"probability":0.363,"inBuffer":false,"facType":"police"}},{"type":"Feature","geometry":{"type":"Point","coordinates":[-66.19461,18.35483]},"properties":{"probability":0.42,"inBuffer":false,"facType":"police"}},{"type":"Feature","geometry":{"type":"Point","coordinates":[-66.19012,18.35483]},"properties":{"probability":0.719,"inBuffer":false,"facType":"police"}},{"type":"Feature","geometry":{"type":"Point","coordinates":[-66.18562,18.35483]},"properties":{"probability":0.625,"inBuffer":false,"facType":"police"}},{"type":"Feature","geometry":{"type":"Point","coordinates":[-66.18113,18.35483]},"properties":{"probability":0.4,"inBuffer":false,"facType":"police"}},{"type":"Feature","geometry":{"type":"Point","coordinates":[-66.17664,18.35483]},"properties":{"probability":0.358,"inBuffer":false,"facType":"police"}},{"type":"Feature","geometry":{"type":"Point","coordinates":[-66.17215,18.35483]},"properties":{"probability":0.386,"inBuffer":false,"facType":"police"}},{"type":"Feature","geometry":{"type":"Point","coordinates":[-66.16766,18.35483]},"properties":{"probability":0.434,"inBuffer":false,"facType":"police"}},{"type":"Feature","geometry":{"type":"Point","coordinates":[-66.16317,18.35483]},"properties":{"probability":0.429,"inBuffer":false,"facType":"police"}},{"type":"Feature","geometry":{"type":"Point","coordinates":[-66.15868,18.35483]},"properties":{"probability":0.438,"inBuffer":false,"facType":"police"}},{"type":"Feature","geometry":{"type":"Point","coordinates":[-66.15418,18.35483]},"properties":{"probability":0.421,"inBuffer":false,"facType":"police"}},{"type":"Feature","geometry":{"type":"Point","coordinates":[-66.14969,18.35483]},"properties":{"probability":0.347,"inBuffer":false,"facType":"police"}},{"type":"Feature","geometry":{"type":"Point","coordinates":[-66.1452,18.35483]},"properties":{"probability":0.415,"inBuffer":false,"facType":"police"}},{"type":"Feature","geometry":{"type":"Point","coordinates":[-66.14071,18.35483]},"properties":{"probability":0.328,"inBuffer":false,"facType":"police"}},{"type":"Feature","geometry":{"type":"Point","coordinates":[-66.13622,18.35483]},"properties":{"probability":0.426,"inBuffer":false,"facType":"police"}},{"type":"Feature","geometry":{"type":"Point","coordinates":[-66.13173,18.35483]},"properties":{"probability":0.326,"inBuffer":false,"facType":"police"}},{"type":"Feature","geometry":{"type":"Point","coordinates":[-66.12724,18.35483]},"properties":{"probability":0.409,"inBuffer":false,"facType":"police"}},{"type":"Feature","geometry":{"type":"Point","coordinates":[-66.12274,18.35483]},"properties":{"probability":0.444,"inBuffer":false,"facType":"police"}},{"type":"Feature","geometry":{"type":"Point","coordinates":[-66.11825,18.35483]},"properties":{"probability":0.623,"inBuffer":true,"facType":"police"}},{"type":"Feature","geometry":{"type":"Point","coordinates":[-66.11376,18.35483]},"properties":{"probability":0.789,"inBuffer":true,"facType":"police"}},{"type":"Feature","geometry":{"type":"Point","coordinates":[-66.10927,18.35483]},"properties":{"probability":0.715,"inBuffer":false,"facType":"police"}},{"type":"Feature","geometry":{"type":"Point","coordinates":[-66.10477,18.35483]},"properties":{"probability":0.482,"inBuffer":false,"facType":"police"}},{"type":"Feature","geometry":{"type":"Point","coordinates":[-66.10028,18.35483]},"properties":{"probability":0.504,"inBuffer":true,"facType":"police"}},{"type":"Feature","geometry":{"type":"Point","coordinates":[-66.09579,18.35483]},"properties":{"probability":0.403,"inBuffer":true,"facType":"police"}},{"type":"Feature","geometry":{"type":"Point","coordinates":[-66.0913,18.35483]},"properties":{"probability":0.404,"inBuffer":false,"facType":"police"}},{"type":"Feature","geometry":{"type":"Point","coordinates":[-66.08681,18.35483]},"properties":{"probability":0.422,"inBuffer":false,"facType":"police"}},{"type":"Feature","geometry":{"type":"Point","coordinates":[-66.08232,18.35483]},"properties":{"probability":0.458,"inBuffer":false,"facType":"police"}},{"type":"Feature","geometry":{"type":"Point","coordinates":[-66.07783,18.35483]},"properties":{"probability":0.784,"inBuffer":false,"facType":"police"}},{"type":"Feature","geometry":{"type":"Point","coordinates":[-66.07333,18.35483]},"properties":{"probability":0.639,"inBuffer":false,"facType":"police"}},{"type":"Feature","geometry":{"type":"Point","coordinates":[-66.06884,18.35483]},"properties":{"probability":0.449,"inBuffer":false,"facType":"police"}},{"type":"Feature","geometry":{"type":"Point","coordinates":[-66.06435,18.35483]},"properties":{"probability":0.459,"inBuffer":false,"facType":"police"}},{"type":"Feature","geometry":{"type":"Point","coordinates":[-66.05986,18.35483]},"properties":{"probability":0.425,"inBuffer":false,"facType":"police"}},{"type":"Feature","geometry":{"type":"Point","coordinates":[-66.05537,18.35483]},"properties":{"probability":0.437,"inBuffer":false,"facType":"police"}},{"type":"Feature","geometry":{"type":"Point","coordinates":[-66.05088,18.35483]},"properties":{"probability":0.461,"inBuffer":true,"facType":"police"}},{"type":"Feature","geometry":{"type":"Point","coordinates":[-66.04639,18.35483]},"properties":{"probability":0.526,"inBuffer":true,"facType":"police"}},{"type":"Feature","geometry":{"type":"Point","coordinates":[-66.04189,18.35483]},"properties":{"probability":0.492,"inBuffer":true,"facType":"police"}},{"type":"Feature","geometry":{"type":"Point","coordinates":[-66.0374,18.35483]},"properties":{"probability":0.381,"inBuffer":false,"facType":"police"}},{"type":"Feature","geometry":{"type":"Point","coordinates":[-66.03291,18.35483]},"properties":{"probability":0.374,"inBuffer":false,"facType":"police"}},{"type":"Feature","geometry":{"type":"Point","coordinates":[-66.02842,18.35483]},"properties":{"probability":0.356,"inBuffer":false,"facType":"police"}},{"type":"Feature","geometry":{"type":"Point","coordinates":[-66.02393,18.35483]},"properties":{"probability":0.455,"inBuffer":false,"facType":"police"}},{"type":"Feature","geometry":{"type":"Point","coordinates":[-66.01944,18.35483]},"properties":{"probability":0.433,"inBuffer":false,"facType":"police"}},{"type":"Feature","geometry":{"type":"Point","coordinates":[-66.01495,18.35483]},"properties":{"probability":0.34,"inBuffer":false,"facType":"police"}},{"type":"Feature","geometry":{"type":"Point","coordinates":[-66.01045,18.35483]},"properties":{"probability":0.407,"inBuffer":true,"facType":"police"}},{"type":"Feature","geometry":{"type":"Point","coordinates":[-66.00596,18.35483]},"properties":{"probability":0.471,"inBuffer":true,"facType":"police"}},{"type":"Feature","geometry":{"type":"Point","coordinates":[-66.00147,18.35483]},"properties":{"probability":0.459,"inBuffer":true,"facType":"police"}},{"type":"Feature","geometry":{"type":"Point","coordinates":[-65.99698,18.35483]},"properties":{"probability":0.428,"inBuffer":false,"facType":"police"}},{"type":"Feature","geometry":{"type":"Point","coordinates":[-65.99249,18.35483]},"properties":{"probability":0.433,"inBuffer":false,"facType":"police"}},{"type":"Feature","geometry":{"type":"Point","coordinates":[-65.98799,18.35483]},"properties":{"probability":0.409,"inBuffer":false,"facType":"police"}},{"type":"Feature","geometry":{"type":"Point","coordinates":[-65.98351,18.35483]},"properties":{"probability":0.342,"inBuffer":false,"facType":"police"}},{"type":"Feature","geometry":{"type":"Point","coordinates":[-65.97901,18.35483]},"properties":{"probability":0.531,"inBuffer":false,"facType":"police"}},{"type":"Feature","geometry":{"type":"Point","coordinates":[-65.97452,18.35483]},"properties":{"probability":0.623,"inBuffer":false,"facType":"police"}},{"type":"Feature","geometry":{"type":"Point","coordinates":[-65.97003,18.35483]},"properties":{"probability":0.404,"inBuffer":false,"facType":"police"}},{"type":"Feature","geometry":{"type":"Point","coordinates":[-65.96554,18.35483]},"properties":{"probability":0.306,"inBuffer":false,"facType":"police"}},{"type":"Feature","geometry":{"type":"Point","coordinates":[-65.96104,18.35483]},"properties":{"probability":0.346,"inBuffer":false,"facType":"police"}},{"type":"Feature","geometry":{"type":"Point","coordinates":[-65.95655,18.35483]},"properties":{"probability":0.46,"inBuffer":false,"facType":"police"}},{"type":"Feature","geometry":{"type":"Point","coordinates":[-65.95206,18.35483]},"properties":{"probability":0.635,"inBuffer":false,"facType":"police"}},{"type":"Feature","geometry":{"type":"Point","coordinates":[-66.1991,18.35034]},"properties":{"probability":0.39,"inBuffer":false,"facType":"police"}},{"type":"Feature","geometry":{"type":"Point","coordinates":[-66.19461,18.35034]},"properties":{"probability":0.386,"inBuffer":false,"facType":"police"}},{"type":"Feature","geometry":{"type":"Point","coordinates":[-66.19012,18.35034]},"properties":{"probability":0.576,"inBuffer":false,"facType":"police"}},{"type":"Feature","geometry":{"type":"Point","coordinates":[-66.18562,18.35034]},"properties":{"probability":0.612,"inBuffer":false,"facType":"police"}},{"type":"Feature","geometry":{"type":"Point","coordinates":[-66.18113,18.35034]},"properties":{"probability":0.402,"inBuffer":false,"facType":"police"}},{"type":"Feature","geometry":{"type":"Point","coordinates":[-66.17664,18.35034]},"properties":{"probability":0.418,"inBuffer":false,"facType":"police"}},{"type":"Feature","geometry":{"type":"Point","coordinates":[-66.17215,18.35034]},"properties":{"probability":0.382,"inBuffer":false,"facType":"police"}},{"type":"Feature","geometry":{"type":"Point","coordinates":[-66.16766,18.35034]},"properties":{"probability":0.375,"inBuffer":false,"facType":"police"}},{"type":"Feature","geometry":{"type":"Point","coordinates":[-66.16317,18.35034]},"properties":{"probability":0.39,"inBuffer":false,"facType":"police"}},{"type":"Feature","geometry":{"type":"Point","coordinates":[-66.15868,18.35034]},"properties":{"probability":0.441,"inBuffer":false,"facType":"police"}},{"type":"Feature","geometry":{"type":"Point","coordinates":[-66.15418,18.35034]},"properties":{"probability":0.348,"inBuffer":false,"facType":"police"}},{"type":"Feature","geometry":{"type":"Point","coordinates":[-66.14969,18.35034]},"properties":{"probability":0.375,"inBuffer":false,"facType":"police"}},{"type":"Feature","geometry":{"type":"Point","coordinates":[-66.1452,18.35034]},"properties":{"probability":0.455,"inBuffer":false,"facType":"police"}},{"type":"Feature","geometry":{"type":"Point","coordinates":[-66.14071,18.35034]},"properties":{"probability":0.396,"inBuffer":false,"facType":"police"}},{"type":"Feature","geometry":{"type":"Point","coordinates":[-66.13622,18.35034]},"properties":{"probability":0.446,"inBuffer":false,"facType":"police"}},{"type":"Feature","geometry":{"type":"Point","coordinates":[-66.13173,18.35034]},"properties":{"probability":0.41,"inBuffer":false,"facType":"police"}},{"type":"Feature","geometry":{"type":"Point","coordinates":[-66.12724,18.35034]},"properties":{"probability":0.333,"inBuffer":false,"facType":"police"}},{"type":"Feature","geometry":{"type":"Point","coordinates":[-66.12274,18.35034]},"properties":{"probability":0.362,"inBuffer":false,"facType":"police"}},{"type":"Feature","geometry":{"type":"Point","coordinates":[-66.11825,18.35034]},"properties":{"probability":0.418,"inBuffer":false,"facType":"police"}},{"type":"Feature","geometry":{"type":"Point","coordinates":[-66.11376,18.35034]},"properties":{"probability":0.552,"inBuffer":false,"facType":"police"}},{"type":"Feature","geometry":{"type":"Point","coordinates":[-66.10927,18.35034]},"properties":{"probability":0.485,"inBuffer":false,"facType":"police"}},{"type":"Feature","geometry":{"type":"Point","coordinates":[-66.10477,18.35034]},"properties":{"probability":0.457,"inBuffer":false,"facType":"police"}},{"type":"Feature","geometry":{"type":"Point","coordinates":[-66.10028,18.35034]},"properties":{"probability":0.409,"inBuffer":false,"facType":"police"}},{"type":"Feature","geometry":{"type":"Point","coordinates":[-66.09579,18.35034]},"properties":{"probability":0.406,"inBuffer":false,"facType":"police"}},{"type":"Feature","geometry":{"type":"Point","coordinates":[-66.0913,18.35034]},"properties":{"probability":0.431,"inBuffer":false,"facType":"police"}},{"type":"Feature","geometry":{"type":"Point","coordinates":[-66.08681,18.35034]},"properties":{"probability":0.429,"inBuffer":false,"facType":"police"}},{"type":"Feature","geometry":{"type":"Point","coordinates":[-66.08232,18.35034]},"properties":{"probability":0.451,"inBuffer":false,"facType":"police"}},{"type":"Feature","geometry":{"type":"Point","coordinates":[-66.07783,18.35034]},"properties":{"probability":0.466,"inBuffer":false,"facType":"police"}},{"type":"Feature","geometry":{"type":"Point","coordinates":[-66.07333,18.35034]},"properties":{"probability":0.41,"inBuffer":false,"facType":"police"}},{"type":"Feature","geometry":{"type":"Point","coordinates":[-66.06884,18.35034]},"properties":{"probability":0.444,"inBuffer":false,"facType":"police"}},{"type":"Feature","geometry":{"type":"Point","coordinates":[-66.06435,18.35034]},"properties":{"probability":0.418,"inBuffer":false,"facType":"police"}},{"type":"Feature","geometry":{"type":"Point","coordinates":[-66.05986,18.35034]},"properties":{"probability":0.426,"inBuffer":false,"facType":"police"}},{"type":"Feature","geometry":{"type":"Point","coordinates":[-66.05537,18.35034]},"properties":{"probability":0.398,"inBuffer":false,"facType":"police"}},{"type":"Feature","geometry":{"type":"Point","coordinates":[-66.05088,18.35034]},"properties":{"probability":0.399,"inBuffer":false,"facType":"police"}},{"type":"Feature","geometry":{"type":"Point","coordinates":[-66.04639,18.35034]},"properties":{"probability":0.414,"inBuffer":true,"facType":"police"}},{"type":"Feature","geometry":{"type":"Point","coordinates":[-66.04189,18.35034]},"properties":{"probability":0.449,"inBuffer":false,"facType":"police"}},{"type":"Feature","geometry":{"type":"Point","coordinates":[-66.0374,18.35034]},"properties":{"probability":0.321,"inBuffer":false,"facType":"police"}},{"type":"Feature","geometry":{"type":"Point","coordinates":[-66.03291,18.35034]},"properties":{"probability":0.378,"inBuffer":false,"facType":"police"}},{"type":"Feature","geometry":{"type":"Point","coordinates":[-66.02842,18.35034]},"properties":{"probability":0.327,"inBuffer":false,"facType":"police"}},{"type":"Feature","geometry":{"type":"Point","coordinates":[-66.02393,18.35034]},"properties":{"probability":0.34,"inBuffer":false,"facType":"police"}},{"type":"Feature","geometry":{"type":"Point","coordinates":[-66.01944,18.35034]},"properties":{"probability":0.331,"inBuffer":false,"facType":"police"}},{"type":"Feature","geometry":{"type":"Point","coordinates":[-66.01495,18.35034]},"properties":{"probability":0.355,"inBuffer":false,"facType":"police"}},{"type":"Feature","geometry":{"type":"Point","coordinates":[-66.01045,18.35034]},"properties":{"probability":0.437,"inBuffer":false,"facType":"police"}},{"type":"Feature","geometry":{"type":"Point","coordinates":[-66.00596,18.35034]},"properties":{"probability":0.444,"inBuffer":true,"facType":"police"}},{"type":"Feature","geometry":{"type":"Point","coordinates":[-66.00147,18.35034]},"properties":{"probability":0.42,"inBuffer":false,"facType":"police"}},{"type":"Feature","geometry":{"type":"Point","coordinates":[-65.99698,18.35034]},"properties":{"probability":0.44,"inBuffer":false,"facType":"police"}},{"type":"Feature","geometry":{"type":"Point","coordinates":[-65.99249,18.35034]},"properties":{"probability":0.429,"inBuffer":false,"facType":"police"}},{"type":"Feature","geometry":{"type":"Point","coordinates":[-65.98799,18.35034]},"properties":{"probability":0.444,"inBuffer":false,"facType":"police"}},{"type":"Feature","geometry":{"type":"Point","coordinates":[-65.98351,18.35034]},"properties":{"probability":0.332,"inBuffer":false,"facType":"police"}},{"type":"Feature","geometry":{"type":"Point","coordinates":[-65.97003,18.35034]},"properties":{"probability":0.466,"inBuffer":false,"facType":"police"}},{"type":"Feature","geometry":{"type":"Point","coordinates":[-65.96554,18.35034]},"properties":{"probability":0.421,"inBuffer":false,"facType":"police"}},{"type":"Feature","geometry":{"type":"Point","coordinates":[-65.96104,18.35034]},"properties":{"probability":0.547,"inBuffer":false,"facType":"police"}},{"type":"Feature","geometry":{"type":"Point","coordinates":[-65.95655,18.35034]},"properties":{"probability":0.632,"inBuffer":false,"facType":"police"}},{"type":"Feature","geometry":{"type":"Point","coordinates":[-65.95206,18.35034]},"properties":{"probability":0.623,"inBuffer":false,"facType":"police"}}]}