{"type":"FeatureCollection","features":[{"type":"Feature","geometry":{"type":"Point","coordinates":[-82.12173,27.01908]},"properties":{"probability":0.45,"inBuffer":false,"facType":"substation"}},{"type":"Feature","geometry":{"type":"Point","coordinates":[-82.11725,27.01908]},"properties":{"probability":0.448,"inBuffer":false,"facType":"substation"}},{"type":"Feature","geometry":{"type":"Point","coordinates":[-82.11275,27.01908]},"properties":{"probability":0.334,"inBuffer":false,"facType":"substation"}},{"type":"Feature","geometry":{"type":"Point","coordinates":[-82.10826,27.01908]},"properties":{"probability":0.179,"inBuffer":false,"facType":"substation"}},{"type":"Feature","geometry":{"type":"Point","coordinates":[-82.10377,27.01908]},"properties":{"probability":0.175,"inBuffer":false,"facType":"substation"}},{"type":"Feature","geometry":{"type":"Point","coordinates":[-82.09928,27.01908]},"properties":{"probability":0.158,"inBuffer":false,"facType":"substation"}},{"type":"Feature","geometry":{"type":"Point","coordinates":[-82.09479,27.01908]},"properties":{"probability":0.212,"inBuffer":false,"facType":"substation"}},{"type":"Feature","geometry":{"type":"Point","coordinates":[-82.09029,27.01908]},"properties":{"probability":0.221,"inBuffer":false,"facType":"substation"}},{"type":"Feature","geometry":{"type":"Point","coordinates":[-82.08581,27.01908]},"properties":{"probability":0.224,"inBuffer":false,"facType":"substation"}},{"type":"Feature","geometry":{"type":"Point","coordinates":[-82.08131,27.01908]},"properties":{"probability":0.222,"inBuffer":false,"facType":"substation"}},{"type":"Feature","geometry":{"type":"Point","coordinates":[-82.07682,27.01908]},"properties":{"probability":0.245,"inBuffer":false,"facType":"substation"}},{"type":"Feature","geometry":{"type":"Point","coordinates":[-82.07233,27.01908]},"properties":{"probability":0.168,"inBuffer":false,"facType":"substation"}},{"type":"Feature","geometry":{"type":"Point","coordinates":[-82.06784,27.01908]},"properties":{"probability":0.224,"inBuffer":false,"facType":"substation"}},{"type":"Feature","geometry":{"type":"Point","coordinates":[-82.06335,27.01908]},"properties":{"probability":0.416,"inBuffer":false,"facType":"substation"}},{"type":"Feature","geometry":{"type":"Point","coordinates":[-82.05885,27.01908]},"properties":{"probability":0.515,"inBuffer":false,"facType":"substation"}},{"type":"Feature","geometry":{"type":"Point","coordinates":[-82.05437,27.01908]},"properties":{"probability":0.666,"inBuffer":false,"facType":"substation"}},{"type":"Feature","geometry":{"type":"Point","coordinates":[-82.04987,27.01908]},"properties":{"probability":0.628,"inBuffer":false,"facType":"substation"}},{"type":"Feature","geometry":{"type":"Point","coordinates":[-82.04538,27.01908]},"properties":{"probability":0.617,"inBuffer":false,"facType":"substation"}},{"type":"Feature","geometry":{"type":"Point","coordinates":[-82.04089,27.01908]},"properties":{"probability":0.47,"inBuffer":false,"facType":"substation"}},{"type":"Feature","geometry":{"type":"Point","coordinates":[-82.0364,27.01908]},"properties":{"probability":0.303,"inBuffer":false,"facType":"substation"}},{"type":"Feature","geometry":{"type":"Point","coordinates":[-82.03191,27.01908]},"properties":{"probability":0.156,"inBuffer":false,"facType":"substation"}},{"type":"Feature","geometry":{"type":"Point","coordinates":[-82.02741,27.01908]},"properties":{"probability":0.198,"inBuffer":false,"facType":"substation"}},{"type":"Feature","geometry":{"type":"Point","coordinates":[-82.02293,27.01908]},"properties":{"probability":0.202,"inBuffer":false,"facType":"substation"}},{"type":"Feature","geometry":{"type":"Point","coordinates":[-82.01843,27.01908]},"properties":{"probability":0.209,"inBuffer":false,"facType":"substation"}},{"type":"Feature","geometry":{"type":"Point","coordinates":[-82.01394,27.01908]},"properties":{"probability":0.183,"inBuffer":false,"facType":"substation"}},{"type":"Feature","geometry":{"type":"Point","coordinates":[-82.00945,27.01908]},"properties":{"probability":0.195,"inBuffer":false,"facType":"substation"}},{"type":"Feature","geometry":{"type":"Point","coordinates":[-82.00496,27.01908]},"properties":{"probability":0.225,"inBuffer":false,"facType":"substation"}},{"type":"Feature","geometry":{"type":"Point","coordinates":[-82.00047,27.01908]},"properties":{"probability":0.175,"inBuffer":false,"facType":"substation"}},{"type":"Feature","geometry":{"type":"Point","coordinates":[-81.99597,27.01908]},"properties":{"probability":0.178,"inBuffer":false,"facType":"substation"}},{"type":"Feature","geometry":{"type":"Point","coordinates":[-82.12173,27.01459]},"properties":{"probability":0.401,"inBuffer":false,"facType":"substation"}},{"type":"Feature","geometry":{"type":"Point","coordinates":[-82.11725,27.01459]},"properties":{"probability":0.333,"inBuffer":false,"facType":"substation"}},{"type":"Feature","geometry":{"type":"Point","coordinates":[-82.11275,27.01459]},"properties":{"probability":0.205,"inBuffer":false,"facType":"substation"}},{"type":"Feature","geometry":{"type":"Point","coordinates":[-82.10826,27.01459]},"properties":{"probability":0.204,"inBuffer":false,"facType":"substation"}},{"type":"Feature","geometry":{"type":"Point","coordinates":[-82.10377,27.01459]},"properties":{"probability":0.238,"inBuffer":false,"facType":"substation"}},{"type":"Feature","geometry":{"type":"Point","coordinates":[-82.09928,27.01459]},"properties":{"probability":0.165,"inBuffer":false,"facType":"substation"}},{"type":"Feature","geometry":{"type":"Point","coordinates":[-82.09479,27.01459]},"properties":{"probability":0.163,"inBuffer":false,"facType":"substation"}},{"type":"Feature","geometry":{"type":"Point","coordinates":[-82.09029,27.01459]},"properties":{"probability":0.153,"inBuffer":false,"facType":"substation"}},{"type":"Feature","geometry":{"type":"Point","coordinates":[-82.08581,27.01459]},"properties":{"probability":0.21,"inBuffer":false,"facType":"substation"}},{"type":"Feature","geometry":{"type":"Point","coordinates":[-82.08131,27.01459]},"properties":{"probability":0.191,"inBuffer":false,"facType":"substation"}},{"type":"Feature","geometry":{"type":"Point","coordinates":[-82.07682,27.01459]},"properties":{"probability":0.235,"inBuffer":false,"facType":"substation"}},{"type":"Feature","geometry":{"type":"Point","coordinates":[-82.07233,27.01459]},"properties":{"probability":0.218,"inBuffer":false,"facType":"substation"}},{"type":"Feature","geometry":{"type":"Point","coordinates":[-82.06784,27.01459]},"properties":{"probability":0.213,"inBuffer":true,"facType":"substation"}},{"type":"Feature","geometry":{"type":"Point","coordinates":[-82.06335,27.01459]},"properties":{"probability":0.543,"inBuffer":true,"facType":"substation"}},{"type":"Feature","geometry":{"type":"Point","coordinates":[-82.05885,27.01459]},"properties":{"probability":0.691,"inBuffer":true,"facType":"substation"}},{"type":"Feature","geometry":{"type":"Point","coordinates":[-82.05437,27.01459]},"properties":{"probability":0.679,"inBuffer":false,"facType":"substation"}},{"type":"Feature","geometry":{"type":"Point","coordinates":[-82.04987,27.01459]},"properties":{"probability":0.568,"inBuffer":false,"facType":"substation"}},{"type":"Feature","geometry":{"type":"Point","coordinates":[-82.04538,27.01459]},"properties":{"probability":0.542,"inBuffer":false,"facType":"substation"}},{"type":"Feature","geometry":{"type":"Point","coordinates":[-82.04089,27.01459]},"properties":{"probability":0.37,"inBuffer":false,"facType":"substation"}},{"type":"Feature","geometry":{"type":"Point","coordinates":[-82.0364,27.01459]},"properties":{"probability":0.299,"inBuffer":false,"facType":"substation"}},{"type":"Feature","geometry":{"type":"Point","coordinates":[-82.03191,27.01459]},"properties":{"probability":0.184,"inBuffer":false,"facType":"substation"}},{"type":"Feature","geometry":{"type":"Point","coordinates":[-82.02741,27.01459]},"properties":{"probability":0.163,"inBuffer":false,"facType":"substation"}},{"type":"Feature","geometry":{"type":"Point","coordinates":[-82.02293,27.01459]},"properties":{"probability":0.144,"inBuffer":false,"facType":"substation"}},{"type":"Feature","geometry":{"type":"Point","coordinates":[-82.01843,27.01459]},"properties":{"probability":0.13,"inBuffer":false,"facType":"substation"}},{"type":"Feature","geometry":{"type":"Point","coordinates":[-82.01394,27.01459]},"properties":{"probability":0.205,"inBuffer":false,"facType":"substation"}},{"type":"Feature","geometry":{"type":"Point","coordinates":[-82.00945,27.01459]},"properties":{"probability":0.186,"inBuffer":false,"facType":"substation"}},{"type":"Feature","geometry":{"type":"Point","coordinates":[-82.00496,27.01459]},"properties":{"probability":0.19,"inBuffer":false,"facType":"substation"}},{"type":"Feature","geometry":{"type":"Point","coordinates":[-82.12173,27.0101]},"properties":{"probability":0.394,"inBuffer":false,"facType":"substation"}},{"type":"Feature","geometry":{"type":"Point","coordinates":[-82.11725,27.0101]},"properties":{"probability":0.294,"inBuffer":false,"facType":"substation"}},{"type":"Feature","geometry":{"type":"Point","coordinates":[-82.11275,27.0101]},"properties":{"probability":0.27,"inBuffer":false,"facType":"substation"}},{"type":"Feature","geometry":{"type":"Point","coordinates":[-82.10826,27.0101]},"properties":{"probability":0.309,"inBuffer":false,"facType":"substation"}},{"type":"Feature","geometry":{"type":"Point","coordinates":[-82.10377,27.0101]},"properties":{"probability":0.191,"inBuffer":false,"facType":"substation"}},{"type":"Feature","geometry":{"type":"Point","coordinates":[-82.09928,27.0101]},"properties":{"probability":0.155,"inBuffer":false,"facType":"substation"}},{"type":"Feature","geometry":{"type":"Point","coordinates":[-82.09479,27.0101]},"properties":{"probability":0.153,"inBuffer":false,"facType":"substation"}},{"type":"Feature","geometry":{"type":"Point","coordinates":[-82.09029,27.0101]},"properties":{"probability":0.251,"inBuffer":false,"facType":"substation"}},{"type":"Feature","geometry":{"type":"Point","coordinates":[-82.08581,27.0101]},"properties":{"probability":0.195,"inBuffer":false,"facType":"substation"}},{"type":"Feature","geometry":{"type":"Point","coordinates":[-82.08131,27.0101]},"properties":{"probability":0.217,"inBuffer":false,"facType":"substation"}},{"type":"Feature","geometry":{"type":"Point","coordinates":[-82.07682,27.0101]},"properties":{"probability":0.244,"inBuffer":false,"facType":"substation"}},{"type":"Feature","geometry":{"type":"Point","coordinates":[-82.07233,27.0101]},"properties":{"probability":0.222,"inBuffer":false,"facType":"substation"}},{"type":"Feature","geometry":{"type":"Point","coordinates":[-82.06784,27.0101]},"properties":{"probability":0.2,"inBuffer":true,"facType":"substation"}},{"type":"Feature","geometry":{"type":"Point","coordinates":[-82.06335,27.0101]},"properties":{"probability":0.284,"inBuffer":true,"facType":"substation"}},{"type":"Feature","geometry":{"type":"Point","coordinates":[-82.05885,27.0101]},"properties":{"probability":0.45,"inBuffer":true,"facType":"substation"}},{"type":"Feature","geometry":{"type":"Point","coordinates":[-82.05437,27.0101]},"properties":{"probability":0.522,"inBuffer":false,"facType":"substation"}},{"type":"Feature","geometry":{"type":"Point","coordinates":[-82.04987,27.0101]},"properties":{"probability":0.507,"inBuffer":false,"facType":"substation"}},{"type":"Feature","geometry":{"type":"Point","coordinates":[-82.04538,27.0101]},"properties":{"probability":0.438,"inBuffer":false,"facType":"substation"}},{"type":"Feature","geometry":{"type":"Point","coordinates":[-82.04089,27.0101]},"properties":{"probability":0.293,"inBuffer":false,"facType":"substation"}},{"type":"Feature","geometry":{"type":"Point","coordinates":[-82.0364,27.0101]},"properties":{"probability":0.164,"inBuffer":false,"facType":"substation"}},{"type":"Feature","geometry":{"type":"Point","coordinates":[-82.03191,27.0101]},"properties":{"probability":0.153,"inBuffer":false,"facType":"substation"}},{"type":"Feature","geometry":{"type":"Point","coordinates":[-82.02741,27.0101]},"properties":{"probability":0.141,"inBuffer":false,"facType":"substation"}},{"type":"Feature","geometry":{"type":"Point","coordinates":[-82.02293,27.0101]},"properties":{"probability":0.152,"inBuffer":false,"facType":"substation"}},{"type":"Feature","geometry":{"type":"Point","coordinates":[-82.01843,27.0101]},"properties":{"probability":0.144,"inBuffer":false,"facType":"substation"}},{"type":"Feature","geometry":{"type":"Point","coordinates":[-82.01394,27.0101]},"properties":{"probability":0.163,"inBuffer":false,"facType":"substation"}},{"type":"Feature","geometry":{"type":"Point","coordinates":[-82.12173,27.0056]},"properties":{"probability":0.381,"inBuffer":false,"facType":"substation"}},{"type":"Feature","geometry":{"type":"Point","coordinates":[-82.11725,27.0056]},"properties":{"probability":0.419,"inBuffer":false,"facType":"substation"}},{"type":"Feature","geometry":{"type":"Point","coordinates":[-82.11275,27.0056]},"properties":{"probability":0.345,"inBuffer":false,"facType":"substation"}},{"type":"Feature","geometry":{"type":"Point","coordinates":[-82.10826,27.0056]},"properties":{"probability":0.345,"inBuffer":false,"facType":"substation"}},{"type":"Feature","geometry":{"type":"Point","coordinates":[-82.10377,27.0056]},"properties":{"probability":0.234,"inBuffer":false,"facType":"substation"}},{"type":"Feature","geometry":{"type":"Point","coordinates":[-82.09928,27.0056]},"properties":{"probability":0.261,"inBuffer":false,"facType":"substation"}},{"type":"Feature","geometry":{"type":"Point","coordinates":[-82.09479,27.0056]},"properties":{"probability":0.157,"inBuffer":false,"facType":"substation"}},{"type":"Feature","geometry":{"type":"Point","coordinates":[-82.09029,27.0056]},"properties":{"probability":0.224,"inBuffer":false,"facType":"substation"}},{"type":"Feature","geometry":{"type":"Point","coordinates":[-82.08581,27.0056]},"properties":{"probability":0.175,"inBuffer":false,"facType":"substation"}},{"type":"Feature","geometry":{"type":"Point","coordinates":[-82.08131,27.0056]},"properties":{"probability":0.213,"inBuffer":false,"facType":"substation"}},{"type":"Feature","geometry":{"type":"Point","coordinates":[-82.07682,27.0056]},"properties":{"probability":0.191,"inBuffer":false,"facType":"substation"}},{"type":"Feature","geometry":{"type":"Point","coordinates":[-82.07233,27.0056]},"properties":{"probability":0.184,"inBuffer":false,"facType":"substation"}},{"type":"Feature","geometry":{"type":"Point","coordinates":[-82.06784,27.0056]},"properties":{"probability":0.193,"inBuffer":false,"facType":"substation"}},{"type":"Feature","geometry":{"type":"Point","coordinates":[-82.06335,27.0056]},"properties":{"probability":0.31,"inBuffer":true,"facType":"substation"}},{"type":"Feature","geometry":{"type":"Point","coordinates":[-82.05885,27.0056]},"properties":{"probability":0.397,"inBuffer":false,"facType":"substation"}},{"type":"Feature","geometry":{"type":"Point","coordinates":[-82.05437,27.0056]},"properties":{"probability":0.537,"inBuffer":false,"facType":"substation"}},{"type":"Feature","geometry":{"type":"Point","coordinates":[-82.04987,27.0056]},"properties":{"probability":0.488,"inBuffer":false,"facType":"substation"}},{"type":"Feature","geometry":{"type":"Point","coordinates":[-82.04538,27.0056]},"properties":{"probability":0.194,"inBuffer":false,"facType":"substation"}},{"type":"Feature","geometry":{"type":"Point","coordinates":[-82.04089,27.0056]},"properties":{"probability":0.188,"inBuffer":true,"facType":"substation"}},{"type":"Feature","geometry":{"type":"Point","coordinates":[-82.0364,27.0056]},"properties":{"probability":0.21,"inBuffer":true,"facType":"substation"}},{"type":"Feature","geometry":{"type":"Point","coordinates":[-82.03191,27.0056]},"properties":{"probability":0.243,"inBuffer":true,"facType":"substation"}},{"type":"Feature","geometry":{"type":"Point","coordinates":[-82.02741,27.0056]},"properties":{"probability":0.151,"inBuffer":false,"facType":"substation"}},{"type":"Feature","geometry":{"type":"Point","coordinates":[-82.02293,27.0056]},"properties":{"probability":0.17,"inBuffer":false,"facType":"substation"}},{"type":"Feature","geometry":{"type":"Point","coordinates":[-82.01843,27.0056]},"properties":{"probability":0.169,"inBuffer":false,"facType":"substation"}},{"type":"Feature","geometry":{"type":"Point","coordinates":[-82.01394,27.0056]},"properties":{"probability":0.166,"inBuffer":false,"facType":"substation"}},{"type":"Feature","geometry":{"type":"Point","coordinates":[-82.12173,27.00111]},"properties":{"probability":0.566,"inBuffer":false,"facType":"substation"}},{"type":"Feature","geometry":{"type":"Point","coordinates":[-82.11725,27.00111]},"properties":{"probability":0.414,"inBuffer":false,"facType":"substation"}},{"type":"Feature","geometry":{"type":"Point","coordinates":[-82.11275,27.00111]},"properties":{"probability":0.356,"inBuffer":false,"facType":"substation"}},{"type":"Feature","geometry":{"type":"Point","coordinates":[-82.10826,27.00111]},"properties":{"probability":0.333,"inBuffer":false,"facType":"substation"}},{"type":"Feature","geometry":{"type":"Point","coordinates":[-82.10377,27.00111]},"properties":{"probability":0.353,"inBuffer":false,"facType":"substation"}},{"type":"Feature","geometry":{"type":"Point","coordinates":[-82.09928,27.00111]},"properties":{"probability":0.369,"inBuffer":false,"facType":"substation"}},{"type":"Feature","geometry":{"type":"Point","coordinates":[-82.09479,27.00111]},"properties":{"probability":0.372,"inBuffer":false,"facType":"substation"}},{"type":"Feature","geometry":{"type":"Point","coordinates":[-82.09029,27.00111]},"properties":{"probability":0.343,"inBuffer":false,"facType":"substation"}},{"type":"Feature","geometry":{"type":"Point","coordinates":[-82.08581,27.00111]},"properties":{"probability":0.395,"inBuffer":false,"facType":"substation"}},{"type":"Feature","geometry":{"type":"Point","coordinates":[-82.08131,27.00111]},"properties":{"probability":0.333,"inBuffer":false,"facType":"substation"}},{"type":"Feature","geometry":{"type":"Point","coordinates":[-82.07682,27.00111]},"properties":{"probability":0.332,"inBuffer":false,"facType":"substation"}},{"type":"Feature","geometry":{"type":"Point","coordinates":[-82.07233,27.00111]},"properties":{"probability":0.34,"inBuffer":false,"facType":"substation"}},{"type":"Feature","geometry":{"type":"Point","coordinates":[-82.06784,27.00111]},"properties":{"probability":0.372,"inBuffer":false,"facType":"substation"}},{"type":"Feature","geometry":{"type":"Point","coordinates":[-82.06335,27.00111]},"properties":{"probability":0.343,"inBuffer":false,"facType":"substation"}},{"type":"Feature","geometry":{"type":"Point","coordinates":[-82.05885,27.00111]},"properties":{"probability":0.549,"inBuffer":false,"facType":"substation"}},{"type":"Feature","geometry":{"type":"Point","coordinates":[-82.05437,27.00111]},"properties":{"probability":0.565,"inBuffer":false,"facType":"substation"}},{"type":"Feature","geometry":{"type":"Point","coordinates":[-82.04987,27.00111]},"properties":{"probability":0.37,"inBuffer":false,"facType":"substation"}},{"type":"Feature","geometry":{"type":"Point","coordinates":[-82.04538,27.00111]},"properties":{"probability":0.175,"inBuffer":false,"facType":"substation"}},{"type":"Feature","geometry":{"type":"Point","coordinates":[-82.04089,27.00111]},"properties":{"probability":0.275,"inBuffer":true,"facType":"substation"}},{"type":"Feature","geometry":{"type":"Point","coordinates":[-82.0364,27.00111]},"properties":{"probability":0.411,"inBuffer":true,"facType":"substation"}},{"type":"Feature","geometry":{"type":"Point","coordinates":[-82.03191,27.00111]},"properties":{"probability":0.351,"inBuffer":true,"facType":"substation"}},{"type":"Feature","geometry":{"type":"Point","coordinates":[-82.02741,27.00111]},"properties":{"probability":0.248,"inBuffer":false,"facType":"substation"}},{"type":"Feature","geometry":{"type":"Point","coordinates":[-82.02293,27.00111]},"properties":{"probability":0.155,"inBuffer":false,"facType":"substation"}},{"type":"Feature","geometry":{"type":"Point","coordinates":[-82.01843,27.00111]},"properties":{"probability":0.227,"inBuffer":false,"facType":"substation"}},{"type":"Feature","geometry":{"type":"Point","coordinates":[-82.01394,27.00111]},"properties":{"probability":0.195,"inBuffer":false,"facType":"substation"}},{"type":"Feature","geometry":{"type":"Point","coordinates":[-82.00945,27.00111]},"properties":{"probability":0.219,"inBuffer":false,"facType":"substation"}},{"type":"Feature","geometry":{"type":"Point","coordinates":[-82.12173,26.99662]},"properties":{"probability":0.531,"inBuffer":false,"facType":"substation"}},{"type":"Feature","geometry":{"type":"Point","coordinates":[-82.11725,26.99662]},"properties":{"probability":0.534,"inBuffer":false,"facType":"substation"}},{"type":"Feature","geometry":{"type":"Point","coordinates":[-82.11275,26.99662]},"properties":{"probability":0.442,"inBuffer":false,"facType":"substation"}},{"type":"Feature","geometry":{"type":"Point","coordinates":[-82.10826,26.99662]},"properties":{"probability":0.437,"inBuffer":false,"facType":"substation"}},{"type":"Feature","geometry":{"type":"Point","coordinates":[-82.10377,26.99662]},"properties":{"probability":0.53,"inBuffer":false,"facType":"substation"}},{"type":"Feature","geometry":{"type":"Point","coordinates":[-82.09928,26.99662]},"properties":{"probability":0.525,"inBuffer":false,"facType":"substation"}},{"type":"Feature","geometry":{"type":"Point","coordinates":[-82.09479,26.99662]},"properties":{"probability":0.545,"inBuffer":true,"facType":"substation"}},{"type":"Feature","geometry":{"type":"Point","coordinates":[-82.09029,26.99662]},"properties":{"probability":0.454,"inBuffer":false,"facType":"substation"}},{"type":"Feature","geometry":{"type":"Point","coordinates":[-82.08581,26.99662]},"properties":{"probability":0.379,"inBuffer":false,"facType":"substation"}},{"type":"Feature","geometry":{"type":"Point","coordinates":[-82.08131,26.99662]},"properties":{"probability":0.34,"inBuffer":false,"facType":"substation"}},{"type":"Feature","geometry":{"type":"Point","coordinates":[-82.07682,26.99662]},"properties":{"probability":0.376,"inBuffer":false,"facType":"substation"}},{"type":"Feature","geometry":{"type":"Point","coordinates":[-82.07233,26.99662]},"properties":{"probability":0.389,"inBuffer":false,"facType":"substation"}},{"type":"Feature","geometry":{"type":"Point","coordinates":[-82.06784,26.99662]},"properties":{"probability":0.392,"inBuffer":false,"facType":"substation"}},{"type":"Feature","geometry":{"type":"Point","coordinates":[-82.06335,26.99662]},"properties":{"probability":0.473,"inBuffer":true,"facType":"substation"}},{"type":"Feature","geometry":{"type":"Point","coordinates":[-82.05885,26.99662]},"properties":{"probability":0.57,"inBuffer":true,"facType":"substation"}},{"type":"Feature","geometry":{"type":"Point","coordinates":[-82.05437,26.99662]},"properties":{"probability":0.532,"inBuffer":true,"facType":"substation"}},{"type":"Feature","geometry":{"type":"Point","coordinates":[-82.04987,26.99662]},"properties":{"probability":0.341,"inBuffer":false,"facType":"substation"}},{"type":"Feature","geometry":{"type":"Point","coordinates":[-82.04538,26.99662]},"properties":{"probability":0.18,"inBuffer":false,"facType":"substation"}},{"type":"Feature","geometry":{"type":"Point","coordinates":[-82.04089,26.99662]},"properties":{"probability":0.305,"inBuffer":false,"facType":"substation"}},{"type":"Feature","geometry":{"type":"Point","coordinates":[-82.0364,26.99662]},"properties":{"probability":0.379,"inBuffer":true,"facType":"substation"}},{"type":"Feature","geometry":{"type":"Point","coordinates":[-82.03191,26.99662]},"properties":{"probability":0.453,"inBuffer":true,"facType":"substation"}},{"type":"Feature","geometry":{"type":"Point","coordinates":[-82.02741,26.99662]},"properties":{"probability":0.423,"inBuffer":false,"facType":"substation"}},{"type":"Feature","geometry":{"type":"Point","coordinates":[-82.02293,26.99662]},"properties":{"probability":0.173,"inBuffer":false,"facType":"substation"}},{"type":"Feature","geometry":{"type":"Point","coordinates":[-82.01843,26.99662]},"properties":{"probability":0.19,"inBuffer":false,"facType":"substation"}},{"type":"Feature","geometry":{"type":"Point","coordinates":[-82.01394,26.99662]},"properties":{"probability":0.166,"inBuffer":false,"facType":"substation"}},{"type":"Feature","geometry":{"type":"Point","coordinates":[-82.00945,26.99662]},"properties":{"probability":0.196,"inBuffer":false,"facType":"substation"}},{"type":"Feature","geometry":{"type":"Point","coordinates":[-82.12173,26.99213]},"properties":{"probability":0.534,"inBuffer":false,"facType":"substation"}},{"type":"Feature","geometry":{"type":"Point","coordinates":[-82.11725,26.99213]},"properties":{"probability":0.544,"inBuffer":false,"facType":"substation"}},{"type":"Feature","geometry":{"type":"Point","coordinates":[-82.11275,26.99213]},"properties":{"probability":0.527,"inBuffer":false,"facType":"substation"}},{"type":"Feature","geometry":{"type":"Point","coordinates":[-82.10826,26.99213]},"properties":{"probability":0.506,"inBuffer":false,"facType":"substation"}},{"type":"Feature","geometry":{"type":"Point","coordinates":[-82.10377,26.99213]},"properties":{"probability":0.537,"inBuffer":true,"facType":"substation"}},{"type":"Feature","geometry":{"type":"Point","coordinates":[-82.09928,26.99213]},"properties":{"probability":0.529,"inBuffer":true,"facType":"substation"}},{"type":"Feature","geometry":{"type":"Point","coordinates":[-82.09479,26.99213]},"properties":{"probability":0.535,"inBuffer":true,"facType":"substation"}},{"type":"Feature","geometry":{"type":"Point","coordinates":[-82.09029,26.99213]},"properties":{"probability":0.425,"inBuffer":true,"facType":"substation"}},{"type":"Feature","geometry":{"type":"Point","coordinates":[-82.08581,26.99213]},"properties":{"probability":0.331,"inBuffer":false,"facType":"substation"}},{"type":"Feature","geometry":{"type":"Point","coordinates":[-82.08131,26.99213]},"properties":{"probability":0.19,"inBuffer":false,"facType":"substation"}},{"type":"Feature","geometry":{"type":"Point","coordinates":[-82.07682,26.99213]},"properties":{"probability":0.256,"inBuffer":false,"facType":"substation"}},{"type":"Feature","geometry":{"type":"Point","coordinates":[-82.07233,26.99213]},"properties":{"probability":0.153,"inBuffer":false,"facType":"substation"}},{"type":"Feature","geometry":{"type":"Point","coordinates":[-82.06784,26.99213]},"properties":{"probability":0.26,"inBuffer":false,"facType":"substation"}},{"type":"Feature","geometry":{"type":"Point","coordinates":[-82.06335,26.99213]},"properties":{"probability":0.37,"inBuffer":true,"facType":"substation"}},{"type":"Feature","geometry":{"type":"Point","coordinates":[-82.05885,26.99213]},"properties":{"probability":0.537,"inBuffer":true,"facType":"substation"}},{"type":"Feature","geometry":{"type":"Point","coordinates":[-82.05437,26.99213]},"properties":{"probability":0.43,"inBuffer":true,"facType":"substation"}},{"type":"Feature","geometry":{"type":"Point","coordinates":[-82.04987,26.99213]},"properties":{"probability":0.304,"inBuffer":false,"facType":"substation"}},{"type":"Feature","geometry":{"type":"Point","coordinates":[-82.04538,26.99213]},"properties":{"probability":0.178,"inBuffer":false,"facType":"substation"}},{"type":"Feature","geometry":{"type":"Point","coordinates":[-82.0364,26.99213]},"properties":{"probability":0.313,"inBuffer":false,"facType":"substation"}},{"type":"Feature","geometry":{"type":"Point","coordinates":[-82.03191,26.99213]},"properties":{"probability":0.381,"inBuffer":false,"facType":"substation"}},{"type":"Feature","geometry":{"type":"Point","coordinates":[-82.02741,26.99213]},"properties":{"probability":0.319,"inBuffer":false,"facType":"substation"}},{"type":"Feature","geometry":{"type":"Point","coordinates":[-82.02293,26.99213]},"properties":{"probability":0.155,"inBuffer":false,"facType":"substation"}},{"type":"Feature","geometry":{"type":"Point","coordinates":[-82.01843,26.99213]},"properties":{"probability":0.211,"inBuffer":false,"facType":"substation"}},{"type":"Feature","geometry":{"type":"Point","coordinates":[-82.01394,26.99213]},"properties":{"probability":0.231,"inBuffer":false,"facType":"substation"}},{"type":"Feature","geometry":{"type":"Point","coordinates":[-82.00945,26.99213]},"properties":{"probability":0.26,"inBuffer":true,"facType":"substation"}},{"type":"Feature","geometry":{"type":"Point","coordinates":[-81.96453,26.99213]},"properties":{"probability":0.208,"inBuffer":false,"facType":"substation"}},{"type":"Feature","geometry":{"type":"Point","coordinates":[-81.96004,26.99213]},"properties":{"probability":0.281,"inBuffer":false,"facType":"substation"}},{"type":"Feature","geometry":{"type":"Point","coordinates":[-81.95555,26.99213]},"properties":{"probability":0.259,"inBuffer":false,"facType":"substation"}},{"type":"Feature","geometry":{"type":"Point","coordinates":[-82.12173,26.98764]},"properties":{"probability":0.226,"inBuffer":false,"facType":"substation"}},{"type":"Feature","geometry":{"type":"Point","coordinates":[-82.11725,26.98764]},"properties":{"probability":0.365,"inBuffer":false,"facType":"substation"}},{"type":"Feature","geometry":{"type":"Point","coordinates":[-82.11275,26.98764]},"properties":{"probability":0.52,"inBuffer":false,"facType":"substation"}},{"type":"Feature","geometry":{"type":"Point","coordinates":[-82.10826,26.98764]},"properties":{"probability":0.508,"inBuffer":false,"facType":"substation"}},{"type":"Feature","geometry":{"type":"Point","coordinates":[-82.10377,26.98764]},"properties":{"probability":0.68,"inBuffer":true,"facType":"substation"}},{"type":"Feature","geometry":{"type":"Point","coordinates":[-82.09928,26.98764]},"properties":{"probability":0.685,"inBuffer":true,"facType":"substation"}},{"type":"Feature","geometry":{"type":"Point","coordinates":[-82.09479,26.98764]},"properties":{"probability":0.513,"inBuffer":true,"facType":"substation"}},{"type":"Feature","geometry":{"type":"Point","coordinates":[-82.09029,26.98764]},"properties":{"probability":0.376,"inBuffer":true,"facType":"substation"}},{"type":"Feature","geometry":{"type":"Point","coordinates":[-82.08581,26.98764]},"properties":{"probability":0.218,"inBuffer":false,"facType":"substation"}},{"type":"Feature","geometry":{"type":"Point","coordinates":[-82.08131,26.98764]},"properties":{"probability":0.163,"inBuffer":false,"facType":"substation"}},{"type":"Feature","geometry":{"type":"Point","coordinates":[-82.07682,26.98764]},"properties":{"probability":0.192,"inBuffer":false,"facType":"substation"}},{"type":"Feature","geometry":{"type":"Point","coordinates":[-82.07233,26.98764]},"properties":{"probability":0.17,"inBuffer":false,"facType":"substation"}},{"type":"Feature","geometry":{"type":"Point","coordinates":[-82.06784,26.98764]},"properties":{"probability":0.29,"inBuffer":false,"facType":"substation"}},{"type":"Feature","geometry":{"type":"Point","coordinates":[-82.06335,26.98764]},"properties":{"probability":0.368,"inBuffer":false,"facType":"substation"}},{"type":"Feature","geometry":{"type":"Point","coordinates":[-82.05885,26.98764]},"properties":{"probability":0.52,"inBuffer":true,"facType":"substation"}},{"type":"Feature","geometry":{"type":"Point","coordinates":[-82.05437,26.98764]},"properties":{"probability":0.432,"inBuffer":true,"facType":"substation"}},{"type":"Feature","geometry":{"type":"Point","coordinates":[-82.04987,26.98764]},"properties":{"probability":0.227,"inBuffer":false,"facType":"substation"}},{"type":"Feature","geometry":{"type":"Point","coordinates":[-82.04089,26.98764]},"properties":{"probability":0.182,"inBuffer":false,"facType":"substation"}},{"type":"Feature","geometry":{"type":"Point","coordinates":[-82.0364,26.98764]},"properties":{"probability":0.129,"inBuffer":false,"facType":"substation"}},{"type":"Feature","geometry":{"type":"Point","coordinates":[-82.03191,26.98764]},"properties":{"probability":0.354,"inBuffer":false,"facType":"substation"}},{"type":"Feature","geometry":{"type":"Point","coordinates":[-82.02741,26.98764]},"properties":{"probability":0.364,"inBuffer":false,"facType":"substation"}},{"type":"Feature","geometry":{"type":"Point","coordinates":[-82.02293,26.98764]},"properties":{"probability":0.129,"inBuffer":false,"facType":"substation"}},{"type":"Feature","geometry":{"type":"Point","coordinates":[-82.01843,26.98764]},"properties":{"probability":0.216,"inBuffer":false,"facType":"substation"}},{"type":"Feature","geometry":{"type":"Point","coordinates":[-82.01394,26.98764]},"properties":{"probability":0.314,"inBuffer":true,"facType":"substation"}},{"type":"Feature","geometry":{"type":"Point","coordinates":[-82.00945,26.98764]},"properties":{"probability":0.285,"inBuffer":true,"facType":"substation"}},{"type":"Feature","geometry":{"type":"Point","coordinates":[-82.00496,26.98764]},"properties":{"probability":0.305,"inBuffer":true,"facType":"substation"}},{"type":"Feature","geometry":{"type":"Point","coordinates":[-82.00047,26.98764]},"properties":{"probability":0.286,"inBuffer":true,"facType":"substation"}},{"type":"Feature","geometry":{"type":"Point","coordinates":[-81.99597,26.98764]},"properties":{"probability":0.182,"inBuffer":false,"facType":"substation"}},{"type":"Feature","geometry":{"type":"Point","coordinates":[-81.96453,26.98764]},"properties":{"probability":0.155,"inBuffer":false,"facType":"substation"}},{"type":"Feature","geometry":{"type":"Point","coordinates":[-81.96004,26.98764]},"properties":{"probability":0.165,"inBuffer":false,"facType":"substation"}},{"type":"Feature","geometry":{"type":"Point","coordinates":[-81.95555,26.98764]},"properties":{"probability":0.186,"inBuffer":false,"facType":"substation"}},{"type":"Feature","geometry":{"type":"Point","coordinates":[-82.12173,26.98314]},"properties":{"probability":0.191,"inBuffer":false,"facType":"substation"}},{"type":"Feature","geometry":{"type":"Point","coordinates":[-82.11725,26.98314]},"properties":{"probability":0.287,"inBuffer":false,"facType":"substation"}},{"type":"Feature","geometry":{"type":"Point","coordinates":[-82.11275,26.98314]},"properties":{"probability":0.276,"inBuffer":false,"facType":"substation"}},{"type":"Feature","geometry":{"type":"Point","coordinates":[-82.10826,26.98314]},"properties":{"probability":0.521,"inBuffer":false,"facType":"substation"}},{"type":"Feature","geometry":{"type":"Point","coordinates":[-82.10377,26.98314]},"properties":{"probability":0.662,"inBuffer":true,"facType":"substation"}},{"type":"Feature","geometry":{"type":"Point","coordinates":[-82.09928,26.98314]},"properties":{"probability":0.648,"inBuffer":true,"facType":"substation"}},{"type":"Feature","geometry":{"type":"Point","coordinates":[-82.09479,26.98314]},"properties":{"probability":0.546,"inBuffer":true,"facType":"substation"}},{"type":"Feature","geometry":{"type":"Point","coordinates":[-82.09029,26.98314]},"properties":{"probability":0.362,"inBuffer":false,"facType":"substation"}},{"type":"Feature","geometry":{"type":"Point","coordinates":[-82.08581,26.98314]},"properties":{"probability":0.32,"inBuffer":false,"facType":"substation"}},{"type":"Feature","geometry":{"type":"Point","coordinates":[-82.08131,26.98314]},"properties":{"probability":0.212,"inBuffer":false,"facType":"substation"}},{"type":"Feature","geometry":{"type":"Point","coordinates":[-82.07682,26.98314]},"properties":{"probability":0.278,"inBuffer":false,"facType":"substation"}},{"type":"Feature","geometry":{"type":"Point","coordinates":[-82.07233,26.98314]},"properties":{"probability":0.226,"inBuffer":false,"facType":"substation"}},{"type":"Feature","geometry":{"type":"Point","coordinates":[-82.06784,26.98314]},"properties":{"probability":0.262,"inBuffer":false,"facType":"substation"}},{"type":"Feature","geometry":{"type":"Point","coordinates":[-82.06335,26.98314]},"properties":{"probability":0.285,"inBuffer":false,"facType":"substation"}},{"type":"Feature","geometry":{"type":"Point","coordinates":[-82.05885,26.98314]},"properties":{"probability":0.307,"inBuffer":false,"facType":"substation"}},{"type":"Feature","geometry":{"type":"Point","coordinates":[-82.05437,26.98314]},"properties":{"probability":0.409,"inBuffer":false,"facType":"substation"}},{"type":"Feature","geometry":{"type":"Point","coordinates":[-82.04987,26.98314]},"properties":{"probability":0.31,"inBuffer":false,"facType":"substation"}},{"type":"Feature","geometry":{"type":"Point","coordinates":[-82.04538,26.98314]},"properties":{"probability":0.341,"inBuffer":false,"facType":"substation"}},{"type":"Feature","geometry":{"type":"Point","coordinates":[-82.04089,26.98314]},"properties":{"probability":0.155,"inBuffer":false,"facType":"substation"}},{"type":"Feature","geometry":{"type":"Point","coordinates":[-82.0364,26.98314]},"properties":{"probability":0.348,"inBuffer":false,"facType":"substation"}},{"type":"Feature","geometry":{"type":"Point","coordinates":[-82.03191,26.98314]},"properties":{"probability":0.38,"inBuffer":false,"facType":"substation"}},{"type":"Feature","geometry":{"type":"Point","coordinates":[-82.02741,26.98314]},"properties":{"probability":0.358,"inBuffer":false,"facType":"substation"}},{"type":"Feature","geometry":{"type":"Point","coordinates":[-82.02293,26.98314]},"properties":{"probability":0.386,"inBuffer":false,"facType":"substation"}},{"type":"Feature","geometry":{"type":"Point","coordinates":[-82.01843,26.98314]},"properties":{"probability":0.136,"inBuffer":false,"facType":"substation"}},{"type":"Feature","geometry":{"type":"Point","coordinates":[-82.00945,26.98314]},"properties":{"probability":0.286,"inBuffer":true,"facType":"substation"}},{"type":"Feature","geometry":{"type":"Point","coordinates":[-82.00496,26.98314]},"properties":{"probability":0.336,"inBuffer":true,"facType":"substation"}},{"type":"Feature","geometry":{"type":"Point","coordinates":[-81.96453,26.98314]},"properties":{"probability":0.141,"inBuffer":false,"facType":"substation"}},{"type":"Feature","geometry":{"type":"Point","coordinates":[-81.96004,26.98314]},"properties":{"probability":0.225,"inBuffer":false,"facType":"substation"}},{"type":"Feature","geometry":{"type":"Point","coordinates":[-82.12173,26.97865]},"properties":{"probability":0.189,"inBuffer":false,"facType":"substation"}},{"type":"Feature","geometry":{"type":"Point","coordinates":[-82.11725,26.97865]},"properties":{"probability":0.222,"inBuffer":false,"facType":"substation"}},{"type":"Feature","geometry":{"type":"Point","coordinates":[-82.11275,26.97865]},"properties":{"probability":0.268,"inBuffer":false,"facType":"substation"}},{"type":"Feature","geometry":{"type":"Point","coordinates":[-82.10826,26.97865]},"properties":{"probability":0.257,"inBuffer":false,"facType":"substation"}},{"type":"Feature","geometry":{"type":"Point","coordinates":[-82.10377,26.97865]},"properties":{"probability":0.334,"inBuffer":false,"facType":"substation"}},{"type":"Feature","geometry":{"type":"Point","coordinates":[-82.09928,26.97865]},"properties":{"probability":0.526,"inBuffer":true,"facType":"substation"}},{"type":"Feature","geometry":{"type":"Point","coordinates":[-82.09479,26.97865]},"properties":{"probability":0.547,"inBuffer":true,"facType":"substation"}},{"type":"Feature","geometry":{"type":"Point","coordinates":[-82.09029,26.97865]},"properties":{"probability":0.553,"inBuffer":true,"facType":"substation"}},{"type":"Feature","geometry":{"type":"Point","coordinates":[-82.08581,26.97865]},"properties":{"probability":0.522,"inBuffer":true,"facType":"substation"}},{"type":"Feature","geometry":{"type":"Point","coordinates":[-82.08131,26.97865]},"properties":{"probability":0.397,"inBuffer":false,"facType":"substation"}},{"type":"Feature","geometry":{"type":"Point","coordinates":[-82.07682,26.97865]},"properties":{"probability":0.29,"inBuffer":false,"facType":"substation"}},{"type":"Feature","geometry":{"type":"Point","coordinates":[-82.07233,26.97865]},"properties":{"probability":0.383,"inBuffer":false,"facType":"substation"}},{"type":"Feature","geometry":{"type":"Point","coordinates":[-82.06784,26.97865]},"properties":{"probability":0.324,"inBuffer":false,"facType":"substation"}},{"type":"Feature","geometry":{"type":"Point","coordinates":[-82.06335,26.97865]},"properties":{"probability":0.298,"inBuffer":false,"facType":"substation"}},{"type":"Feature","geometry":{"type":"Point","coordinates":[-82.05885,26.97865]},"properties":{"probability":0.255,"inBuffer":false,"facType":"substation"}},{"type":"Feature","geometry":{"type":"Point","coordinates":[-82.05437,26.97865]},"properties":{"probability":0.323,"inBuffer":false,"facType":"substation"}},{"type":"Feature","geometry":{"type":"Point","coordinates":[-82.04987,26.97865]},"properties":{"probability":0.185,"inBuffer":false,"facType":"substation"}},{"type":"Feature","geometry":{"type":"Point","coordinates":[-82.04538,26.97865]},"properties":{"probability":0.15,"inBuffer":false,"facType":"substation"}},{"type":"Feature","geometry":{"type":"Point","coordinates":[-82.0364,26.97865]},"properties":{"probability":0.233,"inBuffer":false,"facType":"substation"}},{"type":"Feature","geometry":{"type":"Point","coordinates":[-82.03191,26.97865]},"properties":{"probability":0.128,"inBuffer":false,"facType":"substation"}},{"type":"Feature","geometry":{"type":"Point","coordinates":[-82.02741,26.97865]},"properties":{"probability":0.414,"inBuffer":false,"facType":"substation"}},{"type":"Feature","geometry":{"type":"Point","coordinates":[-82.02293,26.97865]},"properties":{"probability":0.511,"inBuffer":false,"facType":"substation"}},{"type":"Feature","geometry":{"type":"Point","coordinates":[-82.01843,26.97865]},"properties":{"probability":0.255,"inBuffer":false,"facType":"substation"}},{"type":"Feature","geometry":{"type":"Point","coordinates":[-82.00945,26.97865]},"properties":{"probability":0.213,"inBuffer":false,"facType":"substation"}},{"type":"Feature","geometry":{"type":"Point","coordinates":[-82.00496,26.97865]},"properties":{"probability":0.238,"inBuffer":false,"facType":"substation"}},{"type":"Feature","geometry":{"type":"Point","coordinates":[-81.96453,26.97865]},"properties":{"probability":0.13,"inBuffer":false,"facType":"substation"}},{"type":"Feature","geometry":{"type":"Point","coordinates":[-81.96004,26.97865]},"properties":{"probability":0.134,"inBuffer":false,"facType":"substation"}},{"type":"Feature","geometry":{"type":"Point","coordinates":[-82.12173,26.97416]},"properties":{"probability":0.175,"inBuffer":false,"facType":"substation"}},{"type":"Feature","geometry":{"type":"Point","coordinates":[-82.11725,26.97416]},"properties":{"probability":0.197,"inBuffer":false,"facType":"substation"}},{"type":"Feature","geometry":{"type":"Point","coordinates":[-82.11275,26.97416]},"properties":{"probability":0.256,"inBuffer":false,"facType":"substation"}},{"type":"Feature","geometry":{"type":"Point","coordinates":[-82.10826,26.97416]},"properties":{"probability":0.375,"inBuffer":false,"facType":"substation"}},{"type":"Feature","geometry":{"type":"Point","coordinates":[-82.10377,26.97416]},"properties":{"probability":0.371,"inBuffer":false,"facType":"substation"}},{"type":"Feature","geometry":{"type":"Point","coordinates":[-82.09928,26.97416]},"properties":{"probability":0.395,"inBuffer":true,"facType":"substation"}},{"type":"Feature","geometry":{"type":"Point","coordinates":[-82.09479,26.97416]},"properties":{"probability":0.516,"inBuffer":true,"facType":"substation"}},{"type":"Feature","geometry":{"type":"Point","coordinates":[-82.09029,26.97416]},"properties":{"probability":0.521,"inBuffer":true,"facType":"substation"}},{"type":"Feature","geometry":{"type":"Point","coordinates":[-82.08581,26.97416]},"properties":{"probability":0.537,"inBuffer":true,"facType":"substation"}},{"type":"Feature","geometry":{"type":"Point","coordinates":[-82.08131,26.97416]},"properties":{"probability":0.513,"inBuffer":false,"facType":"substation"}},{"type":"Feature","geometry":{"type":"Point","coordinates":[-82.07682,26.97416]},"properties":{"probability":0.43,"inBuffer":false,"facType":"substation"}},{"type":"Feature","geometry":{"type":"Point","coordinates":[-82.07233,26.97416]},"properties":{"probability":0.494,"inBuffer":false,"facType":"substation"}},{"type":"Feature","geometry":{"type":"Point","coordinates":[-82.06784,26.97416]},"properties":{"probability":0.448,"inBuffer":false,"facType":"substation"}},{"type":"Feature","geometry":{"type":"Point","coordinates":[-82.06335,26.97416]},"properties":{"probability":0.458,"inBuffer":false,"facType":"substation"}},{"type":"Feature","geometry":{"type":"Point","coordinates":[-82.05885,26.97416]},"properties":{"probability":0.292,"inBuffer":false,"facType":"substation"}},{"type":"Feature","geometry":{"type":"Point","coordinates":[-82.05437,26.97416]},"properties":{"probability":0.194,"inBuffer":false,"facType":"substation"}},{"type":"Feature","geometry":{"type":"Point","coordinates":[-82.04987,26.97416]},"properties":{"probability":0.191,"inBuffer":false,"facType":"substation"}},{"type":"Feature","geometry":{"type":"Point","coordinates":[-82.04538,26.97416]},"properties":{"probability":0.197,"inBuffer":false,"facType":"substation"}},{"type":"Feature","geometry":{"type":"Point","coordinates":[-82.04089,26.97416]},"properties":{"probability":0.288,"inBuffer":false,"facType":"substation"}},{"type":"Feature","geometry":{"type":"Point","coordinates":[-82.0364,26.97416]},"properties":{"probability":0.147,"inBuffer":false,"facType":"substation"}},{"type":"Feature","geometry":{"type":"Point","coordinates":[-82.02293,26.97416]},"properties":{"probability":0.14,"inBuffer":false,"facType":"substation"}},{"type":"Feature","geometry":{"type":"Point","coordinates":[-81.96902,26.97416]},"properties":{"probability":0.246,"inBuffer":false,"facType":"substation"}},{"type":"Feature","geometry":{"type":"Point","coordinates":[-81.96453,26.97416]},"properties":{"probability":0.321,"inBuffer":false,"facType":"substation"}},{"type":"Feature","geometry":{"type":"Point","coordinates":[-81.96004,26.97416]},"properties":{"probability":0.153,"inBuffer":false,"facType":"substation"}},{"type":"Feature","geometry":{"type":"Point","coordinates":[-81.93758,26.97416]},"properties":{"probability":0.191,"inBuffer":false,"facType":"substation"}},{"type":"Feature","geometry":{"type":"Point","coordinates":[-82.11725,26.96967]},"properties":{"probability":0.18,"inBuffer":false,"facType":"substation"}},{"type":"Feature","geometry":{"type":"Point","coordinates":[-82.11275,26.96967]},"properties":{"probability":0.205,"inBuffer":false,"facType":"substation"}},{"type":"Feature","geometry":{"type":"Point","coordinates":[-82.10826,26.96967]},"properties":{"probability":0.337,"inBuffer":false,"facType":"substation"}},{"type":"Feature","geometry":{"type":"Point","coordinates":[-82.10377,26.96967]},"properties":{"probability":0.345,"inBuffer":false,"facType":"substation"}},{"type":"Feature","geometry":{"type":"Point","coordinates":[-82.09928,26.96967]},"properties":{"probability":0.405,"inBuffer":false,"facType":"substation"}},{"type":"Feature","geometry":{"type":"Point","coordinates":[-82.09479,26.96967]},"properties":{"probability":0.345,"inBuffer":false,"facType":"substation"}},{"type":"Feature","geometry":{"type":"Point","coordinates":[-82.09029,26.96967]},"properties":{"probability":0.543,"inBuffer":true,"facType":"substation"}},{"type":"Feature","geometry":{"type":"Point","coordinates":[-82.08581,26.96967]},"properties":{"probability":0.561,"inBuffer":false,"facType":"substation"}},{"type":"Feature","geometry":{"type":"Point","coordinates":[-82.08131,26.96967]},"properties":{"probability":0.681,"inBuffer":false,"facType":"substation"}},{"type":"Feature","geometry":{"type":"Point","coordinates":[-82.07682,26.96967]},"properties":{"probability":0.672,"inBuffer":false,"facType":"substation"}},{"type":"Feature","geometry":{"type":"Point","coordinates":[-82.07233,26.96967]},"properties":{"probability":0.643,"inBuffer":false,"facType":"substation"}},{"type":"Feature","geometry":{"type":"Point","coordinates":[-82.06784,26.96967]},"properties":{"probability":0.588,"inBuffer":false,"facType":"substation"}},{"type":"Feature","geometry":{"type":"Point","coordinates":[-82.06335,26.96967]},"properties":{"probability":0.506,"inBuffer":false,"facType":"substation"}},{"type":"Feature","geometry":{"type":"Point","coordinates":[-82.05885,26.96967]},"properties":{"probability":0.397,"inBuffer":false,"facType":"substation"}},{"type":"Feature","geometry":{"type":"Point","coordinates":[-82.05437,26.96967]},"properties":{"probability":0.225,"inBuffer":false,"facType":"substation"}},{"type":"Feature","geometry":{"type":"Point","coordinates":[-82.04987,26.96967]},"properties":{"probability":0.215,"inBuffer":false,"facType":"substation"}},{"type":"Feature","geometry":{"type":"Point","coordinates":[-82.04538,26.96967]},"properties":{"probability":0.191,"inBuffer":false,"facType":"substation"}},{"type":"Feature","geometry":{"type":"Point","coordinates":[-82.04089,26.96967]},"properties":{"probability":0.271,"inBuffer":false,"facType":"substation"}},{"type":"Feature","geometry":{"type":"Point","coordinates":[-81.97352,26.96967]},"properties":{"probability":0.322,"inBuffer":false,"facType":"substation"}},{"type":"Feature","geometry":{"type":"Point","coordinates":[-81.96902,26.96967]},"properties":{"probability":0.331,"inBuffer":false,"facType":"substation"}},{"type":"Feature","geometry":{"type":"Point","coordinates":[-81.96453,26.96967]},"properties":{"probability":0.298,"inBuffer":false,"facType":"substation"}},{"type":"Feature","geometry":{"type":"Point","coordinates":[-81.96004,26.96967]},"properties":{"probability":0.179,"inBuffer":false,"facType":"substation"}},{"type":"Feature","geometry":{"type":"Point","coordinates":[-82.11275,26.96518]},"properties":{"probability":0.187,"inBuffer":false,"facType":"substation"}},{"type":"Feature","geometry":{"type":"Point","coordinates":[-82.10826,26.96518]},"properties":{"probability":0.269,"inBuffer":false,"facType":"substation"}},{"type":"Feature","geometry":{"type":"Point","coordinates":[-82.10377,26.96518]},"properties":{"probability":0.391,"inBuffer":false,"facType":"substation"}},{"type":"Feature","geometry":{"type":"Point","coordinates":[-82.09928,26.96518]},"properties":{"probability":0.43,"inBuffer":false,"facType":"substation"}},{"type":"Feature","geometry":{"type":"Point","coordinates":[-82.09479,26.96518]},"properties":{"probability":0.44,"inBuffer":false,"facType":"substation"}},{"type":"Feature","geometry":{"type":"Point","coordinates":[-82.09029,26.96518]},"properties":{"probability":0.493,"inBuffer":false,"facType":"substation"}},{"type":"Feature","geometry":{"type":"Point","coordinates":[-82.08581,26.96518]},"properties":{"probability":0.483,"inBuffer":false,"facType":"substation"}},{"type":"Feature","geometry":{"type":"Point","coordinates":[-82.08131,26.96518]},"properties":{"probability":0.659,"inBuffer":false,"facType":"substation"}},{"type":"Feature","geometry":{"type":"Point","coordinates":[-82.07682,26.96518]},"properties":{"probability":0.649,"inBuffer":false,"facType":"substation"}},{"type":"Feature","geometry":{"type":"Point","coordinates":[-82.07233,26.96518]},"properties":{"probability":0.664,"inBuffer":false,"facType":"substation"}},{"type":"Feature","geometry":{"type":"Point","coordinates":[-82.06784,26.96518]},"properties":{"probability":0.635,"inBuffer":false,"facType":"substation"}},{"type":"Feature","geometry":{"type":"Point","coordinates":[-82.06335,26.96518]},"properties":{"probability":0.553,"inBuffer":false,"facType":"substation"}},{"type":"Feature","geometry":{"type":"Point","coordinates":[-82.05885,26.96518]},"properties":{"probability":0.445,"inBuffer":false,"facType":"substation"}},{"type":"Feature","geometry":{"type":"Point","coordinates":[-82.05437,26.96518]},"properties":{"probability":0.258,"inBuffer":false,"facType":"substation"}},{"type":"Feature","geometry":{"type":"Point","coordinates":[-82.04987,26.96518]},"properties":{"probability":0.228,"inBuffer":false,"facType":"substation"}},{"type":"Feature","geometry":{"type":"Point","coordinates":[-82.04538,26.96518]},"properties":{"probability":0.213,"inBuffer":false,"facType":"substation"}},{"type":"Feature","geometry":{"type":"Point","coordinates":[-81.99148,26.96518]},"properties":{"probability":0.134,"inBuffer":false,"facType":"substation"}},{"type":"Feature","geometry":{"type":"Point","coordinates":[-81.98699,26.96518]},"properties":{"probability":0.181,"inBuffer":false,"facType":"substation"}},{"type":"Feature","geometry":{"type":"Point","coordinates":[-81.9825,26.96518]},"properties":{"probability":0.168,"inBuffer":false,"facType":"substation"}},{"type":"Feature","geometry":{"type":"Point","coordinates":[-81.978,26.96518]},"properties":{"probability":0.142,"inBuffer":false,"facType":"substation"}},{"type":"Feature","geometry":{"type":"Point","coordinates":[-81.97352,26.96518]},"properties":{"probability":0.373,"inBuffer":false,"facType":"substation"}},{"type":"Feature","geometry":{"type":"Point","coordinates":[-81.96902,26.96518]},"properties":{"probability":0.194,"inBuffer":false,"facType":"substation"}},{"type":"Feature","geometry":{"type":"Point","coordinates":[-81.96453,26.96518]},"properties":{"probability":0.238,"inBuffer":false,"facType":"substation"}},{"type":"Feature","geometry":{"type":"Point","coordinates":[-82.10826,26.96069]},"properties":{"probability":0.14,"inBuffer":false,"facType":"substation"}},{"type":"Feature","geometry":{"type":"Point","coordinates":[-82.10377,26.96069]},"properties":{"probability":0.302,"inBuffer":false,"facType":"substation"}},{"type":"Feature","geometry":{"type":"Point","coordinates":[-82.09928,26.96069]},"properties":{"probability":0.433,"inBuffer":false,"facType":"substation"}},{"type":"Feature","geometry":{"type":"Point","coordinates":[-82.09479,26.96069]},"properties":{"probability":0.353,"inBuffer":false,"facType":"substation"}},{"type":"Feature","geometry":{"type":"Point","coordinates":[-82.09029,26.96069]},"properties":{"probability":0.385,"inBuffer":false,"facType":"substation"}},{"type":"Feature","geometry":{"type":"Point","coordinates":[-82.08581,26.96069]},"properties":{"probability":0.513,"inBuffer":false,"facType":"substation"}},{"type":"Feature","geometry":{"type":"Point","coordinates":[-82.08131,26.96069]},"properties":{"probability":0.473,"inBuffer":false,"facType":"substation"}},{"type":"Feature","geometry":{"type":"Point","coordinates":[-82.07682,26.96069]},"properties":{"probability":0.533,"inBuffer":false,"facType":"substation"}},{"type":"Feature","geometry":{"type":"Point","coordinates":[-82.07233,26.96069]},"properties":{"probability":0.602,"inBuffer":false,"facType":"substation"}},{"type":"Feature","geometry":{"type":"Point","coordinates":[-82.06784,26.96069]},"properties":{"probability":0.594,"inBuffer":false,"facType":"substation"}},{"type":"Feature","geometry":{"type":"Point","coordinates":[-82.06335,26.96069]},"properties":{"probability":0.518,"inBuffer":false,"facType":"substation"}},{"type":"Feature","geometry":{"type":"Point","coordinates":[-82.05885,26.96069]},"properties":{"probability":0.214,"inBuffer":false,"facType":"substation"}},{"type":"Feature","geometry":{"type":"Point","coordinates":[-82.05437,26.96069]},"properties":{"probability":0.212,"inBuffer":false,"facType":"substation"}},{"type":"Feature","geometry":{"type":"Point","coordinates":[-81.99597,26.96069]},"properties":{"probability":0.184,"inBuffer":false,"facType":"substation"}},{"type":"Feature","geometry":{"type":"Point","coordinates":[-81.99148,26.96069]},"properties":{"probability":0.404,"inBuffer":true,"facType":"substation"}},{"type":"Feature","geometry":{"type":"Point","coordinates":[-81.98699,26.96069]},"properties":{"probability":0.309,"inBuffer":false,"facType":"substation"}},{"type":"Feature","geometry":{"type":"Point","coordinates":[-81.9825,26.96069]},"properties":{"probability":0.206,"inBuffer":false,"facType":"substation"}},{"type":"Feature","geometry":{"type":"Point","coordinates":[-81.978,26.96069]},"properties":{"probability":0.236,"inBuffer":false,"facType":"substation"}},{"type":"Feature","geometry":{"type":"Point","coordinates":[-82.10377,26.9562]},"properties":{"probability":0.245,"inBuffer":false,"facType":"substation"}},{"type":"Feature","geometry":{"type":"Point","coordinates":[-82.09928,26.9562]},"properties":{"probability":0.143,"inBuffer":false,"facType":"substation"}},{"type":"Feature","geometry":{"type":"Point","coordinates":[-82.09479,26.9562]},"properties":{"probability":0.159,"inBuffer":false,"facType":"substation"}},{"type":"Feature","geometry":{"type":"Point","coordinates":[-82.09029,26.9562]},"properties":{"probability":0.181,"inBuffer":false,"facType":"substation"}},{"type":"Feature","geometry":{"type":"Point","coordinates":[-82.08581,26.9562]},"properties":{"probability":0.218,"inBuffer":false,"facType":"substation"}},{"type":"Feature","geometry":{"type":"Point","coordinates":[-82.07682,26.9562]},"properties":{"probability":0.16,"inBuffer":false,"facType":"substation"}},{"type":"Feature","geometry":{"type":"Point","coordinates":[-82.07233,26.9562]},"properties":{"probability":0.437,"inBuffer":false,"facType":"substation"}},{"type":"Feature","geometry":{"type":"Point","coordinates":[-82.06784,26.9562]},"properties":{"probability":0.599,"inBuffer":false,"facType":"substation"}},{"type":"Feature","geometry":{"type":"Point","coordinates":[-82.06335,26.9562]},"properties":{"probability":0.484,"inBuffer":false,"facType":"substation"}},{"type":"Feature","geometry":{"type":"Point","coordinates":[-82.05885,26.9562]},"properties":{"probability":0.216,"inBuffer":false,"facType":"substation"}},{"type":"Feature","geometry":{"type":"Point","coordinates":[-82.05437,26.9562]},"properties":{"probability":0.153,"inBuffer":false,"facType":"substation"}},{"type":"Feature","geometry":{"type":"Point","coordinates":[-82.00047,26.9562]},"properties":{"probability":0.18,"inBuffer":false,"facType":"substation"}},{"type":"Feature","geometry":{"type":"Point","coordinates":[-81.99597,26.9562]},"properties":{"probability":0.245,"inBuffer":true,"facType":"substation"}},{"type":"Feature","geometry":{"type":"Point","coordinates":[-81.99148,26.9562]},"properties":{"probability":0.405,"inBuffer":true,"facType":"substation"}},{"type":"Feature","geometry":{"type":"Point","coordinates":[-81.98699,26.9562]},"properties":{"probability":0.261,"inBuffer":true,"facType":"substation"}},{"type":"Feature","geometry":{"type":"Point","coordinates":[-81.9825,26.9562]},"properties":{"probability":0.15,"inBuffer":false,"facType":"substation"}},{"type":"Feature","geometry":{"type":"Point","coordinates":[-81.978,26.9562]},"properties":{"probability":0.133,"inBuffer":false,"facType":"substation"}},{"type":"Feature","geometry":{"type":"Point","coordinates":[-82.07233,26.9517]},"properties":{"probability":0.221,"inBuffer":false,"facType":"substation"}},{"type":"Feature","geometry":{"type":"Point","coordinates":[-82.06784,26.9517]},"properties":{"probability":0.398,"inBuffer":false,"facType":"substation"}},{"type":"Feature","geometry":{"type":"Point","coordinates":[-82.06335,26.9517]},"properties":{"probability":0.476,"inBuffer":false,"facType":"substation"}},{"type":"Feature","geometry":{"type":"Point","coordinates":[-82.05885,26.9517]},"properties":{"probability":0.393,"inBuffer":false,"facType":"substation"}},{"type":"Feature","geometry":{"type":"Point","coordinates":[-82.02741,26.9517]},"properties":{"probability":0.205,"inBuffer":false,"facType":"substation"}},{"type":"Feature","geometry":{"type":"Point","coordinates":[-82.00945,26.9517]},"properties":{"probability":0.211,"inBuffer":false,"facType":"substation"}},{"type":"Feature","geometry":{"type":"Point","coordinates":[-82.00496,26.9517]},"properties":{"probability":0.285,"inBuffer":false,"facType":"substation"}},{"type":"Feature","geometry":{"type":"Point","coordinates":[-82.00047,26.9517]},"properties":{"probability":0.397,"inBuffer":false,"facType":"substation"}},{"type":"Feature","geometry":{"type":"Point","coordinates":[-81.99597,26.9517]},"properties":{"probability":0.488,"inBuffer":true,"facType":"substation"}},{"type":"Feature","geometry":{"type":"Point","coordinates":[-81.99148,26.9517]},"properties":{"probability":0.294,"inBuffer":true,"facType":"substation"}},{"type":"Feature","geometry":{"type":"Point","coordinates":[-81.98699,26.9517]},"properties":{"probability":0.229,"inBuffer":true,"facType":"substation"}},{"type":"Feature","geometry":{"type":"Point","coordinates":[-81.9825,26.9517]},"properties":{"probability":0.127,"inBuffer":false,"facType":"substation"}},{"type":"Feature","geometry":{"type":"Point","coordinates":[-81.978,26.9517]},"properties":{"probability":0.169,"inBuffer":false,"facType":"substation"}},{"type":"Feature","geometry":{"type":"Point","coordinates":[-82.06335,26.94721]},"properties":{"probability":0.214,"inBuffer":false,"facType":"substation"}},{"type":"Feature","geometry":{"type":"Point","coordinates":[-82.05885,26.94721]},"properties":{"probability":0.153,"inBuffer":false,"facType":"substation"}},{"type":"Feature","geometry":{"type":"Point","coordinates":[-82.05437,26.94721]},"properties":{"probability":0.215,"inBuffer":false,"facType":"substation"}},{"type":"Feature","geometry":{"type":"Point","coordinates":[-82.04089,26.94721]},"properties":{"probability":0.232,"inBuffer":true,"facType":"substation"}},{"type":"Feature","geometry":{"type":"Point","coordinates":[-82.0364,26.94721]},"properties":{"probability":0.275,"inBuffer":false,"facType":"substation"}},{"type":"Feature","geometry":{"type":"Point","coordinates":[-82.03191,26.94721]},"properties":{"probability":0.166,"inBuffer":false,"facType":"substation"}},{"type":"Feature","geometry":{"type":"Point","coordinates":[-82.02741,26.94721]},"properties":{"probability":0.139,"inBuffer":false,"facType":"substation"}},{"type":"Feature","geometry":{"type":"Point","coordinates":[-82.02293,26.94721]},"properties":{"probability":0.14,"inBuffer":false,"facType":"substation"}},{"type":"Feature","geometry":{"type":"Point","coordinates":[-82.01843,26.94721]},"properties":{"probability":0.142,"inBuffer":false,"facType":"substation"}},{"type":"Feature","geometry":{"type":"Point","coordinates":[-82.01394,26.94721]},"properties":{"probability":0.133,"inBuffer":false,"facType":"substation"}},{"type":"Feature","geometry":{"type":"Point","coordinates":[-82.00945,26.94721]},"properties":{"probability":0.206,"inBuffer":false,"facType":"substation"}},{"type":"Feature","geometry":{"type":"Point","coordinates":[-82.00496,26.94721]},"properties":{"probability":0.305,"inBuffer":false,"facType":"substation"}},{"type":"Feature","geometry":{"type":"Point","coordinates":[-82.00047,26.94721]},"properties":{"probability":0.406,"inBuffer":false,"facType":"substation"}},{"type":"Feature","geometry":{"type":"Point","coordinates":[-81.99597,26.94721]},"properties":{"probability":0.336,"inBuffer":false,"facType":"substation"}},{"type":"Feature","geometry":{"type":"Point","coordinates":[-81.99148,26.94721]},"properties":{"probability":0.159,"inBuffer":false,"facType":"substation"}},{"type":"Feature","geometry":{"type":"Point","coordinates":[-82.05885,26.94272]},"properties":{"probability":0.186,"inBuffer":false,"facType":"substation"}},{"type":"Feature","geometry":{"type":"Point","coordinates":[-82.05437,26.94272]},"properties":{"probability":0.152,"inBuffer":false,"facType":"substation"}},{"type":"Feature","geometry":{"type":"Point","coordinates":[-82.04987,26.94272]},"properties":{"probability":0.519,"inBuffer":false,"facType":"substation"}},{"type":"Feature","geometry":{"type":"Point","coordinates":[-82.04538,26.94272]},"properties":{"probability":0.517,"inBuffer":true,"facType":"substation"}},{"type":"Feature","geometry":{"type":"Point","coordinates":[-82.04089,26.94272]},"properties":{"probability":0.525,"inBuffer":true,"facType":"substation"}},{"type":"Feature","geometry":{"type":"Point","coordinates":[-82.0364,26.94272]},"properties":{"probability":0.408,"inBuffer":true,"facType":"substation"}},{"type":"Feature","geometry":{"type":"Point","coordinates":[-82.03191,26.94272]},"properties":{"probability":0.396,"inBuffer":false,"facType":"substation"}},{"type":"Feature","geometry":{"type":"Point","coordinates":[-82.02741,26.94272]},"properties":{"probability":0.321,"inBuffer":false,"facType":"substation"}},{"type":"Feature","geometry":{"type":"Point","coordinates":[-82.02293,26.94272]},"properties":{"probability":0.33,"inBuffer":false,"facType":"substation"}},{"type":"Feature","geometry":{"type":"Point","coordinates":[-82.01843,26.94272]},"properties":{"probability":0.346,"inBuffer":false,"facType":"substation"}},{"type":"Feature","geometry":{"type":"Point","coordinates":[-82.01394,26.94272]},"properties":{"probability":0.355,"inBuffer":false,"facType":"substation"}},{"type":"Feature","geometry":{"type":"Point","coordinates":[-82.00945,26.94272]},"properties":{"probability":0.416,"inBuffer":false,"facType":"substation"}},{"type":"Feature","geometry":{"type":"Point","coordinates":[-82.00496,26.94272]},"properties":{"probability":0.341,"inBuffer":false,"facType":"substation"}},{"type":"Feature","geometry":{"type":"Point","coordinates":[-82.00047,26.94272]},"properties":{"probability":0.196,"inBuffer":false,"facType":"substation"}},{"type":"Feature","geometry":{"type":"Point","coordinates":[-81.99597,26.94272]},"properties":{"probability":0.242,"inBuffer":false,"facType":"substation"}},{"type":"Feature","geometry":{"type":"Point","coordinates":[-82.05885,26.93823]},"properties":{"probability":0.44,"inBuffer":false,"facType":"substation"}},{"type":"Feature","geometry":{"type":"Point","coordinates":[-82.05437,26.93823]},"properties":{"probability":0.595,"inBuffer":false,"facType":"substation"}},{"type":"Feature","geometry":{"type":"Point","coordinates":[-82.04987,26.93823]},"properties":{"probability":0.675,"inBuffer":false,"facType":"substation"}},{"type":"Feature","geometry":{"type":"Point","coordinates":[-82.04538,26.93823]},"properties":{"probability":0.672,"inBuffer":true,"facType":"substation"}},{"type":"Feature","geometry":{"type":"Point","coordinates":[-82.04089,26.93823]},"properties":{"probability":0.586,"inBuffer":true,"facType":"substation"}},{"type":"Feature","geometry":{"type":"Point","coordinates":[-82.0364,26.93823]},"properties":{"probability":0.545,"inBuffer":true,"facType":"substation"}},{"type":"Feature","geometry":{"type":"Point","coordinates":[-82.03191,26.93823]},"properties":{"probability":0.383,"inBuffer":false,"facType":"substation"}},{"type":"Feature","geometry":{"type":"Point","coordinates":[-82.02741,26.93823]},"properties":{"probability":0.352,"inBuffer":false,"facType":"substation"}},{"type":"Feature","geometry":{"type":"Point","coordinates":[-82.02293,26.93823]},"properties":{"probability":0.399,"inBuffer":false,"facType":"substation"}},{"type":"Feature","geometry":{"type":"Point","coordinates":[-82.01843,26.93823]},"properties":{"probability":0.439,"inBuffer":false,"facType":"substation"}},{"type":"Feature","geometry":{"type":"Point","coordinates":[-82.01394,26.93823]},"properties":{"probability":0.363,"inBuffer":false,"facType":"substation"}},{"type":"Feature","geometry":{"type":"Point","coordinates":[-82.00945,26.93823]},"properties":{"probability":0.366,"inBuffer":false,"facType":"substation"}},{"type":"Feature","geometry":{"type":"Point","coordinates":[-82.00496,26.93823]},"properties":{"probability":0.229,"inBuffer":false,"facType":"substation"}},{"type":"Feature","geometry":{"type":"Point","coordinates":[-82.00047,26.93823]},"properties":{"probability":0.23,"inBuffer":false,"facType":"substation"}},{"type":"Feature","geometry":{"type":"Point","coordinates":[-82.05885,26.93374]},"properties":{"probability":0.395,"inBuffer":false,"facType":"substation"}},{"type":"Feature","geometry":{"type":"Point","coordinates":[-82.05437,26.93374]},"properties":{"probability":0.665,"inBuffer":false,"facType":"substation"}},{"type":"Feature","geometry":{"type":"Point","coordinates":[-82.04987,26.93374]},"properties":{"probability":0.659,"inBuffer":false,"facType":"substation"}},{"type":"Feature","geometry":{"type":"Point","coordinates":[-82.04538,26.93374]},"properties":{"probability":0.676,"inBuffer":true,"facType":"substation"}},{"type":"Feature","geometry":{"type":"Point","coordinates":[-82.04089,26.93374]},"properties":{"probability":0.541,"inBuffer":true,"facType":"substation"}},{"type":"Feature","geometry":{"type":"Point","coordinates":[-82.0364,26.93374]},"properties":{"probability":0.417,"inBuffer":true,"facType":"substation"}},{"type":"Feature","geometry":{"type":"Point","coordinates":[-82.03191,26.93374]},"properties":{"probability":0.213,"inBuffer":false,"facType":"substation"}},{"type":"Feature","geometry":{"type":"Point","coordinates":[-82.02741,26.93374]},"properties":{"probability":0.178,"inBuffer":false,"facType":"substation"}},{"type":"Feature","geometry":{"type":"Point","coordinates":[-82.02293,26.93374]},"properties":{"probability":0.428,"inBuffer":false,"facType":"substation"}},{"type":"Feature","geometry":{"type":"Point","coordinates":[-82.01843,26.93374]},"properties":{"probability":0.346,"inBuffer":false,"facType":"substation"}},{"type":"Feature","geometry":{"type":"Point","coordinates":[-82.01394,26.93374]},"properties":{"probability":0.164,"inBuffer":false,"facType":"substation"}},{"type":"Feature","geometry":{"type":"Point","coordinates":[-82.00945,26.93374]},"properties":{"probability":0.287,"inBuffer":false,"facType":"substation"}},{"type":"Feature","geometry":{"type":"Point","coordinates":[-82.00496,26.93374]},"properties":{"probability":0.21,"inBuffer":false,"facType":"substation"}},{"type":"Feature","geometry":{"type":"Point","coordinates":[-82.00047,26.93374]},"properties":{"probability":0.242,"inBuffer":false,"facType":"substation"}},{"type":"Feature","geometry":{"type":"Point","coordinates":[-81.99148,26.93374]},"properties":{"probability":0.206,"inBuffer":false,"facType":"substation"}},{"type":"Feature","geometry":{"type":"Point","coordinates":[-81.98699,26.93374]},"properties":{"probability":0.262,"inBuffer":false,"facType":"substation"}},{"type":"Feature","geometry":{"type":"Point","coordinates":[-81.9825,26.93374]},"properties":{"probability":0.148,"inBuffer":false,"facType":"substation"}},{"type":"Feature","geometry":{"type":"Point","coordinates":[-82.06784,26.92925]},"properties":{"probability":0.193,"inBuffer":false,"facType":"substation"}},{"type":"Feature","geometry":{"type":"Point","coordinates":[-82.06335,26.92925]},"properties":{"probability":0.378,"inBuffer":false,"facType":"substation"}},{"type":"Feature","geometry":{"type":"Point","coordinates":[-82.05885,26.92925]},"properties":{"probability":0.507,"inBuffer":false,"facType":"substation"}},{"type":"Feature","geometry":{"type":"Point","coordinates":[-82.05437,26.92925]},"properties":{"probability":0.568,"inBuffer":false,"facType":"substation"}},{"type":"Feature","geometry":{"type":"Point","coordinates":[-82.04987,26.92925]},"properties":{"probability":0.65,"inBuffer":true,"facType":"substation"}},{"type":"Feature","geometry":{"type":"Point","coordinates":[-82.04538,26.92925]},"properties":{"probability":0.61,"inBuffer":true,"facType":"substation"}},{"type":"Feature","geometry":{"type":"Point","coordinates":[-82.04089,26.92925]},"properties":{"probability":0.45,"inBuffer":true,"facType":"substation"}},{"type":"Feature","geometry":{"type":"Point","coordinates":[-82.0364,26.92925]},"properties":{"probability":0.408,"inBuffer":true,"facType":"substation"}},{"type":"Feature","geometry":{"type":"Point","coordinates":[-82.03191,26.92925]},"properties":{"probability":0.164,"inBuffer":true,"facType":"substation"}},{"type":"Feature","geometry":{"type":"Point","coordinates":[-82.02741,26.92925]},"properties":{"probability":0.176,"inBuffer":false,"facType":"substation"}},{"type":"Feature","geometry":{"type":"Point","coordinates":[-82.02293,26.92925]},"properties":{"probability":0.224,"inBuffer":false,"facType":"substation"}},{"type":"Feature","geometry":{"type":"Point","coordinates":[-82.01843,26.92925]},"properties":{"probability":0.252,"inBuffer":false,"facType":"substation"}},{"type":"Feature","geometry":{"type":"Point","coordinates":[-82.01394,26.92925]},"properties":{"probability":0.212,"inBuffer":false,"facType":"substation"}},{"type":"Feature","geometry":{"type":"Point","coordinates":[-82.00945,26.92925]},"properties":{"probability":0.249,"inBuffer":false,"facType":"substation"}},{"type":"Feature","geometry":{"type":"Point","coordinates":[-82.00496,26.92925]},"properties":{"probability":0.294,"inBuffer":false,"facType":"substation"}},{"type":"Feature","geometry":{"type":"Point","coordinates":[-82.00047,26.92925]},"properties":{"probability":0.304,"inBuffer":false,"facType":"substation"}},{"type":"Feature","geometry":{"type":"Point","coordinates":[-81.99597,26.92925]},"properties":{"probability":0.184,"inBuffer":false,"facType":"substation"}},{"type":"Feature","geometry":{"type":"Point","coordinates":[-81.99148,26.92925]},"properties":{"probability":0.357,"inBuffer":true,"facType":"substation"}},{"type":"Feature","geometry":{"type":"Point","coordinates":[-81.98699,26.92925]},"properties":{"probability":0.234,"inBuffer":true,"facType":"substation"}},{"type":"Feature","geometry":{"type":"Point","coordinates":[-81.9825,26.92925]},"properties":{"probability":0.146,"inBuffer":false,"facType":"substation"}},{"type":"Feature","geometry":{"type":"Point","coordinates":[-81.94656,26.92925]},"properties":{"probability":0.247,"inBuffer":false,"facType":"substation"}},{"type":"Feature","geometry":{"type":"Point","coordinates":[-82.09029,26.92476]},"properties":{"probability":0.158,"inBuffer":false,"facType":"substation"}},{"type":"Feature","geometry":{"type":"Point","coordinates":[-82.08581,26.92476]},"properties":{"probability":0.157,"inBuffer":false,"facType":"substation"}},{"type":"Feature","geometry":{"type":"Point","coordinates":[-82.08131,26.92476]},"properties":{"probability":0.201,"inBuffer":false,"facType":"substation"}},{"type":"Feature","geometry":{"type":"Point","coordinates":[-82.07682,26.92476]},"properties":{"probability":0.149,"inBuffer":false,"facType":"substation"}},{"type":"Feature","geometry":{"type":"Point","coordinates":[-82.07233,26.92476]},"properties":{"probability":0.361,"inBuffer":false,"facType":"substation"}},{"type":"Feature","geometry":{"type":"Point","coordinates":[-82.06784,26.92476]},"properties":{"probability":0.448,"inBuffer":false,"facType":"substation"}},{"type":"Feature","geometry":{"type":"Point","coordinates":[-82.06335,26.92476]},"properties":{"probability":0.507,"inBuffer":false,"facType":"substation"}},{"type":"Feature","geometry":{"type":"Point","coordinates":[-82.05885,26.92476]},"properties":{"probability":0.507,"inBuffer":false,"facType":"substation"}},{"type":"Feature","geometry":{"type":"Point","coordinates":[-82.05437,26.92476]},"properties":{"probability":0.507,"inBuffer":false,"facType":"substation"}},{"type":"Feature","geometry":{"type":"Point","coordinates":[-82.04987,26.92476]},"properties":{"probability":0.687,"inBuffer":true,"facType":"substation"}},{"type":"Feature","geometry":{"type":"Point","coordinates":[-82.04538,26.92476]},"properties":{"probability":0.687,"inBuffer":true,"facType":"substation"}},{"type":"Feature","geometry":{"type":"Point","coordinates":[-82.04089,26.92476]},"properties":{"probability":0.556,"inBuffer":true,"facType":"substation"}},{"type":"Feature","geometry":{"type":"Point","coordinates":[-82.0364,26.92476]},"properties":{"probability":0.542,"inBuffer":true,"facType":"substation"}},{"type":"Feature","geometry":{"type":"Point","coordinates":[-82.03191,26.92476]},"properties":{"probability":0.472,"inBuffer":true,"facType":"substation"}},{"type":"Feature","geometry":{"type":"Point","coordinates":[-82.02741,26.92476]},"properties":{"probability":0.383,"inBuffer":true,"facType":"substation"}},{"type":"Feature","geometry":{"type":"Point","coordinates":[-82.02293,26.92476]},"properties":{"probability":0.44,"inBuffer":true,"facType":"substation"}},{"type":"Feature","geometry":{"type":"Point","coordinates":[-82.01843,26.92476]},"properties":{"probability":0.509,"inBuffer":false,"facType":"substation"}},{"type":"Feature","geometry":{"type":"Point","coordinates":[-82.01394,26.92476]},"properties":{"probability":0.513,"inBuffer":false,"facType":"substation"}},{"type":"Feature","geometry":{"type":"Point","coordinates":[-82.00945,26.92476]},"properties":{"probability":0.56,"inBuffer":true,"facType":"substation"}},{"type":"Feature","geometry":{"type":"Point","coordinates":[-82.00496,26.92476]},"properties":{"probability":0.561,"inBuffer":true,"facType":"substation"}},{"type":"Feature","geometry":{"type":"Point","coordinates":[-82.00047,26.92476]},"properties":{"probability":0.596,"inBuffer":true,"facType":"substation"}},{"type":"Feature","geometry":{"type":"Point","coordinates":[-81.99597,26.92476]},"properties":{"probability":0.568,"inBuffer":true,"facType":"substation"}},{"type":"Feature","geometry":{"type":"Point","coordinates":[-81.99148,26.92476]},"properties":{"probability":0.295,"inBuffer":true,"facType":"substation"}},{"type":"Feature","geometry":{"type":"Point","coordinates":[-82.09029,26.92026]},"properties":{"probability":0.157,"inBuffer":false,"facType":"substation"}},{"type":"Feature","geometry":{"type":"Point","coordinates":[-82.08581,26.92026]},"properties":{"probability":0.161,"inBuffer":false,"facType":"substation"}},{"type":"Feature","geometry":{"type":"Point","coordinates":[-82.08131,26.92026]},"properties":{"probability":0.238,"inBuffer":false,"facType":"substation"}},{"type":"Feature","geometry":{"type":"Point","coordinates":[-82.07682,26.92026]},"properties":{"probability":0.263,"inBuffer":false,"facType":"substation"}},{"type":"Feature","geometry":{"type":"Point","coordinates":[-82.07233,26.92026]},"properties":{"probability":0.327,"inBuffer":false,"facType":"substation"}},{"type":"Feature","geometry":{"type":"Point","coordinates":[-82.06784,26.92026]},"properties":{"probability":0.427,"inBuffer":false,"facType":"substation"}},{"type":"Feature","geometry":{"type":"Point","coordinates":[-82.06335,26.92026]},"properties":{"probability":0.385,"inBuffer":false,"facType":"substation"}},{"type":"Feature","geometry":{"type":"Point","coordinates":[-82.05885,26.92026]},"properties":{"probability":0.361,"inBuffer":false,"facType":"substation"}},{"type":"Feature","geometry":{"type":"Point","coordinates":[-82.05437,26.92026]},"properties":{"probability":0.516,"inBuffer":false,"facType":"substation"}},{"type":"Feature","geometry":{"type":"Point","coordinates":[-82.04987,26.92026]},"properties":{"probability":0.671,"inBuffer":true,"facType":"substation"}},{"type":"Feature","geometry":{"type":"Point","coordinates":[-82.04538,26.92026]},"properties":{"probability":0.682,"inBuffer":true,"facType":"substation"}},{"type":"Feature","geometry":{"type":"Point","coordinates":[-82.04089,26.92026]},"properties":{"probability":0.528,"inBuffer":false,"facType":"substation"}},{"type":"Feature","geometry":{"type":"Point","coordinates":[-82.0364,26.92026]},"properties":{"probability":0.533,"inBuffer":true,"facType":"substation"}},{"type":"Feature","geometry":{"type":"Point","coordinates":[-82.03191,26.92026]},"properties":{"probability":0.51,"inBuffer":true,"facType":"substation"}},{"type":"Feature","geometry":{"type":"Point","coordinates":[-82.02741,26.92026]},"properties":{"probability":0.323,"inBuffer":true,"facType":"substation"}},{"type":"Feature","geometry":{"type":"Point","coordinates":[-82.02293,26.92026]},"properties":{"probability":0.361,"inBuffer":true,"facType":"substation"}},{"type":"Feature","geometry":{"type":"Point","coordinates":[-82.01843,26.92026]},"properties":{"probability":0.46,"inBuffer":true,"facType":"substation"}},{"type":"Feature","geometry":{"type":"Point","coordinates":[-82.01394,26.92026]},"properties":{"probability":0.333,"inBuffer":false,"facType":"substation"}},{"type":"Feature","geometry":{"type":"Point","coordinates":[-82.00945,26.92026]},"properties":{"probability":0.551,"inBuffer":true,"facType":"substation"}},{"type":"Feature","geometry":{"type":"Point","coordinates":[-82.00496,26.92026]},"properties":{"probability":0.513,"inBuffer":true,"facType":"substation"}},{"type":"Feature","geometry":{"type":"Point","coordinates":[-82.00047,26.92026]},"properties":{"probability":0.689,"inBuffer":true,"facType":"substation"}},{"type":"Feature","geometry":{"type":"Point","coordinates":[-81.99597,26.92026]},"properties":{"probability":0.652,"inBuffer":true,"facType":"substation"}},{"type":"Feature","geometry":{"type":"Point","coordinates":[-82.09029,26.91577]},"properties":{"probability":0.267,"inBuffer":false,"facType":"substation"}},{"type":"Feature","geometry":{"type":"Point","coordinates":[-82.08581,26.91577]},"properties":{"probability":0.151,"inBuffer":false,"facType":"substation"}},{"type":"Feature","geometry":{"type":"Point","coordinates":[-82.08131,26.91577]},"properties":{"probability":0.189,"inBuffer":false,"facType":"substation"}},{"type":"Feature","geometry":{"type":"Point","coordinates":[-82.07682,26.91577]},"properties":{"probability":0.301,"inBuffer":false,"facType":"substation"}},{"type":"Feature","geometry":{"type":"Point","coordinates":[-82.07233,26.91577]},"properties":{"probability":0.237,"inBuffer":false,"facType":"substation"}},{"type":"Feature","geometry":{"type":"Point","coordinates":[-82.06784,26.91577]},"properties":{"probability":0.212,"inBuffer":true,"facType":"substation"}},{"type":"Feature","geometry":{"type":"Point","coordinates":[-82.06335,26.91577]},"properties":{"probability":0.231,"inBuffer":false,"facType":"substation"}},{"type":"Feature","geometry":{"type":"Point","coordinates":[-82.05885,26.91577]},"properties":{"probability":0.316,"inBuffer":false,"facType":"substation"}},{"type":"Feature","geometry":{"type":"Point","coordinates":[-82.05437,26.91577]},"properties":{"probability":0.409,"inBuffer":false,"facType":"substation"}},{"type":"Feature","geometry":{"type":"Point","coordinates":[-82.04987,26.91577]},"properties":{"probability":0.645,"inBuffer":false,"facType":"substation"}},{"type":"Feature","geometry":{"type":"Point","coordinates":[-82.04538,26.91577]},"properties":{"probability":0.465,"inBuffer":false,"facType":"substation"}},{"type":"Feature","geometry":{"type":"Point","coordinates":[-82.04089,26.91577]},"properties":{"probability":0.529,"inBuffer":false,"facType":"substation"}},{"type":"Feature","geometry":{"type":"Point","coordinates":[-82.0364,26.91577]},"properties":{"probability":0.363,"inBuffer":false,"facType":"substation"}},{"type":"Feature","geometry":{"type":"Point","coordinates":[-82.03191,26.91577]},"properties":{"probability":0.468,"inBuffer":false,"facType":"substation"}},{"type":"Feature","geometry":{"type":"Point","coordinates":[-82.02741,26.91577]},"properties":{"probability":0.387,"inBuffer":true,"facType":"substation"}},{"type":"Feature","geometry":{"type":"Point","coordinates":[-82.02293,26.91577]},"properties":{"probability":0.303,"inBuffer":true,"facType":"substation"}},{"type":"Feature","geometry":{"type":"Point","coordinates":[-82.01843,26.91577]},"properties":{"probability":0.19,"inBuffer":true,"facType":"substation"}},{"type":"Feature","geometry":{"type":"Point","coordinates":[-82.01394,26.91577]},"properties":{"probability":0.256,"inBuffer":true,"facType":"substation"}},{"type":"Feature","geometry":{"type":"Point","coordinates":[-82.00945,26.91577]},"properties":{"probability":0.602,"inBuffer":true,"facType":"substation"}},{"type":"Feature","geometry":{"type":"Point","coordinates":[-82.00496,26.91577]},"properties":{"probability":0.558,"inBuffer":true,"facType":"substation"}},{"type":"Feature","geometry":{"type":"Point","coordinates":[-82.00047,26.91577]},"properties":{"probability":0.703,"inBuffer":true,"facType":"substation"}},{"type":"Feature","geometry":{"type":"Point","coordinates":[-81.99597,26.91577]},"properties":{"probability":0.676,"inBuffer":true,"facType":"substation"}},{"type":"Feature","geometry":{"type":"Point","coordinates":[-81.99148,26.91577]},"properties":{"probability":0.213,"inBuffer":true,"facType":"substation"}},{"type":"Feature","geometry":{"type":"Point","coordinates":[-82.08581,26.91128]},"properties":{"probability":0.168,"inBuffer":false,"facType":"substation"}},{"type":"Feature","geometry":{"type":"Point","coordinates":[-82.08131,26.91128]},"properties":{"probability":0.156,"inBuffer":false,"facType":"substation"}},{"type":"Feature","geometry":{"type":"Point","coordinates":[-82.07682,26.91128]},"properties":{"probability":0.32,"inBuffer":false,"facType":"substation"}},{"type":"Feature","geometry":{"type":"Point","coordinates":[-82.07233,26.91128]},"properties":{"probability":0.455,"inBuffer":true,"facType":"substation"}},{"type":"Feature","geometry":{"type":"Point","coordinates":[-82.06784,26.91128]},"properties":{"probability":0.426,"inBuffer":true,"facType":"substation"}},{"type":"Feature","geometry":{"type":"Point","coordinates":[-82.06335,26.91128]},"properties":{"probability":0.434,"inBuffer":true,"facType":"substation"}},{"type":"Feature","geometry":{"type":"Point","coordinates":[-82.05885,26.91128]},"properties":{"probability":0.245,"inBuffer":false,"facType":"substation"}},{"type":"Feature","geometry":{"type":"Point","coordinates":[-82.05437,26.91128]},"properties":{"probability":0.279,"inBuffer":false,"facType":"substation"}},{"type":"Feature","geometry":{"type":"Point","coordinates":[-82.04987,26.91128]},"properties":{"probability":0.512,"inBuffer":false,"facType":"substation"}},{"type":"Feature","geometry":{"type":"Point","coordinates":[-82.04538,26.91128]},"properties":{"probability":0.544,"inBuffer":false,"facType":"substation"}},{"type":"Feature","geometry":{"type":"Point","coordinates":[-82.04089,26.91128]},"properties":{"probability":0.492,"inBuffer":false,"facType":"substation"}},{"type":"Feature","geometry":{"type":"Point","coordinates":[-82.0364,26.91128]},"properties":{"probability":0.178,"inBuffer":false,"facType":"substation"}},{"type":"Feature","geometry":{"type":"Point","coordinates":[-82.03191,26.91128]},"properties":{"probability":0.285,"inBuffer":false,"facType":"substation"}},{"type":"Feature","geometry":{"type":"Point","coordinates":[-82.02741,26.91128]},"properties":{"probability":0.342,"inBuffer":false,"facType":"substation"}},{"type":"Feature","geometry":{"type":"Point","coordinates":[-82.02293,26.91128]},"properties":{"probability":0.174,"inBuffer":false,"facType":"substation"}},{"type":"Feature","geometry":{"type":"Point","coordinates":[-82.01843,26.91128]},"properties":{"probability":0.21,"inBuffer":false,"facType":"substation"}},{"type":"Feature","geometry":{"type":"Point","coordinates":[-82.01394,26.91128]},"properties":{"probability":0.434,"inBuffer":false,"facType":"substation"}},{"type":"Feature","geometry":{"type":"Point","coordinates":[-82.00945,26.91128]},"properties":{"probability":0.559,"inBuffer":true,"facType":"substation"}},{"type":"Feature","geometry":{"type":"Point","coordinates":[-82.00496,26.91128]},"properties":{"probability":0.469,"inBuffer":true,"facType":"substation"}},{"type":"Feature","geometry":{"type":"Point","coordinates":[-82.00047,26.91128]},"properties":{"probability":0.536,"inBuffer":false,"facType":"substation"}},{"type":"Feature","geometry":{"type":"Point","coordinates":[-81.99597,26.91128]},"properties":{"probability":0.622,"inBuffer":true,"facType":"substation"}},{"type":"Feature","geometry":{"type":"Point","coordinates":[-82.08581,26.90679]},"properties":{"probability":0.15,"inBuffer":false,"facType":"substation"}},{"type":"Feature","geometry":{"type":"Point","coordinates":[-82.08131,26.90679]},"properties":{"probability":0.164,"inBuffer":false,"facType":"substation"}},{"type":"Feature","geometry":{"type":"Point","coordinates":[-82.07682,26.90679]},"properties":{"probability":0.204,"inBuffer":false,"facType":"substation"}},{"type":"Feature","geometry":{"type":"Point","coordinates":[-82.07233,26.90679]},"properties":{"probability":0.422,"inBuffer":true,"facType":"substation"}},{"type":"Feature","geometry":{"type":"Point","coordinates":[-82.06784,26.90679]},"properties":{"probability":0.4,"inBuffer":true,"facType":"substation"}},{"type":"Feature","geometry":{"type":"Point","coordinates":[-82.06335,26.90679]},"properties":{"probability":0.36,"inBuffer":true,"facType":"substation"}},{"type":"Feature","geometry":{"type":"Point","coordinates":[-82.05885,26.90679]},"properties":{"probability":0.137,"inBuffer":false,"facType":"substation"}},{"type":"Feature","geometry":{"type":"Point","coordinates":[-82.05437,26.90679]},"properties":{"probability":0.165,"inBuffer":false,"facType":"substation"}},{"type":"Feature","geometry":{"type":"Point","coordinates":[-82.04987,26.90679]},"properties":{"probability":0.41,"inBuffer":false,"facType":"substation"}},{"type":"Feature","geometry":{"type":"Point","coordinates":[-82.04538,26.90679]},"properties":{"probability":0.495,"inBuffer":false,"facType":"substation"}},{"type":"Feature","geometry":{"type":"Point","coordinates":[-82.04089,26.90679]},"properties":{"probability":0.542,"inBuffer":false,"facType":"substation"}},{"type":"Feature","geometry":{"type":"Point","coordinates":[-82.0364,26.90679]},"properties":{"probability":0.169,"inBuffer":false,"facType":"substation"}},{"type":"Feature","geometry":{"type":"Point","coordinates":[-82.03191,26.90679]},"properties":{"probability":0.247,"inBuffer":false,"facType":"substation"}},{"type":"Feature","geometry":{"type":"Point","coordinates":[-82.02741,26.90679]},"properties":{"probability":0.262,"inBuffer":false,"facType":"substation"}},{"type":"Feature","geometry":{"type":"Point","coordinates":[-82.02293,26.90679]},"properties":{"probability":0.278,"inBuffer":false,"facType":"substation"}},{"type":"Feature","geometry":{"type":"Point","coordinates":[-82.01843,26.90679]},"properties":{"probability":0.176,"inBuffer":false,"facType":"substation"}},{"type":"Feature","geometry":{"type":"Point","coordinates":[-82.01394,26.90679]},"properties":{"probability":0.162,"inBuffer":false,"facType":"substation"}},{"type":"Feature","geometry":{"type":"Point","coordinates":[-82.00945,26.90679]},"properties":{"probability":0.356,"inBuffer":false,"facType":"substation"}},{"type":"Feature","geometry":{"type":"Point","coordinates":[-82.00496,26.90679]},"properties":{"probability":0.358,"inBuffer":false,"facType":"substation"}},{"type":"Feature","geometry":{"type":"Point","coordinates":[-82.00047,26.90679]},"properties":{"probability":0.396,"inBuffer":false,"facType":"substation"}},{"type":"Feature","geometry":{"type":"Point","coordinates":[-81.99597,26.90679]},"properties":{"probability":0.498,"inBuffer":false,"facType":"substation"}},{"type":"Feature","geometry":{"type":"Point","coordinates":[-81.99148,26.90679]},"properties":{"probability":0.156,"inBuffer":false,"facType":"substation"}},{"type":"Feature","geometry":{"type":"Point","coordinates":[-81.98699,26.90679]},"properties":{"probability":0.172,"inBuffer":false,"facType":"substation"}},{"type":"Feature","geometry":{"type":"Point","coordinates":[-81.9825,26.90679]},"properties":{"probability":0.138,"inBuffer":false,"facType":"substation"}},{"type":"Feature","geometry":{"type":"Point","coordinates":[-82.08581,26.9023]},"properties":{"probability":0.155,"inBuffer":false,"facType":"substation"}},{"type":"Feature","geometry":{"type":"Point","coordinates":[-82.08131,26.9023]},"properties":{"probability":0.156,"inBuffer":false,"facType":"substation"}},{"type":"Feature","geometry":{"type":"Point","coordinates":[-82.07682,26.9023]},"properties":{"probability":0.161,"inBuffer":false,"facType":"substation"}},{"type":"Feature","geometry":{"type":"Point","coordinates":[-82.07233,26.9023]},"properties":{"probability":0.188,"inBuffer":false,"facType":"substation"}},{"type":"Feature","geometry":{"type":"Point","coordinates":[-82.06784,26.9023]},"properties":{"probability":0.399,"inBuffer":false,"facType":"substation"}},{"type":"Feature","geometry":{"type":"Point","coordinates":[-82.06335,26.9023]},"properties":{"probability":0.18,"inBuffer":false,"facType":"substation"}},{"type":"Feature","geometry":{"type":"Point","coordinates":[-82.05885,26.9023]},"properties":{"probability":0.15,"inBuffer":false,"facType":"substation"}},{"type":"Feature","geometry":{"type":"Point","coordinates":[-82.05437,26.9023]},"properties":{"probability":0.146,"inBuffer":false,"facType":"substation"}},{"type":"Feature","geometry":{"type":"Point","coordinates":[-82.04987,26.9023]},"properties":{"probability":0.36,"inBuffer":false,"facType":"substation"}},{"type":"Feature","geometry":{"type":"Point","coordinates":[-82.04538,26.9023]},"properties":{"probability":0.379,"inBuffer":false,"facType":"substation"}},{"type":"Feature","geometry":{"type":"Point","coordinates":[-82.04089,26.9023]},"properties":{"probability":0.389,"inBuffer":false,"facType":"substation"}},{"type":"Feature","geometry":{"type":"Point","coordinates":[-82.0364,26.9023]},"properties":{"probability":0.307,"inBuffer":false,"facType":"substation"}},{"type":"Feature","geometry":{"type":"Point","coordinates":[-82.03191,26.9023]},"properties":{"probability":0.145,"inBuffer":false,"facType":"substation"}},{"type":"Feature","geometry":{"type":"Point","coordinates":[-82.02293,26.9023]},"properties":{"probability":0.299,"inBuffer":false,"facType":"substation"}},{"type":"Feature","geometry":{"type":"Point","coordinates":[-82.01843,26.9023]},"properties":{"probability":0.304,"inBuffer":false,"facType":"substation"}},{"type":"Feature","geometry":{"type":"Point","coordinates":[-82.01394,26.9023]},"properties":{"probability":0.156,"inBuffer":false,"facType":"substation"}},{"type":"Feature","geometry":{"type":"Point","coordinates":[-82.00945,26.9023]},"properties":{"probability":0.297,"inBuffer":false,"facType":"substation"}},{"type":"Feature","geometry":{"type":"Point","coordinates":[-82.00496,26.9023]},"properties":{"probability":0.218,"inBuffer":false,"facType":"substation"}},{"type":"Feature","geometry":{"type":"Point","coordinates":[-82.00047,26.9023]},"properties":{"probability":0.403,"inBuffer":false,"facType":"substation"}},{"type":"Feature","geometry":{"type":"Point","coordinates":[-81.99597,26.9023]},"properties":{"probability":0.485,"inBuffer":false,"facType":"substation"}},{"type":"Feature","geometry":{"type":"Point","coordinates":[-81.99148,26.9023]},"properties":{"probability":0.145,"inBuffer":false,"facType":"substation"}},{"type":"Feature","geometry":{"type":"Point","coordinates":[-81.98699,26.9023]},"properties":{"probability":0.133,"inBuffer":false,"facType":"substation"}},{"type":"Feature","geometry":{"type":"Point","coordinates":[-81.9825,26.9023]},"properties":{"probability":0.14,"inBuffer":false,"facType":"substation"}},{"type":"Feature","geometry":{"type":"Point","coordinates":[-82.08131,26.89781]},"properties":{"probability":0.139,"inBuffer":false,"facType":"substation"}},{"type":"Feature","geometry":{"type":"Point","coordinates":[-82.07682,26.89781]},"properties":{"probability":0.128,"inBuffer":false,"facType":"substation"}},{"type":"Feature","geometry":{"type":"Point","coordinates":[-82.07233,26.89781]},"properties":{"probability":0.153,"inBuffer":false,"facType":"substation"}},{"type":"Feature","geometry":{"type":"Point","coordinates":[-82.06784,26.89781]},"properties":{"probability":0.223,"inBuffer":false,"facType":"substation"}},{"type":"Feature","geometry":{"type":"Point","coordinates":[-82.06335,26.89781]},"properties":{"probability":0.181,"inBuffer":false,"facType":"substation"}},{"type":"Feature","geometry":{"type":"Point","coordinates":[-82.05885,26.89781]},"properties":{"probability":0.157,"inBuffer":false,"facType":"substation"}},{"type":"Feature","geometry":{"type":"Point","coordinates":[-82.05437,26.89781]},"properties":{"probability":0.151,"inBuffer":false,"facType":"substation"}},{"type":"Feature","geometry":{"type":"Point","coordinates":[-82.04987,26.89781]},"properties":{"probability":0.148,"inBuffer":false,"facType":"substation"}},{"type":"Feature","geometry":{"type":"Point","coordinates":[-82.04538,26.89781]},"properties":{"probability":0.183,"inBuffer":false,"facType":"substation"}},{"type":"Feature","geometry":{"type":"Point","coordinates":[-82.04089,26.89781]},"properties":{"probability":0.354,"inBuffer":false,"facType":"substation"}},{"type":"Feature","geometry":{"type":"Point","coordinates":[-82.0364,26.89781]},"properties":{"probability":0.405,"inBuffer":false,"facType":"substation"}},{"type":"Feature","geometry":{"type":"Point","coordinates":[-82.03191,26.89781]},"properties":{"probability":0.215,"inBuffer":false,"facType":"substation"}},{"type":"Feature","geometry":{"type":"Point","coordinates":[-82.02741,26.89781]},"properties":{"probability":0.269,"inBuffer":false,"facType":"substation"}},{"type":"Feature","geometry":{"type":"Point","coordinates":[-82.02293,26.89781]},"properties":{"probability":0.181,"inBuffer":false,"facType":"substation"}},{"type":"Feature","geometry":{"type":"Point","coordinates":[-82.01843,26.89781]},"properties":{"probability":0.26,"inBuffer":false,"facType":"substation"}},{"type":"Feature","geometry":{"type":"Point","coordinates":[-82.01394,26.89781]},"properties":{"probability":0.455,"inBuffer":false,"facType":"substation"}},{"type":"Feature","geometry":{"type":"Point","coordinates":[-82.00945,26.89781]},"properties":{"probability":0.571,"inBuffer":false,"facType":"substation"}},{"type":"Feature","geometry":{"type":"Point","coordinates":[-82.00496,26.89781]},"properties":{"probability":0.558,"inBuffer":false,"facType":"substation"}},{"type":"Feature","geometry":{"type":"Point","coordinates":[-82.00047,26.89781]},"properties":{"probability":0.447,"inBuffer":false,"facType":"substation"}},{"type":"Feature","geometry":{"type":"Point","coordinates":[-81.99597,26.89781]},"properties":{"probability":0.474,"inBuffer":false,"facType":"substation"}},{"type":"Feature","geometry":{"type":"Point","coordinates":[-81.99148,26.89781]},"properties":{"probability":0.151,"inBuffer":false,"facType":"substation"}},{"type":"Feature","geometry":{"type":"Point","coordinates":[-81.98699,26.89781]},"properties":{"probability":0.139,"inBuffer":false,"facType":"substation"}},{"type":"Feature","geometry":{"type":"Point","coordinates":[-81.9825,26.89781]},"properties":{"probability":0.274,"inBuffer":false,"facType":"substation"}},{"type":"Feature","geometry":{"type":"Point","coordinates":[-82.07233,26.89331]},"properties":{"probability":0.217,"inBuffer":false,"facType":"substation"}},{"type":"Feature","geometry":{"type":"Point","coordinates":[-82.06784,26.89331]},"properties":{"probability":0.146,"inBuffer":false,"facType":"substation"}},{"type":"Feature","geometry":{"type":"Point","coordinates":[-82.06335,26.89331]},"properties":{"probability":0.156,"inBuffer":false,"facType":"substation"}},{"type":"Feature","geometry":{"type":"Point","coordinates":[-82.05885,26.89331]},"properties":{"probability":0.162,"inBuffer":false,"facType":"substation"}},{"type":"Feature","geometry":{"type":"Point","coordinates":[-82.05437,26.89331]},"properties":{"probability":0.134,"inBuffer":false,"facType":"substation"}},{"type":"Feature","geometry":{"type":"Point","coordinates":[-82.04987,26.89331]},"properties":{"probability":0.196,"inBuffer":false,"facType":"substation"}},{"type":"Feature","geometry":{"type":"Point","coordinates":[-82.04538,26.89331]},"properties":{"probability":0.146,"inBuffer":false,"facType":"substation"}},{"type":"Feature","geometry":{"type":"Point","coordinates":[-82.04089,26.89331]},"properties":{"probability":0.216,"inBuffer":false,"facType":"substation"}},{"type":"Feature","geometry":{"type":"Point","coordinates":[-82.0364,26.89331]},"properties":{"probability":0.193,"inBuffer":false,"facType":"substation"}},{"type":"Feature","geometry":{"type":"Point","coordinates":[-82.03191,26.89331]},"properties":{"probability":0.493,"inBuffer":false,"facType":"substation"}},{"type":"Feature","geometry":{"type":"Point","coordinates":[-82.02741,26.89331]},"properties":{"probability":0.563,"inBuffer":false,"facType":"substation"}},{"type":"Feature","geometry":{"type":"Point","coordinates":[-82.02293,26.89331]},"properties":{"probability":0.497,"inBuffer":false,"facType":"substation"}},{"type":"Feature","geometry":{"type":"Point","coordinates":[-82.01843,26.89331]},"properties":{"probability":0.515,"inBuffer":false,"facType":"substation"}},{"type":"Feature","geometry":{"type":"Point","coordinates":[-82.01394,26.89331]},"properties":{"probability":0.631,"inBuffer":false,"facType":"substation"}},{"type":"Feature","geometry":{"type":"Point","coordinates":[-82.00945,26.89331]},"properties":{"probability":0.68,"inBuffer":false,"facType":"substation"}},{"type":"Feature","geometry":{"type":"Point","coordinates":[-82.00496,26.89331]},"properties":{"probability":0.564,"inBuffer":false,"facType":"substation"}},{"type":"Feature","geometry":{"type":"Point","coordinates":[-82.00047,26.89331]},"properties":{"probability":0.516,"inBuffer":false,"facType":"substation"}},{"type":"Feature","geometry":{"type":"Point","coordinates":[-81.99597,26.89331]},"properties":{"probability":0.538,"inBuffer":false,"facType":"substation"}},{"type":"Feature","geometry":{"type":"Point","coordinates":[-81.99148,26.89331]},"properties":{"probability":0.15,"inBuffer":false,"facType":"substation"}},{"type":"Feature","geometry":{"type":"Point","coordinates":[-81.98699,26.89331]},"properties":{"probability":0.153,"inBuffer":false,"facType":"substation"}},{"type":"Feature","geometry":{"type":"Point","coordinates":[-81.9825,26.89331]},"properties":{"probability":0.164,"inBuffer":false,"facType":"substation"}},{"type":"Feature","geometry":{"type":"Point","coordinates":[-82.06335,26.88882]},"properties":{"probability":0.161,"inBuffer":false,"facType":"substation"}},{"type":"Feature","geometry":{"type":"Point","coordinates":[-82.05885,26.88882]},"properties":{"probability":0.238,"inBuffer":false,"facType":"substation"}},{"type":"Feature","geometry":{"type":"Point","coordinates":[-82.05437,26.88882]},"properties":{"probability":0.222,"inBuffer":false,"facType":"substation"}},{"type":"Feature","geometry":{"type":"Point","coordinates":[-82.04538,26.88882]},"properties":{"probability":0.157,"inBuffer":false,"facType":"substation"}},{"type":"Feature","geometry":{"type":"Point","coordinates":[-82.04089,26.88882]},"properties":{"probability":0.174,"inBuffer":false,"facType":"substation"}},{"type":"Feature","geometry":{"type":"Point","coordinates":[-82.0364,26.88882]},"properties":{"probability":0.15,"inBuffer":false,"facType":"substation"}},{"type":"Feature","geometry":{"type":"Point","coordinates":[-82.03191,26.88882]},"properties":{"probability":0.419,"inBuffer":false,"facType":"substation"}},{"type":"Feature","geometry":{"type":"Point","coordinates":[-82.02741,26.88882]},"properties":{"probability":0.664,"inBuffer":false,"facType":"substation"}},{"type":"Feature","geometry":{"type":"Point","coordinates":[-82.02293,26.88882]},"properties":{"probability":0.584,"inBuffer":false,"facType":"substation"}},{"type":"Feature","geometry":{"type":"Point","coordinates":[-82.01843,26.88882]},"properties":{"probability":0.537,"inBuffer":false,"facType":"substation"}},{"type":"Feature","geometry":{"type":"Point","coordinates":[-82.01394,26.88882]},"properties":{"probability":0.478,"inBuffer":false,"facType":"substation"}},{"type":"Feature","geometry":{"type":"Point","coordinates":[-82.00945,26.88882]},"properties":{"probability":0.536,"inBuffer":false,"facType":"substation"}},{"type":"Feature","geometry":{"type":"Point","coordinates":[-82.00496,26.88882]},"properties":{"probability":0.364,"inBuffer":false,"facType":"substation"}},{"type":"Feature","geometry":{"type":"Point","coordinates":[-82.00047,26.88882]},"properties":{"probability":0.399,"inBuffer":false,"facType":"substation"}},{"type":"Feature","geometry":{"type":"Point","coordinates":[-81.99597,26.88882]},"properties":{"probability":0.289,"inBuffer":false,"facType":"substation"}},{"type":"Feature","geometry":{"type":"Point","coordinates":[-81.99148,26.88882]},"properties":{"probability":0.228,"inBuffer":false,"facType":"substation"}},{"type":"Feature","geometry":{"type":"Point","coordinates":[-81.98699,26.88882]},"properties":{"probability":0.195,"inBuffer":false,"facType":"substation"}},{"type":"Feature","geometry":{"type":"Point","coordinates":[-82.04538,26.88433]},"properties":{"probability":0.156,"inBuffer":false,"facType":"substation"}},{"type":"Feature","geometry":{"type":"Point","coordinates":[-82.04089,26.88433]},"properties":{"probability":0.143,"inBuffer":false,"facType":"substation"}},{"type":"Feature","geometry":{"type":"Point","coordinates":[-82.0364,26.88433]},"properties":{"probability":0.151,"inBuffer":false,"facType":"substation"}},{"type":"Feature","geometry":{"type":"Point","coordinates":[-82.03191,26.88433]},"properties":{"probability":0.356,"inBuffer":false,"facType":"substation"}},{"type":"Feature","geometry":{"type":"Point","coordinates":[-82.02741,26.88433]},"properties":{"probability":0.482,"inBuffer":false,"facType":"substation"}},{"type":"Feature","geometry":{"type":"Point","coordinates":[-82.02293,26.88433]},"properties":{"probability":0.518,"inBuffer":false,"facType":"substation"}},{"type":"Feature","geometry":{"type":"Point","coordinates":[-82.01843,26.88433]},"properties":{"probability":0.524,"inBuffer":false,"facType":"substation"}},{"type":"Feature","geometry":{"type":"Point","coordinates":[-82.01394,26.88433]},"properties":{"probability":0.434,"inBuffer":false,"facType":"substation"}},{"type":"Feature","geometry":{"type":"Point","coordinates":[-82.00945,26.88433]},"properties":{"probability":0.219,"inBuffer":false,"facType":"substation"}},{"type":"Feature","geometry":{"type":"Point","coordinates":[-82.00496,26.88433]},"properties":{"probability":0.162,"inBuffer":false,"facType":"substation"}},{"type":"Feature","geometry":{"type":"Point","coordinates":[-82.00047,26.88433]},"properties":{"probability":0.168,"inBuffer":false,"facType":"substation"}},{"type":"Feature","geometry":{"type":"Point","coordinates":[-81.99597,26.88433]},"properties":{"probability":0.161,"inBuffer":false,"facType":"substation"}},{"type":"Feature","geometry":{"type":"Point","coordinates":[-81.99148,26.88433]},"properties":{"probability":0.151,"inBuffer":false,"facType":"substation"}},{"type":"Feature","geometry":{"type":"Point","coordinates":[-82.04089,26.87984]},"properties":{"probability":0.15,"inBuffer":false,"facType":"substation"}},{"type":"Feature","geometry":{"type":"Point","coordinates":[-82.0364,26.87984]},"properties":{"probability":0.157,"inBuffer":false,"facType":"substation"}},{"type":"Feature","geometry":{"type":"Point","coordinates":[-82.03191,26.87984]},"properties":{"probability":0.154,"inBuffer":false,"facType":"substation"}},{"type":"Feature","geometry":{"type":"Point","coordinates":[-82.02741,26.87984]},"properties":{"probability":0.358,"inBuffer":false,"facType":"substation"}},{"type":"Feature","geometry":{"type":"Point","coordinates":[-82.02293,26.87984]},"properties":{"probability":0.507,"inBuffer":false,"facType":"substation"}},{"type":"Feature","geometry":{"type":"Point","coordinates":[-82.01843,26.87984]},"properties":{"probability":0.501,"inBuffer":false,"facType":"substation"}},{"type":"Feature","geometry":{"type":"Point","coordinates":[-82.01394,26.87984]},"properties":{"probability":0.503,"inBuffer":false,"facType":"substation"}},{"type":"Feature","geometry":{"type":"Point","coordinates":[-82.00945,26.87984]},"properties":{"probability":0.53,"inBuffer":false,"facType":"substation"}},{"type":"Feature","geometry":{"type":"Point","coordinates":[-82.00496,26.87984]},"properties":{"probability":0.395,"inBuffer":false,"facType":"substation"}},{"type":"Feature","geometry":{"type":"Point","coordinates":[-82.00047,26.87984]},"properties":{"probability":0.258,"inBuffer":false,"facType":"substation"}},{"type":"Feature","geometry":{"type":"Point","coordinates":[-81.99597,26.87984]},"properties":{"probability":0.187,"inBuffer":false,"facType":"substation"}},{"type":"Feature","geometry":{"type":"Point","coordinates":[-81.99148,26.87984]},"properties":{"probability":0.522,"inBuffer":false,"facType":"substation"}},{"type":"Feature","geometry":{"type":"Point","coordinates":[-81.98699,26.87984]},"properties":{"probability":0.479,"inBuffer":false,"facType":"substation"}},{"type":"Feature","geometry":{"type":"Point","coordinates":[-81.9825,26.87984]},"properties":{"probability":0.285,"inBuffer":false,"facType":"substation"}},{"type":"Feature","geometry":{"type":"Point","coordinates":[-82.02741,26.87535]},"properties":{"probability":0.142,"inBuffer":false,"facType":"substation"}},{"type":"Feature","geometry":{"type":"Point","coordinates":[-82.02293,26.87535]},"properties":{"probability":0.33,"inBuffer":false,"facType":"substation"}},{"type":"Feature","geometry":{"type":"Point","coordinates":[-82.01843,26.87535]},"properties":{"probability":0.358,"inBuffer":false,"facType":"substation"}},{"type":"Feature","geometry":{"type":"Point","coordinates":[-82.01394,26.87535]},"properties":{"probability":0.529,"inBuffer":false,"facType":"substation"}},{"type":"Feature","geometry":{"type":"Point","coordinates":[-82.00945,26.87535]},"properties":{"probability":0.483,"inBuffer":false,"facType":"substation"}},{"type":"Feature","geometry":{"type":"Point","coordinates":[-82.00496,26.87535]},"properties":{"probability":0.45,"inBuffer":false,"facType":"substation"}},{"type":"Feature","geometry":{"type":"Point","coordinates":[-82.00047,26.87535]},"properties":{"probability":0.192,"inBuffer":false,"facType":"substation"}},{"type":"Feature","geometry":{"type":"Point","coordinates":[-81.99597,26.87535]},"properties":{"probability":0.232,"inBuffer":false,"facType":"substation"}},{"type":"Feature","geometry":{"type":"Point","coordinates":[-81.99148,26.87535]},"properties":{"probability":0.39,"inBuffer":false,"facType":"substation"}},{"type":"Feature","geometry":{"type":"Point","coordinates":[-81.98699,26.87535]},"properties":{"probability":0.487,"inBuffer":false,"facType":"substation"}},{"type":"Feature","geometry":{"type":"Point","coordinates":[-81.9825,26.87535]},"properties":{"probability":0.437,"inBuffer":false,"facType":"substation"}},{"type":"Feature","geometry":{"type":"Point","coordinates":[-82.02741,26.87086]},"properties":{"probability":0.245,"inBuffer":false,"facType":"substation"}},{"type":"Feature","geometry":{"type":"Point","coordinates":[-82.02293,26.87086]},"properties":{"probability":0.219,"inBuffer":false,"facType":"substation"}},{"type":"Feature","geometry":{"type":"Point","coordinates":[-82.01843,26.87086]},"properties":{"probability":0.149,"inBuffer":false,"facType":"substation"}},{"type":"Feature","geometry":{"type":"Point","coordinates":[-82.01394,26.87086]},"properties":{"probability":0.392,"inBuffer":false,"facType":"substation"}},{"type":"Feature","geometry":{"type":"Point","coordinates":[-82.00945,26.87086]},"properties":{"probability":0.374,"inBuffer":false,"facType":"substation"}},{"type":"Feature","geometry":{"type":"Point","coordinates":[-82.00496,26.87086]},"properties":{"probability":0.363,"inBuffer":false,"facType":"substation"}},{"type":"Feature","geometry":{"type":"Point","coordinates":[-82.00047,26.87086]},"properties":{"probability":0.312,"inBuffer":false,"facType":"substation"}},{"type":"Feature","geometry":{"type":"Point","coordinates":[-81.99597,26.87086]},"properties":{"probability":0.204,"inBuffer":false,"facType":"substation"}},{"type":"Feature","geometry":{"type":"Point","coordinates":[-81.99148,26.87086]},"properties":{"probability":0.189,"inBuffer":false,"facType":"substation"}},{"type":"Feature","geometry":{"type":"Point","coordinates":[-81.98699,26.87086]},"properties":{"probability":0.183,"inBuffer":false,"facType":"substation"}},{"type":"Feature","geometry":{"type":"Point","coordinates":[-81.9825,26.87086]},"properties":{"probability":0.299,"inBuffer":false,"facType":"substation"}},{"type":"Feature","geometry":{"type":"Point","coordinates":[-82.02741,26.86636]},"properties":{"probability":0.244,"inBuffer":false,"facType":"substation"}},{"type":"Feature","geometry":{"type":"Point","coordinates":[-82.02293,26.86636]},"properties":{"probability":0.174,"inBuffer":false,"facType":"substation"}},{"type":"Feature","geometry":{"type":"Point","coordinates":[-82.01843,26.86636]},"properties":{"probability":0.247,"inBuffer":true,"facType":"substation"}},{"type":"Feature","geometry":{"type":"Point","coordinates":[-82.01394,26.86636]},"properties":{"probability":0.246,"inBuffer":true,"facType":"substation"}},{"type":"Feature","geometry":{"type":"Point","coordinates":[-82.00945,26.86636]},"properties":{"probability":0.182,"inBuffer":false,"facType":"substation"}},{"type":"Feature","geometry":{"type":"Point","coordinates":[-82.00496,26.86636]},"properties":{"probability":0.142,"inBuffer":false,"facType":"substation"}},{"type":"Feature","geometry":{"type":"Point","coordinates":[-82.00047,26.86636]},"properties":{"probability":0.176,"inBuffer":false,"facType":"substation"}},{"type":"Feature","geometry":{"type":"Point","coordinates":[-81.99597,26.86636]},"properties":{"probability":0.159,"inBuffer":false,"facType":"substation"}},{"type":"Feature","geometry":{"type":"Point","coordinates":[-82.02741,26.86187]},"properties":{"probability":0.241,"inBuffer":false,"facType":"substation"}},{"type":"Feature","geometry":{"type":"Point","coordinates":[-82.02293,26.86187]},"properties":{"probability":0.159,"inBuffer":false,"facType":"substation"}},{"type":"Feature","geometry":{"type":"Point","coordinates":[-81.99597,26.86187]},"properties":{"probability":0.244,"inBuffer":false,"facType":"substation"}},{"type":"Feature","geometry":{"type":"Point","coordinates":[-81.978,26.86187]},"properties":{"probability":0.228,"inBuffer":false,"facType":"substation"}},{"type":"Feature","geometry":{"type":"Point","coordinates":[-81.97352,26.86187]},"properties":{"probability":0.236,"inBuffer":false,"facType":"substation"}},{"type":"Feature","geometry":{"type":"Point","coordinates":[-81.98699,26.85738]},"properties":{"probability":0.184,"inBuffer":false,"facType":"substation"}},{"type":"Feature","geometry":{"type":"Point","coordinates":[-81.9825,26.85738]},"properties":{"probability":0.223,"inBuffer":false,"facType":"substation"}},{"type":"Feature","geometry":{"type":"Point","coordinates":[-81.978,26.85738]},"properties":{"probability":0.219,"inBuffer":false,"facType":"substation"}},{"type":"Feature","geometry":{"type":"Point","coordinates":[-81.97352,26.85738]},"properties":{"probability":0.3,"inBuffer":false,"facType":"substation"}},{"type":"Feature","geometry":{"type":"Point","coordinates":[-81.96902,26.85738]},"properties":{"probability":0.225,"inBuffer":false,"facType":"substation"}},{"type":"Feature","geometry":{"type":"Point","coordinates":[-81.98699,26.85289]},"properties":{"probability":0.165,"inBuffer":false,"facType":"substation"}},{"type":"Feature","geometry":{"type":"Point","coordinates":[-81.9825,26.85289]},"properties":{"probability":0.134,"inBuffer":false,"facType":"substation"}},{"type":"Feature","geometry":{"type":"Point","coordinates":[-81.978,26.85289]},"properties":{"probability":0.229,"inBuffer":false,"facType":"substation"}},{"type":"Feature","geometry":{"type":"Point","coordinates":[-81.98699,26.8484]},"properties":{"probability":0.182,"inBuffer":false,"facType":"substation"}},{"type":"Feature","geometry":{"type":"Point","coordinates":[-81.9825,26.8484]},"properties":{"probability":0.127,"inBuffer":false,"facType":"substation"}},{"type":"Feature","geometry":{"type":"Point","coordinates":[-81.98699,26.84391]},"properties":{"probability":0.259,"inBuffer":false,"facType":"substation"}},{"type":"Feature","geometry":{"type":"Point","coordinates":[-81.9825,26.84391]},"properties":{"probability":0.173,"inBuffer":false,"facType":"substation"}},{"type":"Feature","geometry":{"type":"Point","coordinates":[-81.978,26.84391]},"properties":{"probability":0.156,"inBuffer":false,"facType":"substation"}},{"type":"Feature","geometry":{"type":"Point","coordinates":[-81.978,26.83941]},"properties":{"probability":0.241,"inBuffer":false,"facType":"substation"}},{"type":"Feature","geometry":{"type":"Point","coordinates":[-82.02293,26.82594]},"properties":{"probability":0.177,"inBuffer":false,"facType":"substation"}},{"type":"Feature","geometry":{"type":"Point","coordinates":[-82.0364,26.82145]},"properties":{"probability":0.133,"inBuffer":false,"facType":"substation"}},{"type":"Feature","geometry":{"type":"Point","coordinates":[-82.03191,26.82145]},"properties":{"probability":0.285,"inBuffer":false,"facType":"substation"}},{"type":"Feature","geometry":{"type":"Point","coordinates":[-82.02741,26.82145]},"properties":{"probability":0.161,"inBuffer":false,"facType":"substation"}},{"type":"Feature","geometry":{"type":"Point","coordinates":[-82.02293,26.82145]},"properties":{"probability":0.159,"inBuffer":false,"facType":"substation"}},{"type":"Feature","geometry":{"type":"Point","coordinates":[-82.0364,26.81696]},"properties":{"probability":0.37,"inBuffer":false,"facType":"substation"}},{"type":"Feature","geometry":{"type":"Point","coordinates":[-82.03191,26.81696]},"properties":{"probability":0.443,"inBuffer":false,"facType":"substation"}},{"type":"Feature","geometry":{"type":"Point","coordinates":[-82.02741,26.81696]},"properties":{"probability":0.357,"inBuffer":false,"facType":"substation"}},{"type":"Feature","geometry":{"type":"Point","coordinates":[-82.02293,26.81696]},"properties":{"probability":0.141,"inBuffer":false,"facType":"substation"}},{"type":"Feature","geometry":{"type":"Point","coordinates":[-82.0364,26.81247]},"properties":{"probability":0.251,"inBuffer":false,"facType":"substation"}},{"type":"Feature","geometry":{"type":"Point","coordinates":[-82.03191,26.81247]},"properties":{"probability":0.128,"inBuffer":false,"facType":"substation"}},{"type":"Feature","geometry":{"type":"Point","coordinates":[-82.02741,26.81247]},"properties":{"probability":0.14,"inBuffer":false,"facType":"substation"}},{"type":"Feature","geometry":{"type":"Point","coordinates":[-81.90614,26.81247]},"properties":{"probability":0.193,"inBuffer":false,"facType":"substation"}},{"type":"Feature","geometry":{"type":"Point","coordinates":[-82.0364,26.80797]},"properties":{"probability":0.29,"inBuffer":false,"facType":"substation"}},{"type":"Feature","geometry":{"type":"Point","coordinates":[-82.03191,26.80797]},"properties":{"probability":0.139,"inBuffer":false,"facType":"substation"}},{"type":"Feature","geometry":{"type":"Point","coordinates":[-82.02741,26.80797]},"properties":{"probability":0.137,"inBuffer":false,"facType":"substation"}},{"type":"Feature","geometry":{"type":"Point","coordinates":[-81.90614,26.80797]},"properties":{"probability":0.508,"inBuffer":false,"facType":"substation"}},{"type":"Feature","geometry":{"type":"Point","coordinates":[-81.90165,26.80797]},"properties":{"probability":0.512,"inBuffer":false,"facType":"substation"}},{"type":"Feature","geometry":{"type":"Point","coordinates":[-82.04987,26.80348]},"properties":{"probability":0.178,"inBuffer":false,"facType":"substation"}},{"type":"Feature","geometry":{"type":"Point","coordinates":[-82.04089,26.80348]},"properties":{"probability":0.187,"inBuffer":false,"facType":"substation"}},{"type":"Feature","geometry":{"type":"Point","coordinates":[-82.0364,26.80348]},"properties":{"probability":0.323,"inBuffer":false,"facType":"substation"}},{"type":"Feature","geometry":{"type":"Point","coordinates":[-82.03191,26.80348]},"properties":{"probability":0.164,"inBuffer":false,"facType":"substation"}},{"type":"Feature","geometry":{"type":"Point","coordinates":[-81.91064,26.80348]},"properties":{"probability":0.148,"inBuffer":false,"facType":"substation"}},{"type":"Feature","geometry":{"type":"Point","coordinates":[-81.90614,26.80348]},"properties":{"probability":0.529,"inBuffer":false,"facType":"substation"}},{"type":"Feature","geometry":{"type":"Point","coordinates":[-81.90165,26.80348]},"properties":{"probability":0.434,"inBuffer":false,"facType":"substation"}},{"type":"Feature","geometry":{"type":"Point","coordinates":[-82.04538,26.79899]},"properties":{"probability":0.192,"inBuffer":false,"facType":"substation"}},{"type":"Feature","geometry":{"type":"Point","coordinates":[-82.04089,26.79899]},"properties":{"probability":0.157,"inBuffer":false,"facType":"substation"}},{"type":"Feature","geometry":{"type":"Point","coordinates":[-82.0364,26.79899]},"properties":{"probability":0.209,"inBuffer":false,"facType":"substation"}},{"type":"Feature","geometry":{"type":"Point","coordinates":[-82.03191,26.79899]},"properties":{"probability":0.187,"inBuffer":false,"facType":"substation"}},{"type":"Feature","geometry":{"type":"Point","coordinates":[-81.90614,26.79899]},"properties":{"probability":0.256,"inBuffer":false,"facType":"substation"}},{"type":"Feature","geometry":{"type":"Point","coordinates":[-81.90165,26.79899]},"properties":{"probability":0.208,"inBuffer":false,"facType":"substation"}}]}