{"type":"FeatureCollection","features":[{"type":"Feature","geometry":{"type":"Point","coordinates":[-81.92411,26.75857]},"properties":{"probability":0.128,"inBuffer":false,"facType":"unknown"}},{"type":"Feature","geometry":{"type":"Point","coordinates":[-81.91962,26.75857]},"properties":{"probability":0.13,"inBuffer":false,"facType":"unknown"}},{"type":"Feature","geometry":{"type":"Point","coordinates":[-81.91512,26.75857]},"properties":{"probability":0.129,"inBuffer":false,"facType":"unknown"}},{"type":"Feature","geometry":{"type":"Point","coordinates":[-81.91063,26.75857]},"properties":{"probability":0.131,"inBuffer":false,"facType":"unknown"}},{"type":"Feature","geometry":{"type":"Point","coordinates":[-81.90614,26.75857]},"properties":{"probability":0.13,"inBuffer":false,"facType":"unknown"}},{"type":"Feature","geometry":{"type":"Point","coordinates":[-81.90165,26.75857]},"properties":{"probability":0.132,"inBuffer":false,"facType":"unknown"}},{"type":"Feature","geometry":{"type":"Point","coordinates":[-81.89716,26.75857]},"properties":{"probability":0.189,"inBuffer":false,"facType":"unknown"}},{"type":"Feature","geometry":{"type":"Point","coordinates":[-81.89267,26.75857]},"properties":{"probability":0.188,"inBuffer":false,"facType":"unknown"}},{"type":"Feature","geometry":{"type":"Point","coordinates":[-81.93309,26.75407]},"properties":{"probability":0.129,"inBuffer":false,"facType":"unknown"}},{"type":"Feature","geometry":{"type":"Point","coordinates":[-81.9286,26.75407]},"properties":{"probability":0.131,"inBuffer":false,"facType":"unknown"}},{"type":"Feature","geometry":{"type":"Point","coordinates":[-81.92411,26.75407]},"properties":{"probability":0.13,"inBuffer":false,"facType":"unknown"}},{"type":"Feature","geometry":{"type":"Point","coordinates":[-81.91962,26.75407]},"properties":{"probability":0.132,"inBuffer":false,"facType":"unknown"}},{"type":"Feature","geometry":{"type":"Point","coordinates":[-81.91512,26.75407]},"properties":{"probability":0.128,"inBuffer":false,"facType":"unknown"}},{"type":"Feature","geometry":{"type":"Point","coordinates":[-81.93758,26.74958]},"properties":{"probability":0.132,"inBuffer":false,"facType":"unknown"}},{"type":"Feature","geometry":{"type":"Point","coordinates":[-81.93309,26.74958]},"properties":{"probability":0.133,"inBuffer":false,"facType":"unknown"}},{"type":"Feature","geometry":{"type":"Point","coordinates":[-81.9286,26.74958]},"properties":{"probability":0.131,"inBuffer":false,"facType":"unknown"}},{"type":"Feature","geometry":{"type":"Point","coordinates":[-81.92411,26.74958]},"properties":{"probability":0.135,"inBuffer":false,"facType":"unknown"}},{"type":"Feature","geometry":{"type":"Point","coordinates":[-81.91962,26.74958]},"properties":{"probability":0.136,"inBuffer":false,"facType":"unknown"}},{"type":"Feature","geometry":{"type":"Point","coordinates":[-81.91512,26.74958]},"properties":{"probability":0.14,"inBuffer":false,"facType":"unknown"}},{"type":"Feature","geometry":{"type":"Point","coordinates":[-81.91063,26.74958]},"properties":{"probability":0.13,"inBuffer":false,"facType":"unknown"}},{"type":"Feature","geometry":{"type":"Point","coordinates":[-81.90614,26.74958]},"properties":{"probability":0.131,"inBuffer":false,"facType":"unknown"}},{"type":"Feature","geometry":{"type":"Point","coordinates":[-81.94207,26.74509]},"properties":{"probability":0.132,"inBuffer":false,"facType":"unknown"}},{"type":"Feature","geometry":{"type":"Point","coordinates":[-81.93758,26.74509]},"properties":{"probability":0.13,"inBuffer":false,"facType":"unknown"}},{"type":"Feature","geometry":{"type":"Point","coordinates":[-81.93309,26.74509]},"properties":{"probability":0.133,"inBuffer":false,"facType":"unknown"}},{"type":"Feature","geometry":{"type":"Point","coordinates":[-81.9286,26.74509]},"properties":{"probability":0.131,"inBuffer":false,"facType":"unknown"}},{"type":"Feature","geometry":{"type":"Point","coordinates":[-81.92411,26.74509]},"properties":{"probability":0.139,"inBuffer":false,"facType":"unknown"}},{"type":"Feature","geometry":{"type":"Point","coordinates":[-81.91962,26.74509]},"properties":{"probability":0.177,"inBuffer":false,"facType":"unknown"}},{"type":"Feature","geometry":{"type":"Point","coordinates":[-81.91512,26.74509]},"properties":{"probability":0.16,"inBuffer":false,"facType":"unknown"}},{"type":"Feature","geometry":{"type":"Point","coordinates":[-81.91063,26.74509]},"properties":{"probability":0.148,"inBuffer":false,"facType":"unknown"}},{"type":"Feature","geometry":{"type":"Point","coordinates":[-81.90614,26.74509]},"properties":{"probability":0.153,"inBuffer":false,"facType":"unknown"}},{"type":"Feature","geometry":{"type":"Point","coordinates":[-81.90165,26.74509]},"properties":{"probability":0.19,"inBuffer":false,"facType":"unknown"}},{"type":"Feature","geometry":{"type":"Point","coordinates":[-81.94207,26.7406]},"properties":{"probability":0.132,"inBuffer":false,"facType":"unknown"}},{"type":"Feature","geometry":{"type":"Point","coordinates":[-81.93758,26.7406]},"properties":{"probability":0.13,"inBuffer":false,"facType":"unknown"}},{"type":"Feature","geometry":{"type":"Point","coordinates":[-81.93309,26.7406]},"properties":{"probability":0.13,"inBuffer":false,"facType":"unknown"}},{"type":"Feature","geometry":{"type":"Point","coordinates":[-81.9286,26.7406]},"properties":{"probability":0.13,"inBuffer":false,"facType":"unknown"}},{"type":"Feature","geometry":{"type":"Point","coordinates":[-81.92411,26.7406]},"properties":{"probability":0.138,"inBuffer":false,"facType":"unknown"}},{"type":"Feature","geometry":{"type":"Point","coordinates":[-81.91962,26.7406]},"properties":{"probability":0.171,"inBuffer":false,"facType":"unknown"}},{"type":"Feature","geometry":{"type":"Point","coordinates":[-81.91512,26.7406]},"properties":{"probability":0.194,"inBuffer":false,"facType":"unknown"}},{"type":"Feature","geometry":{"type":"Point","coordinates":[-81.91063,26.7406]},"properties":{"probability":0.849,"inBuffer":false,"facType":"unknown"}},{"type":"Feature","geometry":{"type":"Point","coordinates":[-81.90614,26.7406]},"properties":{"probability":0.833,"inBuffer":false,"facType":"unknown"}},{"type":"Feature","geometry":{"type":"Point","coordinates":[-81.90165,26.7406]},"properties":{"probability":0.32,"inBuffer":false,"facType":"unknown"}},{"type":"Feature","geometry":{"type":"Point","coordinates":[-81.94207,26.73611]},"properties":{"probability":0.129,"inBuffer":false,"facType":"unknown"}},{"type":"Feature","geometry":{"type":"Point","coordinates":[-81.93758,26.73611]},"properties":{"probability":0.133,"inBuffer":false,"facType":"unknown"}},{"type":"Feature","geometry":{"type":"Point","coordinates":[-81.93309,26.73611]},"properties":{"probability":0.13,"inBuffer":false,"facType":"unknown"}},{"type":"Feature","geometry":{"type":"Point","coordinates":[-81.9286,26.73611]},"properties":{"probability":0.129,"inBuffer":false,"facType":"unknown"}},{"type":"Feature","geometry":{"type":"Point","coordinates":[-81.92411,26.73611]},"properties":{"probability":0.132,"inBuffer":false,"facType":"unknown"}},{"type":"Feature","geometry":{"type":"Point","coordinates":[-81.91962,26.73611]},"properties":{"probability":0.157,"inBuffer":false,"facType":"unknown"}},{"type":"Feature","geometry":{"type":"Point","coordinates":[-81.91512,26.73611]},"properties":{"probability":0.884,"inBuffer":false,"facType":"unknown"}},{"type":"Feature","geometry":{"type":"Point","coordinates":[-81.91063,26.73611]},"properties":{"probability":0.855,"inBuffer":false,"facType":"unknown"}},{"type":"Feature","geometry":{"type":"Point","coordinates":[-81.90614,26.73611]},"properties":{"probability":0.833,"inBuffer":false,"facType":"unknown"}},{"type":"Feature","geometry":{"type":"Point","coordinates":[-81.79385,26.73611]},"properties":{"probability":0.105,"inBuffer":false,"facType":"unknown"}},{"type":"Feature","geometry":{"type":"Point","coordinates":[-81.95555,26.73162]},"properties":{"probability":0.198,"inBuffer":false,"facType":"unknown"}},{"type":"Feature","geometry":{"type":"Point","coordinates":[-81.95106,26.73162]},"properties":{"probability":0.166,"inBuffer":false,"facType":"unknown"}},{"type":"Feature","geometry":{"type":"Point","coordinates":[-81.94657,26.73162]},"properties":{"probability":0.162,"inBuffer":false,"facType":"unknown"}},{"type":"Feature","geometry":{"type":"Point","coordinates":[-81.93309,26.73162]},"properties":{"probability":0.132,"inBuffer":false,"facType":"unknown"}},{"type":"Feature","geometry":{"type":"Point","coordinates":[-81.9286,26.73162]},"properties":{"probability":0.128,"inBuffer":false,"facType":"unknown"}},{"type":"Feature","geometry":{"type":"Point","coordinates":[-81.92411,26.73162]},"properties":{"probability":0.131,"inBuffer":false,"facType":"unknown"}},{"type":"Feature","geometry":{"type":"Point","coordinates":[-81.91962,26.73162]},"properties":{"probability":0.154,"inBuffer":false,"facType":"unknown"}},{"type":"Feature","geometry":{"type":"Point","coordinates":[-81.91512,26.73162]},"properties":{"probability":0.85,"inBuffer":false,"facType":"unknown"}},{"type":"Feature","geometry":{"type":"Point","coordinates":[-81.91063,26.73162]},"properties":{"probability":0.843,"inBuffer":false,"facType":"unknown"}},{"type":"Feature","geometry":{"type":"Point","coordinates":[-81.90614,26.73162]},"properties":{"probability":0.837,"inBuffer":false,"facType":"unknown"}},{"type":"Feature","geometry":{"type":"Point","coordinates":[-81.90165,26.73162]},"properties":{"probability":0.833,"inBuffer":false,"facType":"unknown"}},{"type":"Feature","geometry":{"type":"Point","coordinates":[-81.89716,26.73162]},"properties":{"probability":0.832,"inBuffer":false,"facType":"unknown"}},{"type":"Feature","geometry":{"type":"Point","coordinates":[-81.89267,26.73162]},"properties":{"probability":0.349,"inBuffer":false,"facType":"unknown"}},{"type":"Feature","geometry":{"type":"Point","coordinates":[-81.88368,26.73162]},"properties":{"probability":0.213,"inBuffer":false,"facType":"unknown"}},{"type":"Feature","geometry":{"type":"Point","coordinates":[-81.87919,26.73162]},"properties":{"probability":0.221,"inBuffer":false,"facType":"unknown"}},{"type":"Feature","geometry":{"type":"Point","coordinates":[-81.79385,26.73162]},"properties":{"probability":0.198,"inBuffer":false,"facType":"unknown"}},{"type":"Feature","geometry":{"type":"Point","coordinates":[-81.78936,26.73162]},"properties":{"probability":0.195,"inBuffer":false,"facType":"unknown"}},{"type":"Feature","geometry":{"type":"Point","coordinates":[-81.95555,26.72713]},"properties":{"probability":0.835,"inBuffer":false,"facType":"unknown"}},{"type":"Feature","geometry":{"type":"Point","coordinates":[-81.95106,26.72713]},"properties":{"probability":0.831,"inBuffer":false,"facType":"unknown"}},{"type":"Feature","geometry":{"type":"Point","coordinates":[-81.94657,26.72713]},"properties":{"probability":0.828,"inBuffer":false,"facType":"unknown"}},{"type":"Feature","geometry":{"type":"Point","coordinates":[-81.94207,26.72713]},"properties":{"probability":0.83,"inBuffer":false,"facType":"unknown"}},{"type":"Feature","geometry":{"type":"Point","coordinates":[-81.93758,26.72713]},"properties":{"probability":0.155,"inBuffer":false,"facType":"unknown"}},{"type":"Feature","geometry":{"type":"Point","coordinates":[-81.93309,26.72713]},"properties":{"probability":0.137,"inBuffer":false,"facType":"unknown"}},{"type":"Feature","geometry":{"type":"Point","coordinates":[-81.9286,26.72713]},"properties":{"probability":0.142,"inBuffer":false,"facType":"unknown"}},{"type":"Feature","geometry":{"type":"Point","coordinates":[-81.92411,26.72713]},"properties":{"probability":0.137,"inBuffer":false,"facType":"unknown"}},{"type":"Feature","geometry":{"type":"Point","coordinates":[-81.91962,26.72713]},"properties":{"probability":0.138,"inBuffer":false,"facType":"unknown"}},{"type":"Feature","geometry":{"type":"Point","coordinates":[-81.91512,26.72713]},"properties":{"probability":0.17,"inBuffer":false,"facType":"unknown"}},{"type":"Feature","geometry":{"type":"Point","coordinates":[-81.91063,26.72713]},"properties":{"probability":0.207,"inBuffer":false,"facType":"unknown"}},{"type":"Feature","geometry":{"type":"Point","coordinates":[-81.90614,26.72713]},"properties":{"probability":0.398,"inBuffer":false,"facType":"unknown"}},{"type":"Feature","geometry":{"type":"Point","coordinates":[-81.90165,26.72713]},"properties":{"probability":0.883,"inBuffer":false,"facType":"unknown"}},{"type":"Feature","geometry":{"type":"Point","coordinates":[-81.89716,26.72713]},"properties":{"probability":0.322,"inBuffer":false,"facType":"unknown"}},{"type":"Feature","geometry":{"type":"Point","coordinates":[-81.89267,26.72713]},"properties":{"probability":0.316,"inBuffer":false,"facType":"unknown"}},{"type":"Feature","geometry":{"type":"Point","coordinates":[-81.88818,26.72713]},"properties":{"probability":0.192,"inBuffer":false,"facType":"unknown"}},{"type":"Feature","geometry":{"type":"Point","coordinates":[-81.88368,26.72713]},"properties":{"probability":0.212,"inBuffer":false,"facType":"unknown"}},{"type":"Feature","geometry":{"type":"Point","coordinates":[-81.87919,26.72713]},"properties":{"probability":0.228,"inBuffer":false,"facType":"unknown"}},{"type":"Feature","geometry":{"type":"Point","coordinates":[-81.82979,26.72713]},"properties":{"probability":0.134,"inBuffer":false,"facType":"unknown"}},{"type":"Feature","geometry":{"type":"Point","coordinates":[-81.82529,26.72713]},"properties":{"probability":0.13,"inBuffer":false,"facType":"unknown"}},{"type":"Feature","geometry":{"type":"Point","coordinates":[-81.95555,26.72263]},"properties":{"probability":0.828,"inBuffer":false,"facType":"unknown"}},{"type":"Feature","geometry":{"type":"Point","coordinates":[-81.95106,26.72263]},"properties":{"probability":0.832,"inBuffer":false,"facType":"unknown"}},{"type":"Feature","geometry":{"type":"Point","coordinates":[-81.94657,26.72263]},"properties":{"probability":0.831,"inBuffer":false,"facType":"unknown"}},{"type":"Feature","geometry":{"type":"Point","coordinates":[-81.94207,26.72263]},"properties":{"probability":0.831,"inBuffer":false,"facType":"unknown"}},{"type":"Feature","geometry":{"type":"Point","coordinates":[-81.93758,26.72263]},"properties":{"probability":0.148,"inBuffer":false,"facType":"unknown"}},{"type":"Feature","geometry":{"type":"Point","coordinates":[-81.93309,26.72263]},"properties":{"probability":0.134,"inBuffer":false,"facType":"unknown"}},{"type":"Feature","geometry":{"type":"Point","coordinates":[-81.9286,26.72263]},"properties":{"probability":0.138,"inBuffer":false,"facType":"unknown"}},{"type":"Feature","geometry":{"type":"Point","coordinates":[-81.92411,26.72263]},"properties":{"probability":0.146,"inBuffer":false,"facType":"unknown"}},{"type":"Feature","geometry":{"type":"Point","coordinates":[-81.91962,26.72263]},"properties":{"probability":0.179,"inBuffer":false,"facType":"unknown"}},{"type":"Feature","geometry":{"type":"Point","coordinates":[-81.91512,26.72263]},"properties":{"probability":0.189,"inBuffer":false,"facType":"unknown"}},{"type":"Feature","geometry":{"type":"Point","coordinates":[-81.91063,26.72263]},"properties":{"probability":0.227,"inBuffer":false,"facType":"unknown"}},{"type":"Feature","geometry":{"type":"Point","coordinates":[-81.90614,26.72263]},"properties":{"probability":0.309,"inBuffer":false,"facType":"unknown"}},{"type":"Feature","geometry":{"type":"Point","coordinates":[-81.90165,26.72263]},"properties":{"probability":0.395,"inBuffer":false,"facType":"unknown"}},{"type":"Feature","geometry":{"type":"Point","coordinates":[-81.89716,26.72263]},"properties":{"probability":0.226,"inBuffer":false,"facType":"unknown"}},{"type":"Feature","geometry":{"type":"Point","coordinates":[-81.89267,26.72263]},"properties":{"probability":0.2,"inBuffer":false,"facType":"unknown"}},{"type":"Feature","geometry":{"type":"Point","coordinates":[-81.88818,26.72263]},"properties":{"probability":0.192,"inBuffer":false,"facType":"unknown"}},{"type":"Feature","geometry":{"type":"Point","coordinates":[-81.88368,26.72263]},"properties":{"probability":0.193,"inBuffer":false,"facType":"unknown"}},{"type":"Feature","geometry":{"type":"Point","coordinates":[-81.87919,26.72263]},"properties":{"probability":0.192,"inBuffer":false,"facType":"unknown"}},{"type":"Feature","geometry":{"type":"Point","coordinates":[-81.82529,26.72263]},"properties":{"probability":0.177,"inBuffer":false,"facType":"unknown"}},{"type":"Feature","geometry":{"type":"Point","coordinates":[-81.8208,26.72263]},"properties":{"probability":0.13,"inBuffer":false,"facType":"unknown"}},{"type":"Feature","geometry":{"type":"Point","coordinates":[-81.81631,26.72263]},"properties":{"probability":0.129,"inBuffer":false,"facType":"unknown"}},{"type":"Feature","geometry":{"type":"Point","coordinates":[-81.78038,26.72263]},"properties":{"probability":0.193,"inBuffer":false,"facType":"unknown"}},{"type":"Feature","geometry":{"type":"Point","coordinates":[-81.95555,26.71814]},"properties":{"probability":0.17,"inBuffer":false,"facType":"unknown"}},{"type":"Feature","geometry":{"type":"Point","coordinates":[-81.95106,26.71814]},"properties":{"probability":0.161,"inBuffer":false,"facType":"unknown"}},{"type":"Feature","geometry":{"type":"Point","coordinates":[-81.94657,26.71814]},"properties":{"probability":0.16,"inBuffer":false,"facType":"unknown"}},{"type":"Feature","geometry":{"type":"Point","coordinates":[-81.94207,26.71814]},"properties":{"probability":0.153,"inBuffer":false,"facType":"unknown"}},{"type":"Feature","geometry":{"type":"Point","coordinates":[-81.93758,26.71814]},"properties":{"probability":0.129,"inBuffer":false,"facType":"unknown"}},{"type":"Feature","geometry":{"type":"Point","coordinates":[-81.93309,26.71814]},"properties":{"probability":0.129,"inBuffer":false,"facType":"unknown"}},{"type":"Feature","geometry":{"type":"Point","coordinates":[-81.9286,26.71814]},"properties":{"probability":0.13,"inBuffer":false,"facType":"unknown"}},{"type":"Feature","geometry":{"type":"Point","coordinates":[-81.91962,26.71814]},"properties":{"probability":0.176,"inBuffer":false,"facType":"unknown"}},{"type":"Feature","geometry":{"type":"Point","coordinates":[-81.91512,26.71814]},"properties":{"probability":0.183,"inBuffer":false,"facType":"unknown"}},{"type":"Feature","geometry":{"type":"Point","coordinates":[-81.91063,26.71814]},"properties":{"probability":0.185,"inBuffer":false,"facType":"unknown"}},{"type":"Feature","geometry":{"type":"Point","coordinates":[-81.90614,26.71814]},"properties":{"probability":0.271,"inBuffer":false,"facType":"unknown"}},{"type":"Feature","geometry":{"type":"Point","coordinates":[-81.90165,26.71814]},"properties":{"probability":0.264,"inBuffer":false,"facType":"unknown"}},{"type":"Feature","geometry":{"type":"Point","coordinates":[-81.89716,26.71814]},"properties":{"probability":0.224,"inBuffer":false,"facType":"unknown"}},{"type":"Feature","geometry":{"type":"Point","coordinates":[-81.89267,26.71814]},"properties":{"probability":0.199,"inBuffer":false,"facType":"unknown"}},{"type":"Feature","geometry":{"type":"Point","coordinates":[-81.88818,26.71814]},"properties":{"probability":0.19,"inBuffer":false,"facType":"unknown"}},{"type":"Feature","geometry":{"type":"Point","coordinates":[-81.82979,26.71814]},"properties":{"probability":0.063,"inBuffer":false,"facType":"unknown"}},{"type":"Feature","geometry":{"type":"Point","coordinates":[-81.82529,26.71814]},"properties":{"probability":0.229,"inBuffer":false,"facType":"unknown"}},{"type":"Feature","geometry":{"type":"Point","coordinates":[-81.8208,26.71814]},"properties":{"probability":0.155,"inBuffer":false,"facType":"unknown"}},{"type":"Feature","geometry":{"type":"Point","coordinates":[-81.81631,26.71814]},"properties":{"probability":0.184,"inBuffer":false,"facType":"unknown"}},{"type":"Feature","geometry":{"type":"Point","coordinates":[-81.81182,26.71814]},"properties":{"probability":0.191,"inBuffer":false,"facType":"unknown"}},{"type":"Feature","geometry":{"type":"Point","coordinates":[-81.80733,26.71814]},"properties":{"probability":0.834,"inBuffer":false,"facType":"unknown"}},{"type":"Feature","geometry":{"type":"Point","coordinates":[-81.80284,26.71814]},"properties":{"probability":0.828,"inBuffer":false,"facType":"unknown"}},{"type":"Feature","geometry":{"type":"Point","coordinates":[-81.78038,26.71814]},"properties":{"probability":0.197,"inBuffer":false,"facType":"unknown"}},{"type":"Feature","geometry":{"type":"Point","coordinates":[-81.77589,26.71814]},"properties":{"probability":0.829,"inBuffer":false,"facType":"unknown"}},{"type":"Feature","geometry":{"type":"Point","coordinates":[-81.7669,26.71814]},"properties":{"probability":0.21,"inBuffer":false,"facType":"unknown"}},{"type":"Feature","geometry":{"type":"Point","coordinates":[-81.73546,26.71814]},"properties":{"probability":0.133,"inBuffer":false,"facType":"unknown"}},{"type":"Feature","geometry":{"type":"Point","coordinates":[-81.97801,26.71365]},"properties":{"probability":0.198,"inBuffer":false,"facType":"unknown"}},{"type":"Feature","geometry":{"type":"Point","coordinates":[-81.97352,26.71365]},"properties":{"probability":0.196,"inBuffer":false,"facType":"unknown"}},{"type":"Feature","geometry":{"type":"Point","coordinates":[-81.95555,26.71365]},"properties":{"probability":0.133,"inBuffer":false,"facType":"unknown"}},{"type":"Feature","geometry":{"type":"Point","coordinates":[-81.95106,26.71365]},"properties":{"probability":0.134,"inBuffer":false,"facType":"unknown"}},{"type":"Feature","geometry":{"type":"Point","coordinates":[-81.94657,26.71365]},"properties":{"probability":0.13,"inBuffer":false,"facType":"unknown"}},{"type":"Feature","geometry":{"type":"Point","coordinates":[-81.94207,26.71365]},"properties":{"probability":0.131,"inBuffer":false,"facType":"unknown"}},{"type":"Feature","geometry":{"type":"Point","coordinates":[-81.93758,26.71365]},"properties":{"probability":0.133,"inBuffer":false,"facType":"unknown"}},{"type":"Feature","geometry":{"type":"Point","coordinates":[-81.90614,26.71365]},"properties":{"probability":0.053,"inBuffer":false,"facType":"unknown"}},{"type":"Feature","geometry":{"type":"Point","coordinates":[-81.90165,26.71365]},"properties":{"probability":0.276,"inBuffer":false,"facType":"unknown"}},{"type":"Feature","geometry":{"type":"Point","coordinates":[-81.89716,26.71365]},"properties":{"probability":0.283,"inBuffer":false,"facType":"unknown"}},{"type":"Feature","geometry":{"type":"Point","coordinates":[-81.89267,26.71365]},"properties":{"probability":0.218,"inBuffer":false,"facType":"unknown"}},{"type":"Feature","geometry":{"type":"Point","coordinates":[-81.88818,26.71365]},"properties":{"probability":0.192,"inBuffer":false,"facType":"unknown"}},{"type":"Feature","geometry":{"type":"Point","coordinates":[-81.88368,26.71365]},"properties":{"probability":0.188,"inBuffer":false,"facType":"unknown"}},{"type":"Feature","geometry":{"type":"Point","coordinates":[-81.86123,26.71365]},"properties":{"probability":0.092,"inBuffer":false,"facType":"unknown"}},{"type":"Feature","geometry":{"type":"Point","coordinates":[-81.85673,26.71365]},"properties":{"probability":0.212,"inBuffer":false,"facType":"unknown"}},{"type":"Feature","geometry":{"type":"Point","coordinates":[-81.85224,26.71365]},"properties":{"probability":0.187,"inBuffer":false,"facType":"unknown"}},{"type":"Feature","geometry":{"type":"Point","coordinates":[-81.82529,26.71365]},"properties":{"probability":0.19,"inBuffer":false,"facType":"unknown"}},{"type":"Feature","geometry":{"type":"Point","coordinates":[-81.8208,26.71365]},"properties":{"probability":0.191,"inBuffer":false,"facType":"unknown"}},{"type":"Feature","geometry":{"type":"Point","coordinates":[-81.81631,26.71365]},"properties":{"probability":0.245,"inBuffer":false,"facType":"unknown"}},{"type":"Feature","geometry":{"type":"Point","coordinates":[-81.81182,26.71365]},"properties":{"probability":0.21,"inBuffer":false,"facType":"unknown"}},{"type":"Feature","geometry":{"type":"Point","coordinates":[-81.80733,26.71365]},"properties":{"probability":0.843,"inBuffer":false,"facType":"unknown"}},{"type":"Feature","geometry":{"type":"Point","coordinates":[-81.80284,26.71365]},"properties":{"probability":0.833,"inBuffer":false,"facType":"unknown"}},{"type":"Feature","geometry":{"type":"Point","coordinates":[-81.78487,26.71365]},"properties":{"probability":0.203,"inBuffer":false,"facType":"unknown"}},{"type":"Feature","geometry":{"type":"Point","coordinates":[-81.78038,26.71365]},"properties":{"probability":0.203,"inBuffer":false,"facType":"unknown"}},{"type":"Feature","geometry":{"type":"Point","coordinates":[-81.77589,26.71365]},"properties":{"probability":0.829,"inBuffer":false,"facType":"unknown"}},{"type":"Feature","geometry":{"type":"Point","coordinates":[-81.77139,26.71365]},"properties":{"probability":0.18,"inBuffer":false,"facType":"unknown"}},{"type":"Feature","geometry":{"type":"Point","coordinates":[-81.76241,26.71365]},"properties":{"probability":0.132,"inBuffer":false,"facType":"unknown"}},{"type":"Feature","geometry":{"type":"Point","coordinates":[-81.75792,26.71365]},"properties":{"probability":0.133,"inBuffer":false,"facType":"unknown"}},{"type":"Feature","geometry":{"type":"Point","coordinates":[-81.74894,26.71365]},"properties":{"probability":0.148,"inBuffer":false,"facType":"unknown"}},{"type":"Feature","geometry":{"type":"Point","coordinates":[-81.74445,26.71365]},"properties":{"probability":0.13,"inBuffer":false,"facType":"unknown"}},{"type":"Feature","geometry":{"type":"Point","coordinates":[-81.73995,26.71365]},"properties":{"probability":0.132,"inBuffer":false,"facType":"unknown"}},{"type":"Feature","geometry":{"type":"Point","coordinates":[-81.73546,26.71365]},"properties":{"probability":0.131,"inBuffer":false,"facType":"unknown"}},{"type":"Feature","geometry":{"type":"Point","coordinates":[-81.73097,26.71365]},"properties":{"probability":0.133,"inBuffer":false,"facType":"unknown"}},{"type":"Feature","geometry":{"type":"Point","coordinates":[-81.72648,26.71365]},"properties":{"probability":0.132,"inBuffer":false,"facType":"unknown"}},{"type":"Feature","geometry":{"type":"Point","coordinates":[-81.72199,26.71365]},"properties":{"probability":0.165,"inBuffer":false,"facType":"unknown"}},{"type":"Feature","geometry":{"type":"Point","coordinates":[-81.99148,26.70916]},"properties":{"probability":0.83,"inBuffer":false,"facType":"unknown"}},{"type":"Feature","geometry":{"type":"Point","coordinates":[-81.98699,26.70916]},"properties":{"probability":0.331,"inBuffer":false,"facType":"unknown"}},{"type":"Feature","geometry":{"type":"Point","coordinates":[-81.9825,26.70916]},"properties":{"probability":0.19,"inBuffer":false,"facType":"unknown"}},{"type":"Feature","geometry":{"type":"Point","coordinates":[-81.97801,26.70916]},"properties":{"probability":0.203,"inBuffer":false,"facType":"unknown"}},{"type":"Feature","geometry":{"type":"Point","coordinates":[-81.97352,26.70916]},"properties":{"probability":0.194,"inBuffer":false,"facType":"unknown"}},{"type":"Feature","geometry":{"type":"Point","coordinates":[-81.96902,26.70916]},"properties":{"probability":0.13,"inBuffer":false,"facType":"unknown"}},{"type":"Feature","geometry":{"type":"Point","coordinates":[-81.96453,26.70916]},"properties":{"probability":0.13,"inBuffer":false,"facType":"unknown"}},{"type":"Feature","geometry":{"type":"Point","coordinates":[-81.96004,26.70916]},"properties":{"probability":0.132,"inBuffer":false,"facType":"unknown"}},{"type":"Feature","geometry":{"type":"Point","coordinates":[-81.95555,26.70916]},"properties":{"probability":0.153,"inBuffer":false,"facType":"unknown"}},{"type":"Feature","geometry":{"type":"Point","coordinates":[-81.95106,26.70916]},"properties":{"probability":0.184,"inBuffer":false,"facType":"unknown"}},{"type":"Feature","geometry":{"type":"Point","coordinates":[-81.94657,26.70916]},"properties":{"probability":0.187,"inBuffer":false,"facType":"unknown"}},{"type":"Feature","geometry":{"type":"Point","coordinates":[-81.94207,26.70916]},"properties":{"probability":0.137,"inBuffer":false,"facType":"unknown"}},{"type":"Feature","geometry":{"type":"Point","coordinates":[-81.90614,26.70916]},"properties":{"probability":0.067,"inBuffer":false,"facType":"unknown"}},{"type":"Feature","geometry":{"type":"Point","coordinates":[-81.90165,26.70916]},"properties":{"probability":0.073,"inBuffer":false,"facType":"unknown"}},{"type":"Feature","geometry":{"type":"Point","coordinates":[-81.89716,26.70916]},"properties":{"probability":0.064,"inBuffer":false,"facType":"unknown"}},{"type":"Feature","geometry":{"type":"Point","coordinates":[-81.88818,26.70916]},"properties":{"probability":0.201,"inBuffer":false,"facType":"unknown"}},{"type":"Feature","geometry":{"type":"Point","coordinates":[-81.86123,26.70916]},"properties":{"probability":0.182,"inBuffer":false,"facType":"unknown"}},{"type":"Feature","geometry":{"type":"Point","coordinates":[-81.85673,26.70916]},"properties":{"probability":0.226,"inBuffer":false,"facType":"unknown"}},{"type":"Feature","geometry":{"type":"Point","coordinates":[-81.85224,26.70916]},"properties":{"probability":0.226,"inBuffer":false,"facType":"unknown"}},{"type":"Feature","geometry":{"type":"Point","coordinates":[-81.84775,26.70916]},"properties":{"probability":0.097,"inBuffer":false,"facType":"unknown"}},{"type":"Feature","geometry":{"type":"Point","coordinates":[-81.83877,26.70916]},"properties":{"probability":0.133,"inBuffer":false,"facType":"unknown"}},{"type":"Feature","geometry":{"type":"Point","coordinates":[-81.83428,26.70916]},"properties":{"probability":0.129,"inBuffer":false,"facType":"unknown"}},{"type":"Feature","geometry":{"type":"Point","coordinates":[-81.82979,26.70916]},"properties":{"probability":0.131,"inBuffer":false,"facType":"unknown"}},{"type":"Feature","geometry":{"type":"Point","coordinates":[-81.82529,26.70916]},"properties":{"probability":0.14,"inBuffer":false,"facType":"unknown"}},{"type":"Feature","geometry":{"type":"Point","coordinates":[-81.8208,26.70916]},"properties":{"probability":0.19,"inBuffer":false,"facType":"unknown"}},{"type":"Feature","geometry":{"type":"Point","coordinates":[-81.81631,26.70916]},"properties":{"probability":0.222,"inBuffer":false,"facType":"unknown"}},{"type":"Feature","geometry":{"type":"Point","coordinates":[-81.81182,26.70916]},"properties":{"probability":0.19,"inBuffer":false,"facType":"unknown"}},{"type":"Feature","geometry":{"type":"Point","coordinates":[-81.80733,26.70916]},"properties":{"probability":0.151,"inBuffer":false,"facType":"unknown"}},{"type":"Feature","geometry":{"type":"Point","coordinates":[-81.80284,26.70916]},"properties":{"probability":0.174,"inBuffer":false,"facType":"unknown"}},{"type":"Feature","geometry":{"type":"Point","coordinates":[-81.78936,26.70916]},"properties":{"probability":0.189,"inBuffer":false,"facType":"unknown"}},{"type":"Feature","geometry":{"type":"Point","coordinates":[-81.78487,26.70916]},"properties":{"probability":0.205,"inBuffer":false,"facType":"unknown"}},{"type":"Feature","geometry":{"type":"Point","coordinates":[-81.76241,26.70916]},"properties":{"probability":0.159,"inBuffer":false,"facType":"unknown"}},{"type":"Feature","geometry":{"type":"Point","coordinates":[-81.75792,26.70916]},"properties":{"probability":0.167,"inBuffer":false,"facType":"unknown"}},{"type":"Feature","geometry":{"type":"Point","coordinates":[-81.75343,26.70916]},"properties":{"probability":0.834,"inBuffer":false,"facType":"unknown"}},{"type":"Feature","geometry":{"type":"Point","coordinates":[-81.74894,26.70916]},"properties":{"probability":0.159,"inBuffer":false,"facType":"unknown"}},{"type":"Feature","geometry":{"type":"Point","coordinates":[-81.74445,26.70916]},"properties":{"probability":0.15,"inBuffer":false,"facType":"unknown"}},{"type":"Feature","geometry":{"type":"Point","coordinates":[-81.73995,26.70916]},"properties":{"probability":0.13,"inBuffer":false,"facType":"unknown"}},{"type":"Feature","geometry":{"type":"Point","coordinates":[-81.73546,26.70916]},"properties":{"probability":0.131,"inBuffer":false,"facType":"unknown"}},{"type":"Feature","geometry":{"type":"Point","coordinates":[-81.73097,26.70916]},"properties":{"probability":0.176,"inBuffer":false,"facType":"unknown"}},{"type":"Feature","geometry":{"type":"Point","coordinates":[-81.72648,26.70916]},"properties":{"probability":0.198,"inBuffer":false,"facType":"unknown"}},{"type":"Feature","geometry":{"type":"Point","coordinates":[-81.72199,26.70916]},"properties":{"probability":0.259,"inBuffer":false,"facType":"unknown"}},{"type":"Feature","geometry":{"type":"Point","coordinates":[-82.01843,26.70467]},"properties":{"probability":0.191,"inBuffer":false,"facType":"unknown"}},{"type":"Feature","geometry":{"type":"Point","coordinates":[-82.00945,26.70467]},"properties":{"probability":0.193,"inBuffer":false,"facType":"unknown"}},{"type":"Feature","geometry":{"type":"Point","coordinates":[-81.99148,26.70467]},"properties":{"probability":0.836,"inBuffer":false,"facType":"unknown"}},{"type":"Feature","geometry":{"type":"Point","coordinates":[-81.98699,26.70467]},"properties":{"probability":0.312,"inBuffer":false,"facType":"unknown"}},{"type":"Feature","geometry":{"type":"Point","coordinates":[-81.9825,26.70467]},"properties":{"probability":0.194,"inBuffer":false,"facType":"unknown"}},{"type":"Feature","geometry":{"type":"Point","coordinates":[-81.97801,26.70467]},"properties":{"probability":0.198,"inBuffer":false,"facType":"unknown"}},{"type":"Feature","geometry":{"type":"Point","coordinates":[-81.97352,26.70467]},"properties":{"probability":0.194,"inBuffer":false,"facType":"unknown"}},{"type":"Feature","geometry":{"type":"Point","coordinates":[-81.96902,26.70467]},"properties":{"probability":0.189,"inBuffer":false,"facType":"unknown"}},{"type":"Feature","geometry":{"type":"Point","coordinates":[-81.96453,26.70467]},"properties":{"probability":0.129,"inBuffer":false,"facType":"unknown"}},{"type":"Feature","geometry":{"type":"Point","coordinates":[-81.96004,26.70467]},"properties":{"probability":0.134,"inBuffer":false,"facType":"unknown"}},{"type":"Feature","geometry":{"type":"Point","coordinates":[-81.95555,26.70467]},"properties":{"probability":0.179,"inBuffer":false,"facType":"unknown"}},{"type":"Feature","geometry":{"type":"Point","coordinates":[-81.95106,26.70467]},"properties":{"probability":0.186,"inBuffer":false,"facType":"unknown"}},{"type":"Feature","geometry":{"type":"Point","coordinates":[-81.94657,26.70467]},"properties":{"probability":0.179,"inBuffer":false,"facType":"unknown"}},{"type":"Feature","geometry":{"type":"Point","coordinates":[-81.91512,26.70467]},"properties":{"probability":0.095,"inBuffer":false,"facType":"unknown"}},{"type":"Feature","geometry":{"type":"Point","coordinates":[-81.90614,26.70467]},"properties":{"probability":0.051,"inBuffer":false,"facType":"unknown"}},{"type":"Feature","geometry":{"type":"Point","coordinates":[-81.90165,26.70467]},"properties":{"probability":0.063,"inBuffer":false,"facType":"unknown"}},{"type":"Feature","geometry":{"type":"Point","coordinates":[-81.89716,26.70467]},"properties":{"probability":0.065,"inBuffer":false,"facType":"unknown"}},{"type":"Feature","geometry":{"type":"Point","coordinates":[-81.89267,26.70467]},"properties":{"probability":0.054,"inBuffer":false,"facType":"unknown"}},{"type":"Feature","geometry":{"type":"Point","coordinates":[-81.85673,26.70467]},"properties":{"probability":0.216,"inBuffer":false,"facType":"unknown"}},{"type":"Feature","geometry":{"type":"Point","coordinates":[-81.85224,26.70467]},"properties":{"probability":0.859,"inBuffer":false,"facType":"unknown"}},{"type":"Feature","geometry":{"type":"Point","coordinates":[-81.84775,26.70467]},"properties":{"probability":0.837,"inBuffer":false,"facType":"unknown"}},{"type":"Feature","geometry":{"type":"Point","coordinates":[-81.84326,26.70467]},"properties":{"probability":0.154,"inBuffer":false,"facType":"unknown"}},{"type":"Feature","geometry":{"type":"Point","coordinates":[-81.83877,26.70467]},"properties":{"probability":0.131,"inBuffer":false,"facType":"unknown"}},{"type":"Feature","geometry":{"type":"Point","coordinates":[-81.83428,26.70467]},"properties":{"probability":0.131,"inBuffer":false,"facType":"unknown"}},{"type":"Feature","geometry":{"type":"Point","coordinates":[-81.82979,26.70467]},"properties":{"probability":0.132,"inBuffer":false,"facType":"unknown"}},{"type":"Feature","geometry":{"type":"Point","coordinates":[-81.81631,26.70467]},"properties":{"probability":0.153,"inBuffer":false,"facType":"unknown"}},{"type":"Feature","geometry":{"type":"Point","coordinates":[-81.81182,26.70467]},"properties":{"probability":0.143,"inBuffer":false,"facType":"unknown"}},{"type":"Feature","geometry":{"type":"Point","coordinates":[-81.80733,26.70467]},"properties":{"probability":0.145,"inBuffer":false,"facType":"unknown"}},{"type":"Feature","geometry":{"type":"Point","coordinates":[-81.76241,26.70467]},"properties":{"probability":0.156,"inBuffer":false,"facType":"unknown"}},{"type":"Feature","geometry":{"type":"Point","coordinates":[-81.75792,26.70467]},"properties":{"probability":0.837,"inBuffer":false,"facType":"unknown"}},{"type":"Feature","geometry":{"type":"Point","coordinates":[-81.75343,26.70467]},"properties":{"probability":0.839,"inBuffer":false,"facType":"unknown"}},{"type":"Feature","geometry":{"type":"Point","coordinates":[-81.74894,26.70467]},"properties":{"probability":0.864,"inBuffer":false,"facType":"unknown"}},{"type":"Feature","geometry":{"type":"Point","coordinates":[-81.74445,26.70467]},"properties":{"probability":0.199,"inBuffer":false,"facType":"unknown"}},{"type":"Feature","geometry":{"type":"Point","coordinates":[-81.73995,26.70467]},"properties":{"probability":0.144,"inBuffer":false,"facType":"unknown"}},{"type":"Feature","geometry":{"type":"Point","coordinates":[-81.73546,26.70467]},"properties":{"probability":0.148,"inBuffer":false,"facType":"unknown"}},{"type":"Feature","geometry":{"type":"Point","coordinates":[-81.73097,26.70467]},"properties":{"probability":0.175,"inBuffer":false,"facType":"unknown"}},{"type":"Feature","geometry":{"type":"Point","coordinates":[-81.72648,26.70467]},"properties":{"probability":0.188,"inBuffer":false,"facType":"unknown"}},{"type":"Feature","geometry":{"type":"Point","coordinates":[-81.72199,26.70467]},"properties":{"probability":0.248,"inBuffer":false,"facType":"unknown"}},{"type":"Feature","geometry":{"type":"Point","coordinates":[-82.01843,26.70018]},"properties":{"probability":0.188,"inBuffer":false,"facType":"unknown"}},{"type":"Feature","geometry":{"type":"Point","coordinates":[-82.01394,26.70018]},"properties":{"probability":0.189,"inBuffer":false,"facType":"unknown"}},{"type":"Feature","geometry":{"type":"Point","coordinates":[-82.00945,26.70018]},"properties":{"probability":0.19,"inBuffer":false,"facType":"unknown"}},{"type":"Feature","geometry":{"type":"Point","coordinates":[-82.00496,26.70018]},"properties":{"probability":0.313,"inBuffer":false,"facType":"unknown"}},{"type":"Feature","geometry":{"type":"Point","coordinates":[-81.99148,26.70018]},"properties":{"probability":0.835,"inBuffer":false,"facType":"unknown"}},{"type":"Feature","geometry":{"type":"Point","coordinates":[-81.98699,26.70018]},"properties":{"probability":0.313,"inBuffer":false,"facType":"unknown"}},{"type":"Feature","geometry":{"type":"Point","coordinates":[-81.9825,26.70018]},"properties":{"probability":0.194,"inBuffer":false,"facType":"unknown"}},{"type":"Feature","geometry":{"type":"Point","coordinates":[-81.97801,26.70018]},"properties":{"probability":0.197,"inBuffer":false,"facType":"unknown"}},{"type":"Feature","geometry":{"type":"Point","coordinates":[-81.97352,26.70018]},"properties":{"probability":0.195,"inBuffer":false,"facType":"unknown"}},{"type":"Feature","geometry":{"type":"Point","coordinates":[-81.96902,26.70018]},"properties":{"probability":0.132,"inBuffer":false,"facType":"unknown"}},{"type":"Feature","geometry":{"type":"Point","coordinates":[-81.96453,26.70018]},"properties":{"probability":0.131,"inBuffer":false,"facType":"unknown"}},{"type":"Feature","geometry":{"type":"Point","coordinates":[-81.96004,26.70018]},"properties":{"probability":0.146,"inBuffer":false,"facType":"unknown"}},{"type":"Feature","geometry":{"type":"Point","coordinates":[-81.95555,26.70018]},"properties":{"probability":0.18,"inBuffer":false,"facType":"unknown"}},{"type":"Feature","geometry":{"type":"Point","coordinates":[-81.95106,26.70018]},"properties":{"probability":0.153,"inBuffer":false,"facType":"unknown"}},{"type":"Feature","geometry":{"type":"Point","coordinates":[-81.94657,26.70018]},"properties":{"probability":0.134,"inBuffer":false,"facType":"unknown"}},{"type":"Feature","geometry":{"type":"Point","coordinates":[-81.9286,26.70018]},"properties":{"probability":0.208,"inBuffer":false,"facType":"unknown"}},{"type":"Feature","geometry":{"type":"Point","coordinates":[-81.92411,26.70018]},"properties":{"probability":0.218,"inBuffer":false,"facType":"unknown"}},{"type":"Feature","geometry":{"type":"Point","coordinates":[-81.91962,26.70018]},"properties":{"probability":0.336,"inBuffer":false,"facType":"unknown"}},{"type":"Feature","geometry":{"type":"Point","coordinates":[-81.91512,26.70018]},"properties":{"probability":0.318,"inBuffer":false,"facType":"unknown"}},{"type":"Feature","geometry":{"type":"Point","coordinates":[-81.91063,26.70018]},"properties":{"probability":0.272,"inBuffer":false,"facType":"unknown"}},{"type":"Feature","geometry":{"type":"Point","coordinates":[-81.90614,26.70018]},"properties":{"probability":0.066,"inBuffer":false,"facType":"unknown"}},{"type":"Feature","geometry":{"type":"Point","coordinates":[-81.90165,26.70018]},"properties":{"probability":0.062,"inBuffer":false,"facType":"unknown"}},{"type":"Feature","geometry":{"type":"Point","coordinates":[-81.89716,26.70018]},"properties":{"probability":0.064,"inBuffer":false,"facType":"unknown"}},{"type":"Feature","geometry":{"type":"Point","coordinates":[-81.89267,26.70018]},"properties":{"probability":0.063,"inBuffer":false,"facType":"unknown"}},{"type":"Feature","geometry":{"type":"Point","coordinates":[-81.88818,26.70018]},"properties":{"probability":0.053,"inBuffer":false,"facType":"unknown"}},{"type":"Feature","geometry":{"type":"Point","coordinates":[-81.87021,26.70018]},"properties":{"probability":0.134,"inBuffer":false,"facType":"unknown"}},{"type":"Feature","geometry":{"type":"Point","coordinates":[-81.86572,26.70018]},"properties":{"probability":0.132,"inBuffer":false,"facType":"unknown"}},{"type":"Feature","geometry":{"type":"Point","coordinates":[-81.86123,26.70018]},"properties":{"probability":0.152,"inBuffer":false,"facType":"unknown"}},{"type":"Feature","geometry":{"type":"Point","coordinates":[-81.85673,26.70018]},"properties":{"probability":0.866,"inBuffer":false,"facType":"unknown"}},{"type":"Feature","geometry":{"type":"Point","coordinates":[-81.85224,26.70018]},"properties":{"probability":0.893,"inBuffer":false,"facType":"unknown"}},{"type":"Feature","geometry":{"type":"Point","coordinates":[-81.84775,26.70018]},"properties":{"probability":0.884,"inBuffer":false,"facType":"unknown"}},{"type":"Feature","geometry":{"type":"Point","coordinates":[-81.84326,26.70018]},"properties":{"probability":0.154,"inBuffer":false,"facType":"unknown"}},{"type":"Feature","geometry":{"type":"Point","coordinates":[-81.83877,26.70018]},"properties":{"probability":0.129,"inBuffer":false,"facType":"unknown"}},{"type":"Feature","geometry":{"type":"Point","coordinates":[-81.83428,26.70018]},"properties":{"probability":0.131,"inBuffer":false,"facType":"unknown"}},{"type":"Feature","geometry":{"type":"Point","coordinates":[-81.78936,26.70018]},"properties":{"probability":0.379,"inBuffer":false,"facType":"unknown"}},{"type":"Feature","geometry":{"type":"Point","coordinates":[-81.78487,26.70018]},"properties":{"probability":0.911,"inBuffer":false,"facType":"unknown"}},{"type":"Feature","geometry":{"type":"Point","coordinates":[-81.78038,26.70018]},"properties":{"probability":0.407,"inBuffer":false,"facType":"unknown"}},{"type":"Feature","geometry":{"type":"Point","coordinates":[-81.77589,26.70018]},"properties":{"probability":0.241,"inBuffer":false,"facType":"unknown"}},{"type":"Feature","geometry":{"type":"Point","coordinates":[-81.76241,26.70018]},"properties":{"probability":0.212,"inBuffer":false,"facType":"unknown"}},{"type":"Feature","geometry":{"type":"Point","coordinates":[-81.75792,26.70018]},"properties":{"probability":0.873,"inBuffer":false,"facType":"unknown"}},{"type":"Feature","geometry":{"type":"Point","coordinates":[-81.75343,26.70018]},"properties":{"probability":0.841,"inBuffer":false,"facType":"unknown"}},{"type":"Feature","geometry":{"type":"Point","coordinates":[-81.74894,26.70018]},"properties":{"probability":0.843,"inBuffer":false,"facType":"unknown"}},{"type":"Feature","geometry":{"type":"Point","coordinates":[-81.74445,26.70018]},"properties":{"probability":0.163,"inBuffer":false,"facType":"unknown"}},{"type":"Feature","geometry":{"type":"Point","coordinates":[-81.73995,26.70018]},"properties":{"probability":0.13,"inBuffer":false,"facType":"unknown"}},{"type":"Feature","geometry":{"type":"Point","coordinates":[-81.73546,26.70018]},"properties":{"probability":0.134,"inBuffer":false,"facType":"unknown"}},{"type":"Feature","geometry":{"type":"Point","coordinates":[-81.73097,26.70018]},"properties":{"probability":0.137,"inBuffer":false,"facType":"unknown"}},{"type":"Feature","geometry":{"type":"Point","coordinates":[-81.72648,26.70018]},"properties":{"probability":0.146,"inBuffer":false,"facType":"unknown"}},{"type":"Feature","geometry":{"type":"Point","coordinates":[-81.72199,26.70018]},"properties":{"probability":0.138,"inBuffer":false,"facType":"unknown"}},{"type":"Feature","geometry":{"type":"Point","coordinates":[-82.01843,26.69568]},"properties":{"probability":0.189,"inBuffer":false,"facType":"unknown"}},{"type":"Feature","geometry":{"type":"Point","coordinates":[-82.01394,26.69568]},"properties":{"probability":0.191,"inBuffer":false,"facType":"unknown"}},{"type":"Feature","geometry":{"type":"Point","coordinates":[-82.00945,26.69568]},"properties":{"probability":0.206,"inBuffer":false,"facType":"unknown"}},{"type":"Feature","geometry":{"type":"Point","coordinates":[-82.00496,26.69568]},"properties":{"probability":0.237,"inBuffer":false,"facType":"unknown"}},{"type":"Feature","geometry":{"type":"Point","coordinates":[-82.00046,26.69568]},"properties":{"probability":0.343,"inBuffer":false,"facType":"unknown"}},{"type":"Feature","geometry":{"type":"Point","coordinates":[-81.99597,26.69568]},"properties":{"probability":0.328,"inBuffer":false,"facType":"unknown"}},{"type":"Feature","geometry":{"type":"Point","coordinates":[-81.99148,26.69568]},"properties":{"probability":0.317,"inBuffer":false,"facType":"unknown"}},{"type":"Feature","geometry":{"type":"Point","coordinates":[-81.98699,26.69568]},"properties":{"probability":0.31,"inBuffer":false,"facType":"unknown"}},{"type":"Feature","geometry":{"type":"Point","coordinates":[-81.9825,26.69568]},"properties":{"probability":0.201,"inBuffer":false,"facType":"unknown"}},{"type":"Feature","geometry":{"type":"Point","coordinates":[-81.97801,26.69568]},"properties":{"probability":0.211,"inBuffer":false,"facType":"unknown"}},{"type":"Feature","geometry":{"type":"Point","coordinates":[-81.97352,26.69568]},"properties":{"probability":0.206,"inBuffer":false,"facType":"unknown"}},{"type":"Feature","geometry":{"type":"Point","coordinates":[-81.96902,26.69568]},"properties":{"probability":0.141,"inBuffer":false,"facType":"unknown"}},{"type":"Feature","geometry":{"type":"Point","coordinates":[-81.96453,26.69568]},"properties":{"probability":0.139,"inBuffer":false,"facType":"unknown"}},{"type":"Feature","geometry":{"type":"Point","coordinates":[-81.96004,26.69568]},"properties":{"probability":0.14,"inBuffer":false,"facType":"unknown"}},{"type":"Feature","geometry":{"type":"Point","coordinates":[-81.95555,26.69568]},"properties":{"probability":0.148,"inBuffer":false,"facType":"unknown"}},{"type":"Feature","geometry":{"type":"Point","coordinates":[-81.95106,26.69568]},"properties":{"probability":0.144,"inBuffer":false,"facType":"unknown"}},{"type":"Feature","geometry":{"type":"Point","coordinates":[-81.94657,26.69568]},"properties":{"probability":0.161,"inBuffer":false,"facType":"unknown"}},{"type":"Feature","geometry":{"type":"Point","coordinates":[-81.94207,26.69568]},"properties":{"probability":0.188,"inBuffer":false,"facType":"unknown"}},{"type":"Feature","geometry":{"type":"Point","coordinates":[-81.9286,26.69568]},"properties":{"probability":0.223,"inBuffer":false,"facType":"unknown"}},{"type":"Feature","geometry":{"type":"Point","coordinates":[-81.92411,26.69568]},"properties":{"probability":0.326,"inBuffer":false,"facType":"unknown"}},{"type":"Feature","geometry":{"type":"Point","coordinates":[-81.91962,26.69568]},"properties":{"probability":0.315,"inBuffer":false,"facType":"unknown"}},{"type":"Feature","geometry":{"type":"Point","coordinates":[-81.91512,26.69568]},"properties":{"probability":0.319,"inBuffer":false,"facType":"unknown"}},{"type":"Feature","geometry":{"type":"Point","coordinates":[-81.91063,26.69568]},"properties":{"probability":0.22,"inBuffer":false,"facType":"unknown"}},{"type":"Feature","geometry":{"type":"Point","coordinates":[-81.90614,26.69568]},"properties":{"probability":0.06,"inBuffer":false,"facType":"unknown"}},{"type":"Feature","geometry":{"type":"Point","coordinates":[-81.90165,26.69568]},"properties":{"probability":0.055,"inBuffer":false,"facType":"unknown"}},{"type":"Feature","geometry":{"type":"Point","coordinates":[-81.89716,26.69568]},"properties":{"probability":0.052,"inBuffer":false,"facType":"unknown"}},{"type":"Feature","geometry":{"type":"Point","coordinates":[-81.88818,26.69568]},"properties":{"probability":0.051,"inBuffer":false,"facType":"unknown"}},{"type":"Feature","geometry":{"type":"Point","coordinates":[-81.87919,26.69568]},"properties":{"probability":0.154,"inBuffer":false,"facType":"unknown"}},{"type":"Feature","geometry":{"type":"Point","coordinates":[-81.8747,26.69568]},"properties":{"probability":0.186,"inBuffer":false,"facType":"unknown"}},{"type":"Feature","geometry":{"type":"Point","coordinates":[-81.87021,26.69568]},"properties":{"probability":0.189,"inBuffer":false,"facType":"unknown"}},{"type":"Feature","geometry":{"type":"Point","coordinates":[-81.86572,26.69568]},"properties":{"probability":0.188,"inBuffer":false,"facType":"unknown"}},{"type":"Feature","geometry":{"type":"Point","coordinates":[-81.86123,26.69568]},"properties":{"probability":0.197,"inBuffer":false,"facType":"unknown"}},{"type":"Feature","geometry":{"type":"Point","coordinates":[-81.85673,26.69568]},"properties":{"probability":0.879,"inBuffer":false,"facType":"unknown"}},{"type":"Feature","geometry":{"type":"Point","coordinates":[-81.85224,26.69568]},"properties":{"probability":0.883,"inBuffer":false,"facType":"unknown"}},{"type":"Feature","geometry":{"type":"Point","coordinates":[-81.84775,26.69568]},"properties":{"probability":0.833,"inBuffer":false,"facType":"unknown"}},{"type":"Feature","geometry":{"type":"Point","coordinates":[-81.84326,26.69568]},"properties":{"probability":0.153,"inBuffer":false,"facType":"unknown"}},{"type":"Feature","geometry":{"type":"Point","coordinates":[-81.79834,26.69568]},"properties":{"probability":0.208,"inBuffer":false,"facType":"unknown"}},{"type":"Feature","geometry":{"type":"Point","coordinates":[-81.79385,26.69568]},"properties":{"probability":0.317,"inBuffer":false,"facType":"unknown"}},{"type":"Feature","geometry":{"type":"Point","coordinates":[-81.78936,26.69568]},"properties":{"probability":0.905,"inBuffer":false,"facType":"unknown"}},{"type":"Feature","geometry":{"type":"Point","coordinates":[-81.78487,26.69568]},"properties":{"probability":0.937,"inBuffer":false,"facType":"unknown"}},{"type":"Feature","geometry":{"type":"Point","coordinates":[-81.78038,26.69568]},"properties":{"probability":0.503,"inBuffer":false,"facType":"unknown"}},{"type":"Feature","geometry":{"type":"Point","coordinates":[-81.77589,26.69568]},"properties":{"probability":0.351,"inBuffer":false,"facType":"unknown"}},{"type":"Feature","geometry":{"type":"Point","coordinates":[-81.76241,26.69568]},"properties":{"probability":0.144,"inBuffer":false,"facType":"unknown"}},{"type":"Feature","geometry":{"type":"Point","coordinates":[-81.75792,26.69568]},"properties":{"probability":0.155,"inBuffer":false,"facType":"unknown"}},{"type":"Feature","geometry":{"type":"Point","coordinates":[-81.75343,26.69568]},"properties":{"probability":0.16,"inBuffer":false,"facType":"unknown"}},{"type":"Feature","geometry":{"type":"Point","coordinates":[-81.74894,26.69568]},"properties":{"probability":0.159,"inBuffer":false,"facType":"unknown"}},{"type":"Feature","geometry":{"type":"Point","coordinates":[-81.74445,26.69568]},"properties":{"probability":0.15,"inBuffer":false,"facType":"unknown"}},{"type":"Feature","geometry":{"type":"Point","coordinates":[-81.73995,26.69568]},"properties":{"probability":0.13,"inBuffer":false,"facType":"unknown"}},{"type":"Feature","geometry":{"type":"Point","coordinates":[-81.73546,26.69568]},"properties":{"probability":0.13,"inBuffer":false,"facType":"unknown"}},{"type":"Feature","geometry":{"type":"Point","coordinates":[-81.73097,26.69568]},"properties":{"probability":0.13,"inBuffer":false,"facType":"unknown"}},{"type":"Feature","geometry":{"type":"Point","coordinates":[-81.72648,26.69568]},"properties":{"probability":0.132,"inBuffer":false,"facType":"unknown"}},{"type":"Feature","geometry":{"type":"Point","coordinates":[-81.72199,26.69568]},"properties":{"probability":0.134,"inBuffer":false,"facType":"unknown"}},{"type":"Feature","geometry":{"type":"Point","coordinates":[-82.01843,26.69119]},"properties":{"probability":0.189,"inBuffer":false,"facType":"unknown"}},{"type":"Feature","geometry":{"type":"Point","coordinates":[-82.01394,26.69119]},"properties":{"probability":0.192,"inBuffer":false,"facType":"unknown"}},{"type":"Feature","geometry":{"type":"Point","coordinates":[-82.00945,26.69119]},"properties":{"probability":0.204,"inBuffer":false,"facType":"unknown"}},{"type":"Feature","geometry":{"type":"Point","coordinates":[-82.00496,26.69119]},"properties":{"probability":0.195,"inBuffer":false,"facType":"unknown"}},{"type":"Feature","geometry":{"type":"Point","coordinates":[-82.00046,26.69119]},"properties":{"probability":0.196,"inBuffer":false,"facType":"unknown"}},{"type":"Feature","geometry":{"type":"Point","coordinates":[-81.99597,26.69119]},"properties":{"probability":0.194,"inBuffer":false,"facType":"unknown"}},{"type":"Feature","geometry":{"type":"Point","coordinates":[-81.99148,26.69119]},"properties":{"probability":0.194,"inBuffer":false,"facType":"unknown"}},{"type":"Feature","geometry":{"type":"Point","coordinates":[-81.98699,26.69119]},"properties":{"probability":0.193,"inBuffer":false,"facType":"unknown"}},{"type":"Feature","geometry":{"type":"Point","coordinates":[-81.9825,26.69119]},"properties":{"probability":0.2,"inBuffer":false,"facType":"unknown"}},{"type":"Feature","geometry":{"type":"Point","coordinates":[-81.97801,26.69119]},"properties":{"probability":0.198,"inBuffer":false,"facType":"unknown"}},{"type":"Feature","geometry":{"type":"Point","coordinates":[-81.97352,26.69119]},"properties":{"probability":0.138,"inBuffer":false,"facType":"unknown"}},{"type":"Feature","geometry":{"type":"Point","coordinates":[-81.96902,26.69119]},"properties":{"probability":0.135,"inBuffer":false,"facType":"unknown"}},{"type":"Feature","geometry":{"type":"Point","coordinates":[-81.96453,26.69119]},"properties":{"probability":0.133,"inBuffer":false,"facType":"unknown"}},{"type":"Feature","geometry":{"type":"Point","coordinates":[-81.96004,26.69119]},"properties":{"probability":0.139,"inBuffer":false,"facType":"unknown"}},{"type":"Feature","geometry":{"type":"Point","coordinates":[-81.95555,26.69119]},"properties":{"probability":0.156,"inBuffer":false,"facType":"unknown"}},{"type":"Feature","geometry":{"type":"Point","coordinates":[-81.95106,26.69119]},"properties":{"probability":0.157,"inBuffer":false,"facType":"unknown"}},{"type":"Feature","geometry":{"type":"Point","coordinates":[-81.94657,26.69119]},"properties":{"probability":0.163,"inBuffer":false,"facType":"unknown"}},{"type":"Feature","geometry":{"type":"Point","coordinates":[-81.94207,26.69119]},"properties":{"probability":0.182,"inBuffer":false,"facType":"unknown"}},{"type":"Feature","geometry":{"type":"Point","coordinates":[-81.92411,26.69119]},"properties":{"probability":0.108,"inBuffer":false,"facType":"unknown"}},{"type":"Feature","geometry":{"type":"Point","coordinates":[-81.91962,26.69119]},"properties":{"probability":0.836,"inBuffer":false,"facType":"unknown"}},{"type":"Feature","geometry":{"type":"Point","coordinates":[-81.91512,26.69119]},"properties":{"probability":0.315,"inBuffer":false,"facType":"unknown"}},{"type":"Feature","geometry":{"type":"Point","coordinates":[-81.91063,26.69119]},"properties":{"probability":0.051,"inBuffer":false,"facType":"unknown"}},{"type":"Feature","geometry":{"type":"Point","coordinates":[-81.88818,26.69119]},"properties":{"probability":0.054,"inBuffer":false,"facType":"unknown"}},{"type":"Feature","geometry":{"type":"Point","coordinates":[-81.88368,26.69119]},"properties":{"probability":0.055,"inBuffer":false,"facType":"unknown"}},{"type":"Feature","geometry":{"type":"Point","coordinates":[-81.8747,26.69119]},"properties":{"probability":0.184,"inBuffer":false,"facType":"unknown"}},{"type":"Feature","geometry":{"type":"Point","coordinates":[-81.87021,26.69119]},"properties":{"probability":0.203,"inBuffer":false,"facType":"unknown"}},{"type":"Feature","geometry":{"type":"Point","coordinates":[-81.86572,26.69119]},"properties":{"probability":0.249,"inBuffer":false,"facType":"unknown"}},{"type":"Feature","geometry":{"type":"Point","coordinates":[-81.86123,26.69119]},"properties":{"probability":0.193,"inBuffer":false,"facType":"unknown"}},{"type":"Feature","geometry":{"type":"Point","coordinates":[-81.85673,26.69119]},"properties":{"probability":0.156,"inBuffer":false,"facType":"unknown"}},{"type":"Feature","geometry":{"type":"Point","coordinates":[-81.85224,26.69119]},"properties":{"probability":0.151,"inBuffer":false,"facType":"unknown"}},{"type":"Feature","geometry":{"type":"Point","coordinates":[-81.84775,26.69119]},"properties":{"probability":0.146,"inBuffer":false,"facType":"unknown"}},{"type":"Feature","geometry":{"type":"Point","coordinates":[-81.80733,26.69119]},"properties":{"probability":0.139,"inBuffer":false,"facType":"unknown"}},{"type":"Feature","geometry":{"type":"Point","coordinates":[-81.79385,26.69119]},"properties":{"probability":0.056,"inBuffer":false,"facType":"unknown"}},{"type":"Feature","geometry":{"type":"Point","coordinates":[-81.78936,26.69119]},"properties":{"probability":0.052,"inBuffer":false,"facType":"unknown"}},{"type":"Feature","geometry":{"type":"Point","coordinates":[-81.78487,26.69119]},"properties":{"probability":0.237,"inBuffer":false,"facType":"unknown"}},{"type":"Feature","geometry":{"type":"Point","coordinates":[-81.78038,26.69119]},"properties":{"probability":0.224,"inBuffer":false,"facType":"unknown"}},{"type":"Feature","geometry":{"type":"Point","coordinates":[-81.77589,26.69119]},"properties":{"probability":0.094,"inBuffer":false,"facType":"unknown"}},{"type":"Feature","geometry":{"type":"Point","coordinates":[-81.74445,26.69119]},"properties":{"probability":0.13,"inBuffer":false,"facType":"unknown"}},{"type":"Feature","geometry":{"type":"Point","coordinates":[-81.73995,26.69119]},"properties":{"probability":0.131,"inBuffer":false,"facType":"unknown"}},{"type":"Feature","geometry":{"type":"Point","coordinates":[-81.73546,26.69119]},"properties":{"probability":0.131,"inBuffer":false,"facType":"unknown"}},{"type":"Feature","geometry":{"type":"Point","coordinates":[-81.72199,26.69119]},"properties":{"probability":0.13,"inBuffer":false,"facType":"unknown"}},{"type":"Feature","geometry":{"type":"Point","coordinates":[-82.01843,26.6867]},"properties":{"probability":0.19,"inBuffer":false,"facType":"unknown"}},{"type":"Feature","geometry":{"type":"Point","coordinates":[-82.01394,26.6867]},"properties":{"probability":0.198,"inBuffer":false,"facType":"unknown"}},{"type":"Feature","geometry":{"type":"Point","coordinates":[-82.00945,26.6867]},"properties":{"probability":0.198,"inBuffer":false,"facType":"unknown"}},{"type":"Feature","geometry":{"type":"Point","coordinates":[-82.00496,26.6867]},"properties":{"probability":0.196,"inBuffer":false,"facType":"unknown"}},{"type":"Feature","geometry":{"type":"Point","coordinates":[-82.00046,26.6867]},"properties":{"probability":0.192,"inBuffer":false,"facType":"unknown"}},{"type":"Feature","geometry":{"type":"Point","coordinates":[-81.99597,26.6867]},"properties":{"probability":0.192,"inBuffer":false,"facType":"unknown"}},{"type":"Feature","geometry":{"type":"Point","coordinates":[-81.99148,26.6867]},"properties":{"probability":0.198,"inBuffer":false,"facType":"unknown"}},{"type":"Feature","geometry":{"type":"Point","coordinates":[-81.98699,26.6867]},"properties":{"probability":0.205,"inBuffer":false,"facType":"unknown"}},{"type":"Feature","geometry":{"type":"Point","coordinates":[-81.9825,26.6867]},"properties":{"probability":0.199,"inBuffer":false,"facType":"unknown"}},{"type":"Feature","geometry":{"type":"Point","coordinates":[-81.97801,26.6867]},"properties":{"probability":0.196,"inBuffer":false,"facType":"unknown"}},{"type":"Feature","geometry":{"type":"Point","coordinates":[-81.97352,26.6867]},"properties":{"probability":0.135,"inBuffer":false,"facType":"unknown"}},{"type":"Feature","geometry":{"type":"Point","coordinates":[-81.96902,26.6867]},"properties":{"probability":0.132,"inBuffer":false,"facType":"unknown"}},{"type":"Feature","geometry":{"type":"Point","coordinates":[-81.96453,26.6867]},"properties":{"probability":0.137,"inBuffer":false,"facType":"unknown"}},{"type":"Feature","geometry":{"type":"Point","coordinates":[-81.96004,26.6867]},"properties":{"probability":0.158,"inBuffer":false,"facType":"unknown"}},{"type":"Feature","geometry":{"type":"Point","coordinates":[-81.95555,26.6867]},"properties":{"probability":0.843,"inBuffer":false,"facType":"unknown"}},{"type":"Feature","geometry":{"type":"Point","coordinates":[-81.95106,26.6867]},"properties":{"probability":0.841,"inBuffer":false,"facType":"unknown"}},{"type":"Feature","geometry":{"type":"Point","coordinates":[-81.94657,26.6867]},"properties":{"probability":0.842,"inBuffer":false,"facType":"unknown"}},{"type":"Feature","geometry":{"type":"Point","coordinates":[-81.94207,26.6867]},"properties":{"probability":0.208,"inBuffer":false,"facType":"unknown"}},{"type":"Feature","geometry":{"type":"Point","coordinates":[-81.93758,26.6867]},"properties":{"probability":0.183,"inBuffer":false,"facType":"unknown"}},{"type":"Feature","geometry":{"type":"Point","coordinates":[-81.93309,26.6867]},"properties":{"probability":0.194,"inBuffer":false,"facType":"unknown"}},{"type":"Feature","geometry":{"type":"Point","coordinates":[-81.9286,26.6867]},"properties":{"probability":0.387,"inBuffer":false,"facType":"unknown"}},{"type":"Feature","geometry":{"type":"Point","coordinates":[-81.92411,26.6867]},"properties":{"probability":0.896,"inBuffer":false,"facType":"unknown"}},{"type":"Feature","geometry":{"type":"Point","coordinates":[-81.91962,26.6867]},"properties":{"probability":0.861,"inBuffer":false,"facType":"unknown"}},{"type":"Feature","geometry":{"type":"Point","coordinates":[-81.91512,26.6867]},"properties":{"probability":0.859,"inBuffer":false,"facType":"unknown"}},{"type":"Feature","geometry":{"type":"Point","coordinates":[-81.91063,26.6867]},"properties":{"probability":0.385,"inBuffer":false,"facType":"unknown"}},{"type":"Feature","geometry":{"type":"Point","coordinates":[-81.90614,26.6867]},"properties":{"probability":0.312,"inBuffer":false,"facType":"unknown"}},{"type":"Feature","geometry":{"type":"Point","coordinates":[-81.90165,26.6867]},"properties":{"probability":0.284,"inBuffer":false,"facType":"unknown"}},{"type":"Feature","geometry":{"type":"Point","coordinates":[-81.89716,26.6867]},"properties":{"probability":0.188,"inBuffer":false,"facType":"unknown"}},{"type":"Feature","geometry":{"type":"Point","coordinates":[-81.89267,26.6867]},"properties":{"probability":0.05,"inBuffer":false,"facType":"unknown"}},{"type":"Feature","geometry":{"type":"Point","coordinates":[-81.88818,26.6867]},"properties":{"probability":0.064,"inBuffer":false,"facType":"unknown"}},{"type":"Feature","geometry":{"type":"Point","coordinates":[-81.88368,26.6867]},"properties":{"probability":0.07,"inBuffer":false,"facType":"unknown"}},{"type":"Feature","geometry":{"type":"Point","coordinates":[-81.87919,26.6867]},"properties":{"probability":0.065,"inBuffer":false,"facType":"unknown"}},{"type":"Feature","geometry":{"type":"Point","coordinates":[-81.8747,26.6867]},"properties":{"probability":0.203,"inBuffer":false,"facType":"unknown"}},{"type":"Feature","geometry":{"type":"Point","coordinates":[-81.87021,26.6867]},"properties":{"probability":0.193,"inBuffer":false,"facType":"unknown"}},{"type":"Feature","geometry":{"type":"Point","coordinates":[-81.86572,26.6867]},"properties":{"probability":0.248,"inBuffer":false,"facType":"unknown"}},{"type":"Feature","geometry":{"type":"Point","coordinates":[-81.86123,26.6867]},"properties":{"probability":0.201,"inBuffer":false,"facType":"unknown"}},{"type":"Feature","geometry":{"type":"Point","coordinates":[-81.85673,26.6867]},"properties":{"probability":0.142,"inBuffer":false,"facType":"unknown"}},{"type":"Feature","geometry":{"type":"Point","coordinates":[-81.85224,26.6867]},"properties":{"probability":0.134,"inBuffer":false,"facType":"unknown"}},{"type":"Feature","geometry":{"type":"Point","coordinates":[-81.84775,26.6867]},"properties":{"probability":0.132,"inBuffer":false,"facType":"unknown"}},{"type":"Feature","geometry":{"type":"Point","coordinates":[-81.81631,26.6867]},"properties":{"probability":0.135,"inBuffer":false,"facType":"unknown"}},{"type":"Feature","geometry":{"type":"Point","coordinates":[-81.81182,26.6867]},"properties":{"probability":0.146,"inBuffer":false,"facType":"unknown"}},{"type":"Feature","geometry":{"type":"Point","coordinates":[-81.80733,26.6867]},"properties":{"probability":0.169,"inBuffer":false,"facType":"unknown"}},{"type":"Feature","geometry":{"type":"Point","coordinates":[-81.80284,26.6867]},"properties":{"probability":0.24,"inBuffer":false,"facType":"unknown"}},{"type":"Feature","geometry":{"type":"Point","coordinates":[-81.79834,26.6867]},"properties":{"probability":0.242,"inBuffer":false,"facType":"unknown"}},{"type":"Feature","geometry":{"type":"Point","coordinates":[-81.79385,26.6867]},"properties":{"probability":0.059,"inBuffer":false,"facType":"unknown"}},{"type":"Feature","geometry":{"type":"Point","coordinates":[-82.01843,26.68221]},"properties":{"probability":0.189,"inBuffer":false,"facType":"unknown"}},{"type":"Feature","geometry":{"type":"Point","coordinates":[-82.01394,26.68221]},"properties":{"probability":0.199,"inBuffer":false,"facType":"unknown"}},{"type":"Feature","geometry":{"type":"Point","coordinates":[-82.00945,26.68221]},"properties":{"probability":0.196,"inBuffer":false,"facType":"unknown"}},{"type":"Feature","geometry":{"type":"Point","coordinates":[-82.00496,26.68221]},"properties":{"probability":0.196,"inBuffer":false,"facType":"unknown"}},{"type":"Feature","geometry":{"type":"Point","coordinates":[-82.00046,26.68221]},"properties":{"probability":0.192,"inBuffer":false,"facType":"unknown"}},{"type":"Feature","geometry":{"type":"Point","coordinates":[-81.99597,26.68221]},"properties":{"probability":0.199,"inBuffer":false,"facType":"unknown"}},{"type":"Feature","geometry":{"type":"Point","coordinates":[-81.99148,26.68221]},"properties":{"probability":0.2,"inBuffer":false,"facType":"unknown"}},{"type":"Feature","geometry":{"type":"Point","coordinates":[-81.98699,26.68221]},"properties":{"probability":0.2,"inBuffer":false,"facType":"unknown"}},{"type":"Feature","geometry":{"type":"Point","coordinates":[-81.9825,26.68221]},"properties":{"probability":0.193,"inBuffer":false,"facType":"unknown"}},{"type":"Feature","geometry":{"type":"Point","coordinates":[-81.97801,26.68221]},"properties":{"probability":0.137,"inBuffer":false,"facType":"unknown"}},{"type":"Feature","geometry":{"type":"Point","coordinates":[-81.97352,26.68221]},"properties":{"probability":0.137,"inBuffer":false,"facType":"unknown"}},{"type":"Feature","geometry":{"type":"Point","coordinates":[-81.96902,26.68221]},"properties":{"probability":0.133,"inBuffer":false,"facType":"unknown"}},{"type":"Feature","geometry":{"type":"Point","coordinates":[-81.96453,26.68221]},"properties":{"probability":0.133,"inBuffer":false,"facType":"unknown"}},{"type":"Feature","geometry":{"type":"Point","coordinates":[-81.96004,26.68221]},"properties":{"probability":0.163,"inBuffer":false,"facType":"unknown"}},{"type":"Feature","geometry":{"type":"Point","coordinates":[-81.95555,26.68221]},"properties":{"probability":0.842,"inBuffer":false,"facType":"unknown"}},{"type":"Feature","geometry":{"type":"Point","coordinates":[-81.95106,26.68221]},"properties":{"probability":0.833,"inBuffer":false,"facType":"unknown"}},{"type":"Feature","geometry":{"type":"Point","coordinates":[-81.94657,26.68221]},"properties":{"probability":0.841,"inBuffer":false,"facType":"unknown"}},{"type":"Feature","geometry":{"type":"Point","coordinates":[-81.94207,26.68221]},"properties":{"probability":0.204,"inBuffer":false,"facType":"unknown"}},{"type":"Feature","geometry":{"type":"Point","coordinates":[-81.93758,26.68221]},"properties":{"probability":0.184,"inBuffer":false,"facType":"unknown"}},{"type":"Feature","geometry":{"type":"Point","coordinates":[-81.93309,26.68221]},"properties":{"probability":0.218,"inBuffer":false,"facType":"unknown"}},{"type":"Feature","geometry":{"type":"Point","coordinates":[-81.9286,26.68221]},"properties":{"probability":0.418,"inBuffer":false,"facType":"unknown"}},{"type":"Feature","geometry":{"type":"Point","coordinates":[-81.92411,26.68221]},"properties":{"probability":0.914,"inBuffer":false,"facType":"unknown"}},{"type":"Feature","geometry":{"type":"Point","coordinates":[-81.91962,26.68221]},"properties":{"probability":0.896,"inBuffer":false,"facType":"unknown"}},{"type":"Feature","geometry":{"type":"Point","coordinates":[-81.91512,26.68221]},"properties":{"probability":0.893,"inBuffer":false,"facType":"unknown"}},{"type":"Feature","geometry":{"type":"Point","coordinates":[-81.91063,26.68221]},"properties":{"probability":0.398,"inBuffer":false,"facType":"unknown"}},{"type":"Feature","geometry":{"type":"Point","coordinates":[-81.90614,26.68221]},"properties":{"probability":0.237,"inBuffer":false,"facType":"unknown"}},{"type":"Feature","geometry":{"type":"Point","coordinates":[-81.90165,26.68221]},"properties":{"probability":0.258,"inBuffer":false,"facType":"unknown"}},{"type":"Feature","geometry":{"type":"Point","coordinates":[-81.89716,26.68221]},"properties":{"probability":0.075,"inBuffer":false,"facType":"unknown"}},{"type":"Feature","geometry":{"type":"Point","coordinates":[-81.89267,26.68221]},"properties":{"probability":0.054,"inBuffer":false,"facType":"unknown"}},{"type":"Feature","geometry":{"type":"Point","coordinates":[-81.88818,26.68221]},"properties":{"probability":0.061,"inBuffer":false,"facType":"unknown"}},{"type":"Feature","geometry":{"type":"Point","coordinates":[-81.88368,26.68221]},"properties":{"probability":0.076,"inBuffer":false,"facType":"unknown"}},{"type":"Feature","geometry":{"type":"Point","coordinates":[-81.87919,26.68221]},"properties":{"probability":0.264,"inBuffer":false,"facType":"unknown"}},{"type":"Feature","geometry":{"type":"Point","coordinates":[-81.8747,26.68221]},"properties":{"probability":0.204,"inBuffer":false,"facType":"unknown"}},{"type":"Feature","geometry":{"type":"Point","coordinates":[-81.87021,26.68221]},"properties":{"probability":0.198,"inBuffer":false,"facType":"unknown"}},{"type":"Feature","geometry":{"type":"Point","coordinates":[-81.86572,26.68221]},"properties":{"probability":0.187,"inBuffer":false,"facType":"unknown"}},{"type":"Feature","geometry":{"type":"Point","coordinates":[-81.86123,26.68221]},"properties":{"probability":0.143,"inBuffer":false,"facType":"unknown"}},{"type":"Feature","geometry":{"type":"Point","coordinates":[-81.85673,26.68221]},"properties":{"probability":0.132,"inBuffer":false,"facType":"unknown"}},{"type":"Feature","geometry":{"type":"Point","coordinates":[-81.85224,26.68221]},"properties":{"probability":0.132,"inBuffer":false,"facType":"unknown"}},{"type":"Feature","geometry":{"type":"Point","coordinates":[-81.84775,26.68221]},"properties":{"probability":0.144,"inBuffer":false,"facType":"unknown"}},{"type":"Feature","geometry":{"type":"Point","coordinates":[-81.82529,26.68221]},"properties":{"probability":0.132,"inBuffer":false,"facType":"unknown"}},{"type":"Feature","geometry":{"type":"Point","coordinates":[-81.8208,26.68221]},"properties":{"probability":0.133,"inBuffer":false,"facType":"unknown"}},{"type":"Feature","geometry":{"type":"Point","coordinates":[-81.81631,26.68221]},"properties":{"probability":0.141,"inBuffer":false,"facType":"unknown"}},{"type":"Feature","geometry":{"type":"Point","coordinates":[-81.81182,26.68221]},"properties":{"probability":0.24,"inBuffer":false,"facType":"unknown"}},{"type":"Feature","geometry":{"type":"Point","coordinates":[-81.80733,26.68221]},"properties":{"probability":0.265,"inBuffer":false,"facType":"unknown"}},{"type":"Feature","geometry":{"type":"Point","coordinates":[-81.80284,26.68221]},"properties":{"probability":0.272,"inBuffer":false,"facType":"unknown"}},{"type":"Feature","geometry":{"type":"Point","coordinates":[-81.79834,26.68221]},"properties":{"probability":0.254,"inBuffer":false,"facType":"unknown"}},{"type":"Feature","geometry":{"type":"Point","coordinates":[-81.79385,26.68221]},"properties":{"probability":0.193,"inBuffer":false,"facType":"unknown"}},{"type":"Feature","geometry":{"type":"Point","coordinates":[-82.01843,26.67772]},"properties":{"probability":0.191,"inBuffer":false,"facType":"unknown"}},{"type":"Feature","geometry":{"type":"Point","coordinates":[-82.01394,26.67772]},"properties":{"probability":0.192,"inBuffer":false,"facType":"unknown"}},{"type":"Feature","geometry":{"type":"Point","coordinates":[-82.00945,26.67772]},"properties":{"probability":0.192,"inBuffer":false,"facType":"unknown"}},{"type":"Feature","geometry":{"type":"Point","coordinates":[-82.00496,26.67772]},"properties":{"probability":0.193,"inBuffer":false,"facType":"unknown"}},{"type":"Feature","geometry":{"type":"Point","coordinates":[-82.00046,26.67772]},"properties":{"probability":0.19,"inBuffer":false,"facType":"unknown"}},{"type":"Feature","geometry":{"type":"Point","coordinates":[-81.99597,26.67772]},"properties":{"probability":0.191,"inBuffer":false,"facType":"unknown"}},{"type":"Feature","geometry":{"type":"Point","coordinates":[-81.99148,26.67772]},"properties":{"probability":0.2,"inBuffer":false,"facType":"unknown"}},{"type":"Feature","geometry":{"type":"Point","coordinates":[-81.98699,26.67772]},"properties":{"probability":0.132,"inBuffer":false,"facType":"unknown"}},{"type":"Feature","geometry":{"type":"Point","coordinates":[-81.9825,26.67772]},"properties":{"probability":0.131,"inBuffer":false,"facType":"unknown"}},{"type":"Feature","geometry":{"type":"Point","coordinates":[-81.97801,26.67772]},"properties":{"probability":0.138,"inBuffer":false,"facType":"unknown"}},{"type":"Feature","geometry":{"type":"Point","coordinates":[-81.97352,26.67772]},"properties":{"probability":0.141,"inBuffer":false,"facType":"unknown"}},{"type":"Feature","geometry":{"type":"Point","coordinates":[-81.96902,26.67772]},"properties":{"probability":0.134,"inBuffer":false,"facType":"unknown"}},{"type":"Feature","geometry":{"type":"Point","coordinates":[-81.96453,26.67772]},"properties":{"probability":0.132,"inBuffer":false,"facType":"unknown"}},{"type":"Feature","geometry":{"type":"Point","coordinates":[-81.96004,26.67772]},"properties":{"probability":0.153,"inBuffer":false,"facType":"unknown"}},{"type":"Feature","geometry":{"type":"Point","coordinates":[-81.95555,26.67772]},"properties":{"probability":0.831,"inBuffer":false,"facType":"unknown"}},{"type":"Feature","geometry":{"type":"Point","coordinates":[-81.95106,26.67772]},"properties":{"probability":0.833,"inBuffer":false,"facType":"unknown"}},{"type":"Feature","geometry":{"type":"Point","coordinates":[-81.94657,26.67772]},"properties":{"probability":0.154,"inBuffer":false,"facType":"unknown"}},{"type":"Feature","geometry":{"type":"Point","coordinates":[-81.94207,26.67772]},"properties":{"probability":0.201,"inBuffer":false,"facType":"unknown"}},{"type":"Feature","geometry":{"type":"Point","coordinates":[-81.93758,26.67772]},"properties":{"probability":0.174,"inBuffer":false,"facType":"unknown"}},{"type":"Feature","geometry":{"type":"Point","coordinates":[-81.93309,26.67772]},"properties":{"probability":0.335,"inBuffer":false,"facType":"unknown"}},{"type":"Feature","geometry":{"type":"Point","coordinates":[-81.9286,26.67772]},"properties":{"probability":0.415,"inBuffer":false,"facType":"unknown"}},{"type":"Feature","geometry":{"type":"Point","coordinates":[-81.92411,26.67772]},"properties":{"probability":0.422,"inBuffer":false,"facType":"unknown"}},{"type":"Feature","geometry":{"type":"Point","coordinates":[-81.91962,26.67772]},"properties":{"probability":0.391,"inBuffer":false,"facType":"unknown"}},{"type":"Feature","geometry":{"type":"Point","coordinates":[-81.91512,26.67772]},"properties":{"probability":0.194,"inBuffer":false,"facType":"unknown"}},{"type":"Feature","geometry":{"type":"Point","coordinates":[-81.91063,26.67772]},"properties":{"probability":0.869,"inBuffer":false,"facType":"unknown"}},{"type":"Feature","geometry":{"type":"Point","coordinates":[-81.90614,26.67772]},"properties":{"probability":0.196,"inBuffer":false,"facType":"unknown"}},{"type":"Feature","geometry":{"type":"Point","coordinates":[-81.90165,26.67772]},"properties":{"probability":0.248,"inBuffer":false,"facType":"unknown"}},{"type":"Feature","geometry":{"type":"Point","coordinates":[-81.89716,26.67772]},"properties":{"probability":0.065,"inBuffer":false,"facType":"unknown"}},{"type":"Feature","geometry":{"type":"Point","coordinates":[-81.89267,26.67772]},"properties":{"probability":0.056,"inBuffer":false,"facType":"unknown"}},{"type":"Feature","geometry":{"type":"Point","coordinates":[-81.88818,26.67772]},"properties":{"probability":0.05,"inBuffer":false,"facType":"unknown"}},{"type":"Feature","geometry":{"type":"Point","coordinates":[-81.88368,26.67772]},"properties":{"probability":0.067,"inBuffer":false,"facType":"unknown"}},{"type":"Feature","geometry":{"type":"Point","coordinates":[-81.87919,26.67772]},"properties":{"probability":0.266,"inBuffer":false,"facType":"unknown"}},{"type":"Feature","geometry":{"type":"Point","coordinates":[-81.8747,26.67772]},"properties":{"probability":0.211,"inBuffer":false,"facType":"unknown"}},{"type":"Feature","geometry":{"type":"Point","coordinates":[-81.87021,26.67772]},"properties":{"probability":0.158,"inBuffer":false,"facType":"unknown"}},{"type":"Feature","geometry":{"type":"Point","coordinates":[-81.86572,26.67772]},"properties":{"probability":0.163,"inBuffer":false,"facType":"unknown"}},{"type":"Feature","geometry":{"type":"Point","coordinates":[-81.86123,26.67772]},"properties":{"probability":0.142,"inBuffer":false,"facType":"unknown"}},{"type":"Feature","geometry":{"type":"Point","coordinates":[-81.85673,26.67772]},"properties":{"probability":0.135,"inBuffer":false,"facType":"unknown"}},{"type":"Feature","geometry":{"type":"Point","coordinates":[-81.82979,26.67772]},"properties":{"probability":0.136,"inBuffer":false,"facType":"unknown"}},{"type":"Feature","geometry":{"type":"Point","coordinates":[-81.82529,26.67772]},"properties":{"probability":0.134,"inBuffer":false,"facType":"unknown"}},{"type":"Feature","geometry":{"type":"Point","coordinates":[-81.8208,26.67772]},"properties":{"probability":0.186,"inBuffer":false,"facType":"unknown"}},{"type":"Feature","geometry":{"type":"Point","coordinates":[-81.81631,26.67772]},"properties":{"probability":0.191,"inBuffer":false,"facType":"unknown"}},{"type":"Feature","geometry":{"type":"Point","coordinates":[-81.81182,26.67772]},"properties":{"probability":0.212,"inBuffer":false,"facType":"unknown"}},{"type":"Feature","geometry":{"type":"Point","coordinates":[-81.80733,26.67772]},"properties":{"probability":0.252,"inBuffer":false,"facType":"unknown"}},{"type":"Feature","geometry":{"type":"Point","coordinates":[-81.80284,26.67772]},"properties":{"probability":0.912,"inBuffer":false,"facType":"unknown"}},{"type":"Feature","geometry":{"type":"Point","coordinates":[-81.79834,26.67772]},"properties":{"probability":0.226,"inBuffer":false,"facType":"unknown"}},{"type":"Feature","geometry":{"type":"Point","coordinates":[-81.79385,26.67772]},"properties":{"probability":0.192,"inBuffer":false,"facType":"unknown"}},{"type":"Feature","geometry":{"type":"Point","coordinates":[-81.78936,26.67772]},"properties":{"probability":0.13,"inBuffer":false,"facType":"unknown"}},{"type":"Feature","geometry":{"type":"Point","coordinates":[-81.77139,26.67772]},"properties":{"probability":0.192,"inBuffer":false,"facType":"unknown"}},{"type":"Feature","geometry":{"type":"Point","coordinates":[-81.7669,26.67772]},"properties":{"probability":0.192,"inBuffer":false,"facType":"unknown"}},{"type":"Feature","geometry":{"type":"Point","coordinates":[-81.73097,26.67772]},"properties":{"probability":0.129,"inBuffer":false,"facType":"unknown"}},{"type":"Feature","geometry":{"type":"Point","coordinates":[-81.72648,26.67772]},"properties":{"probability":0.13,"inBuffer":false,"facType":"unknown"}},{"type":"Feature","geometry":{"type":"Point","coordinates":[-81.72199,26.67772]},"properties":{"probability":0.131,"inBuffer":false,"facType":"unknown"}},{"type":"Feature","geometry":{"type":"Point","coordinates":[-82.01843,26.67323]},"properties":{"probability":0.131,"inBuffer":false,"facType":"unknown"}},{"type":"Feature","geometry":{"type":"Point","coordinates":[-82.01394,26.67323]},"properties":{"probability":0.13,"inBuffer":false,"facType":"unknown"}},{"type":"Feature","geometry":{"type":"Point","coordinates":[-82.00945,26.67323]},"properties":{"probability":0.131,"inBuffer":false,"facType":"unknown"}},{"type":"Feature","geometry":{"type":"Point","coordinates":[-82.00496,26.67323]},"properties":{"probability":0.132,"inBuffer":false,"facType":"unknown"}},{"type":"Feature","geometry":{"type":"Point","coordinates":[-82.00046,26.67323]},"properties":{"probability":0.129,"inBuffer":false,"facType":"unknown"}},{"type":"Feature","geometry":{"type":"Point","coordinates":[-81.99597,26.67323]},"properties":{"probability":0.128,"inBuffer":false,"facType":"unknown"}},{"type":"Feature","geometry":{"type":"Point","coordinates":[-81.99148,26.67323]},"properties":{"probability":0.138,"inBuffer":false,"facType":"unknown"}},{"type":"Feature","geometry":{"type":"Point","coordinates":[-81.98699,26.67323]},"properties":{"probability":0.131,"inBuffer":false,"facType":"unknown"}},{"type":"Feature","geometry":{"type":"Point","coordinates":[-81.9825,26.67323]},"properties":{"probability":0.129,"inBuffer":false,"facType":"unknown"}},{"type":"Feature","geometry":{"type":"Point","coordinates":[-81.97801,26.67323]},"properties":{"probability":0.14,"inBuffer":false,"facType":"unknown"}},{"type":"Feature","geometry":{"type":"Point","coordinates":[-81.97352,26.67323]},"properties":{"probability":0.137,"inBuffer":false,"facType":"unknown"}},{"type":"Feature","geometry":{"type":"Point","coordinates":[-81.96902,26.67323]},"properties":{"probability":0.129,"inBuffer":false,"facType":"unknown"}},{"type":"Feature","geometry":{"type":"Point","coordinates":[-81.96453,26.67323]},"properties":{"probability":0.131,"inBuffer":false,"facType":"unknown"}},{"type":"Feature","geometry":{"type":"Point","coordinates":[-81.96004,26.67323]},"properties":{"probability":0.133,"inBuffer":false,"facType":"unknown"}},{"type":"Feature","geometry":{"type":"Point","coordinates":[-81.95555,26.67323]},"properties":{"probability":0.147,"inBuffer":false,"facType":"unknown"}},{"type":"Feature","geometry":{"type":"Point","coordinates":[-81.95106,26.67323]},"properties":{"probability":0.147,"inBuffer":false,"facType":"unknown"}},{"type":"Feature","geometry":{"type":"Point","coordinates":[-81.94657,26.67323]},"properties":{"probability":0.148,"inBuffer":false,"facType":"unknown"}},{"type":"Feature","geometry":{"type":"Point","coordinates":[-81.94207,26.67323]},"properties":{"probability":0.247,"inBuffer":false,"facType":"unknown"}},{"type":"Feature","geometry":{"type":"Point","coordinates":[-81.93758,26.67323]},"properties":{"probability":0.259,"inBuffer":false,"facType":"unknown"}},{"type":"Feature","geometry":{"type":"Point","coordinates":[-81.93309,26.67323]},"properties":{"probability":0.339,"inBuffer":false,"facType":"unknown"}},{"type":"Feature","geometry":{"type":"Point","coordinates":[-81.9286,26.67323]},"properties":{"probability":0.348,"inBuffer":false,"facType":"unknown"}},{"type":"Feature","geometry":{"type":"Point","coordinates":[-81.92411,26.67323]},"properties":{"probability":0.337,"inBuffer":false,"facType":"unknown"}},{"type":"Feature","geometry":{"type":"Point","coordinates":[-81.91962,26.67323]},"properties":{"probability":0.199,"inBuffer":false,"facType":"unknown"}},{"type":"Feature","geometry":{"type":"Point","coordinates":[-81.91512,26.67323]},"properties":{"probability":0.864,"inBuffer":false,"facType":"unknown"}},{"type":"Feature","geometry":{"type":"Point","coordinates":[-81.91063,26.67323]},"properties":{"probability":0.843,"inBuffer":false,"facType":"unknown"}},{"type":"Feature","geometry":{"type":"Point","coordinates":[-81.90614,26.67323]},"properties":{"probability":0.835,"inBuffer":false,"facType":"unknown"}},{"type":"Feature","geometry":{"type":"Point","coordinates":[-81.90165,26.67323]},"properties":{"probability":0.158,"inBuffer":false,"facType":"unknown"}},{"type":"Feature","geometry":{"type":"Point","coordinates":[-81.89716,26.67323]},"properties":{"probability":0.058,"inBuffer":false,"facType":"unknown"}},{"type":"Feature","geometry":{"type":"Point","coordinates":[-81.89267,26.67323]},"properties":{"probability":0.329,"inBuffer":false,"facType":"unknown"}},{"type":"Feature","geometry":{"type":"Point","coordinates":[-81.88818,26.67323]},"properties":{"probability":0.35,"inBuffer":false,"facType":"unknown"}},{"type":"Feature","geometry":{"type":"Point","coordinates":[-81.88368,26.67323]},"properties":{"probability":0.912,"inBuffer":false,"facType":"unknown"}},{"type":"Feature","geometry":{"type":"Point","coordinates":[-81.87919,26.67323]},"properties":{"probability":0.275,"inBuffer":false,"facType":"unknown"}},{"type":"Feature","geometry":{"type":"Point","coordinates":[-81.8747,26.67323]},"properties":{"probability":0.21,"inBuffer":false,"facType":"unknown"}},{"type":"Feature","geometry":{"type":"Point","coordinates":[-81.87021,26.67323]},"properties":{"probability":0.142,"inBuffer":false,"facType":"unknown"}},{"type":"Feature","geometry":{"type":"Point","coordinates":[-81.86572,26.67323]},"properties":{"probability":0.146,"inBuffer":false,"facType":"unknown"}},{"type":"Feature","geometry":{"type":"Point","coordinates":[-81.83877,26.67323]},"properties":{"probability":0.139,"inBuffer":false,"facType":"unknown"}},{"type":"Feature","geometry":{"type":"Point","coordinates":[-81.83428,26.67323]},"properties":{"probability":0.195,"inBuffer":false,"facType":"unknown"}},{"type":"Feature","geometry":{"type":"Point","coordinates":[-81.82979,26.67323]},"properties":{"probability":0.181,"inBuffer":false,"facType":"unknown"}},{"type":"Feature","geometry":{"type":"Point","coordinates":[-81.82529,26.67323]},"properties":{"probability":0.189,"inBuffer":false,"facType":"unknown"}},{"type":"Feature","geometry":{"type":"Point","coordinates":[-81.8208,26.67323]},"properties":{"probability":0.198,"inBuffer":false,"facType":"unknown"}},{"type":"Feature","geometry":{"type":"Point","coordinates":[-81.81631,26.67323]},"properties":{"probability":0.19,"inBuffer":false,"facType":"unknown"}},{"type":"Feature","geometry":{"type":"Point","coordinates":[-81.81182,26.67323]},"properties":{"probability":0.2,"inBuffer":false,"facType":"unknown"}},{"type":"Feature","geometry":{"type":"Point","coordinates":[-81.80733,26.67323]},"properties":{"probability":0.893,"inBuffer":false,"facType":"unknown"}},{"type":"Feature","geometry":{"type":"Point","coordinates":[-81.80284,26.67323]},"properties":{"probability":0.886,"inBuffer":false,"facType":"unknown"}},{"type":"Feature","geometry":{"type":"Point","coordinates":[-81.79834,26.67323]},"properties":{"probability":0.876,"inBuffer":false,"facType":"unknown"}},{"type":"Feature","geometry":{"type":"Point","coordinates":[-81.79385,26.67323]},"properties":{"probability":0.202,"inBuffer":false,"facType":"unknown"}},{"type":"Feature","geometry":{"type":"Point","coordinates":[-81.78936,26.67323]},"properties":{"probability":0.16,"inBuffer":false,"facType":"unknown"}},{"type":"Feature","geometry":{"type":"Point","coordinates":[-81.77589,26.67323]},"properties":{"probability":0.125,"inBuffer":false,"facType":"unknown"}},{"type":"Feature","geometry":{"type":"Point","coordinates":[-81.77139,26.67323]},"properties":{"probability":0.251,"inBuffer":false,"facType":"unknown"}},{"type":"Feature","geometry":{"type":"Point","coordinates":[-81.7669,26.67323]},"properties":{"probability":0.255,"inBuffer":false,"facType":"unknown"}},{"type":"Feature","geometry":{"type":"Point","coordinates":[-81.73546,26.67323]},"properties":{"probability":0.13,"inBuffer":false,"facType":"unknown"}},{"type":"Feature","geometry":{"type":"Point","coordinates":[-81.73097,26.67323]},"properties":{"probability":0.129,"inBuffer":false,"facType":"unknown"}},{"type":"Feature","geometry":{"type":"Point","coordinates":[-82.01843,26.66873]},"properties":{"probability":0.133,"inBuffer":false,"facType":"unknown"}},{"type":"Feature","geometry":{"type":"Point","coordinates":[-82.01394,26.66873]},"properties":{"probability":0.13,"inBuffer":false,"facType":"unknown"}},{"type":"Feature","geometry":{"type":"Point","coordinates":[-82.00945,26.66873]},"properties":{"probability":0.14,"inBuffer":false,"facType":"unknown"}},{"type":"Feature","geometry":{"type":"Point","coordinates":[-82.00496,26.66873]},"properties":{"probability":0.143,"inBuffer":false,"facType":"unknown"}},{"type":"Feature","geometry":{"type":"Point","coordinates":[-82.00046,26.66873]},"properties":{"probability":0.132,"inBuffer":false,"facType":"unknown"}},{"type":"Feature","geometry":{"type":"Point","coordinates":[-81.99597,26.66873]},"properties":{"probability":0.131,"inBuffer":false,"facType":"unknown"}},{"type":"Feature","geometry":{"type":"Point","coordinates":[-81.99148,26.66873]},"properties":{"probability":0.138,"inBuffer":false,"facType":"unknown"}},{"type":"Feature","geometry":{"type":"Point","coordinates":[-81.98699,26.66873]},"properties":{"probability":0.13,"inBuffer":false,"facType":"unknown"}},{"type":"Feature","geometry":{"type":"Point","coordinates":[-81.9825,26.66873]},"properties":{"probability":0.129,"inBuffer":false,"facType":"unknown"}},{"type":"Feature","geometry":{"type":"Point","coordinates":[-81.97801,26.66873]},"properties":{"probability":0.141,"inBuffer":false,"facType":"unknown"}},{"type":"Feature","geometry":{"type":"Point","coordinates":[-81.97352,26.66873]},"properties":{"probability":0.14,"inBuffer":false,"facType":"unknown"}},{"type":"Feature","geometry":{"type":"Point","coordinates":[-81.96902,26.66873]},"properties":{"probability":0.134,"inBuffer":false,"facType":"unknown"}},{"type":"Feature","geometry":{"type":"Point","coordinates":[-81.96453,26.66873]},"properties":{"probability":0.133,"inBuffer":false,"facType":"unknown"}},{"type":"Feature","geometry":{"type":"Point","coordinates":[-81.96004,26.66873]},"properties":{"probability":0.136,"inBuffer":false,"facType":"unknown"}},{"type":"Feature","geometry":{"type":"Point","coordinates":[-81.95555,26.66873]},"properties":{"probability":0.135,"inBuffer":false,"facType":"unknown"}},{"type":"Feature","geometry":{"type":"Point","coordinates":[-81.95106,26.66873]},"properties":{"probability":0.176,"inBuffer":false,"facType":"unknown"}},{"type":"Feature","geometry":{"type":"Point","coordinates":[-81.94657,26.66873]},"properties":{"probability":0.185,"inBuffer":false,"facType":"unknown"}},{"type":"Feature","geometry":{"type":"Point","coordinates":[-81.94207,26.66873]},"properties":{"probability":0.266,"inBuffer":false,"facType":"unknown"}},{"type":"Feature","geometry":{"type":"Point","coordinates":[-81.93758,26.66873]},"properties":{"probability":0.262,"inBuffer":false,"facType":"unknown"}},{"type":"Feature","geometry":{"type":"Point","coordinates":[-81.93309,26.66873]},"properties":{"probability":0.136,"inBuffer":false,"facType":"unknown"}},{"type":"Feature","geometry":{"type":"Point","coordinates":[-81.9286,26.66873]},"properties":{"probability":0.148,"inBuffer":false,"facType":"unknown"}},{"type":"Feature","geometry":{"type":"Point","coordinates":[-81.92411,26.66873]},"properties":{"probability":0.266,"inBuffer":false,"facType":"unknown"}},{"type":"Feature","geometry":{"type":"Point","coordinates":[-81.91962,26.66873]},"properties":{"probability":0.262,"inBuffer":false,"facType":"unknown"}},{"type":"Feature","geometry":{"type":"Point","coordinates":[-81.91512,26.66873]},"properties":{"probability":0.916,"inBuffer":false,"facType":"unknown"}},{"type":"Feature","geometry":{"type":"Point","coordinates":[-81.91063,26.66873]},"properties":{"probability":0.89,"inBuffer":false,"facType":"unknown"}},{"type":"Feature","geometry":{"type":"Point","coordinates":[-81.90614,26.66873]},"properties":{"probability":0.886,"inBuffer":false,"facType":"unknown"}},{"type":"Feature","geometry":{"type":"Point","coordinates":[-81.90165,26.66873]},"properties":{"probability":0.2,"inBuffer":false,"facType":"unknown"}},{"type":"Feature","geometry":{"type":"Point","coordinates":[-81.89716,26.66873]},"properties":{"probability":0.21,"inBuffer":false,"facType":"unknown"}},{"type":"Feature","geometry":{"type":"Point","coordinates":[-81.89267,26.66873]},"properties":{"probability":0.446,"inBuffer":false,"facType":"unknown"}},{"type":"Feature","geometry":{"type":"Point","coordinates":[-81.88818,26.66873]},"properties":{"probability":0.451,"inBuffer":false,"facType":"unknown"}},{"type":"Feature","geometry":{"type":"Point","coordinates":[-81.88368,26.66873]},"properties":{"probability":0.932,"inBuffer":false,"facType":"unknown"}},{"type":"Feature","geometry":{"type":"Point","coordinates":[-81.87919,26.66873]},"properties":{"probability":0.921,"inBuffer":false,"facType":"unknown"}},{"type":"Feature","geometry":{"type":"Point","coordinates":[-81.8747,26.66873]},"properties":{"probability":0.177,"inBuffer":false,"facType":"unknown"}},{"type":"Feature","geometry":{"type":"Point","coordinates":[-81.87021,26.66873]},"properties":{"probability":0.146,"inBuffer":false,"facType":"unknown"}},{"type":"Feature","geometry":{"type":"Point","coordinates":[-81.84775,26.66873]},"properties":{"probability":0.15,"inBuffer":false,"facType":"unknown"}},{"type":"Feature","geometry":{"type":"Point","coordinates":[-81.84326,26.66873]},"properties":{"probability":0.133,"inBuffer":false,"facType":"unknown"}},{"type":"Feature","geometry":{"type":"Point","coordinates":[-81.83877,26.66873]},"properties":{"probability":0.139,"inBuffer":false,"facType":"unknown"}},{"type":"Feature","geometry":{"type":"Point","coordinates":[-81.83428,26.66873]},"properties":{"probability":0.194,"inBuffer":false,"facType":"unknown"}},{"type":"Feature","geometry":{"type":"Point","coordinates":[-81.82979,26.66873]},"properties":{"probability":0.258,"inBuffer":false,"facType":"unknown"}},{"type":"Feature","geometry":{"type":"Point","coordinates":[-81.82529,26.66873]},"properties":{"probability":0.089,"inBuffer":false,"facType":"unknown"}},{"type":"Feature","geometry":{"type":"Point","coordinates":[-81.8208,26.66873]},"properties":{"probability":0.191,"inBuffer":false,"facType":"unknown"}},{"type":"Feature","geometry":{"type":"Point","coordinates":[-81.81631,26.66873]},"properties":{"probability":0.182,"inBuffer":false,"facType":"unknown"}},{"type":"Feature","geometry":{"type":"Point","coordinates":[-81.81182,26.66873]},"properties":{"probability":0.213,"inBuffer":false,"facType":"unknown"}},{"type":"Feature","geometry":{"type":"Point","coordinates":[-81.80733,26.66873]},"properties":{"probability":0.929,"inBuffer":false,"facType":"unknown"}},{"type":"Feature","geometry":{"type":"Point","coordinates":[-81.80284,26.66873]},"properties":{"probability":0.923,"inBuffer":false,"facType":"unknown"}},{"type":"Feature","geometry":{"type":"Point","coordinates":[-81.79834,26.66873]},"properties":{"probability":0.885,"inBuffer":false,"facType":"unknown"}},{"type":"Feature","geometry":{"type":"Point","coordinates":[-81.79385,26.66873]},"properties":{"probability":0.197,"inBuffer":false,"facType":"unknown"}},{"type":"Feature","geometry":{"type":"Point","coordinates":[-81.78936,26.66873]},"properties":{"probability":0.183,"inBuffer":false,"facType":"unknown"}},{"type":"Feature","geometry":{"type":"Point","coordinates":[-81.77139,26.66873]},"properties":{"probability":0.21,"inBuffer":false,"facType":"unknown"}},{"type":"Feature","geometry":{"type":"Point","coordinates":[-81.7669,26.66873]},"properties":{"probability":0.207,"inBuffer":false,"facType":"unknown"}},{"type":"Feature","geometry":{"type":"Point","coordinates":[-82.01843,26.66424]},"properties":{"probability":0.134,"inBuffer":false,"facType":"unknown"}},{"type":"Feature","geometry":{"type":"Point","coordinates":[-82.01394,26.66424]},"properties":{"probability":0.129,"inBuffer":false,"facType":"unknown"}},{"type":"Feature","geometry":{"type":"Point","coordinates":[-82.00945,26.66424]},"properties":{"probability":0.153,"inBuffer":false,"facType":"unknown"}},{"type":"Feature","geometry":{"type":"Point","coordinates":[-82.00496,26.66424]},"properties":{"probability":0.154,"inBuffer":false,"facType":"unknown"}},{"type":"Feature","geometry":{"type":"Point","coordinates":[-82.00046,26.66424]},"properties":{"probability":0.131,"inBuffer":false,"facType":"unknown"}},{"type":"Feature","geometry":{"type":"Point","coordinates":[-81.99597,26.66424]},"properties":{"probability":0.131,"inBuffer":false,"facType":"unknown"}},{"type":"Feature","geometry":{"type":"Point","coordinates":[-81.99148,26.66424]},"properties":{"probability":0.137,"inBuffer":false,"facType":"unknown"}},{"type":"Feature","geometry":{"type":"Point","coordinates":[-81.98699,26.66424]},"properties":{"probability":0.129,"inBuffer":false,"facType":"unknown"}},{"type":"Feature","geometry":{"type":"Point","coordinates":[-81.9825,26.66424]},"properties":{"probability":0.133,"inBuffer":false,"facType":"unknown"}},{"type":"Feature","geometry":{"type":"Point","coordinates":[-81.97801,26.66424]},"properties":{"probability":0.145,"inBuffer":false,"facType":"unknown"}},{"type":"Feature","geometry":{"type":"Point","coordinates":[-81.97352,26.66424]},"properties":{"probability":0.142,"inBuffer":false,"facType":"unknown"}},{"type":"Feature","geometry":{"type":"Point","coordinates":[-81.96902,26.66424]},"properties":{"probability":0.134,"inBuffer":false,"facType":"unknown"}},{"type":"Feature","geometry":{"type":"Point","coordinates":[-81.96453,26.66424]},"properties":{"probability":0.135,"inBuffer":false,"facType":"unknown"}},{"type":"Feature","geometry":{"type":"Point","coordinates":[-81.96004,26.66424]},"properties":{"probability":0.139,"inBuffer":false,"facType":"unknown"}},{"type":"Feature","geometry":{"type":"Point","coordinates":[-81.95555,26.66424]},"properties":{"probability":0.172,"inBuffer":false,"facType":"unknown"}},{"type":"Feature","geometry":{"type":"Point","coordinates":[-81.95106,26.66424]},"properties":{"probability":0.187,"inBuffer":false,"facType":"unknown"}},{"type":"Feature","geometry":{"type":"Point","coordinates":[-81.94657,26.66424]},"properties":{"probability":0.241,"inBuffer":false,"facType":"unknown"}},{"type":"Feature","geometry":{"type":"Point","coordinates":[-81.94207,26.66424]},"properties":{"probability":0.11,"inBuffer":false,"facType":"unknown"}},{"type":"Feature","geometry":{"type":"Point","coordinates":[-81.93758,26.66424]},"properties":{"probability":0.108,"inBuffer":false,"facType":"unknown"}},{"type":"Feature","geometry":{"type":"Point","coordinates":[-81.93309,26.66424]},"properties":{"probability":0.069,"inBuffer":false,"facType":"unknown"}},{"type":"Feature","geometry":{"type":"Point","coordinates":[-81.9286,26.66424]},"properties":{"probability":0.067,"inBuffer":false,"facType":"unknown"}},{"type":"Feature","geometry":{"type":"Point","coordinates":[-81.92411,26.66424]},"properties":{"probability":0.067,"inBuffer":false,"facType":"unknown"}},{"type":"Feature","geometry":{"type":"Point","coordinates":[-81.91962,26.66424]},"properties":{"probability":0.067,"inBuffer":false,"facType":"unknown"}},{"type":"Feature","geometry":{"type":"Point","coordinates":[-81.91512,26.66424]},"properties":{"probability":0.211,"inBuffer":false,"facType":"unknown"}},{"type":"Feature","geometry":{"type":"Point","coordinates":[-81.91063,26.66424]},"properties":{"probability":0.209,"inBuffer":false,"facType":"unknown"}},{"type":"Feature","geometry":{"type":"Point","coordinates":[-81.90614,26.66424]},"properties":{"probability":0.208,"inBuffer":false,"facType":"unknown"}},{"type":"Feature","geometry":{"type":"Point","coordinates":[-81.90165,26.66424]},"properties":{"probability":0.196,"inBuffer":false,"facType":"unknown"}},{"type":"Feature","geometry":{"type":"Point","coordinates":[-81.89716,26.66424]},"properties":{"probability":0.062,"inBuffer":false,"facType":"unknown"}},{"type":"Feature","geometry":{"type":"Point","coordinates":[-81.89267,26.66424]},"properties":{"probability":0.41,"inBuffer":false,"facType":"unknown"}},{"type":"Feature","geometry":{"type":"Point","coordinates":[-81.88818,26.66424]},"properties":{"probability":0.949,"inBuffer":false,"facType":"unknown"}},{"type":"Feature","geometry":{"type":"Point","coordinates":[-81.88368,26.66424]},"properties":{"probability":0.944,"inBuffer":false,"facType":"unknown"}},{"type":"Feature","geometry":{"type":"Point","coordinates":[-81.87919,26.66424]},"properties":{"probability":0.917,"inBuffer":false,"facType":"unknown"}},{"type":"Feature","geometry":{"type":"Point","coordinates":[-81.8747,26.66424]},"properties":{"probability":0.185,"inBuffer":false,"facType":"unknown"}},{"type":"Feature","geometry":{"type":"Point","coordinates":[-81.87021,26.66424]},"properties":{"probability":0.171,"inBuffer":false,"facType":"unknown"}},{"type":"Feature","geometry":{"type":"Point","coordinates":[-81.85224,26.66424]},"properties":{"probability":0.187,"inBuffer":false,"facType":"unknown"}},{"type":"Feature","geometry":{"type":"Point","coordinates":[-81.84775,26.66424]},"properties":{"probability":0.159,"inBuffer":false,"facType":"unknown"}},{"type":"Feature","geometry":{"type":"Point","coordinates":[-81.84326,26.66424]},"properties":{"probability":0.888,"inBuffer":false,"facType":"unknown"}},{"type":"Feature","geometry":{"type":"Point","coordinates":[-81.83877,26.66424]},"properties":{"probability":0.26,"inBuffer":false,"facType":"unknown"}},{"type":"Feature","geometry":{"type":"Point","coordinates":[-81.83428,26.66424]},"properties":{"probability":0.267,"inBuffer":false,"facType":"unknown"}},{"type":"Feature","geometry":{"type":"Point","coordinates":[-81.82979,26.66424]},"properties":{"probability":0.262,"inBuffer":false,"facType":"unknown"}},{"type":"Feature","geometry":{"type":"Point","coordinates":[-81.82529,26.66424]},"properties":{"probability":0.069,"inBuffer":false,"facType":"unknown"}},{"type":"Feature","geometry":{"type":"Point","coordinates":[-81.81182,26.66424]},"properties":{"probability":0.195,"inBuffer":false,"facType":"unknown"}},{"type":"Feature","geometry":{"type":"Point","coordinates":[-81.80733,26.66424]},"properties":{"probability":0.278,"inBuffer":false,"facType":"unknown"}},{"type":"Feature","geometry":{"type":"Point","coordinates":[-81.80284,26.66424]},"properties":{"probability":0.282,"inBuffer":false,"facType":"unknown"}},{"type":"Feature","geometry":{"type":"Point","coordinates":[-81.79834,26.66424]},"properties":{"probability":0.247,"inBuffer":false,"facType":"unknown"}},{"type":"Feature","geometry":{"type":"Point","coordinates":[-81.79385,26.66424]},"properties":{"probability":0.188,"inBuffer":false,"facType":"unknown"}},{"type":"Feature","geometry":{"type":"Point","coordinates":[-81.78936,26.66424]},"properties":{"probability":0.157,"inBuffer":false,"facType":"unknown"}},{"type":"Feature","geometry":{"type":"Point","coordinates":[-82.01843,26.65975]},"properties":{"probability":0.13,"inBuffer":false,"facType":"unknown"}},{"type":"Feature","geometry":{"type":"Point","coordinates":[-82.01394,26.65975]},"properties":{"probability":0.133,"inBuffer":false,"facType":"unknown"}},{"type":"Feature","geometry":{"type":"Point","coordinates":[-82.00945,26.65975]},"properties":{"probability":0.139,"inBuffer":false,"facType":"unknown"}},{"type":"Feature","geometry":{"type":"Point","coordinates":[-82.00496,26.65975]},"properties":{"probability":0.14,"inBuffer":false,"facType":"unknown"}},{"type":"Feature","geometry":{"type":"Point","coordinates":[-82.00046,26.65975]},"properties":{"probability":0.132,"inBuffer":false,"facType":"unknown"}},{"type":"Feature","geometry":{"type":"Point","coordinates":[-81.99597,26.65975]},"properties":{"probability":0.155,"inBuffer":false,"facType":"unknown"}},{"type":"Feature","geometry":{"type":"Point","coordinates":[-81.99148,26.65975]},"properties":{"probability":0.156,"inBuffer":false,"facType":"unknown"}},{"type":"Feature","geometry":{"type":"Point","coordinates":[-81.98699,26.65975]},"properties":{"probability":0.148,"inBuffer":false,"facType":"unknown"}},{"type":"Feature","geometry":{"type":"Point","coordinates":[-81.9825,26.65975]},"properties":{"probability":0.151,"inBuffer":false,"facType":"unknown"}},{"type":"Feature","geometry":{"type":"Point","coordinates":[-81.97801,26.65975]},"properties":{"probability":0.153,"inBuffer":false,"facType":"unknown"}},{"type":"Feature","geometry":{"type":"Point","coordinates":[-81.97352,26.65975]},"properties":{"probability":0.224,"inBuffer":false,"facType":"unknown"}},{"type":"Feature","geometry":{"type":"Point","coordinates":[-81.96902,26.65975]},"properties":{"probability":0.25,"inBuffer":false,"facType":"unknown"}},{"type":"Feature","geometry":{"type":"Point","coordinates":[-81.96453,26.65975]},"properties":{"probability":0.242,"inBuffer":false,"facType":"unknown"}},{"type":"Feature","geometry":{"type":"Point","coordinates":[-81.96004,26.65975]},"properties":{"probability":0.154,"inBuffer":false,"facType":"unknown"}},{"type":"Feature","geometry":{"type":"Point","coordinates":[-81.95555,26.65975]},"properties":{"probability":0.263,"inBuffer":false,"facType":"unknown"}},{"type":"Feature","geometry":{"type":"Point","coordinates":[-81.95106,26.65975]},"properties":{"probability":0.264,"inBuffer":false,"facType":"unknown"}},{"type":"Feature","geometry":{"type":"Point","coordinates":[-81.94657,26.65975]},"properties":{"probability":0.312,"inBuffer":false,"facType":"unknown"}},{"type":"Feature","geometry":{"type":"Point","coordinates":[-81.94207,26.65975]},"properties":{"probability":0.065,"inBuffer":false,"facType":"unknown"}},{"type":"Feature","geometry":{"type":"Point","coordinates":[-81.93758,26.65975]},"properties":{"probability":0.063,"inBuffer":false,"facType":"unknown"}},{"type":"Feature","geometry":{"type":"Point","coordinates":[-81.93309,26.65975]},"properties":{"probability":0.057,"inBuffer":false,"facType":"unknown"}},{"type":"Feature","geometry":{"type":"Point","coordinates":[-81.9286,26.65975]},"properties":{"probability":0.06,"inBuffer":false,"facType":"unknown"}},{"type":"Feature","geometry":{"type":"Point","coordinates":[-81.92411,26.65975]},"properties":{"probability":0.282,"inBuffer":false,"facType":"unknown"}},{"type":"Feature","geometry":{"type":"Point","coordinates":[-81.91962,26.65975]},"properties":{"probability":0.183,"inBuffer":false,"facType":"unknown"}},{"type":"Feature","geometry":{"type":"Point","coordinates":[-81.91512,26.65975]},"properties":{"probability":0.057,"inBuffer":false,"facType":"unknown"}},{"type":"Feature","geometry":{"type":"Point","coordinates":[-81.91063,26.65975]},"properties":{"probability":0.198,"inBuffer":false,"facType":"unknown"}},{"type":"Feature","geometry":{"type":"Point","coordinates":[-81.90614,26.65975]},"properties":{"probability":0.193,"inBuffer":false,"facType":"unknown"}},{"type":"Feature","geometry":{"type":"Point","coordinates":[-81.90165,26.65975]},"properties":{"probability":0.184,"inBuffer":false,"facType":"unknown"}},{"type":"Feature","geometry":{"type":"Point","coordinates":[-81.89267,26.65975]},"properties":{"probability":0.075,"inBuffer":false,"facType":"unknown"}},{"type":"Feature","geometry":{"type":"Point","coordinates":[-81.88818,26.65975]},"properties":{"probability":0.299,"inBuffer":false,"facType":"unknown"}},{"type":"Feature","geometry":{"type":"Point","coordinates":[-81.88368,26.65975]},"properties":{"probability":0.297,"inBuffer":false,"facType":"unknown"}},{"type":"Feature","geometry":{"type":"Point","coordinates":[-81.87919,26.65975]},"properties":{"probability":0.269,"inBuffer":false,"facType":"unknown"}},{"type":"Feature","geometry":{"type":"Point","coordinates":[-81.8747,26.65975]},"properties":{"probability":0.145,"inBuffer":false,"facType":"unknown"}},{"type":"Feature","geometry":{"type":"Point","coordinates":[-81.85673,26.65975]},"properties":{"probability":0.135,"inBuffer":false,"facType":"unknown"}},{"type":"Feature","geometry":{"type":"Point","coordinates":[-81.85224,26.65975]},"properties":{"probability":0.204,"inBuffer":false,"facType":"unknown"}},{"type":"Feature","geometry":{"type":"Point","coordinates":[-81.84775,26.65975]},"properties":{"probability":0.907,"inBuffer":false,"facType":"unknown"}},{"type":"Feature","geometry":{"type":"Point","coordinates":[-81.84326,26.65975]},"properties":{"probability":0.932,"inBuffer":false,"facType":"unknown"}},{"type":"Feature","geometry":{"type":"Point","coordinates":[-81.83877,26.65975]},"properties":{"probability":0.934,"inBuffer":false,"facType":"unknown"}},{"type":"Feature","geometry":{"type":"Point","coordinates":[-81.83428,26.65975]},"properties":{"probability":0.261,"inBuffer":false,"facType":"unknown"}},{"type":"Feature","geometry":{"type":"Point","coordinates":[-81.82979,26.65975]},"properties":{"probability":0.227,"inBuffer":false,"facType":"unknown"}},{"type":"Feature","geometry":{"type":"Point","coordinates":[-81.8208,26.65975]},"properties":{"probability":0.051,"inBuffer":false,"facType":"unknown"}},{"type":"Feature","geometry":{"type":"Point","coordinates":[-81.81631,26.65975]},"properties":{"probability":0.058,"inBuffer":false,"facType":"unknown"}},{"type":"Feature","geometry":{"type":"Point","coordinates":[-81.81182,26.65975]},"properties":{"probability":0.059,"inBuffer":false,"facType":"unknown"}},{"type":"Feature","geometry":{"type":"Point","coordinates":[-81.80733,26.65975]},"properties":{"probability":0.077,"inBuffer":false,"facType":"unknown"}},{"type":"Feature","geometry":{"type":"Point","coordinates":[-81.80284,26.65975]},"properties":{"probability":0.26,"inBuffer":false,"facType":"unknown"}},{"type":"Feature","geometry":{"type":"Point","coordinates":[-81.79834,26.65975]},"properties":{"probability":0.255,"inBuffer":false,"facType":"unknown"}},{"type":"Feature","geometry":{"type":"Point","coordinates":[-81.79385,26.65975]},"properties":{"probability":0.233,"inBuffer":false,"facType":"unknown"}},{"type":"Feature","geometry":{"type":"Point","coordinates":[-81.78936,26.65975]},"properties":{"probability":0.174,"inBuffer":false,"facType":"unknown"}},{"type":"Feature","geometry":{"type":"Point","coordinates":[-82.01843,26.65526]},"properties":{"probability":0.131,"inBuffer":false,"facType":"unknown"}},{"type":"Feature","geometry":{"type":"Point","coordinates":[-82.01394,26.65526]},"properties":{"probability":0.134,"inBuffer":false,"facType":"unknown"}},{"type":"Feature","geometry":{"type":"Point","coordinates":[-82.00945,26.65526]},"properties":{"probability":0.134,"inBuffer":false,"facType":"unknown"}},{"type":"Feature","geometry":{"type":"Point","coordinates":[-82.00496,26.65526]},"properties":{"probability":0.13,"inBuffer":false,"facType":"unknown"}},{"type":"Feature","geometry":{"type":"Point","coordinates":[-82.00046,26.65526]},"properties":{"probability":0.145,"inBuffer":false,"facType":"unknown"}},{"type":"Feature","geometry":{"type":"Point","coordinates":[-81.99597,26.65526]},"properties":{"probability":0.159,"inBuffer":false,"facType":"unknown"}},{"type":"Feature","geometry":{"type":"Point","coordinates":[-81.99148,26.65526]},"properties":{"probability":0.843,"inBuffer":false,"facType":"unknown"}},{"type":"Feature","geometry":{"type":"Point","coordinates":[-81.98699,26.65526]},"properties":{"probability":0.846,"inBuffer":false,"facType":"unknown"}},{"type":"Feature","geometry":{"type":"Point","coordinates":[-81.9825,26.65526]},"properties":{"probability":0.212,"inBuffer":false,"facType":"unknown"}},{"type":"Feature","geometry":{"type":"Point","coordinates":[-81.97801,26.65526]},"properties":{"probability":0.2,"inBuffer":false,"facType":"unknown"}},{"type":"Feature","geometry":{"type":"Point","coordinates":[-81.97352,26.65526]},"properties":{"probability":0.261,"inBuffer":false,"facType":"unknown"}},{"type":"Feature","geometry":{"type":"Point","coordinates":[-81.96902,26.65526]},"properties":{"probability":0.258,"inBuffer":false,"facType":"unknown"}},{"type":"Feature","geometry":{"type":"Point","coordinates":[-81.96453,26.65526]},"properties":{"probability":0.263,"inBuffer":false,"facType":"unknown"}},{"type":"Feature","geometry":{"type":"Point","coordinates":[-81.96004,26.65526]},"properties":{"probability":0.316,"inBuffer":false,"facType":"unknown"}},{"type":"Feature","geometry":{"type":"Point","coordinates":[-81.95555,26.65526]},"properties":{"probability":0.273,"inBuffer":false,"facType":"unknown"}},{"type":"Feature","geometry":{"type":"Point","coordinates":[-81.95106,26.65526]},"properties":{"probability":0.263,"inBuffer":false,"facType":"unknown"}},{"type":"Feature","geometry":{"type":"Point","coordinates":[-81.94657,26.65526]},"properties":{"probability":0.285,"inBuffer":false,"facType":"unknown"}},{"type":"Feature","geometry":{"type":"Point","coordinates":[-81.94207,26.65526]},"properties":{"probability":0.314,"inBuffer":false,"facType":"unknown"}},{"type":"Feature","geometry":{"type":"Point","coordinates":[-81.93758,26.65526]},"properties":{"probability":0.065,"inBuffer":false,"facType":"unknown"}},{"type":"Feature","geometry":{"type":"Point","coordinates":[-81.9286,26.65526]},"properties":{"probability":0.321,"inBuffer":false,"facType":"unknown"}},{"type":"Feature","geometry":{"type":"Point","coordinates":[-81.92411,26.65526]},"properties":{"probability":0.359,"inBuffer":false,"facType":"unknown"}},{"type":"Feature","geometry":{"type":"Point","coordinates":[-81.91962,26.65526]},"properties":{"probability":0.372,"inBuffer":false,"facType":"unknown"}},{"type":"Feature","geometry":{"type":"Point","coordinates":[-81.91512,26.65526]},"properties":{"probability":0.071,"inBuffer":false,"facType":"unknown"}},{"type":"Feature","geometry":{"type":"Point","coordinates":[-81.91063,26.65526]},"properties":{"probability":0.063,"inBuffer":false,"facType":"unknown"}},{"type":"Feature","geometry":{"type":"Point","coordinates":[-81.90614,26.65526]},"properties":{"probability":0.061,"inBuffer":false,"facType":"unknown"}},{"type":"Feature","geometry":{"type":"Point","coordinates":[-81.90165,26.65526]},"properties":{"probability":0.05,"inBuffer":false,"facType":"unknown"}},{"type":"Feature","geometry":{"type":"Point","coordinates":[-81.89267,26.65526]},"properties":{"probability":0.162,"inBuffer":false,"facType":"unknown"}},{"type":"Feature","geometry":{"type":"Point","coordinates":[-81.88818,26.65526]},"properties":{"probability":0.236,"inBuffer":false,"facType":"unknown"}},{"type":"Feature","geometry":{"type":"Point","coordinates":[-81.88368,26.65526]},"properties":{"probability":0.231,"inBuffer":false,"facType":"unknown"}},{"type":"Feature","geometry":{"type":"Point","coordinates":[-81.87919,26.65526]},"properties":{"probability":0.051,"inBuffer":false,"facType":"unknown"}},{"type":"Feature","geometry":{"type":"Point","coordinates":[-81.85673,26.65526]},"properties":{"probability":0.189,"inBuffer":false,"facType":"unknown"}},{"type":"Feature","geometry":{"type":"Point","coordinates":[-81.85224,26.65526]},"properties":{"probability":0.26,"inBuffer":false,"facType":"unknown"}},{"type":"Feature","geometry":{"type":"Point","coordinates":[-81.84775,26.65526]},"properties":{"probability":0.927,"inBuffer":false,"facType":"unknown"}},{"type":"Feature","geometry":{"type":"Point","coordinates":[-81.84326,26.65526]},"properties":{"probability":0.922,"inBuffer":false,"facType":"unknown"}},{"type":"Feature","geometry":{"type":"Point","coordinates":[-81.83877,26.65526]},"properties":{"probability":0.909,"inBuffer":false,"facType":"unknown"}},{"type":"Feature","geometry":{"type":"Point","coordinates":[-81.83428,26.65526]},"properties":{"probability":0.205,"inBuffer":false,"facType":"unknown"}},{"type":"Feature","geometry":{"type":"Point","coordinates":[-81.82979,26.65526]},"properties":{"probability":0.189,"inBuffer":false,"facType":"unknown"}},{"type":"Feature","geometry":{"type":"Point","coordinates":[-81.8208,26.65526]},"properties":{"probability":0.068,"inBuffer":false,"facType":"unknown"}},{"type":"Feature","geometry":{"type":"Point","coordinates":[-81.81631,26.65526]},"properties":{"probability":0.376,"inBuffer":false,"facType":"unknown"}},{"type":"Feature","geometry":{"type":"Point","coordinates":[-81.81182,26.65526]},"properties":{"probability":0.357,"inBuffer":false,"facType":"unknown"}},{"type":"Feature","geometry":{"type":"Point","coordinates":[-81.80733,26.65526]},"properties":{"probability":0.081,"inBuffer":false,"facType":"unknown"}},{"type":"Feature","geometry":{"type":"Point","coordinates":[-81.80284,26.65526]},"properties":{"probability":0.114,"inBuffer":false,"facType":"unknown"}},{"type":"Feature","geometry":{"type":"Point","coordinates":[-81.79834,26.65526]},"properties":{"probability":0.116,"inBuffer":false,"facType":"unknown"}},{"type":"Feature","geometry":{"type":"Point","coordinates":[-81.79385,26.65526]},"properties":{"probability":0.233,"inBuffer":false,"facType":"unknown"}},{"type":"Feature","geometry":{"type":"Point","coordinates":[-81.78936,26.65526]},"properties":{"probability":0.188,"inBuffer":false,"facType":"unknown"}},{"type":"Feature","geometry":{"type":"Point","coordinates":[-82.01843,26.65077]},"properties":{"probability":0.131,"inBuffer":false,"facType":"unknown"}},{"type":"Feature","geometry":{"type":"Point","coordinates":[-82.01394,26.65077]},"properties":{"probability":0.132,"inBuffer":false,"facType":"unknown"}},{"type":"Feature","geometry":{"type":"Point","coordinates":[-82.00945,26.65077]},"properties":{"probability":0.134,"inBuffer":false,"facType":"unknown"}},{"type":"Feature","geometry":{"type":"Point","coordinates":[-82.00496,26.65077]},"properties":{"probability":0.134,"inBuffer":false,"facType":"unknown"}},{"type":"Feature","geometry":{"type":"Point","coordinates":[-82.00046,26.65077]},"properties":{"probability":0.151,"inBuffer":false,"facType":"unknown"}},{"type":"Feature","geometry":{"type":"Point","coordinates":[-81.99597,26.65077]},"properties":{"probability":0.832,"inBuffer":false,"facType":"unknown"}},{"type":"Feature","geometry":{"type":"Point","coordinates":[-81.99148,26.65077]},"properties":{"probability":0.889,"inBuffer":false,"facType":"unknown"}},{"type":"Feature","geometry":{"type":"Point","coordinates":[-81.98699,26.65077]},"properties":{"probability":0.92,"inBuffer":false,"facType":"unknown"}},{"type":"Feature","geometry":{"type":"Point","coordinates":[-81.9825,26.65077]},"properties":{"probability":0.935,"inBuffer":false,"facType":"unknown"}},{"type":"Feature","geometry":{"type":"Point","coordinates":[-81.97801,26.65077]},"properties":{"probability":0.283,"inBuffer":false,"facType":"unknown"}},{"type":"Feature","geometry":{"type":"Point","coordinates":[-81.97352,26.65077]},"properties":{"probability":0.262,"inBuffer":false,"facType":"unknown"}},{"type":"Feature","geometry":{"type":"Point","coordinates":[-81.96902,26.65077]},"properties":{"probability":0.265,"inBuffer":false,"facType":"unknown"}},{"type":"Feature","geometry":{"type":"Point","coordinates":[-81.96453,26.65077]},"properties":{"probability":0.079,"inBuffer":false,"facType":"unknown"}},{"type":"Feature","geometry":{"type":"Point","coordinates":[-81.96004,26.65077]},"properties":{"probability":0.058,"inBuffer":false,"facType":"unknown"}},{"type":"Feature","geometry":{"type":"Point","coordinates":[-81.95555,26.65077]},"properties":{"probability":0.277,"inBuffer":false,"facType":"unknown"}},{"type":"Feature","geometry":{"type":"Point","coordinates":[-81.95106,26.65077]},"properties":{"probability":0.263,"inBuffer":false,"facType":"unknown"}},{"type":"Feature","geometry":{"type":"Point","coordinates":[-81.94657,26.65077]},"properties":{"probability":0.282,"inBuffer":false,"facType":"unknown"}},{"type":"Feature","geometry":{"type":"Point","coordinates":[-81.94207,26.65077]},"properties":{"probability":0.314,"inBuffer":false,"facType":"unknown"}},{"type":"Feature","geometry":{"type":"Point","coordinates":[-81.93758,26.65077]},"properties":{"probability":0.316,"inBuffer":false,"facType":"unknown"}},{"type":"Feature","geometry":{"type":"Point","coordinates":[-81.9286,26.65077]},"properties":{"probability":0.302,"inBuffer":false,"facType":"unknown"}},{"type":"Feature","geometry":{"type":"Point","coordinates":[-81.92411,26.65077]},"properties":{"probability":0.382,"inBuffer":false,"facType":"unknown"}},{"type":"Feature","geometry":{"type":"Point","coordinates":[-81.91962,26.65077]},"properties":{"probability":0.378,"inBuffer":false,"facType":"unknown"}},{"type":"Feature","geometry":{"type":"Point","coordinates":[-81.91512,26.65077]},"properties":{"probability":0.069,"inBuffer":false,"facType":"unknown"}},{"type":"Feature","geometry":{"type":"Point","coordinates":[-81.91063,26.65077]},"properties":{"probability":0.055,"inBuffer":false,"facType":"unknown"}},{"type":"Feature","geometry":{"type":"Point","coordinates":[-81.90614,26.65077]},"properties":{"probability":0.054,"inBuffer":false,"facType":"unknown"}},{"type":"Feature","geometry":{"type":"Point","coordinates":[-81.89716,26.65077]},"properties":{"probability":0.201,"inBuffer":false,"facType":"unknown"}},{"type":"Feature","geometry":{"type":"Point","coordinates":[-81.89267,26.65077]},"properties":{"probability":0.191,"inBuffer":false,"facType":"unknown"}},{"type":"Feature","geometry":{"type":"Point","coordinates":[-81.88818,26.65077]},"properties":{"probability":0.333,"inBuffer":false,"facType":"unknown"}},{"type":"Feature","geometry":{"type":"Point","coordinates":[-81.88368,26.65077]},"properties":{"probability":0.397,"inBuffer":false,"facType":"unknown"}},{"type":"Feature","geometry":{"type":"Point","coordinates":[-81.87919,26.65077]},"properties":{"probability":0.391,"inBuffer":false,"facType":"unknown"}},{"type":"Feature","geometry":{"type":"Point","coordinates":[-81.8747,26.65077]},"properties":{"probability":0.118,"inBuffer":false,"facType":"unknown"}},{"type":"Feature","geometry":{"type":"Point","coordinates":[-81.87021,26.65077]},"properties":{"probability":0.337,"inBuffer":false,"facType":"unknown"}},{"type":"Feature","geometry":{"type":"Point","coordinates":[-81.86572,26.65077]},"properties":{"probability":0.352,"inBuffer":false,"facType":"unknown"}},{"type":"Feature","geometry":{"type":"Point","coordinates":[-81.86123,26.65077]},"properties":{"probability":0.093,"inBuffer":false,"facType":"unknown"}},{"type":"Feature","geometry":{"type":"Point","coordinates":[-81.85673,26.65077]},"properties":{"probability":0.09,"inBuffer":false,"facType":"unknown"}},{"type":"Feature","geometry":{"type":"Point","coordinates":[-81.85224,26.65077]},"properties":{"probability":0.271,"inBuffer":false,"facType":"unknown"}},{"type":"Feature","geometry":{"type":"Point","coordinates":[-81.84775,26.65077]},"properties":{"probability":0.253,"inBuffer":false,"facType":"unknown"}},{"type":"Feature","geometry":{"type":"Point","coordinates":[-81.84326,26.65077]},"properties":{"probability":0.218,"inBuffer":false,"facType":"unknown"}},{"type":"Feature","geometry":{"type":"Point","coordinates":[-81.83877,26.65077]},"properties":{"probability":0.237,"inBuffer":false,"facType":"unknown"}},{"type":"Feature","geometry":{"type":"Point","coordinates":[-81.83428,26.65077]},"properties":{"probability":0.235,"inBuffer":false,"facType":"unknown"}},{"type":"Feature","geometry":{"type":"Point","coordinates":[-81.82979,26.65077]},"properties":{"probability":0.204,"inBuffer":false,"facType":"unknown"}},{"type":"Feature","geometry":{"type":"Point","coordinates":[-81.82529,26.65077]},"properties":{"probability":0.206,"inBuffer":false,"facType":"unknown"}},{"type":"Feature","geometry":{"type":"Point","coordinates":[-81.8208,26.65077]},"properties":{"probability":0.352,"inBuffer":false,"facType":"unknown"}},{"type":"Feature","geometry":{"type":"Point","coordinates":[-81.81631,26.65077]},"properties":{"probability":0.4,"inBuffer":false,"facType":"unknown"}},{"type":"Feature","geometry":{"type":"Point","coordinates":[-81.81182,26.65077]},"properties":{"probability":0.364,"inBuffer":false,"facType":"unknown"}},{"type":"Feature","geometry":{"type":"Point","coordinates":[-81.80733,26.65077]},"properties":{"probability":0.226,"inBuffer":false,"facType":"unknown"}},{"type":"Feature","geometry":{"type":"Point","coordinates":[-81.80284,26.65077]},"properties":{"probability":0.083,"inBuffer":false,"facType":"unknown"}},{"type":"Feature","geometry":{"type":"Point","coordinates":[-81.79834,26.65077]},"properties":{"probability":0.058,"inBuffer":false,"facType":"unknown"}},{"type":"Feature","geometry":{"type":"Point","coordinates":[-81.72648,26.65077]},"properties":{"probability":0.159,"inBuffer":false,"facType":"unknown"}},{"type":"Feature","geometry":{"type":"Point","coordinates":[-81.72199,26.65077]},"properties":{"probability":0.131,"inBuffer":false,"facType":"unknown"}},{"type":"Feature","geometry":{"type":"Point","coordinates":[-82.01843,26.64628]},"properties":{"probability":0.134,"inBuffer":false,"facType":"unknown"}},{"type":"Feature","geometry":{"type":"Point","coordinates":[-82.01394,26.64628]},"properties":{"probability":0.132,"inBuffer":false,"facType":"unknown"}},{"type":"Feature","geometry":{"type":"Point","coordinates":[-82.00945,26.64628]},"properties":{"probability":0.134,"inBuffer":false,"facType":"unknown"}},{"type":"Feature","geometry":{"type":"Point","coordinates":[-82.00496,26.64628]},"properties":{"probability":0.132,"inBuffer":false,"facType":"unknown"}},{"type":"Feature","geometry":{"type":"Point","coordinates":[-82.00046,26.64628]},"properties":{"probability":0.148,"inBuffer":false,"facType":"unknown"}},{"type":"Feature","geometry":{"type":"Point","coordinates":[-81.99597,26.64628]},"properties":{"probability":0.176,"inBuffer":false,"facType":"unknown"}},{"type":"Feature","geometry":{"type":"Point","coordinates":[-81.99148,26.64628]},"properties":{"probability":0.93,"inBuffer":false,"facType":"unknown"}},{"type":"Feature","geometry":{"type":"Point","coordinates":[-81.98699,26.64628]},"properties":{"probability":0.941,"inBuffer":false,"facType":"unknown"}},{"type":"Feature","geometry":{"type":"Point","coordinates":[-81.9825,26.64628]},"properties":{"probability":0.286,"inBuffer":false,"facType":"unknown"}},{"type":"Feature","geometry":{"type":"Point","coordinates":[-81.97801,26.64628]},"properties":{"probability":0.281,"inBuffer":false,"facType":"unknown"}},{"type":"Feature","geometry":{"type":"Point","coordinates":[-81.97352,26.64628]},"properties":{"probability":0.246,"inBuffer":false,"facType":"unknown"}},{"type":"Feature","geometry":{"type":"Point","coordinates":[-81.96902,26.64628]},"properties":{"probability":0.052,"inBuffer":false,"facType":"unknown"}},{"type":"Feature","geometry":{"type":"Point","coordinates":[-81.95555,26.64628]},"properties":{"probability":0.245,"inBuffer":false,"facType":"unknown"}},{"type":"Feature","geometry":{"type":"Point","coordinates":[-81.95106,26.64628]},"properties":{"probability":0.333,"inBuffer":false,"facType":"unknown"}},{"type":"Feature","geometry":{"type":"Point","coordinates":[-81.94657,26.64628]},"properties":{"probability":0.386,"inBuffer":false,"facType":"unknown"}},{"type":"Feature","geometry":{"type":"Point","coordinates":[-81.94207,26.64628]},"properties":{"probability":0.419,"inBuffer":false,"facType":"unknown"}},{"type":"Feature","geometry":{"type":"Point","coordinates":[-81.93758,26.64628]},"properties":{"probability":0.39,"inBuffer":false,"facType":"unknown"}},{"type":"Feature","geometry":{"type":"Point","coordinates":[-81.93309,26.64628]},"properties":{"probability":0.263,"inBuffer":false,"facType":"unknown"}},{"type":"Feature","geometry":{"type":"Point","coordinates":[-81.9286,26.64628]},"properties":{"probability":0.055,"inBuffer":false,"facType":"unknown"}},{"type":"Feature","geometry":{"type":"Point","coordinates":[-81.92411,26.64628]},"properties":{"probability":0.058,"inBuffer":false,"facType":"unknown"}},{"type":"Feature","geometry":{"type":"Point","coordinates":[-81.91962,26.64628]},"properties":{"probability":0.051,"inBuffer":false,"facType":"unknown"}},{"type":"Feature","geometry":{"type":"Point","coordinates":[-81.90614,26.64628]},"properties":{"probability":0.05,"inBuffer":false,"facType":"unknown"}},{"type":"Feature","geometry":{"type":"Point","coordinates":[-81.90165,26.64628]},"properties":{"probability":0.222,"inBuffer":false,"facType":"unknown"}},{"type":"Feature","geometry":{"type":"Point","coordinates":[-81.89716,26.64628]},"properties":{"probability":0.19,"inBuffer":false,"facType":"unknown"}},{"type":"Feature","geometry":{"type":"Point","coordinates":[-81.88818,26.64628]},"properties":{"probability":0.371,"inBuffer":false,"facType":"unknown"}},{"type":"Feature","geometry":{"type":"Point","coordinates":[-81.88368,26.64628]},"properties":{"probability":0.847,"inBuffer":false,"facType":"unknown"}},{"type":"Feature","geometry":{"type":"Point","coordinates":[-81.87919,26.64628]},"properties":{"probability":0.842,"inBuffer":false,"facType":"unknown"}},{"type":"Feature","geometry":{"type":"Point","coordinates":[-81.8747,26.64628]},"properties":{"probability":0.56,"inBuffer":false,"facType":"unknown"}},{"type":"Feature","geometry":{"type":"Point","coordinates":[-81.87021,26.64628]},"properties":{"probability":0.575,"inBuffer":false,"facType":"unknown"}},{"type":"Feature","geometry":{"type":"Point","coordinates":[-81.86572,26.64628]},"properties":{"probability":0.563,"inBuffer":false,"facType":"unknown"}},{"type":"Feature","geometry":{"type":"Point","coordinates":[-81.86123,26.64628]},"properties":{"probability":0.464,"inBuffer":false,"facType":"unknown"}},{"type":"Feature","geometry":{"type":"Point","coordinates":[-81.85673,26.64628]},"properties":{"probability":0.229,"inBuffer":false,"facType":"unknown"}},{"type":"Feature","geometry":{"type":"Point","coordinates":[-81.85224,26.64628]},"properties":{"probability":0.066,"inBuffer":false,"facType":"unknown"}},{"type":"Feature","geometry":{"type":"Point","coordinates":[-81.84775,26.64628]},"properties":{"probability":0.231,"inBuffer":false,"facType":"unknown"}},{"type":"Feature","geometry":{"type":"Point","coordinates":[-81.84326,26.64628]},"properties":{"probability":0.266,"inBuffer":false,"facType":"unknown"}},{"type":"Feature","geometry":{"type":"Point","coordinates":[-81.83877,26.64628]},"properties":{"probability":0.921,"inBuffer":false,"facType":"unknown"}},{"type":"Feature","geometry":{"type":"Point","coordinates":[-81.83428,26.64628]},"properties":{"probability":0.928,"inBuffer":false,"facType":"unknown"}},{"type":"Feature","geometry":{"type":"Point","coordinates":[-81.82979,26.64628]},"properties":{"probability":0.286,"inBuffer":false,"facType":"unknown"}},{"type":"Feature","geometry":{"type":"Point","coordinates":[-81.82529,26.64628]},"properties":{"probability":0.934,"inBuffer":false,"facType":"unknown"}},{"type":"Feature","geometry":{"type":"Point","coordinates":[-81.8208,26.64628]},"properties":{"probability":0.939,"inBuffer":false,"facType":"unknown"}},{"type":"Feature","geometry":{"type":"Point","coordinates":[-81.81631,26.64628]},"properties":{"probability":0.35,"inBuffer":false,"facType":"unknown"}},{"type":"Feature","geometry":{"type":"Point","coordinates":[-81.81182,26.64628]},"properties":{"probability":0.308,"inBuffer":false,"facType":"unknown"}},{"type":"Feature","geometry":{"type":"Point","coordinates":[-81.80733,26.64628]},"properties":{"probability":0.056,"inBuffer":false,"facType":"unknown"}},{"type":"Feature","geometry":{"type":"Point","coordinates":[-81.80284,26.64628]},"properties":{"probability":0.054,"inBuffer":false,"facType":"unknown"}},{"type":"Feature","geometry":{"type":"Point","coordinates":[-81.79385,26.64628]},"properties":{"probability":0.189,"inBuffer":false,"facType":"unknown"}},{"type":"Feature","geometry":{"type":"Point","coordinates":[-81.78936,26.64628]},"properties":{"probability":0.192,"inBuffer":false,"facType":"unknown"}},{"type":"Feature","geometry":{"type":"Point","coordinates":[-81.72648,26.64628]},"properties":{"probability":0.13,"inBuffer":false,"facType":"unknown"}},{"type":"Feature","geometry":{"type":"Point","coordinates":[-81.72199,26.64628]},"properties":{"probability":0.189,"inBuffer":false,"facType":"unknown"}},{"type":"Feature","geometry":{"type":"Point","coordinates":[-82.01843,26.64179]},"properties":{"probability":0.132,"inBuffer":false,"facType":"unknown"}},{"type":"Feature","geometry":{"type":"Point","coordinates":[-82.01394,26.64179]},"properties":{"probability":0.133,"inBuffer":false,"facType":"unknown"}},{"type":"Feature","geometry":{"type":"Point","coordinates":[-82.00945,26.64179]},"properties":{"probability":0.137,"inBuffer":false,"facType":"unknown"}},{"type":"Feature","geometry":{"type":"Point","coordinates":[-82.00496,26.64179]},"properties":{"probability":0.194,"inBuffer":false,"facType":"unknown"}},{"type":"Feature","geometry":{"type":"Point","coordinates":[-82.00046,26.64179]},"properties":{"probability":0.241,"inBuffer":false,"facType":"unknown"}},{"type":"Feature","geometry":{"type":"Point","coordinates":[-81.99597,26.64179]},"properties":{"probability":0.254,"inBuffer":false,"facType":"unknown"}},{"type":"Feature","geometry":{"type":"Point","coordinates":[-81.99148,26.64179]},"properties":{"probability":0.252,"inBuffer":false,"facType":"unknown"}},{"type":"Feature","geometry":{"type":"Point","coordinates":[-81.98699,26.64179]},"properties":{"probability":0.265,"inBuffer":false,"facType":"unknown"}},{"type":"Feature","geometry":{"type":"Point","coordinates":[-81.9825,26.64179]},"properties":{"probability":0.25,"inBuffer":false,"facType":"unknown"}},{"type":"Feature","geometry":{"type":"Point","coordinates":[-81.97801,26.64179]},"properties":{"probability":0.247,"inBuffer":false,"facType":"unknown"}},{"type":"Feature","geometry":{"type":"Point","coordinates":[-81.97352,26.64179]},"properties":{"probability":0.189,"inBuffer":false,"facType":"unknown"}},{"type":"Feature","geometry":{"type":"Point","coordinates":[-81.96902,26.64179]},"properties":{"probability":0.153,"inBuffer":false,"facType":"unknown"}},{"type":"Feature","geometry":{"type":"Point","coordinates":[-81.96004,26.64179]},"properties":{"probability":0.051,"inBuffer":false,"facType":"unknown"}},{"type":"Feature","geometry":{"type":"Point","coordinates":[-81.94657,26.64179]},"properties":{"probability":0.895,"inBuffer":false,"facType":"unknown"}},{"type":"Feature","geometry":{"type":"Point","coordinates":[-81.94207,26.64179]},"properties":{"probability":0.906,"inBuffer":false,"facType":"unknown"}},{"type":"Feature","geometry":{"type":"Point","coordinates":[-81.93758,26.64179]},"properties":{"probability":0.895,"inBuffer":false,"facType":"unknown"}},{"type":"Feature","geometry":{"type":"Point","coordinates":[-81.93309,26.64179]},"properties":{"probability":0.318,"inBuffer":false,"facType":"unknown"}},{"type":"Feature","geometry":{"type":"Point","coordinates":[-81.90165,26.64179]},"properties":{"probability":0.189,"inBuffer":false,"facType":"unknown"}},{"type":"Feature","geometry":{"type":"Point","coordinates":[-81.89716,26.64179]},"properties":{"probability":0.212,"inBuffer":false,"facType":"unknown"}},{"type":"Feature","geometry":{"type":"Point","coordinates":[-81.88368,26.64179]},"properties":{"probability":0.836,"inBuffer":false,"facType":"unknown"}},{"type":"Feature","geometry":{"type":"Point","coordinates":[-81.87919,26.64179]},"properties":{"probability":0.847,"inBuffer":false,"facType":"unknown"}},{"type":"Feature","geometry":{"type":"Point","coordinates":[-81.8747,26.64179]},"properties":{"probability":0.949,"inBuffer":false,"facType":"unknown"}},{"type":"Feature","geometry":{"type":"Point","coordinates":[-81.87021,26.64179]},"properties":{"probability":0.952,"inBuffer":false,"facType":"unknown"}},{"type":"Feature","geometry":{"type":"Point","coordinates":[-81.86572,26.64179]},"properties":{"probability":0.61,"inBuffer":false,"facType":"unknown"}},{"type":"Feature","geometry":{"type":"Point","coordinates":[-81.86123,26.64179]},"properties":{"probability":0.537,"inBuffer":false,"facType":"unknown"}},{"type":"Feature","geometry":{"type":"Point","coordinates":[-81.85673,26.64179]},"properties":{"probability":0.445,"inBuffer":false,"facType":"unknown"}},{"type":"Feature","geometry":{"type":"Point","coordinates":[-81.85224,26.64179]},"properties":{"probability":0.227,"inBuffer":false,"facType":"unknown"}},{"type":"Feature","geometry":{"type":"Point","coordinates":[-81.84775,26.64179]},"properties":{"probability":0.273,"inBuffer":false,"facType":"unknown"}},{"type":"Feature","geometry":{"type":"Point","coordinates":[-81.84326,26.64179]},"properties":{"probability":0.93,"inBuffer":false,"facType":"unknown"}},{"type":"Feature","geometry":{"type":"Point","coordinates":[-81.83877,26.64179]},"properties":{"probability":0.937,"inBuffer":false,"facType":"unknown"}},{"type":"Feature","geometry":{"type":"Point","coordinates":[-81.83428,26.64179]},"properties":{"probability":0.937,"inBuffer":false,"facType":"unknown"}},{"type":"Feature","geometry":{"type":"Point","coordinates":[-81.82979,26.64179]},"properties":{"probability":0.939,"inBuffer":false,"facType":"unknown"}},{"type":"Feature","geometry":{"type":"Point","coordinates":[-81.82529,26.64179]},"properties":{"probability":0.943,"inBuffer":false,"facType":"unknown"}},{"type":"Feature","geometry":{"type":"Point","coordinates":[-81.8208,26.64179]},"properties":{"probability":0.937,"inBuffer":false,"facType":"unknown"}},{"type":"Feature","geometry":{"type":"Point","coordinates":[-81.81631,26.64179]},"properties":{"probability":0.924,"inBuffer":false,"facType":"unknown"}},{"type":"Feature","geometry":{"type":"Point","coordinates":[-81.81182,26.64179]},"properties":{"probability":0.279,"inBuffer":false,"facType":"unknown"}},{"type":"Feature","geometry":{"type":"Point","coordinates":[-81.80733,26.64179]},"properties":{"probability":0.23,"inBuffer":false,"facType":"unknown"}},{"type":"Feature","geometry":{"type":"Point","coordinates":[-81.80284,26.64179]},"properties":{"probability":0.196,"inBuffer":false,"facType":"unknown"}},{"type":"Feature","geometry":{"type":"Point","coordinates":[-81.79834,26.64179]},"properties":{"probability":0.192,"inBuffer":false,"facType":"unknown"}},{"type":"Feature","geometry":{"type":"Point","coordinates":[-81.7669,26.64179]},"properties":{"probability":0.198,"inBuffer":false,"facType":"unknown"}},{"type":"Feature","geometry":{"type":"Point","coordinates":[-82.01843,26.63729]},"properties":{"probability":0.142,"inBuffer":false,"facType":"unknown"}},{"type":"Feature","geometry":{"type":"Point","coordinates":[-82.01394,26.63729]},"properties":{"probability":0.141,"inBuffer":false,"facType":"unknown"}},{"type":"Feature","geometry":{"type":"Point","coordinates":[-82.00945,26.63729]},"properties":{"probability":0.158,"inBuffer":false,"facType":"unknown"}},{"type":"Feature","geometry":{"type":"Point","coordinates":[-82.00496,26.63729]},"properties":{"probability":0.178,"inBuffer":false,"facType":"unknown"}},{"type":"Feature","geometry":{"type":"Point","coordinates":[-82.00046,26.63729]},"properties":{"probability":0.179,"inBuffer":false,"facType":"unknown"}},{"type":"Feature","geometry":{"type":"Point","coordinates":[-81.99597,26.63729]},"properties":{"probability":0.162,"inBuffer":false,"facType":"unknown"}},{"type":"Feature","geometry":{"type":"Point","coordinates":[-81.99148,26.63729]},"properties":{"probability":0.156,"inBuffer":false,"facType":"unknown"}},{"type":"Feature","geometry":{"type":"Point","coordinates":[-81.98699,26.63729]},"properties":{"probability":0.136,"inBuffer":false,"facType":"unknown"}},{"type":"Feature","geometry":{"type":"Point","coordinates":[-81.9825,26.63729]},"properties":{"probability":0.146,"inBuffer":false,"facType":"unknown"}},{"type":"Feature","geometry":{"type":"Point","coordinates":[-81.97352,26.63729]},"properties":{"probability":0.178,"inBuffer":false,"facType":"unknown"}},{"type":"Feature","geometry":{"type":"Point","coordinates":[-81.96902,26.63729]},"properties":{"probability":0.179,"inBuffer":false,"facType":"unknown"}},{"type":"Feature","geometry":{"type":"Point","coordinates":[-81.96453,26.63729]},"properties":{"probability":0.057,"inBuffer":false,"facType":"unknown"}},{"type":"Feature","geometry":{"type":"Point","coordinates":[-81.96004,26.63729]},"properties":{"probability":0.36,"inBuffer":false,"facType":"unknown"}},{"type":"Feature","geometry":{"type":"Point","coordinates":[-81.95555,26.63729]},"properties":{"probability":0.419,"inBuffer":false,"facType":"unknown"}},{"type":"Feature","geometry":{"type":"Point","coordinates":[-81.95106,26.63729]},"properties":{"probability":0.422,"inBuffer":false,"facType":"unknown"}},{"type":"Feature","geometry":{"type":"Point","coordinates":[-81.94657,26.63729]},"properties":{"probability":0.541,"inBuffer":false,"facType":"unknown"}},{"type":"Feature","geometry":{"type":"Point","coordinates":[-81.94207,26.63729]},"properties":{"probability":0.545,"inBuffer":false,"facType":"unknown"}},{"type":"Feature","geometry":{"type":"Point","coordinates":[-81.93758,26.63729]},"properties":{"probability":0.922,"inBuffer":false,"facType":"unknown"}},{"type":"Feature","geometry":{"type":"Point","coordinates":[-81.93309,26.63729]},"properties":{"probability":0.355,"inBuffer":false,"facType":"unknown"}},{"type":"Feature","geometry":{"type":"Point","coordinates":[-81.9286,26.63729]},"properties":{"probability":0.217,"inBuffer":false,"facType":"unknown"}},{"type":"Feature","geometry":{"type":"Point","coordinates":[-81.88818,26.63729]},"properties":{"probability":0.4,"inBuffer":false,"facType":"unknown"}},{"type":"Feature","geometry":{"type":"Point","coordinates":[-81.88368,26.63729]},"properties":{"probability":0.899,"inBuffer":false,"facType":"unknown"}},{"type":"Feature","geometry":{"type":"Point","coordinates":[-81.87919,26.63729]},"properties":{"probability":0.941,"inBuffer":false,"facType":"unknown"}},{"type":"Feature","geometry":{"type":"Point","coordinates":[-81.8747,26.63729]},"properties":{"probability":0.948,"inBuffer":false,"facType":"unknown"}},{"type":"Feature","geometry":{"type":"Point","coordinates":[-81.87021,26.63729]},"properties":{"probability":0.947,"inBuffer":false,"facType":"unknown"}},{"type":"Feature","geometry":{"type":"Point","coordinates":[-81.86572,26.63729]},"properties":{"probability":0.948,"inBuffer":false,"facType":"unknown"}},{"type":"Feature","geometry":{"type":"Point","coordinates":[-81.86123,26.63729]},"properties":{"probability":0.547,"inBuffer":false,"facType":"unknown"}},{"type":"Feature","geometry":{"type":"Point","coordinates":[-81.85673,26.63729]},"properties":{"probability":0.533,"inBuffer":false,"facType":"unknown"}},{"type":"Feature","geometry":{"type":"Point","coordinates":[-81.85224,26.63729]},"properties":{"probability":0.113,"inBuffer":false,"facType":"unknown"}},{"type":"Feature","geometry":{"type":"Point","coordinates":[-81.84775,26.63729]},"properties":{"probability":0.278,"inBuffer":false,"facType":"unknown"}},{"type":"Feature","geometry":{"type":"Point","coordinates":[-81.84326,26.63729]},"properties":{"probability":0.265,"inBuffer":false,"facType":"unknown"}},{"type":"Feature","geometry":{"type":"Point","coordinates":[-81.83877,26.63729]},"properties":{"probability":0.911,"inBuffer":false,"facType":"unknown"}},{"type":"Feature","geometry":{"type":"Point","coordinates":[-81.83428,26.63729]},"properties":{"probability":0.939,"inBuffer":false,"facType":"unknown"}},{"type":"Feature","geometry":{"type":"Point","coordinates":[-81.82979,26.63729]},"properties":{"probability":0.301,"inBuffer":false,"facType":"unknown"}},{"type":"Feature","geometry":{"type":"Point","coordinates":[-81.82529,26.63729]},"properties":{"probability":0.923,"inBuffer":false,"facType":"unknown"}},{"type":"Feature","geometry":{"type":"Point","coordinates":[-81.8208,26.63729]},"properties":{"probability":0.881,"inBuffer":false,"facType":"unknown"}},{"type":"Feature","geometry":{"type":"Point","coordinates":[-81.81631,26.63729]},"properties":{"probability":0.914,"inBuffer":false,"facType":"unknown"}},{"type":"Feature","geometry":{"type":"Point","coordinates":[-81.81182,26.63729]},"properties":{"probability":0.943,"inBuffer":false,"facType":"unknown"}},{"type":"Feature","geometry":{"type":"Point","coordinates":[-81.80733,26.63729]},"properties":{"probability":0.944,"inBuffer":false,"facType":"unknown"}},{"type":"Feature","geometry":{"type":"Point","coordinates":[-81.80284,26.63729]},"properties":{"probability":0.423,"inBuffer":false,"facType":"unknown"}},{"type":"Feature","geometry":{"type":"Point","coordinates":[-81.79834,26.63729]},"properties":{"probability":0.385,"inBuffer":false,"facType":"unknown"}},{"type":"Feature","geometry":{"type":"Point","coordinates":[-81.79385,26.63729]},"properties":{"probability":0.361,"inBuffer":false,"facType":"unknown"}},{"type":"Feature","geometry":{"type":"Point","coordinates":[-81.78936,26.63729]},"properties":{"probability":0.193,"inBuffer":false,"facType":"unknown"}},{"type":"Feature","geometry":{"type":"Point","coordinates":[-81.7669,26.63729]},"properties":{"probability":0.212,"inBuffer":false,"facType":"unknown"}},{"type":"Feature","geometry":{"type":"Point","coordinates":[-81.76241,26.63729]},"properties":{"probability":0.867,"inBuffer":false,"facType":"unknown"}},{"type":"Feature","geometry":{"type":"Point","coordinates":[-81.75792,26.63729]},"properties":{"probability":0.834,"inBuffer":false,"facType":"unknown"}},{"type":"Feature","geometry":{"type":"Point","coordinates":[-81.75343,26.63729]},"properties":{"probability":0.313,"inBuffer":false,"facType":"unknown"}},{"type":"Feature","geometry":{"type":"Point","coordinates":[-81.74894,26.63729]},"properties":{"probability":0.192,"inBuffer":false,"facType":"unknown"}},{"type":"Feature","geometry":{"type":"Point","coordinates":[-81.74445,26.63729]},"properties":{"probability":0.189,"inBuffer":false,"facType":"unknown"}},{"type":"Feature","geometry":{"type":"Point","coordinates":[-81.73995,26.63729]},"properties":{"probability":0.189,"inBuffer":false,"facType":"unknown"}},{"type":"Feature","geometry":{"type":"Point","coordinates":[-81.73546,26.63729]},"properties":{"probability":0.129,"inBuffer":false,"facType":"unknown"}},{"type":"Feature","geometry":{"type":"Point","coordinates":[-81.73097,26.63729]},"properties":{"probability":0.194,"inBuffer":false,"facType":"unknown"}},{"type":"Feature","geometry":{"type":"Point","coordinates":[-81.72648,26.63729]},"properties":{"probability":0.194,"inBuffer":false,"facType":"unknown"}},{"type":"Feature","geometry":{"type":"Point","coordinates":[-81.72199,26.63729]},"properties":{"probability":0.192,"inBuffer":false,"facType":"unknown"}},{"type":"Feature","geometry":{"type":"Point","coordinates":[-82.01843,26.6328]},"properties":{"probability":0.133,"inBuffer":false,"facType":"unknown"}},{"type":"Feature","geometry":{"type":"Point","coordinates":[-82.01394,26.6328]},"properties":{"probability":0.134,"inBuffer":false,"facType":"unknown"}},{"type":"Feature","geometry":{"type":"Point","coordinates":[-82.00945,26.6328]},"properties":{"probability":0.14,"inBuffer":false,"facType":"unknown"}},{"type":"Feature","geometry":{"type":"Point","coordinates":[-82.00496,26.6328]},"properties":{"probability":0.142,"inBuffer":false,"facType":"unknown"}},{"type":"Feature","geometry":{"type":"Point","coordinates":[-82.00046,26.6328]},"properties":{"probability":0.135,"inBuffer":false,"facType":"unknown"}},{"type":"Feature","geometry":{"type":"Point","coordinates":[-81.99597,26.6328]},"properties":{"probability":0.138,"inBuffer":false,"facType":"unknown"}},{"type":"Feature","geometry":{"type":"Point","coordinates":[-81.99148,26.6328]},"properties":{"probability":0.14,"inBuffer":false,"facType":"unknown"}},{"type":"Feature","geometry":{"type":"Point","coordinates":[-81.97801,26.6328]},"properties":{"probability":0.061,"inBuffer":false,"facType":"unknown"}},{"type":"Feature","geometry":{"type":"Point","coordinates":[-81.97352,26.6328]},"properties":{"probability":0.06,"inBuffer":false,"facType":"unknown"}},{"type":"Feature","geometry":{"type":"Point","coordinates":[-81.96902,26.6328]},"properties":{"probability":0.893,"inBuffer":false,"facType":"unknown"}},{"type":"Feature","geometry":{"type":"Point","coordinates":[-81.96453,26.6328]},"properties":{"probability":0.912,"inBuffer":false,"facType":"unknown"}},{"type":"Feature","geometry":{"type":"Point","coordinates":[-81.96004,26.6328]},"properties":{"probability":0.405,"inBuffer":false,"facType":"unknown"}},{"type":"Feature","geometry":{"type":"Point","coordinates":[-81.95555,26.6328]},"properties":{"probability":0.435,"inBuffer":false,"facType":"unknown"}},{"type":"Feature","geometry":{"type":"Point","coordinates":[-81.95106,26.6328]},"properties":{"probability":0.279,"inBuffer":false,"facType":"unknown"}},{"type":"Feature","geometry":{"type":"Point","coordinates":[-81.94657,26.6328]},"properties":{"probability":0.387,"inBuffer":false,"facType":"unknown"}},{"type":"Feature","geometry":{"type":"Point","coordinates":[-81.94207,26.6328]},"properties":{"probability":0.383,"inBuffer":false,"facType":"unknown"}},{"type":"Feature","geometry":{"type":"Point","coordinates":[-81.93758,26.6328]},"properties":{"probability":0.072,"inBuffer":false,"facType":"unknown"}},{"type":"Feature","geometry":{"type":"Point","coordinates":[-81.88818,26.6328]},"properties":{"probability":0.23,"inBuffer":false,"facType":"unknown"}},{"type":"Feature","geometry":{"type":"Point","coordinates":[-81.88368,26.6328]},"properties":{"probability":0.889,"inBuffer":false,"facType":"unknown"}},{"type":"Feature","geometry":{"type":"Point","coordinates":[-81.87919,26.6328]},"properties":{"probability":0.928,"inBuffer":false,"facType":"unknown"}},{"type":"Feature","geometry":{"type":"Point","coordinates":[-81.8747,26.6328]},"properties":{"probability":0.946,"inBuffer":false,"facType":"unknown"}},{"type":"Feature","geometry":{"type":"Point","coordinates":[-81.87021,26.6328]},"properties":{"probability":0.938,"inBuffer":false,"facType":"unknown"}},{"type":"Feature","geometry":{"type":"Point","coordinates":[-81.86572,26.6328]},"properties":{"probability":0.943,"inBuffer":false,"facType":"unknown"}},{"type":"Feature","geometry":{"type":"Point","coordinates":[-81.86123,26.6328]},"properties":{"probability":0.132,"inBuffer":false,"facType":"unknown"}},{"type":"Feature","geometry":{"type":"Point","coordinates":[-81.85673,26.6328]},"properties":{"probability":0.13,"inBuffer":false,"facType":"unknown"}},{"type":"Feature","geometry":{"type":"Point","coordinates":[-81.85224,26.6328]},"properties":{"probability":0.119,"inBuffer":false,"facType":"unknown"}},{"type":"Feature","geometry":{"type":"Point","coordinates":[-81.84775,26.6328]},"properties":{"probability":0.069,"inBuffer":false,"facType":"unknown"}},{"type":"Feature","geometry":{"type":"Point","coordinates":[-81.84326,26.6328]},"properties":{"probability":0.262,"inBuffer":false,"facType":"unknown"}},{"type":"Feature","geometry":{"type":"Point","coordinates":[-81.83877,26.6328]},"properties":{"probability":0.264,"inBuffer":false,"facType":"unknown"}},{"type":"Feature","geometry":{"type":"Point","coordinates":[-81.83428,26.6328]},"properties":{"probability":0.117,"inBuffer":false,"facType":"unknown"}},{"type":"Feature","geometry":{"type":"Point","coordinates":[-81.82979,26.6328]},"properties":{"probability":0.473,"inBuffer":false,"facType":"unknown"}},{"type":"Feature","geometry":{"type":"Point","coordinates":[-81.82529,26.6328]},"properties":{"probability":0.348,"inBuffer":false,"facType":"unknown"}},{"type":"Feature","geometry":{"type":"Point","coordinates":[-81.8208,26.6328]},"properties":{"probability":0.061,"inBuffer":false,"facType":"unknown"}},{"type":"Feature","geometry":{"type":"Point","coordinates":[-81.81631,26.6328]},"properties":{"probability":0.916,"inBuffer":false,"facType":"unknown"}},{"type":"Feature","geometry":{"type":"Point","coordinates":[-81.81182,26.6328]},"properties":{"probability":0.931,"inBuffer":false,"facType":"unknown"}},{"type":"Feature","geometry":{"type":"Point","coordinates":[-81.80733,26.6328]},"properties":{"probability":0.933,"inBuffer":false,"facType":"unknown"}},{"type":"Feature","geometry":{"type":"Point","coordinates":[-81.80284,26.6328]},"properties":{"probability":0.926,"inBuffer":false,"facType":"unknown"}},{"type":"Feature","geometry":{"type":"Point","coordinates":[-81.79834,26.6328]},"properties":{"probability":0.911,"inBuffer":false,"facType":"unknown"}},{"type":"Feature","geometry":{"type":"Point","coordinates":[-81.79385,26.6328]},"properties":{"probability":0.399,"inBuffer":false,"facType":"unknown"}},{"type":"Feature","geometry":{"type":"Point","coordinates":[-81.78936,26.6328]},"properties":{"probability":0.228,"inBuffer":false,"facType":"unknown"}},{"type":"Feature","geometry":{"type":"Point","coordinates":[-81.7669,26.6328]},"properties":{"probability":0.85,"inBuffer":false,"facType":"unknown"}},{"type":"Feature","geometry":{"type":"Point","coordinates":[-81.76241,26.6328]},"properties":{"probability":0.908,"inBuffer":false,"facType":"unknown"}},{"type":"Feature","geometry":{"type":"Point","coordinates":[-81.75792,26.6328]},"properties":{"probability":0.837,"inBuffer":false,"facType":"unknown"}},{"type":"Feature","geometry":{"type":"Point","coordinates":[-81.75343,26.6328]},"properties":{"probability":0.317,"inBuffer":false,"facType":"unknown"}},{"type":"Feature","geometry":{"type":"Point","coordinates":[-81.74894,26.6328]},"properties":{"probability":0.316,"inBuffer":false,"facType":"unknown"}},{"type":"Feature","geometry":{"type":"Point","coordinates":[-81.74445,26.6328]},"properties":{"probability":0.199,"inBuffer":false,"facType":"unknown"}},{"type":"Feature","geometry":{"type":"Point","coordinates":[-81.73097,26.6328]},"properties":{"probability":0.197,"inBuffer":false,"facType":"unknown"}},{"type":"Feature","geometry":{"type":"Point","coordinates":[-81.72648,26.6328]},"properties":{"probability":0.197,"inBuffer":false,"facType":"unknown"}},{"type":"Feature","geometry":{"type":"Point","coordinates":[-81.72199,26.6328]},"properties":{"probability":0.196,"inBuffer":false,"facType":"unknown"}},{"type":"Feature","geometry":{"type":"Point","coordinates":[-82.01843,26.62831]},"properties":{"probability":0.141,"inBuffer":false,"facType":"unknown"}},{"type":"Feature","geometry":{"type":"Point","coordinates":[-82.01394,26.62831]},"properties":{"probability":0.153,"inBuffer":false,"facType":"unknown"}},{"type":"Feature","geometry":{"type":"Point","coordinates":[-82.00945,26.62831]},"properties":{"probability":0.181,"inBuffer":false,"facType":"unknown"}},{"type":"Feature","geometry":{"type":"Point","coordinates":[-82.00496,26.62831]},"properties":{"probability":0.17,"inBuffer":false,"facType":"unknown"}},{"type":"Feature","geometry":{"type":"Point","coordinates":[-82.00046,26.62831]},"properties":{"probability":0.137,"inBuffer":false,"facType":"unknown"}},{"type":"Feature","geometry":{"type":"Point","coordinates":[-81.97801,26.62831]},"properties":{"probability":0.223,"inBuffer":false,"facType":"unknown"}},{"type":"Feature","geometry":{"type":"Point","coordinates":[-81.97352,26.62831]},"properties":{"probability":0.331,"inBuffer":false,"facType":"unknown"}},{"type":"Feature","geometry":{"type":"Point","coordinates":[-81.96902,26.62831]},"properties":{"probability":0.889,"inBuffer":false,"facType":"unknown"}},{"type":"Feature","geometry":{"type":"Point","coordinates":[-81.96453,26.62831]},"properties":{"probability":0.889,"inBuffer":false,"facType":"unknown"}},{"type":"Feature","geometry":{"type":"Point","coordinates":[-81.96004,26.62831]},"properties":{"probability":0.911,"inBuffer":false,"facType":"unknown"}},{"type":"Feature","geometry":{"type":"Point","coordinates":[-81.95555,26.62831]},"properties":{"probability":0.327,"inBuffer":false,"facType":"unknown"}},{"type":"Feature","geometry":{"type":"Point","coordinates":[-81.95106,26.62831]},"properties":{"probability":0.056,"inBuffer":false,"facType":"unknown"}},{"type":"Feature","geometry":{"type":"Point","coordinates":[-81.94657,26.62831]},"properties":{"probability":0.07,"inBuffer":false,"facType":"unknown"}},{"type":"Feature","geometry":{"type":"Point","coordinates":[-81.94207,26.62831]},"properties":{"probability":0.421,"inBuffer":false,"facType":"unknown"}},{"type":"Feature","geometry":{"type":"Point","coordinates":[-81.93758,26.62831]},"properties":{"probability":0.399,"inBuffer":false,"facType":"unknown"}},{"type":"Feature","geometry":{"type":"Point","coordinates":[-81.93309,26.62831]},"properties":{"probability":0.112,"inBuffer":false,"facType":"unknown"}},{"type":"Feature","geometry":{"type":"Point","coordinates":[-81.88818,26.62831]},"properties":{"probability":0.154,"inBuffer":false,"facType":"unknown"}},{"type":"Feature","geometry":{"type":"Point","coordinates":[-81.88368,26.62831]},"properties":{"probability":0.371,"inBuffer":false,"facType":"unknown"}},{"type":"Feature","geometry":{"type":"Point","coordinates":[-81.87919,26.62831]},"properties":{"probability":0.913,"inBuffer":false,"facType":"unknown"}},{"type":"Feature","geometry":{"type":"Point","coordinates":[-81.8747,26.62831]},"properties":{"probability":0.945,"inBuffer":false,"facType":"unknown"}},{"type":"Feature","geometry":{"type":"Point","coordinates":[-81.87021,26.62831]},"properties":{"probability":0.937,"inBuffer":false,"facType":"unknown"}},{"type":"Feature","geometry":{"type":"Point","coordinates":[-81.86572,26.62831]},"properties":{"probability":0.407,"inBuffer":false,"facType":"unknown"}},{"type":"Feature","geometry":{"type":"Point","coordinates":[-81.86123,26.62831]},"properties":{"probability":0.319,"inBuffer":false,"facType":"unknown"}},{"type":"Feature","geometry":{"type":"Point","coordinates":[-81.85673,26.62831]},"properties":{"probability":0.124,"inBuffer":false,"facType":"unknown"}},{"type":"Feature","geometry":{"type":"Point","coordinates":[-81.85224,26.62831]},"properties":{"probability":0.121,"inBuffer":false,"facType":"unknown"}},{"type":"Feature","geometry":{"type":"Point","coordinates":[-81.84775,26.62831]},"properties":{"probability":0.325,"inBuffer":false,"facType":"unknown"}},{"type":"Feature","geometry":{"type":"Point","coordinates":[-81.84326,26.62831]},"properties":{"probability":0.082,"inBuffer":false,"facType":"unknown"}},{"type":"Feature","geometry":{"type":"Point","coordinates":[-81.83877,26.62831]},"properties":{"probability":0.072,"inBuffer":false,"facType":"unknown"}},{"type":"Feature","geometry":{"type":"Point","coordinates":[-81.83428,26.62831]},"properties":{"probability":0.087,"inBuffer":false,"facType":"unknown"}},{"type":"Feature","geometry":{"type":"Point","coordinates":[-81.82979,26.62831]},"properties":{"probability":0.5,"inBuffer":false,"facType":"unknown"}},{"type":"Feature","geometry":{"type":"Point","coordinates":[-81.82529,26.62831]},"properties":{"probability":0.372,"inBuffer":false,"facType":"unknown"}},{"type":"Feature","geometry":{"type":"Point","coordinates":[-81.8208,26.62831]},"properties":{"probability":0.211,"inBuffer":false,"facType":"unknown"}},{"type":"Feature","geometry":{"type":"Point","coordinates":[-81.81631,26.62831]},"properties":{"probability":0.212,"inBuffer":false,"facType":"unknown"}},{"type":"Feature","geometry":{"type":"Point","coordinates":[-81.81182,26.62831]},"properties":{"probability":0.895,"inBuffer":false,"facType":"unknown"}},{"type":"Feature","geometry":{"type":"Point","coordinates":[-81.80733,26.62831]},"properties":{"probability":0.909,"inBuffer":false,"facType":"unknown"}},{"type":"Feature","geometry":{"type":"Point","coordinates":[-81.80284,26.62831]},"properties":{"probability":0.912,"inBuffer":false,"facType":"unknown"}},{"type":"Feature","geometry":{"type":"Point","coordinates":[-81.79834,26.62831]},"properties":{"probability":0.913,"inBuffer":false,"facType":"unknown"}},{"type":"Feature","geometry":{"type":"Point","coordinates":[-81.79385,26.62831]},"properties":{"probability":0.383,"inBuffer":false,"facType":"unknown"}},{"type":"Feature","geometry":{"type":"Point","coordinates":[-81.78936,26.62831]},"properties":{"probability":0.234,"inBuffer":false,"facType":"unknown"}},{"type":"Feature","geometry":{"type":"Point","coordinates":[-81.77589,26.62831]},"properties":{"probability":0.108,"inBuffer":false,"facType":"unknown"}},{"type":"Feature","geometry":{"type":"Point","coordinates":[-81.77139,26.62831]},"properties":{"probability":0.227,"inBuffer":false,"facType":"unknown"}},{"type":"Feature","geometry":{"type":"Point","coordinates":[-81.7669,26.62831]},"properties":{"probability":0.315,"inBuffer":false,"facType":"unknown"}},{"type":"Feature","geometry":{"type":"Point","coordinates":[-81.76241,26.62831]},"properties":{"probability":0.26,"inBuffer":false,"facType":"unknown"}},{"type":"Feature","geometry":{"type":"Point","coordinates":[-81.75792,26.62831]},"properties":{"probability":0.213,"inBuffer":false,"facType":"unknown"}},{"type":"Feature","geometry":{"type":"Point","coordinates":[-81.73546,26.62831]},"properties":{"probability":0.137,"inBuffer":false,"facType":"unknown"}},{"type":"Feature","geometry":{"type":"Point","coordinates":[-81.73097,26.62831]},"properties":{"probability":0.135,"inBuffer":false,"facType":"unknown"}},{"type":"Feature","geometry":{"type":"Point","coordinates":[-81.72648,26.62831]},"properties":{"probability":0.137,"inBuffer":false,"facType":"unknown"}},{"type":"Feature","geometry":{"type":"Point","coordinates":[-81.72199,26.62831]},"properties":{"probability":0.199,"inBuffer":false,"facType":"unknown"}},{"type":"Feature","geometry":{"type":"Point","coordinates":[-82.01843,26.62382]},"properties":{"probability":0.162,"inBuffer":false,"facType":"unknown"}},{"type":"Feature","geometry":{"type":"Point","coordinates":[-82.01394,26.62382]},"properties":{"probability":0.176,"inBuffer":false,"facType":"unknown"}},{"type":"Feature","geometry":{"type":"Point","coordinates":[-82.00945,26.62382]},"properties":{"probability":0.051,"inBuffer":false,"facType":"unknown"}},{"type":"Feature","geometry":{"type":"Point","coordinates":[-82.00496,26.62382]},"properties":{"probability":0.05,"inBuffer":false,"facType":"unknown"}},{"type":"Feature","geometry":{"type":"Point","coordinates":[-81.9825,26.62382]},"properties":{"probability":0.05,"inBuffer":false,"facType":"unknown"}},{"type":"Feature","geometry":{"type":"Point","coordinates":[-81.97801,26.62382]},"properties":{"probability":0.343,"inBuffer":false,"facType":"unknown"}},{"type":"Feature","geometry":{"type":"Point","coordinates":[-81.97352,26.62382]},"properties":{"probability":0.329,"inBuffer":false,"facType":"unknown"}},{"type":"Feature","geometry":{"type":"Point","coordinates":[-81.96902,26.62382]},"properties":{"probability":0.24,"inBuffer":false,"facType":"unknown"}},{"type":"Feature","geometry":{"type":"Point","coordinates":[-81.96453,26.62382]},"properties":{"probability":0.842,"inBuffer":false,"facType":"unknown"}},{"type":"Feature","geometry":{"type":"Point","coordinates":[-81.96004,26.62382]},"properties":{"probability":0.861,"inBuffer":false,"facType":"unknown"}},{"type":"Feature","geometry":{"type":"Point","coordinates":[-81.95555,26.62382]},"properties":{"probability":0.212,"inBuffer":false,"facType":"unknown"}},{"type":"Feature","geometry":{"type":"Point","coordinates":[-81.94657,26.62382]},"properties":{"probability":0.069,"inBuffer":false,"facType":"unknown"}},{"type":"Feature","geometry":{"type":"Point","coordinates":[-81.94207,26.62382]},"properties":{"probability":0.54,"inBuffer":false,"facType":"unknown"}},{"type":"Feature","geometry":{"type":"Point","coordinates":[-81.93758,26.62382]},"properties":{"probability":0.549,"inBuffer":false,"facType":"unknown"}},{"type":"Feature","geometry":{"type":"Point","coordinates":[-81.93309,26.62382]},"properties":{"probability":0.229,"inBuffer":false,"facType":"unknown"}},{"type":"Feature","geometry":{"type":"Point","coordinates":[-81.89267,26.62382]},"properties":{"probability":0.21,"inBuffer":false,"facType":"unknown"}},{"type":"Feature","geometry":{"type":"Point","coordinates":[-81.88818,26.62382]},"properties":{"probability":0.195,"inBuffer":false,"facType":"unknown"}},{"type":"Feature","geometry":{"type":"Point","coordinates":[-81.88368,26.62382]},"properties":{"probability":0.369,"inBuffer":false,"facType":"unknown"}},{"type":"Feature","geometry":{"type":"Point","coordinates":[-81.87919,26.62382]},"properties":{"probability":0.892,"inBuffer":false,"facType":"unknown"}},{"type":"Feature","geometry":{"type":"Point","coordinates":[-81.8747,26.62382]},"properties":{"probability":0.937,"inBuffer":false,"facType":"unknown"}},{"type":"Feature","geometry":{"type":"Point","coordinates":[-81.87021,26.62382]},"properties":{"probability":0.936,"inBuffer":false,"facType":"unknown"}},{"type":"Feature","geometry":{"type":"Point","coordinates":[-81.86572,26.62382]},"properties":{"probability":0.423,"inBuffer":false,"facType":"unknown"}},{"type":"Feature","geometry":{"type":"Point","coordinates":[-81.86123,26.62382]},"properties":{"probability":0.114,"inBuffer":false,"facType":"unknown"}},{"type":"Feature","geometry":{"type":"Point","coordinates":[-81.85673,26.62382]},"properties":{"probability":0.111,"inBuffer":false,"facType":"unknown"}},{"type":"Feature","geometry":{"type":"Point","coordinates":[-81.85224,26.62382]},"properties":{"probability":0.517,"inBuffer":false,"facType":"unknown"}},{"type":"Feature","geometry":{"type":"Point","coordinates":[-81.84775,26.62382]},"properties":{"probability":0.547,"inBuffer":false,"facType":"unknown"}},{"type":"Feature","geometry":{"type":"Point","coordinates":[-81.84326,26.62382]},"properties":{"probability":0.475,"inBuffer":false,"facType":"unknown"}},{"type":"Feature","geometry":{"type":"Point","coordinates":[-81.83877,26.62382]},"properties":{"probability":0.095,"inBuffer":false,"facType":"unknown"}},{"type":"Feature","geometry":{"type":"Point","coordinates":[-81.83428,26.62382]},"properties":{"probability":0.071,"inBuffer":false,"facType":"unknown"}},{"type":"Feature","geometry":{"type":"Point","coordinates":[-81.82979,26.62382]},"properties":{"probability":0.353,"inBuffer":false,"facType":"unknown"}},{"type":"Feature","geometry":{"type":"Point","coordinates":[-81.82529,26.62382]},"properties":{"probability":0.35,"inBuffer":false,"facType":"unknown"}},{"type":"Feature","geometry":{"type":"Point","coordinates":[-81.81182,26.62382]},"properties":{"probability":0.212,"inBuffer":false,"facType":"unknown"}},{"type":"Feature","geometry":{"type":"Point","coordinates":[-81.80733,26.62382]},"properties":{"probability":0.382,"inBuffer":false,"facType":"unknown"}},{"type":"Feature","geometry":{"type":"Point","coordinates":[-81.80284,26.62382]},"properties":{"probability":0.908,"inBuffer":false,"facType":"unknown"}},{"type":"Feature","geometry":{"type":"Point","coordinates":[-81.79834,26.62382]},"properties":{"probability":0.387,"inBuffer":false,"facType":"unknown"}},{"type":"Feature","geometry":{"type":"Point","coordinates":[-81.79385,26.62382]},"properties":{"probability":0.366,"inBuffer":false,"facType":"unknown"}},{"type":"Feature","geometry":{"type":"Point","coordinates":[-81.78936,26.62382]},"properties":{"probability":0.194,"inBuffer":false,"facType":"unknown"}},{"type":"Feature","geometry":{"type":"Point","coordinates":[-81.77589,26.62382]},"properties":{"probability":0.106,"inBuffer":false,"facType":"unknown"}},{"type":"Feature","geometry":{"type":"Point","coordinates":[-81.77139,26.62382]},"properties":{"probability":0.349,"inBuffer":false,"facType":"unknown"}},{"type":"Feature","geometry":{"type":"Point","coordinates":[-81.7669,26.62382]},"properties":{"probability":0.369,"inBuffer":false,"facType":"unknown"}},{"type":"Feature","geometry":{"type":"Point","coordinates":[-81.76241,26.62382]},"properties":{"probability":0.223,"inBuffer":false,"facType":"unknown"}},{"type":"Feature","geometry":{"type":"Point","coordinates":[-81.75343,26.62382]},"properties":{"probability":0.056,"inBuffer":false,"facType":"unknown"}},{"type":"Feature","geometry":{"type":"Point","coordinates":[-81.74894,26.62382]},"properties":{"probability":0.053,"inBuffer":false,"facType":"unknown"}},{"type":"Feature","geometry":{"type":"Point","coordinates":[-81.74445,26.62382]},"properties":{"probability":0.182,"inBuffer":false,"facType":"unknown"}},{"type":"Feature","geometry":{"type":"Point","coordinates":[-81.73995,26.62382]},"properties":{"probability":0.176,"inBuffer":false,"facType":"unknown"}},{"type":"Feature","geometry":{"type":"Point","coordinates":[-81.73546,26.62382]},"properties":{"probability":0.156,"inBuffer":false,"facType":"unknown"}},{"type":"Feature","geometry":{"type":"Point","coordinates":[-81.73097,26.62382]},"properties":{"probability":0.138,"inBuffer":false,"facType":"unknown"}},{"type":"Feature","geometry":{"type":"Point","coordinates":[-81.72648,26.62382]},"properties":{"probability":0.14,"inBuffer":false,"facType":"unknown"}},{"type":"Feature","geometry":{"type":"Point","coordinates":[-81.72199,26.62382]},"properties":{"probability":0.152,"inBuffer":false,"facType":"unknown"}},{"type":"Feature","geometry":{"type":"Point","coordinates":[-81.97801,26.61933]},"properties":{"probability":0.283,"inBuffer":false,"facType":"unknown"}},{"type":"Feature","geometry":{"type":"Point","coordinates":[-81.97352,26.61933]},"properties":{"probability":0.248,"inBuffer":false,"facType":"unknown"}},{"type":"Feature","geometry":{"type":"Point","coordinates":[-81.96902,26.61933]},"properties":{"probability":0.206,"inBuffer":false,"facType":"unknown"}},{"type":"Feature","geometry":{"type":"Point","coordinates":[-81.96004,26.61933]},"properties":{"probability":0.172,"inBuffer":false,"facType":"unknown"}},{"type":"Feature","geometry":{"type":"Point","coordinates":[-81.95555,26.61933]},"properties":{"probability":0.174,"inBuffer":false,"facType":"unknown"}},{"type":"Feature","geometry":{"type":"Point","coordinates":[-81.94657,26.61933]},"properties":{"probability":0.061,"inBuffer":false,"facType":"unknown"}},{"type":"Feature","geometry":{"type":"Point","coordinates":[-81.94207,26.61933]},"properties":{"probability":0.452,"inBuffer":false,"facType":"unknown"}},{"type":"Feature","geometry":{"type":"Point","coordinates":[-81.93758,26.61933]},"properties":{"probability":0.497,"inBuffer":false,"facType":"unknown"}},{"type":"Feature","geometry":{"type":"Point","coordinates":[-81.89267,26.61933]},"properties":{"probability":0.21,"inBuffer":false,"facType":"unknown"}},{"type":"Feature","geometry":{"type":"Point","coordinates":[-81.88818,26.61933]},"properties":{"probability":0.217,"inBuffer":false,"facType":"unknown"}},{"type":"Feature","geometry":{"type":"Point","coordinates":[-81.88368,26.61933]},"properties":{"probability":0.263,"inBuffer":false,"facType":"unknown"}},{"type":"Feature","geometry":{"type":"Point","coordinates":[-81.87919,26.61933]},"properties":{"probability":0.389,"inBuffer":false,"facType":"unknown"}},{"type":"Feature","geometry":{"type":"Point","coordinates":[-81.8747,26.61933]},"properties":{"probability":0.421,"inBuffer":false,"facType":"unknown"}},{"type":"Feature","geometry":{"type":"Point","coordinates":[-81.87021,26.61933]},"properties":{"probability":0.422,"inBuffer":false,"facType":"unknown"}},{"type":"Feature","geometry":{"type":"Point","coordinates":[-81.86572,26.61933]},"properties":{"probability":0.325,"inBuffer":false,"facType":"unknown"}},{"type":"Feature","geometry":{"type":"Point","coordinates":[-81.86123,26.61933]},"properties":{"probability":0.121,"inBuffer":false,"facType":"unknown"}},{"type":"Feature","geometry":{"type":"Point","coordinates":[-81.85673,26.61933]},"properties":{"probability":0.124,"inBuffer":false,"facType":"unknown"}},{"type":"Feature","geometry":{"type":"Point","coordinates":[-81.85224,26.61933]},"properties":{"probability":0.51,"inBuffer":false,"facType":"unknown"}},{"type":"Feature","geometry":{"type":"Point","coordinates":[-81.84775,26.61933]},"properties":{"probability":0.545,"inBuffer":false,"facType":"unknown"}},{"type":"Feature","geometry":{"type":"Point","coordinates":[-81.84326,26.61933]},"properties":{"probability":0.441,"inBuffer":false,"facType":"unknown"}},{"type":"Feature","geometry":{"type":"Point","coordinates":[-81.83877,26.61933]},"properties":{"probability":0.071,"inBuffer":false,"facType":"unknown"}},{"type":"Feature","geometry":{"type":"Point","coordinates":[-81.83428,26.61933]},"properties":{"probability":0.204,"inBuffer":false,"facType":"unknown"}},{"type":"Feature","geometry":{"type":"Point","coordinates":[-81.82979,26.61933]},"properties":{"probability":0.06,"inBuffer":false,"facType":"unknown"}},{"type":"Feature","geometry":{"type":"Point","coordinates":[-81.82529,26.61933]},"properties":{"probability":0.059,"inBuffer":false,"facType":"unknown"}},{"type":"Feature","geometry":{"type":"Point","coordinates":[-81.8208,26.61933]},"properties":{"probability":0.316,"inBuffer":false,"facType":"unknown"}},{"type":"Feature","geometry":{"type":"Point","coordinates":[-81.81631,26.61933]},"properties":{"probability":0.387,"inBuffer":false,"facType":"unknown"}},{"type":"Feature","geometry":{"type":"Point","coordinates":[-81.81182,26.61933]},"properties":{"probability":0.313,"inBuffer":false,"facType":"unknown"}},{"type":"Feature","geometry":{"type":"Point","coordinates":[-81.80733,26.61933]},"properties":{"probability":0.323,"inBuffer":false,"facType":"unknown"}},{"type":"Feature","geometry":{"type":"Point","coordinates":[-81.80284,26.61933]},"properties":{"probability":0.4,"inBuffer":false,"facType":"unknown"}},{"type":"Feature","geometry":{"type":"Point","coordinates":[-81.79834,26.61933]},"properties":{"probability":0.323,"inBuffer":false,"facType":"unknown"}},{"type":"Feature","geometry":{"type":"Point","coordinates":[-81.79385,26.61933]},"properties":{"probability":0.28,"inBuffer":false,"facType":"unknown"}},{"type":"Feature","geometry":{"type":"Point","coordinates":[-81.78936,26.61933]},"properties":{"probability":0.194,"inBuffer":false,"facType":"unknown"}},{"type":"Feature","geometry":{"type":"Point","coordinates":[-81.77139,26.61933]},"properties":{"probability":0.086,"inBuffer":false,"facType":"unknown"}},{"type":"Feature","geometry":{"type":"Point","coordinates":[-81.7669,26.61933]},"properties":{"probability":0.131,"inBuffer":false,"facType":"unknown"}},{"type":"Feature","geometry":{"type":"Point","coordinates":[-81.76241,26.61933]},"properties":{"probability":0.077,"inBuffer":false,"facType":"unknown"}},{"type":"Feature","geometry":{"type":"Point","coordinates":[-81.75792,26.61933]},"properties":{"probability":0.064,"inBuffer":false,"facType":"unknown"}},{"type":"Feature","geometry":{"type":"Point","coordinates":[-81.75343,26.61933]},"properties":{"probability":0.255,"inBuffer":false,"facType":"unknown"}},{"type":"Feature","geometry":{"type":"Point","coordinates":[-81.74894,26.61933]},"properties":{"probability":0.275,"inBuffer":false,"facType":"unknown"}},{"type":"Feature","geometry":{"type":"Point","coordinates":[-81.74445,26.61933]},"properties":{"probability":0.258,"inBuffer":false,"facType":"unknown"}},{"type":"Feature","geometry":{"type":"Point","coordinates":[-81.73995,26.61933]},"properties":{"probability":0.196,"inBuffer":false,"facType":"unknown"}},{"type":"Feature","geometry":{"type":"Point","coordinates":[-81.73546,26.61933]},"properties":{"probability":0.161,"inBuffer":false,"facType":"unknown"}},{"type":"Feature","geometry":{"type":"Point","coordinates":[-81.73097,26.61933]},"properties":{"probability":0.165,"inBuffer":false,"facType":"unknown"}},{"type":"Feature","geometry":{"type":"Point","coordinates":[-81.72648,26.61933]},"properties":{"probability":0.166,"inBuffer":false,"facType":"unknown"}},{"type":"Feature","geometry":{"type":"Point","coordinates":[-81.72199,26.61933]},"properties":{"probability":0.167,"inBuffer":false,"facType":"unknown"}},{"type":"Feature","geometry":{"type":"Point","coordinates":[-82.01843,26.61484]},"properties":{"probability":0.155,"inBuffer":false,"facType":"unknown"}},{"type":"Feature","geometry":{"type":"Point","coordinates":[-82.01394,26.61484]},"properties":{"probability":0.152,"inBuffer":false,"facType":"unknown"}},{"type":"Feature","geometry":{"type":"Point","coordinates":[-82.00945,26.61484]},"properties":{"probability":0.164,"inBuffer":false,"facType":"unknown"}},{"type":"Feature","geometry":{"type":"Point","coordinates":[-82.00496,26.61484]},"properties":{"probability":0.158,"inBuffer":false,"facType":"unknown"}},{"type":"Feature","geometry":{"type":"Point","coordinates":[-82.00046,26.61484]},"properties":{"probability":0.132,"inBuffer":false,"facType":"unknown"}},{"type":"Feature","geometry":{"type":"Point","coordinates":[-81.99597,26.61484]},"properties":{"probability":0.142,"inBuffer":false,"facType":"unknown"}},{"type":"Feature","geometry":{"type":"Point","coordinates":[-81.99148,26.61484]},"properties":{"probability":0.171,"inBuffer":false,"facType":"unknown"}},{"type":"Feature","geometry":{"type":"Point","coordinates":[-81.98699,26.61484]},"properties":{"probability":0.146,"inBuffer":false,"facType":"unknown"}},{"type":"Feature","geometry":{"type":"Point","coordinates":[-81.9825,26.61484]},"properties":{"probability":0.197,"inBuffer":false,"facType":"unknown"}},{"type":"Feature","geometry":{"type":"Point","coordinates":[-81.97801,26.61484]},"properties":{"probability":0.892,"inBuffer":false,"facType":"unknown"}},{"type":"Feature","geometry":{"type":"Point","coordinates":[-81.97352,26.61484]},"properties":{"probability":0.893,"inBuffer":false,"facType":"unknown"}},{"type":"Feature","geometry":{"type":"Point","coordinates":[-81.96902,26.61484]},"properties":{"probability":0.85,"inBuffer":false,"facType":"unknown"}},{"type":"Feature","geometry":{"type":"Point","coordinates":[-81.96453,26.61484]},"properties":{"probability":0.156,"inBuffer":false,"facType":"unknown"}},{"type":"Feature","geometry":{"type":"Point","coordinates":[-81.96004,26.61484]},"properties":{"probability":0.155,"inBuffer":false,"facType":"unknown"}},{"type":"Feature","geometry":{"type":"Point","coordinates":[-81.95555,26.61484]},"properties":{"probability":0.161,"inBuffer":false,"facType":"unknown"}},{"type":"Feature","geometry":{"type":"Point","coordinates":[-81.95106,26.61484]},"properties":{"probability":0.145,"inBuffer":false,"facType":"unknown"}},{"type":"Feature","geometry":{"type":"Point","coordinates":[-81.94657,26.61484]},"properties":{"probability":0.209,"inBuffer":false,"facType":"unknown"}},{"type":"Feature","geometry":{"type":"Point","coordinates":[-81.94207,26.61484]},"properties":{"probability":0.28,"inBuffer":false,"facType":"unknown"}},{"type":"Feature","geometry":{"type":"Point","coordinates":[-81.93758,26.61484]},"properties":{"probability":0.285,"inBuffer":false,"facType":"unknown"}},{"type":"Feature","geometry":{"type":"Point","coordinates":[-81.88818,26.61484]},"properties":{"probability":0.17,"inBuffer":false,"facType":"unknown"}},{"type":"Feature","geometry":{"type":"Point","coordinates":[-81.88368,26.61484]},"properties":{"probability":0.186,"inBuffer":false,"facType":"unknown"}},{"type":"Feature","geometry":{"type":"Point","coordinates":[-81.87919,26.61484]},"properties":{"probability":0.193,"inBuffer":false,"facType":"unknown"}},{"type":"Feature","geometry":{"type":"Point","coordinates":[-81.8747,26.61484]},"properties":{"probability":0.286,"inBuffer":false,"facType":"unknown"}},{"type":"Feature","geometry":{"type":"Point","coordinates":[-81.87021,26.61484]},"properties":{"probability":0.282,"inBuffer":false,"facType":"unknown"}},{"type":"Feature","geometry":{"type":"Point","coordinates":[-81.86572,26.61484]},"properties":{"probability":0.279,"inBuffer":false,"facType":"unknown"}},{"type":"Feature","geometry":{"type":"Point","coordinates":[-81.86123,26.61484]},"properties":{"probability":0.262,"inBuffer":false,"facType":"unknown"}},{"type":"Feature","geometry":{"type":"Point","coordinates":[-81.85673,26.61484]},"properties":{"probability":0.123,"inBuffer":false,"facType":"unknown"}},{"type":"Feature","geometry":{"type":"Point","coordinates":[-81.85224,26.61484]},"properties":{"probability":0.112,"inBuffer":false,"facType":"unknown"}},{"type":"Feature","geometry":{"type":"Point","coordinates":[-81.84775,26.61484]},"properties":{"probability":0.084,"inBuffer":false,"facType":"unknown"}},{"type":"Feature","geometry":{"type":"Point","coordinates":[-81.84326,26.61484]},"properties":{"probability":0.917,"inBuffer":false,"facType":"unknown"}},{"type":"Feature","geometry":{"type":"Point","coordinates":[-81.83877,26.61484]},"properties":{"probability":0.914,"inBuffer":false,"facType":"unknown"}},{"type":"Feature","geometry":{"type":"Point","coordinates":[-81.83428,26.61484]},"properties":{"probability":0.208,"inBuffer":false,"facType":"unknown"}},{"type":"Feature","geometry":{"type":"Point","coordinates":[-81.82979,26.61484]},"properties":{"probability":0.395,"inBuffer":false,"facType":"unknown"}},{"type":"Feature","geometry":{"type":"Point","coordinates":[-81.82529,26.61484]},"properties":{"probability":0.383,"inBuffer":false,"facType":"unknown"}},{"type":"Feature","geometry":{"type":"Point","coordinates":[-81.8208,26.61484]},"properties":{"probability":0.912,"inBuffer":false,"facType":"unknown"}},{"type":"Feature","geometry":{"type":"Point","coordinates":[-81.81631,26.61484]},"properties":{"probability":0.942,"inBuffer":false,"facType":"unknown"}},{"type":"Feature","geometry":{"type":"Point","coordinates":[-81.81182,26.61484]},"properties":{"probability":0.41,"inBuffer":false,"facType":"unknown"}},{"type":"Feature","geometry":{"type":"Point","coordinates":[-81.80733,26.61484]},"properties":{"probability":0.321,"inBuffer":false,"facType":"unknown"}},{"type":"Feature","geometry":{"type":"Point","coordinates":[-81.80284,26.61484]},"properties":{"probability":0.322,"inBuffer":false,"facType":"unknown"}},{"type":"Feature","geometry":{"type":"Point","coordinates":[-81.79834,26.61484]},"properties":{"probability":0.33,"inBuffer":false,"facType":"unknown"}},{"type":"Feature","geometry":{"type":"Point","coordinates":[-81.79385,26.61484]},"properties":{"probability":0.238,"inBuffer":false,"facType":"unknown"}},{"type":"Feature","geometry":{"type":"Point","coordinates":[-81.78936,26.61484]},"properties":{"probability":0.178,"inBuffer":false,"facType":"unknown"}},{"type":"Feature","geometry":{"type":"Point","coordinates":[-81.78487,26.61484]},"properties":{"probability":0.186,"inBuffer":false,"facType":"unknown"}},{"type":"Feature","geometry":{"type":"Point","coordinates":[-81.78038,26.61484]},"properties":{"probability":0.19,"inBuffer":false,"facType":"unknown"}},{"type":"Feature","geometry":{"type":"Point","coordinates":[-81.77139,26.61484]},"properties":{"probability":0.062,"inBuffer":false,"facType":"unknown"}},{"type":"Feature","geometry":{"type":"Point","coordinates":[-81.7669,26.61484]},"properties":{"probability":0.107,"inBuffer":false,"facType":"unknown"}},{"type":"Feature","geometry":{"type":"Point","coordinates":[-81.76241,26.61484]},"properties":{"probability":0.065,"inBuffer":false,"facType":"unknown"}},{"type":"Feature","geometry":{"type":"Point","coordinates":[-81.75792,26.61484]},"properties":{"probability":0.236,"inBuffer":false,"facType":"unknown"}},{"type":"Feature","geometry":{"type":"Point","coordinates":[-81.75343,26.61484]},"properties":{"probability":0.279,"inBuffer":false,"facType":"unknown"}},{"type":"Feature","geometry":{"type":"Point","coordinates":[-81.74894,26.61484]},"properties":{"probability":0.938,"inBuffer":false,"facType":"unknown"}},{"type":"Feature","geometry":{"type":"Point","coordinates":[-81.74445,26.61484]},"properties":{"probability":0.919,"inBuffer":false,"facType":"unknown"}},{"type":"Feature","geometry":{"type":"Point","coordinates":[-81.73995,26.61484]},"properties":{"probability":0.196,"inBuffer":false,"facType":"unknown"}},{"type":"Feature","geometry":{"type":"Point","coordinates":[-81.73546,26.61484]},"properties":{"probability":0.15,"inBuffer":false,"facType":"unknown"}},{"type":"Feature","geometry":{"type":"Point","coordinates":[-81.73097,26.61484]},"properties":{"probability":0.153,"inBuffer":false,"facType":"unknown"}},{"type":"Feature","geometry":{"type":"Point","coordinates":[-81.72648,26.61484]},"properties":{"probability":0.154,"inBuffer":false,"facType":"unknown"}},{"type":"Feature","geometry":{"type":"Point","coordinates":[-81.72199,26.61484]},"properties":{"probability":0.181,"inBuffer":false,"facType":"unknown"}},{"type":"Feature","geometry":{"type":"Point","coordinates":[-82.01843,26.61034]},"properties":{"probability":0.178,"inBuffer":false,"facType":"unknown"}},{"type":"Feature","geometry":{"type":"Point","coordinates":[-82.01394,26.61034]},"properties":{"probability":0.178,"inBuffer":false,"facType":"unknown"}},{"type":"Feature","geometry":{"type":"Point","coordinates":[-82.00945,26.61034]},"properties":{"probability":0.19,"inBuffer":false,"facType":"unknown"}},{"type":"Feature","geometry":{"type":"Point","coordinates":[-82.00496,26.61034]},"properties":{"probability":0.189,"inBuffer":false,"facType":"unknown"}},{"type":"Feature","geometry":{"type":"Point","coordinates":[-82.00046,26.61034]},"properties":{"probability":0.149,"inBuffer":false,"facType":"unknown"}},{"type":"Feature","geometry":{"type":"Point","coordinates":[-81.99597,26.61034]},"properties":{"probability":0.158,"inBuffer":false,"facType":"unknown"}},{"type":"Feature","geometry":{"type":"Point","coordinates":[-81.99148,26.61034]},"properties":{"probability":0.173,"inBuffer":false,"facType":"unknown"}},{"type":"Feature","geometry":{"type":"Point","coordinates":[-81.98699,26.61034]},"properties":{"probability":0.146,"inBuffer":false,"facType":"unknown"}},{"type":"Feature","geometry":{"type":"Point","coordinates":[-81.9825,26.61034]},"properties":{"probability":0.206,"inBuffer":false,"facType":"unknown"}},{"type":"Feature","geometry":{"type":"Point","coordinates":[-81.97801,26.61034]},"properties":{"probability":0.927,"inBuffer":false,"facType":"unknown"}},{"type":"Feature","geometry":{"type":"Point","coordinates":[-81.97352,26.61034]},"properties":{"probability":0.92,"inBuffer":false,"facType":"unknown"}},{"type":"Feature","geometry":{"type":"Point","coordinates":[-81.96902,26.61034]},"properties":{"probability":0.871,"inBuffer":false,"facType":"unknown"}},{"type":"Feature","geometry":{"type":"Point","coordinates":[-81.96453,26.61034]},"properties":{"probability":0.157,"inBuffer":false,"facType":"unknown"}},{"type":"Feature","geometry":{"type":"Point","coordinates":[-81.96004,26.61034]},"properties":{"probability":0.18,"inBuffer":false,"facType":"unknown"}},{"type":"Feature","geometry":{"type":"Point","coordinates":[-81.95555,26.61034]},"properties":{"probability":0.178,"inBuffer":false,"facType":"unknown"}},{"type":"Feature","geometry":{"type":"Point","coordinates":[-81.95106,26.61034]},"properties":{"probability":0.155,"inBuffer":false,"facType":"unknown"}},{"type":"Feature","geometry":{"type":"Point","coordinates":[-81.94657,26.61034]},"properties":{"probability":0.207,"inBuffer":false,"facType":"unknown"}},{"type":"Feature","geometry":{"type":"Point","coordinates":[-81.94207,26.61034]},"properties":{"probability":0.943,"inBuffer":false,"facType":"unknown"}},{"type":"Feature","geometry":{"type":"Point","coordinates":[-81.93758,26.61034]},"properties":{"probability":0.948,"inBuffer":false,"facType":"unknown"}},{"type":"Feature","geometry":{"type":"Point","coordinates":[-81.93309,26.61034]},"properties":{"probability":0.322,"inBuffer":false,"facType":"unknown"}},{"type":"Feature","geometry":{"type":"Point","coordinates":[-81.9286,26.61034]},"properties":{"probability":0.222,"inBuffer":false,"facType":"unknown"}},{"type":"Feature","geometry":{"type":"Point","coordinates":[-81.88368,26.61034]},"properties":{"probability":0.204,"inBuffer":false,"facType":"unknown"}},{"type":"Feature","geometry":{"type":"Point","coordinates":[-81.87919,26.61034]},"properties":{"probability":0.887,"inBuffer":false,"facType":"unknown"}},{"type":"Feature","geometry":{"type":"Point","coordinates":[-81.8747,26.61034]},"properties":{"probability":0.944,"inBuffer":false,"facType":"unknown"}},{"type":"Feature","geometry":{"type":"Point","coordinates":[-81.87021,26.61034]},"properties":{"probability":0.945,"inBuffer":false,"facType":"unknown"}},{"type":"Feature","geometry":{"type":"Point","coordinates":[-81.86572,26.61034]},"properties":{"probability":0.288,"inBuffer":false,"facType":"unknown"}},{"type":"Feature","geometry":{"type":"Point","coordinates":[-81.86123,26.61034]},"properties":{"probability":0.262,"inBuffer":false,"facType":"unknown"}},{"type":"Feature","geometry":{"type":"Point","coordinates":[-81.85673,26.61034]},"properties":{"probability":0.095,"inBuffer":false,"facType":"unknown"}},{"type":"Feature","geometry":{"type":"Point","coordinates":[-81.85224,26.61034]},"properties":{"probability":0.085,"inBuffer":false,"facType":"unknown"}},{"type":"Feature","geometry":{"type":"Point","coordinates":[-81.84775,26.61034]},"properties":{"probability":0.26,"inBuffer":false,"facType":"unknown"}},{"type":"Feature","geometry":{"type":"Point","coordinates":[-81.84326,26.61034]},"properties":{"probability":0.923,"inBuffer":false,"facType":"unknown"}},{"type":"Feature","geometry":{"type":"Point","coordinates":[-81.83877,26.61034]},"properties":{"probability":0.921,"inBuffer":false,"facType":"unknown"}},{"type":"Feature","geometry":{"type":"Point","coordinates":[-81.83428,26.61034]},"properties":{"probability":0.906,"inBuffer":false,"facType":"unknown"}},{"type":"Feature","geometry":{"type":"Point","coordinates":[-81.82979,26.61034]},"properties":{"probability":0.398,"inBuffer":false,"facType":"unknown"}},{"type":"Feature","geometry":{"type":"Point","coordinates":[-81.82529,26.61034]},"properties":{"probability":0.932,"inBuffer":false,"facType":"unknown"}},{"type":"Feature","geometry":{"type":"Point","coordinates":[-81.8208,26.61034]},"properties":{"probability":0.947,"inBuffer":false,"facType":"unknown"}},{"type":"Feature","geometry":{"type":"Point","coordinates":[-81.81631,26.61034]},"properties":{"probability":0.945,"inBuffer":false,"facType":"unknown"}},{"type":"Feature","geometry":{"type":"Point","coordinates":[-81.81182,26.61034]},"properties":{"probability":0.435,"inBuffer":false,"facType":"unknown"}},{"type":"Feature","geometry":{"type":"Point","coordinates":[-81.80733,26.61034]},"properties":{"probability":0.323,"inBuffer":false,"facType":"unknown"}},{"type":"Feature","geometry":{"type":"Point","coordinates":[-81.80284,26.61034]},"properties":{"probability":0.329,"inBuffer":false,"facType":"unknown"}},{"type":"Feature","geometry":{"type":"Point","coordinates":[-81.79834,26.61034]},"properties":{"probability":0.244,"inBuffer":false,"facType":"unknown"}},{"type":"Feature","geometry":{"type":"Point","coordinates":[-81.79385,26.61034]},"properties":{"probability":0.188,"inBuffer":false,"facType":"unknown"}},{"type":"Feature","geometry":{"type":"Point","coordinates":[-81.78936,26.61034]},"properties":{"probability":0.208,"inBuffer":false,"facType":"unknown"}},{"type":"Feature","geometry":{"type":"Point","coordinates":[-81.78487,26.61034]},"properties":{"probability":0.251,"inBuffer":false,"facType":"unknown"}},{"type":"Feature","geometry":{"type":"Point","coordinates":[-81.78038,26.61034]},"properties":{"probability":0.205,"inBuffer":false,"facType":"unknown"}},{"type":"Feature","geometry":{"type":"Point","coordinates":[-81.77589,26.61034]},"properties":{"probability":0.153,"inBuffer":false,"facType":"unknown"}},{"type":"Feature","geometry":{"type":"Point","coordinates":[-81.77139,26.61034]},"properties":{"probability":0.13,"inBuffer":false,"facType":"unknown"}},{"type":"Feature","geometry":{"type":"Point","coordinates":[-81.76241,26.61034]},"properties":{"probability":0.189,"inBuffer":false,"facType":"unknown"}},{"type":"Feature","geometry":{"type":"Point","coordinates":[-81.75792,26.61034]},"properties":{"probability":0.189,"inBuffer":false,"facType":"unknown"}},{"type":"Feature","geometry":{"type":"Point","coordinates":[-81.75343,26.61034]},"properties":{"probability":0.208,"inBuffer":false,"facType":"unknown"}},{"type":"Feature","geometry":{"type":"Point","coordinates":[-81.74894,26.61034]},"properties":{"probability":0.892,"inBuffer":false,"facType":"unknown"}},{"type":"Feature","geometry":{"type":"Point","coordinates":[-81.74445,26.61034]},"properties":{"probability":0.881,"inBuffer":false,"facType":"unknown"}},{"type":"Feature","geometry":{"type":"Point","coordinates":[-81.73995,26.61034]},"properties":{"probability":0.841,"inBuffer":false,"facType":"unknown"}},{"type":"Feature","geometry":{"type":"Point","coordinates":[-81.73546,26.61034]},"properties":{"probability":0.15,"inBuffer":false,"facType":"unknown"}},{"type":"Feature","geometry":{"type":"Point","coordinates":[-81.73097,26.61034]},"properties":{"probability":0.131,"inBuffer":false,"facType":"unknown"}},{"type":"Feature","geometry":{"type":"Point","coordinates":[-81.72648,26.61034]},"properties":{"probability":0.146,"inBuffer":false,"facType":"unknown"}},{"type":"Feature","geometry":{"type":"Point","coordinates":[-81.72199,26.61034]},"properties":{"probability":0.154,"inBuffer":false,"facType":"unknown"}},{"type":"Feature","geometry":{"type":"Point","coordinates":[-82.01843,26.60585]},"properties":{"probability":0.174,"inBuffer":false,"facType":"unknown"}},{"type":"Feature","geometry":{"type":"Point","coordinates":[-82.01394,26.60585]},"properties":{"probability":0.176,"inBuffer":false,"facType":"unknown"}},{"type":"Feature","geometry":{"type":"Point","coordinates":[-82.00945,26.60585]},"properties":{"probability":0.189,"inBuffer":false,"facType":"unknown"}},{"type":"Feature","geometry":{"type":"Point","coordinates":[-82.00496,26.60585]},"properties":{"probability":0.173,"inBuffer":false,"facType":"unknown"}},{"type":"Feature","geometry":{"type":"Point","coordinates":[-82.00046,26.60585]},"properties":{"probability":0.162,"inBuffer":false,"facType":"unknown"}},{"type":"Feature","geometry":{"type":"Point","coordinates":[-81.99597,26.60585]},"properties":{"probability":0.184,"inBuffer":false,"facType":"unknown"}},{"type":"Feature","geometry":{"type":"Point","coordinates":[-81.99148,26.60585]},"properties":{"probability":0.194,"inBuffer":false,"facType":"unknown"}},{"type":"Feature","geometry":{"type":"Point","coordinates":[-81.98699,26.60585]},"properties":{"probability":0.183,"inBuffer":false,"facType":"unknown"}},{"type":"Feature","geometry":{"type":"Point","coordinates":[-81.9825,26.60585]},"properties":{"probability":0.238,"inBuffer":false,"facType":"unknown"}},{"type":"Feature","geometry":{"type":"Point","coordinates":[-81.97801,26.60585]},"properties":{"probability":0.28,"inBuffer":false,"facType":"unknown"}},{"type":"Feature","geometry":{"type":"Point","coordinates":[-81.97352,26.60585]},"properties":{"probability":0.283,"inBuffer":false,"facType":"unknown"}},{"type":"Feature","geometry":{"type":"Point","coordinates":[-81.96902,26.60585]},"properties":{"probability":0.19,"inBuffer":false,"facType":"unknown"}},{"type":"Feature","geometry":{"type":"Point","coordinates":[-81.96453,26.60585]},"properties":{"probability":0.153,"inBuffer":false,"facType":"unknown"}},{"type":"Feature","geometry":{"type":"Point","coordinates":[-81.96004,26.60585]},"properties":{"probability":0.188,"inBuffer":false,"facType":"unknown"}},{"type":"Feature","geometry":{"type":"Point","coordinates":[-81.95555,26.60585]},"properties":{"probability":0.191,"inBuffer":false,"facType":"unknown"}},{"type":"Feature","geometry":{"type":"Point","coordinates":[-81.95106,26.60585]},"properties":{"probability":0.192,"inBuffer":false,"facType":"unknown"}},{"type":"Feature","geometry":{"type":"Point","coordinates":[-81.94657,26.60585]},"properties":{"probability":0.219,"inBuffer":false,"facType":"unknown"}},{"type":"Feature","geometry":{"type":"Point","coordinates":[-81.94207,26.60585]},"properties":{"probability":0.945,"inBuffer":false,"facType":"unknown"}},{"type":"Feature","geometry":{"type":"Point","coordinates":[-81.93758,26.60585]},"properties":{"probability":0.949,"inBuffer":false,"facType":"unknown"}},{"type":"Feature","geometry":{"type":"Point","coordinates":[-81.93309,26.60585]},"properties":{"probability":0.364,"inBuffer":false,"facType":"unknown"}},{"type":"Feature","geometry":{"type":"Point","coordinates":[-81.9286,26.60585]},"properties":{"probability":0.316,"inBuffer":false,"facType":"unknown"}},{"type":"Feature","geometry":{"type":"Point","coordinates":[-81.88818,26.60585]},"properties":{"probability":0.059,"inBuffer":false,"facType":"unknown"}},{"type":"Feature","geometry":{"type":"Point","coordinates":[-81.88368,26.60585]},"properties":{"probability":0.247,"inBuffer":false,"facType":"unknown"}},{"type":"Feature","geometry":{"type":"Point","coordinates":[-81.87919,26.60585]},"properties":{"probability":0.329,"inBuffer":false,"facType":"unknown"}},{"type":"Feature","geometry":{"type":"Point","coordinates":[-81.8747,26.60585]},"properties":{"probability":0.947,"inBuffer":false,"facType":"unknown"}},{"type":"Feature","geometry":{"type":"Point","coordinates":[-81.87021,26.60585]},"properties":{"probability":0.948,"inBuffer":false,"facType":"unknown"}},{"type":"Feature","geometry":{"type":"Point","coordinates":[-81.86572,26.60585]},"properties":{"probability":0.287,"inBuffer":false,"facType":"unknown"}},{"type":"Feature","geometry":{"type":"Point","coordinates":[-81.86123,26.60585]},"properties":{"probability":0.277,"inBuffer":false,"facType":"unknown"}},{"type":"Feature","geometry":{"type":"Point","coordinates":[-81.85673,26.60585]},"properties":{"probability":0.104,"inBuffer":false,"facType":"unknown"}},{"type":"Feature","geometry":{"type":"Point","coordinates":[-81.85224,26.60585]},"properties":{"probability":0.522,"inBuffer":false,"facType":"unknown"}},{"type":"Feature","geometry":{"type":"Point","coordinates":[-81.84775,26.60585]},"properties":{"probability":0.525,"inBuffer":false,"facType":"unknown"}},{"type":"Feature","geometry":{"type":"Point","coordinates":[-81.84326,26.60585]},"properties":{"probability":0.493,"inBuffer":false,"facType":"unknown"}},{"type":"Feature","geometry":{"type":"Point","coordinates":[-81.83877,26.60585]},"properties":{"probability":0.941,"inBuffer":false,"facType":"unknown"}},{"type":"Feature","geometry":{"type":"Point","coordinates":[-81.83428,26.60585]},"properties":{"probability":0.252,"inBuffer":false,"facType":"unknown"}},{"type":"Feature","geometry":{"type":"Point","coordinates":[-81.82979,26.60585]},"properties":{"probability":0.413,"inBuffer":false,"facType":"unknown"}},{"type":"Feature","geometry":{"type":"Point","coordinates":[-81.82529,26.60585]},"properties":{"probability":0.935,"inBuffer":false,"facType":"unknown"}},{"type":"Feature","geometry":{"type":"Point","coordinates":[-81.8208,26.60585]},"properties":{"probability":0.946,"inBuffer":false,"facType":"unknown"}},{"type":"Feature","geometry":{"type":"Point","coordinates":[-81.81631,26.60585]},"properties":{"probability":0.945,"inBuffer":false,"facType":"unknown"}},{"type":"Feature","geometry":{"type":"Point","coordinates":[-81.81182,26.60585]},"properties":{"probability":0.464,"inBuffer":false,"facType":"unknown"}},{"type":"Feature","geometry":{"type":"Point","coordinates":[-81.80733,26.60585]},"properties":{"probability":0.324,"inBuffer":false,"facType":"unknown"}},{"type":"Feature","geometry":{"type":"Point","coordinates":[-81.80284,26.60585]},"properties":{"probability":0.242,"inBuffer":false,"facType":"unknown"}},{"type":"Feature","geometry":{"type":"Point","coordinates":[-81.79834,26.60585]},"properties":{"probability":0.146,"inBuffer":false,"facType":"unknown"}},{"type":"Feature","geometry":{"type":"Point","coordinates":[-81.79385,26.60585]},"properties":{"probability":0.16,"inBuffer":false,"facType":"unknown"}},{"type":"Feature","geometry":{"type":"Point","coordinates":[-81.78936,26.60585]},"properties":{"probability":0.861,"inBuffer":false,"facType":"unknown"}},{"type":"Feature","geometry":{"type":"Point","coordinates":[-81.78487,26.60585]},"properties":{"probability":0.883,"inBuffer":false,"facType":"unknown"}},{"type":"Feature","geometry":{"type":"Point","coordinates":[-81.78038,26.60585]},"properties":{"probability":0.866,"inBuffer":false,"facType":"unknown"}},{"type":"Feature","geometry":{"type":"Point","coordinates":[-81.77589,26.60585]},"properties":{"probability":0.146,"inBuffer":false,"facType":"unknown"}},{"type":"Feature","geometry":{"type":"Point","coordinates":[-81.77139,26.60585]},"properties":{"probability":0.134,"inBuffer":false,"facType":"unknown"}},{"type":"Feature","geometry":{"type":"Point","coordinates":[-81.7669,26.60585]},"properties":{"probability":0.133,"inBuffer":false,"facType":"unknown"}},{"type":"Feature","geometry":{"type":"Point","coordinates":[-81.76241,26.60585]},"properties":{"probability":0.19,"inBuffer":false,"facType":"unknown"}},{"type":"Feature","geometry":{"type":"Point","coordinates":[-81.75792,26.60585]},"properties":{"probability":0.189,"inBuffer":false,"facType":"unknown"}},{"type":"Feature","geometry":{"type":"Point","coordinates":[-81.75343,26.60585]},"properties":{"probability":0.186,"inBuffer":false,"facType":"unknown"}},{"type":"Feature","geometry":{"type":"Point","coordinates":[-81.74894,26.60585]},"properties":{"probability":0.843,"inBuffer":false,"facType":"unknown"}},{"type":"Feature","geometry":{"type":"Point","coordinates":[-81.74445,26.60585]},"properties":{"probability":0.841,"inBuffer":false,"facType":"unknown"}},{"type":"Feature","geometry":{"type":"Point","coordinates":[-81.73995,26.60585]},"properties":{"probability":0.835,"inBuffer":false,"facType":"unknown"}},{"type":"Feature","geometry":{"type":"Point","coordinates":[-81.73546,26.60585]},"properties":{"probability":0.155,"inBuffer":false,"facType":"unknown"}},{"type":"Feature","geometry":{"type":"Point","coordinates":[-81.73097,26.60585]},"properties":{"probability":0.135,"inBuffer":false,"facType":"unknown"}},{"type":"Feature","geometry":{"type":"Point","coordinates":[-81.72648,26.60585]},"properties":{"probability":0.131,"inBuffer":false,"facType":"unknown"}},{"type":"Feature","geometry":{"type":"Point","coordinates":[-81.72199,26.60585]},"properties":{"probability":0.152,"inBuffer":false,"facType":"unknown"}},{"type":"Feature","geometry":{"type":"Point","coordinates":[-82.01843,26.60136]},"properties":{"probability":0.146,"inBuffer":false,"facType":"unknown"}},{"type":"Feature","geometry":{"type":"Point","coordinates":[-82.01394,26.60136]},"properties":{"probability":0.14,"inBuffer":false,"facType":"unknown"}},{"type":"Feature","geometry":{"type":"Point","coordinates":[-82.00945,26.60136]},"properties":{"probability":0.152,"inBuffer":false,"facType":"unknown"}},{"type":"Feature","geometry":{"type":"Point","coordinates":[-82.00496,26.60136]},"properties":{"probability":0.144,"inBuffer":false,"facType":"unknown"}},{"type":"Feature","geometry":{"type":"Point","coordinates":[-82.00046,26.60136]},"properties":{"probability":0.141,"inBuffer":false,"facType":"unknown"}},{"type":"Feature","geometry":{"type":"Point","coordinates":[-81.99597,26.60136]},"properties":{"probability":0.178,"inBuffer":false,"facType":"unknown"}},{"type":"Feature","geometry":{"type":"Point","coordinates":[-81.99148,26.60136]},"properties":{"probability":0.19,"inBuffer":false,"facType":"unknown"}},{"type":"Feature","geometry":{"type":"Point","coordinates":[-81.98699,26.60136]},"properties":{"probability":0.178,"inBuffer":false,"facType":"unknown"}},{"type":"Feature","geometry":{"type":"Point","coordinates":[-81.9825,26.60136]},"properties":{"probability":0.23,"inBuffer":false,"facType":"unknown"}},{"type":"Feature","geometry":{"type":"Point","coordinates":[-81.97801,26.60136]},"properties":{"probability":0.26,"inBuffer":false,"facType":"unknown"}},{"type":"Feature","geometry":{"type":"Point","coordinates":[-81.97352,26.60136]},"properties":{"probability":0.25,"inBuffer":false,"facType":"unknown"}},{"type":"Feature","geometry":{"type":"Point","coordinates":[-81.96902,26.60136]},"properties":{"probability":0.164,"inBuffer":false,"facType":"unknown"}},{"type":"Feature","geometry":{"type":"Point","coordinates":[-81.96453,26.60136]},"properties":{"probability":0.141,"inBuffer":false,"facType":"unknown"}},{"type":"Feature","geometry":{"type":"Point","coordinates":[-81.96004,26.60136]},"properties":{"probability":0.186,"inBuffer":false,"facType":"unknown"}},{"type":"Feature","geometry":{"type":"Point","coordinates":[-81.95555,26.60136]},"properties":{"probability":0.193,"inBuffer":false,"facType":"unknown"}},{"type":"Feature","geometry":{"type":"Point","coordinates":[-81.95106,26.60136]},"properties":{"probability":0.174,"inBuffer":false,"facType":"unknown"}},{"type":"Feature","geometry":{"type":"Point","coordinates":[-81.94657,26.60136]},"properties":{"probability":0.206,"inBuffer":false,"facType":"unknown"}},{"type":"Feature","geometry":{"type":"Point","coordinates":[-81.94207,26.60136]},"properties":{"probability":0.929,"inBuffer":false,"facType":"unknown"}},{"type":"Feature","geometry":{"type":"Point","coordinates":[-81.93758,26.60136]},"properties":{"probability":0.461,"inBuffer":false,"facType":"unknown"}},{"type":"Feature","geometry":{"type":"Point","coordinates":[-81.93309,26.60136]},"properties":{"probability":0.341,"inBuffer":false,"facType":"unknown"}},{"type":"Feature","geometry":{"type":"Point","coordinates":[-81.88818,26.60136]},"properties":{"probability":0.061,"inBuffer":false,"facType":"unknown"}},{"type":"Feature","geometry":{"type":"Point","coordinates":[-81.88368,26.60136]},"properties":{"probability":0.36,"inBuffer":false,"facType":"unknown"}},{"type":"Feature","geometry":{"type":"Point","coordinates":[-81.87919,26.60136]},"properties":{"probability":0.365,"inBuffer":false,"facType":"unknown"}},{"type":"Feature","geometry":{"type":"Point","coordinates":[-81.8747,26.60136]},"properties":{"probability":0.561,"inBuffer":false,"facType":"unknown"}},{"type":"Feature","geometry":{"type":"Point","coordinates":[-81.87021,26.60136]},"properties":{"probability":0.949,"inBuffer":false,"facType":"unknown"}},{"type":"Feature","geometry":{"type":"Point","coordinates":[-81.86572,26.60136]},"properties":{"probability":0.317,"inBuffer":false,"facType":"unknown"}},{"type":"Feature","geometry":{"type":"Point","coordinates":[-81.86123,26.60136]},"properties":{"probability":0.305,"inBuffer":false,"facType":"unknown"}},{"type":"Feature","geometry":{"type":"Point","coordinates":[-81.85673,26.60136]},"properties":{"probability":0.141,"inBuffer":false,"facType":"unknown"}},{"type":"Feature","geometry":{"type":"Point","coordinates":[-81.85224,26.60136]},"properties":{"probability":0.539,"inBuffer":false,"facType":"unknown"}},{"type":"Feature","geometry":{"type":"Point","coordinates":[-81.84775,26.60136]},"properties":{"probability":0.564,"inBuffer":false,"facType":"unknown"}},{"type":"Feature","geometry":{"type":"Point","coordinates":[-81.84326,26.60136]},"properties":{"probability":0.496,"inBuffer":false,"facType":"unknown"}},{"type":"Feature","geometry":{"type":"Point","coordinates":[-81.83877,26.60136]},"properties":{"probability":0.507,"inBuffer":false,"facType":"unknown"}},{"type":"Feature","geometry":{"type":"Point","coordinates":[-81.83428,26.60136]},"properties":{"probability":0.295,"inBuffer":false,"facType":"unknown"}},{"type":"Feature","geometry":{"type":"Point","coordinates":[-81.82979,26.60136]},"properties":{"probability":0.07,"inBuffer":false,"facType":"unknown"}},{"type":"Feature","geometry":{"type":"Point","coordinates":[-81.82529,26.60136]},"properties":{"probability":0.405,"inBuffer":false,"facType":"unknown"}},{"type":"Feature","geometry":{"type":"Point","coordinates":[-81.8208,26.60136]},"properties":{"probability":0.425,"inBuffer":false,"facType":"unknown"}},{"type":"Feature","geometry":{"type":"Point","coordinates":[-81.81631,26.60136]},"properties":{"probability":0.432,"inBuffer":false,"facType":"unknown"}},{"type":"Feature","geometry":{"type":"Point","coordinates":[-81.81182,26.60136]},"properties":{"probability":0.397,"inBuffer":false,"facType":"unknown"}},{"type":"Feature","geometry":{"type":"Point","coordinates":[-81.80733,26.60136]},"properties":{"probability":0.324,"inBuffer":false,"facType":"unknown"}},{"type":"Feature","geometry":{"type":"Point","coordinates":[-81.80284,26.60136]},"properties":{"probability":0.172,"inBuffer":false,"facType":"unknown"}},{"type":"Feature","geometry":{"type":"Point","coordinates":[-81.79834,26.60136]},"properties":{"probability":0.149,"inBuffer":false,"facType":"unknown"}},{"type":"Feature","geometry":{"type":"Point","coordinates":[-81.79385,26.60136]},"properties":{"probability":0.183,"inBuffer":false,"facType":"unknown"}},{"type":"Feature","geometry":{"type":"Point","coordinates":[-81.78936,26.60136]},"properties":{"probability":0.884,"inBuffer":false,"facType":"unknown"}},{"type":"Feature","geometry":{"type":"Point","coordinates":[-81.78487,26.60136]},"properties":{"probability":0.883,"inBuffer":false,"facType":"unknown"}},{"type":"Feature","geometry":{"type":"Point","coordinates":[-81.78038,26.60136]},"properties":{"probability":0.858,"inBuffer":false,"facType":"unknown"}},{"type":"Feature","geometry":{"type":"Point","coordinates":[-81.77589,26.60136]},"properties":{"probability":0.155,"inBuffer":false,"facType":"unknown"}},{"type":"Feature","geometry":{"type":"Point","coordinates":[-81.77139,26.60136]},"properties":{"probability":0.132,"inBuffer":false,"facType":"unknown"}},{"type":"Feature","geometry":{"type":"Point","coordinates":[-81.7669,26.60136]},"properties":{"probability":0.131,"inBuffer":false,"facType":"unknown"}},{"type":"Feature","geometry":{"type":"Point","coordinates":[-81.76241,26.60136]},"properties":{"probability":0.153,"inBuffer":false,"facType":"unknown"}},{"type":"Feature","geometry":{"type":"Point","coordinates":[-81.75792,26.60136]},"properties":{"probability":0.174,"inBuffer":false,"facType":"unknown"}},{"type":"Feature","geometry":{"type":"Point","coordinates":[-81.75343,26.60136]},"properties":{"probability":0.194,"inBuffer":false,"facType":"unknown"}},{"type":"Feature","geometry":{"type":"Point","coordinates":[-81.74894,26.60136]},"properties":{"probability":0.185,"inBuffer":false,"facType":"unknown"}},{"type":"Feature","geometry":{"type":"Point","coordinates":[-81.74445,26.60136]},"properties":{"probability":0.159,"inBuffer":false,"facType":"unknown"}},{"type":"Feature","geometry":{"type":"Point","coordinates":[-81.73995,26.60136]},"properties":{"probability":0.155,"inBuffer":false,"facType":"unknown"}},{"type":"Feature","geometry":{"type":"Point","coordinates":[-81.73546,26.60136]},"properties":{"probability":0.153,"inBuffer":false,"facType":"unknown"}},{"type":"Feature","geometry":{"type":"Point","coordinates":[-81.73097,26.60136]},"properties":{"probability":0.137,"inBuffer":false,"facType":"unknown"}},{"type":"Feature","geometry":{"type":"Point","coordinates":[-81.72648,26.60136]},"properties":{"probability":0.132,"inBuffer":false,"facType":"unknown"}},{"type":"Feature","geometry":{"type":"Point","coordinates":[-81.72199,26.60136]},"properties":{"probability":0.147,"inBuffer":false,"facType":"unknown"}},{"type":"Feature","geometry":{"type":"Point","coordinates":[-82.01843,26.59687]},"properties":{"probability":0.137,"inBuffer":false,"facType":"unknown"}},{"type":"Feature","geometry":{"type":"Point","coordinates":[-82.01394,26.59687]},"properties":{"probability":0.138,"inBuffer":false,"facType":"unknown"}},{"type":"Feature","geometry":{"type":"Point","coordinates":[-82.00945,26.59687]},"properties":{"probability":0.136,"inBuffer":false,"facType":"unknown"}},{"type":"Feature","geometry":{"type":"Point","coordinates":[-82.00496,26.59687]},"properties":{"probability":0.134,"inBuffer":false,"facType":"unknown"}},{"type":"Feature","geometry":{"type":"Point","coordinates":[-82.00046,26.59687]},"properties":{"probability":0.134,"inBuffer":false,"facType":"unknown"}},{"type":"Feature","geometry":{"type":"Point","coordinates":[-81.99597,26.59687]},"properties":{"probability":0.136,"inBuffer":false,"facType":"unknown"}},{"type":"Feature","geometry":{"type":"Point","coordinates":[-81.99148,26.59687]},"properties":{"probability":0.158,"inBuffer":false,"facType":"unknown"}},{"type":"Feature","geometry":{"type":"Point","coordinates":[-81.98699,26.59687]},"properties":{"probability":0.137,"inBuffer":false,"facType":"unknown"}},{"type":"Feature","geometry":{"type":"Point","coordinates":[-81.9825,26.59687]},"properties":{"probability":0.18,"inBuffer":false,"facType":"unknown"}},{"type":"Feature","geometry":{"type":"Point","coordinates":[-81.97801,26.59687]},"properties":{"probability":0.193,"inBuffer":false,"facType":"unknown"}},{"type":"Feature","geometry":{"type":"Point","coordinates":[-81.97352,26.59687]},"properties":{"probability":0.191,"inBuffer":false,"facType":"unknown"}},{"type":"Feature","geometry":{"type":"Point","coordinates":[-81.96902,26.59687]},"properties":{"probability":0.145,"inBuffer":false,"facType":"unknown"}},{"type":"Feature","geometry":{"type":"Point","coordinates":[-81.96453,26.59687]},"properties":{"probability":0.143,"inBuffer":false,"facType":"unknown"}},{"type":"Feature","geometry":{"type":"Point","coordinates":[-81.96004,26.59687]},"properties":{"probability":0.176,"inBuffer":false,"facType":"unknown"}},{"type":"Feature","geometry":{"type":"Point","coordinates":[-81.95555,26.59687]},"properties":{"probability":0.185,"inBuffer":false,"facType":"unknown"}},{"type":"Feature","geometry":{"type":"Point","coordinates":[-81.95106,26.59687]},"properties":{"probability":0.17,"inBuffer":false,"facType":"unknown"}},{"type":"Feature","geometry":{"type":"Point","coordinates":[-81.94657,26.59687]},"properties":{"probability":0.185,"inBuffer":false,"facType":"unknown"}},{"type":"Feature","geometry":{"type":"Point","coordinates":[-81.94207,26.59687]},"properties":{"probability":0.071,"inBuffer":false,"facType":"unknown"}},{"type":"Feature","geometry":{"type":"Point","coordinates":[-81.93758,26.59687]},"properties":{"probability":0.06,"inBuffer":false,"facType":"unknown"}},{"type":"Feature","geometry":{"type":"Point","coordinates":[-81.90614,26.59687]},"properties":{"probability":0.15,"inBuffer":false,"facType":"unknown"}},{"type":"Feature","geometry":{"type":"Point","coordinates":[-81.89267,26.59687]},"properties":{"probability":0.052,"inBuffer":false,"facType":"unknown"}},{"type":"Feature","geometry":{"type":"Point","coordinates":[-81.88818,26.59687]},"properties":{"probability":0.084,"inBuffer":false,"facType":"unknown"}},{"type":"Feature","geometry":{"type":"Point","coordinates":[-81.88368,26.59687]},"properties":{"probability":0.445,"inBuffer":false,"facType":"unknown"}},{"type":"Feature","geometry":{"type":"Point","coordinates":[-81.87919,26.59687]},"properties":{"probability":0.505,"inBuffer":false,"facType":"unknown"}},{"type":"Feature","geometry":{"type":"Point","coordinates":[-81.8747,26.59687]},"properties":{"probability":0.453,"inBuffer":false,"facType":"unknown"}},{"type":"Feature","geometry":{"type":"Point","coordinates":[-81.87021,26.59687]},"properties":{"probability":0.318,"inBuffer":false,"facType":"unknown"}},{"type":"Feature","geometry":{"type":"Point","coordinates":[-81.86572,26.59687]},"properties":{"probability":0.951,"inBuffer":false,"facType":"unknown"}},{"type":"Feature","geometry":{"type":"Point","coordinates":[-81.86123,26.59687]},"properties":{"probability":0.951,"inBuffer":false,"facType":"unknown"}},{"type":"Feature","geometry":{"type":"Point","coordinates":[-81.85673,26.59687]},"properties":{"probability":0.328,"inBuffer":false,"facType":"unknown"}},{"type":"Feature","geometry":{"type":"Point","coordinates":[-81.85224,26.59687]},"properties":{"probability":0.205,"inBuffer":false,"facType":"unknown"}},{"type":"Feature","geometry":{"type":"Point","coordinates":[-81.84775,26.59687]},"properties":{"probability":0.166,"inBuffer":false,"facType":"unknown"}},{"type":"Feature","geometry":{"type":"Point","coordinates":[-81.84326,26.59687]},"properties":{"probability":0.553,"inBuffer":false,"facType":"unknown"}},{"type":"Feature","geometry":{"type":"Point","coordinates":[-81.83877,26.59687]},"properties":{"probability":0.547,"inBuffer":false,"facType":"unknown"}},{"type":"Feature","geometry":{"type":"Point","coordinates":[-81.83428,26.59687]},"properties":{"probability":0.409,"inBuffer":false,"facType":"unknown"}},{"type":"Feature","geometry":{"type":"Point","coordinates":[-81.82979,26.59687]},"properties":{"probability":0.067,"inBuffer":false,"facType":"unknown"}},{"type":"Feature","geometry":{"type":"Point","coordinates":[-81.8208,26.59687]},"properties":{"probability":0.277,"inBuffer":false,"facType":"unknown"}},{"type":"Feature","geometry":{"type":"Point","coordinates":[-81.81631,26.59687]},"properties":{"probability":0.326,"inBuffer":false,"facType":"unknown"}},{"type":"Feature","geometry":{"type":"Point","coordinates":[-81.81182,26.59687]},"properties":{"probability":0.331,"inBuffer":false,"facType":"unknown"}},{"type":"Feature","geometry":{"type":"Point","coordinates":[-81.80733,26.59687]},"properties":{"probability":0.244,"inBuffer":false,"facType":"unknown"}},{"type":"Feature","geometry":{"type":"Point","coordinates":[-81.80284,26.59687]},"properties":{"probability":0.134,"inBuffer":false,"facType":"unknown"}},{"type":"Feature","geometry":{"type":"Point","coordinates":[-81.79834,26.59687]},"properties":{"probability":0.14,"inBuffer":false,"facType":"unknown"}},{"type":"Feature","geometry":{"type":"Point","coordinates":[-81.79385,26.59687]},"properties":{"probability":0.185,"inBuffer":false,"facType":"unknown"}},{"type":"Feature","geometry":{"type":"Point","coordinates":[-81.78936,26.59687]},"properties":{"probability":0.868,"inBuffer":false,"facType":"unknown"}},{"type":"Feature","geometry":{"type":"Point","coordinates":[-81.78487,26.59687]},"properties":{"probability":0.87,"inBuffer":false,"facType":"unknown"}},{"type":"Feature","geometry":{"type":"Point","coordinates":[-81.78038,26.59687]},"properties":{"probability":0.174,"inBuffer":false,"facType":"unknown"}},{"type":"Feature","geometry":{"type":"Point","coordinates":[-81.77589,26.59687]},"properties":{"probability":0.152,"inBuffer":false,"facType":"unknown"}},{"type":"Feature","geometry":{"type":"Point","coordinates":[-81.77139,26.59687]},"properties":{"probability":0.133,"inBuffer":false,"facType":"unknown"}},{"type":"Feature","geometry":{"type":"Point","coordinates":[-81.7669,26.59687]},"properties":{"probability":0.131,"inBuffer":false,"facType":"unknown"}},{"type":"Feature","geometry":{"type":"Point","coordinates":[-81.76241,26.59687]},"properties":{"probability":0.137,"inBuffer":false,"facType":"unknown"}},{"type":"Feature","geometry":{"type":"Point","coordinates":[-81.75792,26.59687]},"properties":{"probability":0.151,"inBuffer":false,"facType":"unknown"}},{"type":"Feature","geometry":{"type":"Point","coordinates":[-81.75343,26.59687]},"properties":{"probability":0.173,"inBuffer":false,"facType":"unknown"}},{"type":"Feature","geometry":{"type":"Point","coordinates":[-81.74894,26.59687]},"properties":{"probability":0.179,"inBuffer":false,"facType":"unknown"}},{"type":"Feature","geometry":{"type":"Point","coordinates":[-81.74445,26.59687]},"properties":{"probability":0.178,"inBuffer":false,"facType":"unknown"}},{"type":"Feature","geometry":{"type":"Point","coordinates":[-81.73995,26.59687]},"properties":{"probability":0.154,"inBuffer":false,"facType":"unknown"}},{"type":"Feature","geometry":{"type":"Point","coordinates":[-81.73546,26.59687]},"properties":{"probability":0.136,"inBuffer":false,"facType":"unknown"}},{"type":"Feature","geometry":{"type":"Point","coordinates":[-81.73097,26.59687]},"properties":{"probability":0.132,"inBuffer":false,"facType":"unknown"}},{"type":"Feature","geometry":{"type":"Point","coordinates":[-81.72648,26.59687]},"properties":{"probability":0.13,"inBuffer":false,"facType":"unknown"}},{"type":"Feature","geometry":{"type":"Point","coordinates":[-81.72199,26.59687]},"properties":{"probability":0.13,"inBuffer":false,"facType":"unknown"}},{"type":"Feature","geometry":{"type":"Point","coordinates":[-82.01843,26.59238]},"properties":{"probability":0.236,"inBuffer":false,"facType":"unknown"}},{"type":"Feature","geometry":{"type":"Point","coordinates":[-82.01394,26.59238]},"properties":{"probability":0.18,"inBuffer":false,"facType":"unknown"}},{"type":"Feature","geometry":{"type":"Point","coordinates":[-82.00945,26.59238]},"properties":{"probability":0.179,"inBuffer":false,"facType":"unknown"}},{"type":"Feature","geometry":{"type":"Point","coordinates":[-82.00496,26.59238]},"properties":{"probability":0.177,"inBuffer":false,"facType":"unknown"}},{"type":"Feature","geometry":{"type":"Point","coordinates":[-82.00046,26.59238]},"properties":{"probability":0.136,"inBuffer":false,"facType":"unknown"}},{"type":"Feature","geometry":{"type":"Point","coordinates":[-81.99597,26.59238]},"properties":{"probability":0.135,"inBuffer":false,"facType":"unknown"}},{"type":"Feature","geometry":{"type":"Point","coordinates":[-81.99148,26.59238]},"properties":{"probability":0.162,"inBuffer":false,"facType":"unknown"}},{"type":"Feature","geometry":{"type":"Point","coordinates":[-81.98699,26.59238]},"properties":{"probability":0.153,"inBuffer":false,"facType":"unknown"}},{"type":"Feature","geometry":{"type":"Point","coordinates":[-81.9825,26.59238]},"properties":{"probability":0.174,"inBuffer":false,"facType":"unknown"}},{"type":"Feature","geometry":{"type":"Point","coordinates":[-81.97801,26.59238]},"properties":{"probability":0.052,"inBuffer":false,"facType":"unknown"}},{"type":"Feature","geometry":{"type":"Point","coordinates":[-81.97352,26.59238]},"properties":{"probability":0.051,"inBuffer":false,"facType":"unknown"}},{"type":"Feature","geometry":{"type":"Point","coordinates":[-81.95555,26.59238]},"properties":{"probability":0.179,"inBuffer":false,"facType":"unknown"}},{"type":"Feature","geometry":{"type":"Point","coordinates":[-81.95106,26.59238]},"properties":{"probability":0.155,"inBuffer":false,"facType":"unknown"}},{"type":"Feature","geometry":{"type":"Point","coordinates":[-81.94207,26.59238]},"properties":{"probability":0.055,"inBuffer":false,"facType":"unknown"}},{"type":"Feature","geometry":{"type":"Point","coordinates":[-81.93758,26.59238]},"properties":{"probability":0.051,"inBuffer":false,"facType":"unknown"}},{"type":"Feature","geometry":{"type":"Point","coordinates":[-81.90165,26.59238]},"properties":{"probability":0.147,"inBuffer":false,"facType":"unknown"}},{"type":"Feature","geometry":{"type":"Point","coordinates":[-81.89716,26.59238]},"properties":{"probability":0.136,"inBuffer":false,"facType":"unknown"}},{"type":"Feature","geometry":{"type":"Point","coordinates":[-81.88818,26.59238]},"properties":{"probability":0.068,"inBuffer":false,"facType":"unknown"}},{"type":"Feature","geometry":{"type":"Point","coordinates":[-81.88368,26.59238]},"properties":{"probability":0.129,"inBuffer":false,"facType":"unknown"}},{"type":"Feature","geometry":{"type":"Point","coordinates":[-81.87919,26.59238]},"properties":{"probability":0.131,"inBuffer":false,"facType":"unknown"}},{"type":"Feature","geometry":{"type":"Point","coordinates":[-81.8747,26.59238]},"properties":{"probability":0.307,"inBuffer":false,"facType":"unknown"}},{"type":"Feature","geometry":{"type":"Point","coordinates":[-81.87021,26.59238]},"properties":{"probability":0.946,"inBuffer":false,"facType":"unknown"}},{"type":"Feature","geometry":{"type":"Point","coordinates":[-81.86572,26.59238]},"properties":{"probability":0.95,"inBuffer":false,"facType":"unknown"}},{"type":"Feature","geometry":{"type":"Point","coordinates":[-81.86123,26.59238]},"properties":{"probability":0.95,"inBuffer":false,"facType":"unknown"}},{"type":"Feature","geometry":{"type":"Point","coordinates":[-81.85673,26.59238]},"properties":{"probability":0.322,"inBuffer":false,"facType":"unknown"}},{"type":"Feature","geometry":{"type":"Point","coordinates":[-81.85224,26.59238]},"properties":{"probability":0.304,"inBuffer":false,"facType":"unknown"}},{"type":"Feature","geometry":{"type":"Point","coordinates":[-81.84775,26.59238]},"properties":{"probability":0.14,"inBuffer":false,"facType":"unknown"}},{"type":"Feature","geometry":{"type":"Point","coordinates":[-81.84326,26.59238]},"properties":{"probability":0.333,"inBuffer":false,"facType":"unknown"}},{"type":"Feature","geometry":{"type":"Point","coordinates":[-81.83877,26.59238]},"properties":{"probability":0.39,"inBuffer":false,"facType":"unknown"}},{"type":"Feature","geometry":{"type":"Point","coordinates":[-81.83428,26.59238]},"properties":{"probability":0.289,"inBuffer":false,"facType":"unknown"}},{"type":"Feature","geometry":{"type":"Point","coordinates":[-81.82979,26.59238]},"properties":{"probability":0.051,"inBuffer":false,"facType":"unknown"}},{"type":"Feature","geometry":{"type":"Point","coordinates":[-81.81631,26.59238]},"properties":{"probability":0.281,"inBuffer":false,"facType":"unknown"}},{"type":"Feature","geometry":{"type":"Point","coordinates":[-81.81182,26.59238]},"properties":{"probability":0.282,"inBuffer":false,"facType":"unknown"}},{"type":"Feature","geometry":{"type":"Point","coordinates":[-81.80733,26.59238]},"properties":{"probability":0.201,"inBuffer":false,"facType":"unknown"}},{"type":"Feature","geometry":{"type":"Point","coordinates":[-81.80284,26.59238]},"properties":{"probability":0.132,"inBuffer":false,"facType":"unknown"}},{"type":"Feature","geometry":{"type":"Point","coordinates":[-81.79834,26.59238]},"properties":{"probability":0.14,"inBuffer":false,"facType":"unknown"}},{"type":"Feature","geometry":{"type":"Point","coordinates":[-81.79385,26.59238]},"properties":{"probability":0.14,"inBuffer":false,"facType":"unknown"}},{"type":"Feature","geometry":{"type":"Point","coordinates":[-81.78936,26.59238]},"properties":{"probability":0.147,"inBuffer":false,"facType":"unknown"}},{"type":"Feature","geometry":{"type":"Point","coordinates":[-81.78487,26.59238]},"properties":{"probability":0.151,"inBuffer":false,"facType":"unknown"}},{"type":"Feature","geometry":{"type":"Point","coordinates":[-81.78038,26.59238]},"properties":{"probability":0.141,"inBuffer":false,"facType":"unknown"}},{"type":"Feature","geometry":{"type":"Point","coordinates":[-81.77589,26.59238]},"properties":{"probability":0.137,"inBuffer":false,"facType":"unknown"}},{"type":"Feature","geometry":{"type":"Point","coordinates":[-81.77139,26.59238]},"properties":{"probability":0.139,"inBuffer":false,"facType":"unknown"}},{"type":"Feature","geometry":{"type":"Point","coordinates":[-81.7669,26.59238]},"properties":{"probability":0.146,"inBuffer":false,"facType":"unknown"}},{"type":"Feature","geometry":{"type":"Point","coordinates":[-81.76241,26.59238]},"properties":{"probability":0.136,"inBuffer":false,"facType":"unknown"}},{"type":"Feature","geometry":{"type":"Point","coordinates":[-81.75792,26.59238]},"properties":{"probability":0.137,"inBuffer":false,"facType":"unknown"}},{"type":"Feature","geometry":{"type":"Point","coordinates":[-81.75343,26.59238]},"properties":{"probability":0.138,"inBuffer":false,"facType":"unknown"}},{"type":"Feature","geometry":{"type":"Point","coordinates":[-81.74894,26.59238]},"properties":{"probability":0.175,"inBuffer":false,"facType":"unknown"}},{"type":"Feature","geometry":{"type":"Point","coordinates":[-81.74445,26.59238]},"properties":{"probability":0.183,"inBuffer":false,"facType":"unknown"}},{"type":"Feature","geometry":{"type":"Point","coordinates":[-81.73995,26.59238]},"properties":{"probability":0.183,"inBuffer":false,"facType":"unknown"}},{"type":"Feature","geometry":{"type":"Point","coordinates":[-81.73546,26.59238]},"properties":{"probability":0.14,"inBuffer":false,"facType":"unknown"}},{"type":"Feature","geometry":{"type":"Point","coordinates":[-81.73097,26.59238]},"properties":{"probability":0.132,"inBuffer":false,"facType":"unknown"}},{"type":"Feature","geometry":{"type":"Point","coordinates":[-81.72648,26.59238]},"properties":{"probability":0.13,"inBuffer":false,"facType":"unknown"}},{"type":"Feature","geometry":{"type":"Point","coordinates":[-81.72199,26.59238]},"properties":{"probability":0.13,"inBuffer":false,"facType":"unknown"}},{"type":"Feature","geometry":{"type":"Point","coordinates":[-82.01843,26.58789]},"properties":{"probability":0.265,"inBuffer":false,"facType":"unknown"}},{"type":"Feature","geometry":{"type":"Point","coordinates":[-82.01394,26.58789]},"properties":{"probability":0.189,"inBuffer":false,"facType":"unknown"}},{"type":"Feature","geometry":{"type":"Point","coordinates":[-82.00945,26.58789]},"properties":{"probability":0.188,"inBuffer":false,"facType":"unknown"}},{"type":"Feature","geometry":{"type":"Point","coordinates":[-82.00496,26.58789]},"properties":{"probability":0.187,"inBuffer":false,"facType":"unknown"}},{"type":"Feature","geometry":{"type":"Point","coordinates":[-82.00046,26.58789]},"properties":{"probability":0.139,"inBuffer":false,"facType":"unknown"}},{"type":"Feature","geometry":{"type":"Point","coordinates":[-81.99597,26.58789]},"properties":{"probability":0.134,"inBuffer":false,"facType":"unknown"}},{"type":"Feature","geometry":{"type":"Point","coordinates":[-81.99148,26.58789]},"properties":{"probability":0.175,"inBuffer":false,"facType":"unknown"}},{"type":"Feature","geometry":{"type":"Point","coordinates":[-81.98699,26.58789]},"properties":{"probability":0.178,"inBuffer":false,"facType":"unknown"}},{"type":"Feature","geometry":{"type":"Point","coordinates":[-81.9825,26.58789]},"properties":{"probability":0.174,"inBuffer":false,"facType":"unknown"}},{"type":"Feature","geometry":{"type":"Point","coordinates":[-81.94207,26.58789]},"properties":{"probability":0.056,"inBuffer":false,"facType":"unknown"}},{"type":"Feature","geometry":{"type":"Point","coordinates":[-81.93758,26.58789]},"properties":{"probability":0.05,"inBuffer":false,"facType":"unknown"}},{"type":"Feature","geometry":{"type":"Point","coordinates":[-81.90165,26.58789]},"properties":{"probability":0.138,"inBuffer":false,"facType":"unknown"}},{"type":"Feature","geometry":{"type":"Point","coordinates":[-81.89716,26.58789]},"properties":{"probability":0.133,"inBuffer":false,"facType":"unknown"}},{"type":"Feature","geometry":{"type":"Point","coordinates":[-81.89267,26.58789]},"properties":{"probability":0.155,"inBuffer":false,"facType":"unknown"}},{"type":"Feature","geometry":{"type":"Point","coordinates":[-81.88818,26.58789]},"properties":{"probability":0.054,"inBuffer":false,"facType":"unknown"}},{"type":"Feature","geometry":{"type":"Point","coordinates":[-81.88368,26.58789]},"properties":{"probability":0.11,"inBuffer":false,"facType":"unknown"}},{"type":"Feature","geometry":{"type":"Point","coordinates":[-81.87919,26.58789]},"properties":{"probability":0.122,"inBuffer":false,"facType":"unknown"}},{"type":"Feature","geometry":{"type":"Point","coordinates":[-81.8747,26.58789]},"properties":{"probability":0.309,"inBuffer":false,"facType":"unknown"}},{"type":"Feature","geometry":{"type":"Point","coordinates":[-81.87021,26.58789]},"properties":{"probability":0.949,"inBuffer":false,"facType":"unknown"}},{"type":"Feature","geometry":{"type":"Point","coordinates":[-81.86572,26.58789]},"properties":{"probability":0.941,"inBuffer":false,"facType":"unknown"}},{"type":"Feature","geometry":{"type":"Point","coordinates":[-81.86123,26.58789]},"properties":{"probability":0.914,"inBuffer":false,"facType":"unknown"}},{"type":"Feature","geometry":{"type":"Point","coordinates":[-81.85673,26.58789]},"properties":{"probability":0.91,"inBuffer":false,"facType":"unknown"}},{"type":"Feature","geometry":{"type":"Point","coordinates":[-81.85224,26.58789]},"properties":{"probability":0.384,"inBuffer":false,"facType":"unknown"}},{"type":"Feature","geometry":{"type":"Point","coordinates":[-81.84775,26.58789]},"properties":{"probability":0.059,"inBuffer":false,"facType":"unknown"}},{"type":"Feature","geometry":{"type":"Point","coordinates":[-81.84326,26.58789]},"properties":{"probability":0.054,"inBuffer":false,"facType":"unknown"}},{"type":"Feature","geometry":{"type":"Point","coordinates":[-81.81182,26.58789]},"properties":{"probability":0.194,"inBuffer":false,"facType":"unknown"}},{"type":"Feature","geometry":{"type":"Point","coordinates":[-81.80733,26.58789]},"properties":{"probability":0.13,"inBuffer":false,"facType":"unknown"}},{"type":"Feature","geometry":{"type":"Point","coordinates":[-81.80284,26.58789]},"properties":{"probability":0.13,"inBuffer":false,"facType":"unknown"}},{"type":"Feature","geometry":{"type":"Point","coordinates":[-81.79834,26.58789]},"properties":{"probability":0.135,"inBuffer":false,"facType":"unknown"}},{"type":"Feature","geometry":{"type":"Point","coordinates":[-81.79385,26.58789]},"properties":{"probability":0.131,"inBuffer":false,"facType":"unknown"}},{"type":"Feature","geometry":{"type":"Point","coordinates":[-81.78936,26.58789]},"properties":{"probability":0.129,"inBuffer":false,"facType":"unknown"}},{"type":"Feature","geometry":{"type":"Point","coordinates":[-81.78487,26.58789]},"properties":{"probability":0.136,"inBuffer":false,"facType":"unknown"}},{"type":"Feature","geometry":{"type":"Point","coordinates":[-81.78038,26.58789]},"properties":{"probability":0.14,"inBuffer":false,"facType":"unknown"}},{"type":"Feature","geometry":{"type":"Point","coordinates":[-81.77589,26.58789]},"properties":{"probability":0.14,"inBuffer":false,"facType":"unknown"}},{"type":"Feature","geometry":{"type":"Point","coordinates":[-81.77139,26.58789]},"properties":{"probability":0.139,"inBuffer":false,"facType":"unknown"}},{"type":"Feature","geometry":{"type":"Point","coordinates":[-81.7669,26.58789]},"properties":{"probability":0.14,"inBuffer":false,"facType":"unknown"}},{"type":"Feature","geometry":{"type":"Point","coordinates":[-81.76241,26.58789]},"properties":{"probability":0.132,"inBuffer":false,"facType":"unknown"}},{"type":"Feature","geometry":{"type":"Point","coordinates":[-81.75792,26.58789]},"properties":{"probability":0.136,"inBuffer":false,"facType":"unknown"}},{"type":"Feature","geometry":{"type":"Point","coordinates":[-81.75343,26.58789]},"properties":{"probability":0.14,"inBuffer":false,"facType":"unknown"}},{"type":"Feature","geometry":{"type":"Point","coordinates":[-81.74894,26.58789]},"properties":{"probability":0.153,"inBuffer":false,"facType":"unknown"}},{"type":"Feature","geometry":{"type":"Point","coordinates":[-81.74445,26.58789]},"properties":{"probability":0.18,"inBuffer":false,"facType":"unknown"}},{"type":"Feature","geometry":{"type":"Point","coordinates":[-81.72199,26.58789]},"properties":{"probability":0.139,"inBuffer":false,"facType":"unknown"}},{"type":"Feature","geometry":{"type":"Point","coordinates":[-82.01843,26.5834]},"properties":{"probability":0.243,"inBuffer":false,"facType":"unknown"}},{"type":"Feature","geometry":{"type":"Point","coordinates":[-82.01394,26.5834]},"properties":{"probability":0.19,"inBuffer":false,"facType":"unknown"}},{"type":"Feature","geometry":{"type":"Point","coordinates":[-82.00945,26.5834]},"properties":{"probability":0.187,"inBuffer":false,"facType":"unknown"}},{"type":"Feature","geometry":{"type":"Point","coordinates":[-82.00496,26.5834]},"properties":{"probability":0.185,"inBuffer":false,"facType":"unknown"}},{"type":"Feature","geometry":{"type":"Point","coordinates":[-82.00046,26.5834]},"properties":{"probability":0.143,"inBuffer":false,"facType":"unknown"}},{"type":"Feature","geometry":{"type":"Point","coordinates":[-81.99597,26.5834]},"properties":{"probability":0.137,"inBuffer":false,"facType":"unknown"}},{"type":"Feature","geometry":{"type":"Point","coordinates":[-81.99148,26.5834]},"properties":{"probability":0.177,"inBuffer":false,"facType":"unknown"}},{"type":"Feature","geometry":{"type":"Point","coordinates":[-81.98699,26.5834]},"properties":{"probability":0.196,"inBuffer":false,"facType":"unknown"}},{"type":"Feature","geometry":{"type":"Point","coordinates":[-81.9825,26.5834]},"properties":{"probability":0.198,"inBuffer":false,"facType":"unknown"}},{"type":"Feature","geometry":{"type":"Point","coordinates":[-81.97352,26.5834]},"properties":{"probability":0.112,"inBuffer":false,"facType":"unknown"}},{"type":"Feature","geometry":{"type":"Point","coordinates":[-81.95555,26.5834]},"properties":{"probability":0.173,"inBuffer":false,"facType":"unknown"}},{"type":"Feature","geometry":{"type":"Point","coordinates":[-81.95106,26.5834]},"properties":{"probability":0.17,"inBuffer":false,"facType":"unknown"}},{"type":"Feature","geometry":{"type":"Point","coordinates":[-81.94657,26.5834]},"properties":{"probability":0.183,"inBuffer":false,"facType":"unknown"}},{"type":"Feature","geometry":{"type":"Point","coordinates":[-81.94207,26.5834]},"properties":{"probability":0.058,"inBuffer":false,"facType":"unknown"}},{"type":"Feature","geometry":{"type":"Point","coordinates":[-81.90165,26.5834]},"properties":{"probability":0.16,"inBuffer":false,"facType":"unknown"}},{"type":"Feature","geometry":{"type":"Point","coordinates":[-81.89716,26.5834]},"properties":{"probability":0.153,"inBuffer":false,"facType":"unknown"}},{"type":"Feature","geometry":{"type":"Point","coordinates":[-81.89267,26.5834]},"properties":{"probability":0.175,"inBuffer":false,"facType":"unknown"}},{"type":"Feature","geometry":{"type":"Point","coordinates":[-81.88818,26.5834]},"properties":{"probability":0.189,"inBuffer":false,"facType":"unknown"}},{"type":"Feature","geometry":{"type":"Point","coordinates":[-81.88368,26.5834]},"properties":{"probability":0.26,"inBuffer":false,"facType":"unknown"}},{"type":"Feature","geometry":{"type":"Point","coordinates":[-81.87919,26.5834]},"properties":{"probability":0.329,"inBuffer":false,"facType":"unknown"}},{"type":"Feature","geometry":{"type":"Point","coordinates":[-81.8747,26.5834]},"properties":{"probability":0.435,"inBuffer":false,"facType":"unknown"}},{"type":"Feature","geometry":{"type":"Point","coordinates":[-81.87021,26.5834]},"properties":{"probability":0.944,"inBuffer":false,"facType":"unknown"}},{"type":"Feature","geometry":{"type":"Point","coordinates":[-81.86572,26.5834]},"properties":{"probability":0.925,"inBuffer":false,"facType":"unknown"}},{"type":"Feature","geometry":{"type":"Point","coordinates":[-81.86123,26.5834]},"properties":{"probability":0.907,"inBuffer":false,"facType":"unknown"}},{"type":"Feature","geometry":{"type":"Point","coordinates":[-81.85673,26.5834]},"properties":{"probability":0.915,"inBuffer":false,"facType":"unknown"}},{"type":"Feature","geometry":{"type":"Point","coordinates":[-81.85224,26.5834]},"properties":{"probability":0.422,"inBuffer":false,"facType":"unknown"}},{"type":"Feature","geometry":{"type":"Point","coordinates":[-81.84775,26.5834]},"properties":{"probability":0.059,"inBuffer":false,"facType":"unknown"}},{"type":"Feature","geometry":{"type":"Point","coordinates":[-81.81182,26.5834]},"properties":{"probability":0.189,"inBuffer":false,"facType":"unknown"}},{"type":"Feature","geometry":{"type":"Point","coordinates":[-81.80733,26.5834]},"properties":{"probability":0.129,"inBuffer":false,"facType":"unknown"}},{"type":"Feature","geometry":{"type":"Point","coordinates":[-81.80284,26.5834]},"properties":{"probability":0.131,"inBuffer":false,"facType":"unknown"}},{"type":"Feature","geometry":{"type":"Point","coordinates":[-81.79834,26.5834]},"properties":{"probability":0.129,"inBuffer":false,"facType":"unknown"}},{"type":"Feature","geometry":{"type":"Point","coordinates":[-81.79385,26.5834]},"properties":{"probability":0.134,"inBuffer":false,"facType":"unknown"}},{"type":"Feature","geometry":{"type":"Point","coordinates":[-81.78936,26.5834]},"properties":{"probability":0.133,"inBuffer":false,"facType":"unknown"}},{"type":"Feature","geometry":{"type":"Point","coordinates":[-81.78487,26.5834]},"properties":{"probability":0.16,"inBuffer":false,"facType":"unknown"}},{"type":"Feature","geometry":{"type":"Point","coordinates":[-81.78038,26.5834]},"properties":{"probability":0.162,"inBuffer":false,"facType":"unknown"}},{"type":"Feature","geometry":{"type":"Point","coordinates":[-81.77589,26.5834]},"properties":{"probability":0.139,"inBuffer":false,"facType":"unknown"}},{"type":"Feature","geometry":{"type":"Point","coordinates":[-81.77139,26.5834]},"properties":{"probability":0.149,"inBuffer":false,"facType":"unknown"}},{"type":"Feature","geometry":{"type":"Point","coordinates":[-82.01843,26.5789]},"properties":{"probability":0.146,"inBuffer":false,"facType":"unknown"}},{"type":"Feature","geometry":{"type":"Point","coordinates":[-82.01394,26.5789]},"properties":{"probability":0.153,"inBuffer":false,"facType":"unknown"}},{"type":"Feature","geometry":{"type":"Point","coordinates":[-82.00945,26.5789]},"properties":{"probability":0.193,"inBuffer":false,"facType":"unknown"}},{"type":"Feature","geometry":{"type":"Point","coordinates":[-82.00496,26.5789]},"properties":{"probability":0.202,"inBuffer":false,"facType":"unknown"}},{"type":"Feature","geometry":{"type":"Point","coordinates":[-82.00046,26.5789]},"properties":{"probability":0.19,"inBuffer":false,"facType":"unknown"}},{"type":"Feature","geometry":{"type":"Point","coordinates":[-81.99597,26.5789]},"properties":{"probability":0.188,"inBuffer":false,"facType":"unknown"}},{"type":"Feature","geometry":{"type":"Point","coordinates":[-81.99148,26.5789]},"properties":{"probability":0.212,"inBuffer":false,"facType":"unknown"}},{"type":"Feature","geometry":{"type":"Point","coordinates":[-81.98699,26.5789]},"properties":{"probability":0.891,"inBuffer":false,"facType":"unknown"}},{"type":"Feature","geometry":{"type":"Point","coordinates":[-81.9825,26.5789]},"properties":{"probability":0.888,"inBuffer":false,"facType":"unknown"}},{"type":"Feature","geometry":{"type":"Point","coordinates":[-81.97801,26.5789]},"properties":{"probability":0.243,"inBuffer":false,"facType":"unknown"}},{"type":"Feature","geometry":{"type":"Point","coordinates":[-81.97352,26.5789]},"properties":{"probability":0.241,"inBuffer":false,"facType":"unknown"}},{"type":"Feature","geometry":{"type":"Point","coordinates":[-81.96902,26.5789]},"properties":{"probability":0.216,"inBuffer":false,"facType":"unknown"}},{"type":"Feature","geometry":{"type":"Point","coordinates":[-81.96004,26.5789]},"properties":{"probability":0.158,"inBuffer":false,"facType":"unknown"}},{"type":"Feature","geometry":{"type":"Point","coordinates":[-81.95555,26.5789]},"properties":{"probability":0.186,"inBuffer":false,"facType":"unknown"}},{"type":"Feature","geometry":{"type":"Point","coordinates":[-81.95106,26.5789]},"properties":{"probability":0.185,"inBuffer":false,"facType":"unknown"}},{"type":"Feature","geometry":{"type":"Point","coordinates":[-81.94657,26.5789]},"properties":{"probability":0.052,"inBuffer":false,"facType":"unknown"}},{"type":"Feature","geometry":{"type":"Point","coordinates":[-81.94207,26.5789]},"properties":{"probability":0.053,"inBuffer":false,"facType":"unknown"}},{"type":"Feature","geometry":{"type":"Point","coordinates":[-81.90165,26.5789]},"properties":{"probability":0.837,"inBuffer":false,"facType":"unknown"}},{"type":"Feature","geometry":{"type":"Point","coordinates":[-81.89716,26.5789]},"properties":{"probability":0.837,"inBuffer":false,"facType":"unknown"}},{"type":"Feature","geometry":{"type":"Point","coordinates":[-81.89267,26.5789]},"properties":{"probability":0.167,"inBuffer":false,"facType":"unknown"}},{"type":"Feature","geometry":{"type":"Point","coordinates":[-81.88818,26.5789]},"properties":{"probability":0.206,"inBuffer":false,"facType":"unknown"}},{"type":"Feature","geometry":{"type":"Point","coordinates":[-81.88368,26.5789]},"properties":{"probability":0.263,"inBuffer":false,"facType":"unknown"}},{"type":"Feature","geometry":{"type":"Point","coordinates":[-81.87919,26.5789]},"properties":{"probability":0.359,"inBuffer":false,"facType":"unknown"}},{"type":"Feature","geometry":{"type":"Point","coordinates":[-81.8747,26.5789]},"properties":{"probability":0.323,"inBuffer":false,"facType":"unknown"}},{"type":"Feature","geometry":{"type":"Point","coordinates":[-81.87021,26.5789]},"properties":{"probability":0.423,"inBuffer":false,"facType":"unknown"}},{"type":"Feature","geometry":{"type":"Point","coordinates":[-81.86572,26.5789]},"properties":{"probability":0.414,"inBuffer":false,"facType":"unknown"}},{"type":"Feature","geometry":{"type":"Point","coordinates":[-81.86123,26.5789]},"properties":{"probability":0.412,"inBuffer":false,"facType":"unknown"}},{"type":"Feature","geometry":{"type":"Point","coordinates":[-81.85673,26.5789]},"properties":{"probability":0.423,"inBuffer":false,"facType":"unknown"}},{"type":"Feature","geometry":{"type":"Point","coordinates":[-81.85224,26.5789]},"properties":{"probability":0.117,"inBuffer":false,"facType":"unknown"}},{"type":"Feature","geometry":{"type":"Point","coordinates":[-81.84775,26.5789]},"properties":{"probability":0.071,"inBuffer":false,"facType":"unknown"}},{"type":"Feature","geometry":{"type":"Point","coordinates":[-81.79834,26.5789]},"properties":{"probability":0.13,"inBuffer":false,"facType":"unknown"}},{"type":"Feature","geometry":{"type":"Point","coordinates":[-81.79385,26.5789]},"properties":{"probability":0.132,"inBuffer":false,"facType":"unknown"}},{"type":"Feature","geometry":{"type":"Point","coordinates":[-81.78936,26.5789]},"properties":{"probability":0.137,"inBuffer":false,"facType":"unknown"}},{"type":"Feature","geometry":{"type":"Point","coordinates":[-81.78487,26.5789]},"properties":{"probability":0.162,"inBuffer":false,"facType":"unknown"}},{"type":"Feature","geometry":{"type":"Point","coordinates":[-81.78038,26.5789]},"properties":{"probability":0.152,"inBuffer":false,"facType":"unknown"}},{"type":"Feature","geometry":{"type":"Point","coordinates":[-81.77589,26.5789]},"properties":{"probability":0.14,"inBuffer":false,"facType":"unknown"}},{"type":"Feature","geometry":{"type":"Point","coordinates":[-81.73546,26.5789]},"properties":{"probability":0.052,"inBuffer":false,"facType":"unknown"}},{"type":"Feature","geometry":{"type":"Point","coordinates":[-81.73097,26.5789]},"properties":{"probability":0.059,"inBuffer":false,"facType":"unknown"}},{"type":"Feature","geometry":{"type":"Point","coordinates":[-81.72648,26.5789]},"properties":{"probability":0.059,"inBuffer":false,"facType":"unknown"}},{"type":"Feature","geometry":{"type":"Point","coordinates":[-82.01843,26.57441]},"properties":{"probability":0.172,"inBuffer":false,"facType":"unknown"}},{"type":"Feature","geometry":{"type":"Point","coordinates":[-82.01394,26.57441]},"properties":{"probability":0.178,"inBuffer":false,"facType":"unknown"}},{"type":"Feature","geometry":{"type":"Point","coordinates":[-82.00945,26.57441]},"properties":{"probability":0.196,"inBuffer":false,"facType":"unknown"}},{"type":"Feature","geometry":{"type":"Point","coordinates":[-82.00496,26.57441]},"properties":{"probability":0.192,"inBuffer":false,"facType":"unknown"}},{"type":"Feature","geometry":{"type":"Point","coordinates":[-82.00046,26.57441]},"properties":{"probability":0.172,"inBuffer":false,"facType":"unknown"}},{"type":"Feature","geometry":{"type":"Point","coordinates":[-81.99597,26.57441]},"properties":{"probability":0.183,"inBuffer":false,"facType":"unknown"}},{"type":"Feature","geometry":{"type":"Point","coordinates":[-81.99148,26.57441]},"properties":{"probability":0.206,"inBuffer":false,"facType":"unknown"}},{"type":"Feature","geometry":{"type":"Point","coordinates":[-81.98699,26.57441]},"properties":{"probability":0.883,"inBuffer":false,"facType":"unknown"}},{"type":"Feature","geometry":{"type":"Point","coordinates":[-81.9825,26.57441]},"properties":{"probability":0.88,"inBuffer":false,"facType":"unknown"}},{"type":"Feature","geometry":{"type":"Point","coordinates":[-81.97801,26.57441]},"properties":{"probability":0.244,"inBuffer":false,"facType":"unknown"}},{"type":"Feature","geometry":{"type":"Point","coordinates":[-81.97352,26.57441]},"properties":{"probability":0.233,"inBuffer":false,"facType":"unknown"}},{"type":"Feature","geometry":{"type":"Point","coordinates":[-81.96902,26.57441]},"properties":{"probability":0.187,"inBuffer":false,"facType":"unknown"}},{"type":"Feature","geometry":{"type":"Point","coordinates":[-81.96453,26.57441]},"properties":{"probability":0.196,"inBuffer":false,"facType":"unknown"}},{"type":"Feature","geometry":{"type":"Point","coordinates":[-81.96004,26.57441]},"properties":{"probability":0.201,"inBuffer":false,"facType":"unknown"}},{"type":"Feature","geometry":{"type":"Point","coordinates":[-81.95555,26.57441]},"properties":{"probability":0.196,"inBuffer":false,"facType":"unknown"}},{"type":"Feature","geometry":{"type":"Point","coordinates":[-81.95106,26.57441]},"properties":{"probability":0.19,"inBuffer":false,"facType":"unknown"}},{"type":"Feature","geometry":{"type":"Point","coordinates":[-81.94657,26.57441]},"properties":{"probability":0.057,"inBuffer":false,"facType":"unknown"}},{"type":"Feature","geometry":{"type":"Point","coordinates":[-81.94207,26.57441]},"properties":{"probability":0.054,"inBuffer":false,"facType":"unknown"}},{"type":"Feature","geometry":{"type":"Point","coordinates":[-81.91063,26.57441]},"properties":{"probability":0.168,"inBuffer":false,"facType":"unknown"}},{"type":"Feature","geometry":{"type":"Point","coordinates":[-81.90614,26.57441]},"properties":{"probability":0.834,"inBuffer":false,"facType":"unknown"}},{"type":"Feature","geometry":{"type":"Point","coordinates":[-81.90165,26.57441]},"properties":{"probability":0.836,"inBuffer":false,"facType":"unknown"}},{"type":"Feature","geometry":{"type":"Point","coordinates":[-81.89716,26.57441]},"properties":{"probability":0.84,"inBuffer":false,"facType":"unknown"}},{"type":"Feature","geometry":{"type":"Point","coordinates":[-81.89267,26.57441]},"properties":{"probability":0.847,"inBuffer":false,"facType":"unknown"}},{"type":"Feature","geometry":{"type":"Point","coordinates":[-81.88818,26.57441]},"properties":{"probability":0.19,"inBuffer":false,"facType":"unknown"}},{"type":"Feature","geometry":{"type":"Point","coordinates":[-81.88368,26.57441]},"properties":{"probability":0.186,"inBuffer":false,"facType":"unknown"}},{"type":"Feature","geometry":{"type":"Point","coordinates":[-81.87919,26.57441]},"properties":{"probability":0.236,"inBuffer":false,"facType":"unknown"}},{"type":"Feature","geometry":{"type":"Point","coordinates":[-81.8747,26.57441]},"properties":{"probability":0.283,"inBuffer":false,"facType":"unknown"}},{"type":"Feature","geometry":{"type":"Point","coordinates":[-81.87021,26.57441]},"properties":{"probability":0.282,"inBuffer":false,"facType":"unknown"}},{"type":"Feature","geometry":{"type":"Point","coordinates":[-81.86572,26.57441]},"properties":{"probability":0.201,"inBuffer":false,"facType":"unknown"}},{"type":"Feature","geometry":{"type":"Point","coordinates":[-81.86123,26.57441]},"properties":{"probability":0.286,"inBuffer":false,"facType":"unknown"}},{"type":"Feature","geometry":{"type":"Point","coordinates":[-81.85673,26.57441]},"properties":{"probability":0.07,"inBuffer":false,"facType":"unknown"}},{"type":"Feature","geometry":{"type":"Point","coordinates":[-81.85224,26.57441]},"properties":{"probability":0.38,"inBuffer":false,"facType":"unknown"}},{"type":"Feature","geometry":{"type":"Point","coordinates":[-81.84775,26.57441]},"properties":{"probability":0.397,"inBuffer":false,"facType":"unknown"}},{"type":"Feature","geometry":{"type":"Point","coordinates":[-81.84326,26.57441]},"properties":{"probability":0.294,"inBuffer":false,"facType":"unknown"}},{"type":"Feature","geometry":{"type":"Point","coordinates":[-81.81631,26.57441]},"properties":{"probability":0.19,"inBuffer":false,"facType":"unknown"}},{"type":"Feature","geometry":{"type":"Point","coordinates":[-81.73546,26.57441]},"properties":{"probability":0.052,"inBuffer":false,"facType":"unknown"}},{"type":"Feature","geometry":{"type":"Point","coordinates":[-81.73097,26.57441]},"properties":{"probability":0.059,"inBuffer":false,"facType":"unknown"}},{"type":"Feature","geometry":{"type":"Point","coordinates":[-81.72648,26.57441]},"properties":{"probability":0.057,"inBuffer":false,"facType":"unknown"}},{"type":"Feature","geometry":{"type":"Point","coordinates":[-82.01843,26.56992]},"properties":{"probability":0.149,"inBuffer":false,"facType":"unknown"}},{"type":"Feature","geometry":{"type":"Point","coordinates":[-82.01394,26.56992]},"properties":{"probability":0.176,"inBuffer":false,"facType":"unknown"}},{"type":"Feature","geometry":{"type":"Point","coordinates":[-82.00945,26.56992]},"properties":{"probability":0.201,"inBuffer":false,"facType":"unknown"}},{"type":"Feature","geometry":{"type":"Point","coordinates":[-82.00496,26.56992]},"properties":{"probability":0.188,"inBuffer":false,"facType":"unknown"}},{"type":"Feature","geometry":{"type":"Point","coordinates":[-82.00046,26.56992]},"properties":{"probability":0.16,"inBuffer":false,"facType":"unknown"}},{"type":"Feature","geometry":{"type":"Point","coordinates":[-81.99597,26.56992]},"properties":{"probability":0.183,"inBuffer":false,"facType":"unknown"}},{"type":"Feature","geometry":{"type":"Point","coordinates":[-81.99148,26.56992]},"properties":{"probability":0.201,"inBuffer":false,"facType":"unknown"}},{"type":"Feature","geometry":{"type":"Point","coordinates":[-81.98699,26.56992]},"properties":{"probability":0.203,"inBuffer":false,"facType":"unknown"}},{"type":"Feature","geometry":{"type":"Point","coordinates":[-81.9825,26.56992]},"properties":{"probability":0.888,"inBuffer":false,"facType":"unknown"}},{"type":"Feature","geometry":{"type":"Point","coordinates":[-81.97801,26.56992]},"properties":{"probability":0.208,"inBuffer":false,"facType":"unknown"}},{"type":"Feature","geometry":{"type":"Point","coordinates":[-81.96453,26.56992]},"properties":{"probability":0.888,"inBuffer":false,"facType":"unknown"}},{"type":"Feature","geometry":{"type":"Point","coordinates":[-81.96004,26.56992]},"properties":{"probability":0.889,"inBuffer":false,"facType":"unknown"}},{"type":"Feature","geometry":{"type":"Point","coordinates":[-81.95555,26.56992]},"properties":{"probability":0.918,"inBuffer":false,"facType":"unknown"}},{"type":"Feature","geometry":{"type":"Point","coordinates":[-81.95106,26.56992]},"properties":{"probability":0.073,"inBuffer":false,"facType":"unknown"}},{"type":"Feature","geometry":{"type":"Point","coordinates":[-81.94657,26.56992]},"properties":{"probability":0.254,"inBuffer":false,"facType":"unknown"}},{"type":"Feature","geometry":{"type":"Point","coordinates":[-81.94207,26.56992]},"properties":{"probability":0.081,"inBuffer":false,"facType":"unknown"}},{"type":"Feature","geometry":{"type":"Point","coordinates":[-81.93758,26.56992]},"properties":{"probability":0.052,"inBuffer":false,"facType":"unknown"}},{"type":"Feature","geometry":{"type":"Point","coordinates":[-81.91962,26.56992]},"properties":{"probability":0.131,"inBuffer":false,"facType":"unknown"}},{"type":"Feature","geometry":{"type":"Point","coordinates":[-81.91512,26.56992]},"properties":{"probability":0.129,"inBuffer":false,"facType":"unknown"}},{"type":"Feature","geometry":{"type":"Point","coordinates":[-81.91063,26.56992]},"properties":{"probability":0.135,"inBuffer":false,"facType":"unknown"}},{"type":"Feature","geometry":{"type":"Point","coordinates":[-81.90614,26.56992]},"properties":{"probability":0.162,"inBuffer":false,"facType":"unknown"}},{"type":"Feature","geometry":{"type":"Point","coordinates":[-81.90165,26.56992]},"properties":{"probability":0.866,"inBuffer":false,"facType":"unknown"}},{"type":"Feature","geometry":{"type":"Point","coordinates":[-81.89716,26.56992]},"properties":{"probability":0.849,"inBuffer":false,"facType":"unknown"}},{"type":"Feature","geometry":{"type":"Point","coordinates":[-81.89267,26.56992]},"properties":{"probability":0.162,"inBuffer":false,"facType":"unknown"}},{"type":"Feature","geometry":{"type":"Point","coordinates":[-81.88818,26.56992]},"properties":{"probability":0.187,"inBuffer":false,"facType":"unknown"}},{"type":"Feature","geometry":{"type":"Point","coordinates":[-81.88368,26.56992]},"properties":{"probability":0.189,"inBuffer":false,"facType":"unknown"}},{"type":"Feature","geometry":{"type":"Point","coordinates":[-81.87919,26.56992]},"properties":{"probability":0.215,"inBuffer":false,"facType":"unknown"}},{"type":"Feature","geometry":{"type":"Point","coordinates":[-81.8747,26.56992]},"properties":{"probability":0.288,"inBuffer":false,"facType":"unknown"}},{"type":"Feature","geometry":{"type":"Point","coordinates":[-81.87021,26.56992]},"properties":{"probability":0.937,"inBuffer":false,"facType":"unknown"}},{"type":"Feature","geometry":{"type":"Point","coordinates":[-81.86572,26.56992]},"properties":{"probability":0.212,"inBuffer":false,"facType":"unknown"}},{"type":"Feature","geometry":{"type":"Point","coordinates":[-81.86123,26.56992]},"properties":{"probability":0.202,"inBuffer":false,"facType":"unknown"}},{"type":"Feature","geometry":{"type":"Point","coordinates":[-81.85673,26.56992]},"properties":{"probability":0.072,"inBuffer":false,"facType":"unknown"}},{"type":"Feature","geometry":{"type":"Point","coordinates":[-81.85224,26.56992]},"properties":{"probability":0.42,"inBuffer":false,"facType":"unknown"}},{"type":"Feature","geometry":{"type":"Point","coordinates":[-81.84775,26.56992]},"properties":{"probability":0.396,"inBuffer":false,"facType":"unknown"}},{"type":"Feature","geometry":{"type":"Point","coordinates":[-81.84326,26.56992]},"properties":{"probability":0.242,"inBuffer":false,"facType":"unknown"}},{"type":"Feature","geometry":{"type":"Point","coordinates":[-81.8208,26.56992]},"properties":{"probability":0.168,"inBuffer":false,"facType":"unknown"}},{"type":"Feature","geometry":{"type":"Point","coordinates":[-81.81631,26.56992]},"properties":{"probability":0.183,"inBuffer":false,"facType":"unknown"}},{"type":"Feature","geometry":{"type":"Point","coordinates":[-81.81182,26.56992]},"properties":{"probability":0.164,"inBuffer":false,"facType":"unknown"}},{"type":"Feature","geometry":{"type":"Point","coordinates":[-81.77139,26.56992]},"properties":{"probability":0.188,"inBuffer":false,"facType":"unknown"}},{"type":"Feature","geometry":{"type":"Point","coordinates":[-81.7669,26.56992]},"properties":{"probability":0.058,"inBuffer":false,"facType":"unknown"}},{"type":"Feature","geometry":{"type":"Point","coordinates":[-81.73995,26.56992]},"properties":{"probability":0.196,"inBuffer":false,"facType":"unknown"}},{"type":"Feature","geometry":{"type":"Point","coordinates":[-81.73546,26.56992]},"properties":{"probability":0.218,"inBuffer":false,"facType":"unknown"}},{"type":"Feature","geometry":{"type":"Point","coordinates":[-81.73097,26.56992]},"properties":{"probability":0.197,"inBuffer":false,"facType":"unknown"}},{"type":"Feature","geometry":{"type":"Point","coordinates":[-82.01843,26.56543]},"properties":{"probability":0.16,"inBuffer":false,"facType":"unknown"}},{"type":"Feature","geometry":{"type":"Point","coordinates":[-82.01394,26.56543]},"properties":{"probability":0.183,"inBuffer":false,"facType":"unknown"}},{"type":"Feature","geometry":{"type":"Point","coordinates":[-82.00945,26.56543]},"properties":{"probability":0.26,"inBuffer":false,"facType":"unknown"}},{"type":"Feature","geometry":{"type":"Point","coordinates":[-82.00496,26.56543]},"properties":{"probability":0.258,"inBuffer":false,"facType":"unknown"}},{"type":"Feature","geometry":{"type":"Point","coordinates":[-82.00046,26.56543]},"properties":{"probability":0.191,"inBuffer":false,"facType":"unknown"}},{"type":"Feature","geometry":{"type":"Point","coordinates":[-81.99597,26.56543]},"properties":{"probability":0.186,"inBuffer":false,"facType":"unknown"}},{"type":"Feature","geometry":{"type":"Point","coordinates":[-81.99148,26.56543]},"properties":{"probability":0.206,"inBuffer":false,"facType":"unknown"}},{"type":"Feature","geometry":{"type":"Point","coordinates":[-81.98699,26.56543]},"properties":{"probability":0.228,"inBuffer":false,"facType":"unknown"}},{"type":"Feature","geometry":{"type":"Point","coordinates":[-81.9825,26.56543]},"properties":{"probability":0.244,"inBuffer":false,"facType":"unknown"}},{"type":"Feature","geometry":{"type":"Point","coordinates":[-81.97801,26.56543]},"properties":{"probability":0.233,"inBuffer":false,"facType":"unknown"}},{"type":"Feature","geometry":{"type":"Point","coordinates":[-81.97352,26.56543]},"properties":{"probability":0.053,"inBuffer":false,"facType":"unknown"}},{"type":"Feature","geometry":{"type":"Point","coordinates":[-81.96902,26.56543]},"properties":{"probability":0.235,"inBuffer":false,"facType":"unknown"}},{"type":"Feature","geometry":{"type":"Point","coordinates":[-81.96453,26.56543]},"properties":{"probability":0.923,"inBuffer":false,"facType":"unknown"}},{"type":"Feature","geometry":{"type":"Point","coordinates":[-81.96004,26.56543]},"properties":{"probability":0.935,"inBuffer":false,"facType":"unknown"}},{"type":"Feature","geometry":{"type":"Point","coordinates":[-81.95555,26.56543]},"properties":{"probability":0.542,"inBuffer":false,"facType":"unknown"}},{"type":"Feature","geometry":{"type":"Point","coordinates":[-81.95106,26.56543]},"properties":{"probability":0.548,"inBuffer":false,"facType":"unknown"}},{"type":"Feature","geometry":{"type":"Point","coordinates":[-81.94657,26.56543]},"properties":{"probability":0.551,"inBuffer":false,"facType":"unknown"}},{"type":"Feature","geometry":{"type":"Point","coordinates":[-81.94207,26.56543]},"properties":{"probability":0.535,"inBuffer":false,"facType":"unknown"}},{"type":"Feature","geometry":{"type":"Point","coordinates":[-81.93758,26.56543]},"properties":{"probability":0.086,"inBuffer":false,"facType":"unknown"}},{"type":"Feature","geometry":{"type":"Point","coordinates":[-81.91962,26.56543]},"properties":{"probability":0.132,"inBuffer":false,"facType":"unknown"}},{"type":"Feature","geometry":{"type":"Point","coordinates":[-81.91512,26.56543]},"properties":{"probability":0.139,"inBuffer":false,"facType":"unknown"}},{"type":"Feature","geometry":{"type":"Point","coordinates":[-81.91063,26.56543]},"properties":{"probability":0.163,"inBuffer":false,"facType":"unknown"}},{"type":"Feature","geometry":{"type":"Point","coordinates":[-81.89267,26.56543]},"properties":{"probability":0.054,"inBuffer":false,"facType":"unknown"}},{"type":"Feature","geometry":{"type":"Point","coordinates":[-81.88818,26.56543]},"properties":{"probability":0.053,"inBuffer":false,"facType":"unknown"}},{"type":"Feature","geometry":{"type":"Point","coordinates":[-81.88368,26.56543]},"properties":{"probability":0.239,"inBuffer":false,"facType":"unknown"}},{"type":"Feature","geometry":{"type":"Point","coordinates":[-81.87919,26.56543]},"properties":{"probability":0.27,"inBuffer":false,"facType":"unknown"}},{"type":"Feature","geometry":{"type":"Point","coordinates":[-81.8747,26.56543]},"properties":{"probability":0.947,"inBuffer":false,"facType":"unknown"}},{"type":"Feature","geometry":{"type":"Point","coordinates":[-81.87021,26.56543]},"properties":{"probability":0.922,"inBuffer":false,"facType":"unknown"}},{"type":"Feature","geometry":{"type":"Point","coordinates":[-81.86572,26.56543]},"properties":{"probability":0.89,"inBuffer":false,"facType":"unknown"}},{"type":"Feature","geometry":{"type":"Point","coordinates":[-81.86123,26.56543]},"properties":{"probability":0.208,"inBuffer":false,"facType":"unknown"}},{"type":"Feature","geometry":{"type":"Point","coordinates":[-81.85673,26.56543]},"properties":{"probability":0.07,"inBuffer":false,"facType":"unknown"}},{"type":"Feature","geometry":{"type":"Point","coordinates":[-81.85224,26.56543]},"properties":{"probability":0.079,"inBuffer":false,"facType":"unknown"}},{"type":"Feature","geometry":{"type":"Point","coordinates":[-81.84775,26.56543]},"properties":{"probability":0.295,"inBuffer":false,"facType":"unknown"}},{"type":"Feature","geometry":{"type":"Point","coordinates":[-81.82529,26.56543]},"properties":{"probability":0.133,"inBuffer":false,"facType":"unknown"}},{"type":"Feature","geometry":{"type":"Point","coordinates":[-81.8208,26.56543]},"properties":{"probability":0.13,"inBuffer":false,"facType":"unknown"}},{"type":"Feature","geometry":{"type":"Point","coordinates":[-81.81631,26.56543]},"properties":{"probability":0.132,"inBuffer":false,"facType":"unknown"}},{"type":"Feature","geometry":{"type":"Point","coordinates":[-81.81182,26.56543]},"properties":{"probability":0.134,"inBuffer":false,"facType":"unknown"}},{"type":"Feature","geometry":{"type":"Point","coordinates":[-81.77139,26.56543]},"properties":{"probability":0.15,"inBuffer":false,"facType":"unknown"}},{"type":"Feature","geometry":{"type":"Point","coordinates":[-81.7669,26.56543]},"properties":{"probability":0.155,"inBuffer":false,"facType":"unknown"}},{"type":"Feature","geometry":{"type":"Point","coordinates":[-81.76241,26.56543]},"properties":{"probability":0.05,"inBuffer":false,"facType":"unknown"}},{"type":"Feature","geometry":{"type":"Point","coordinates":[-81.75792,26.56543]},"properties":{"probability":0.198,"inBuffer":false,"facType":"unknown"}},{"type":"Feature","geometry":{"type":"Point","coordinates":[-81.75343,26.56543]},"properties":{"probability":0.358,"inBuffer":false,"facType":"unknown"}},{"type":"Feature","geometry":{"type":"Point","coordinates":[-81.74894,26.56543]},"properties":{"probability":0.349,"inBuffer":false,"facType":"unknown"}},{"type":"Feature","geometry":{"type":"Point","coordinates":[-81.73995,26.56543]},"properties":{"probability":0.197,"inBuffer":false,"facType":"unknown"}},{"type":"Feature","geometry":{"type":"Point","coordinates":[-82.01843,26.56094]},"properties":{"probability":0.173,"inBuffer":false,"facType":"unknown"}},{"type":"Feature","geometry":{"type":"Point","coordinates":[-82.01394,26.56094]},"properties":{"probability":0.185,"inBuffer":false,"facType":"unknown"}},{"type":"Feature","geometry":{"type":"Point","coordinates":[-82.00945,26.56094]},"properties":{"probability":0.243,"inBuffer":false,"facType":"unknown"}},{"type":"Feature","geometry":{"type":"Point","coordinates":[-82.00496,26.56094]},"properties":{"probability":0.248,"inBuffer":false,"facType":"unknown"}},{"type":"Feature","geometry":{"type":"Point","coordinates":[-82.00046,26.56094]},"properties":{"probability":0.226,"inBuffer":false,"facType":"unknown"}},{"type":"Feature","geometry":{"type":"Point","coordinates":[-81.99597,26.56094]},"properties":{"probability":0.192,"inBuffer":false,"facType":"unknown"}},{"type":"Feature","geometry":{"type":"Point","coordinates":[-81.99148,26.56094]},"properties":{"probability":0.189,"inBuffer":false,"facType":"unknown"}},{"type":"Feature","geometry":{"type":"Point","coordinates":[-81.98699,26.56094]},"properties":{"probability":0.188,"inBuffer":false,"facType":"unknown"}},{"type":"Feature","geometry":{"type":"Point","coordinates":[-81.9825,26.56094]},"properties":{"probability":0.189,"inBuffer":false,"facType":"unknown"}},{"type":"Feature","geometry":{"type":"Point","coordinates":[-81.97801,26.56094]},"properties":{"probability":0.189,"inBuffer":false,"facType":"unknown"}},{"type":"Feature","geometry":{"type":"Point","coordinates":[-81.97352,26.56094]},"properties":{"probability":0.191,"inBuffer":false,"facType":"unknown"}},{"type":"Feature","geometry":{"type":"Point","coordinates":[-81.96902,26.56094]},"properties":{"probability":0.208,"inBuffer":false,"facType":"unknown"}},{"type":"Feature","geometry":{"type":"Point","coordinates":[-81.96453,26.56094]},"properties":{"probability":0.263,"inBuffer":false,"facType":"unknown"}},{"type":"Feature","geometry":{"type":"Point","coordinates":[-81.96004,26.56094]},"properties":{"probability":0.93,"inBuffer":false,"facType":"unknown"}},{"type":"Feature","geometry":{"type":"Point","coordinates":[-81.95555,26.56094]},"properties":{"probability":0.94,"inBuffer":false,"facType":"unknown"}},{"type":"Feature","geometry":{"type":"Point","coordinates":[-81.95106,26.56094]},"properties":{"probability":0.538,"inBuffer":false,"facType":"unknown"}},{"type":"Feature","geometry":{"type":"Point","coordinates":[-81.94657,26.56094]},"properties":{"probability":0.534,"inBuffer":false,"facType":"unknown"}},{"type":"Feature","geometry":{"type":"Point","coordinates":[-81.94207,26.56094]},"properties":{"probability":0.474,"inBuffer":false,"facType":"unknown"}},{"type":"Feature","geometry":{"type":"Point","coordinates":[-81.93758,26.56094]},"properties":{"probability":0.062,"inBuffer":false,"facType":"unknown"}},{"type":"Feature","geometry":{"type":"Point","coordinates":[-81.92411,26.56094]},"properties":{"probability":0.179,"inBuffer":false,"facType":"unknown"}},{"type":"Feature","geometry":{"type":"Point","coordinates":[-81.91962,26.56094]},"properties":{"probability":0.189,"inBuffer":false,"facType":"unknown"}},{"type":"Feature","geometry":{"type":"Point","coordinates":[-81.91512,26.56094]},"properties":{"probability":0.233,"inBuffer":false,"facType":"unknown"}},{"type":"Feature","geometry":{"type":"Point","coordinates":[-81.91063,26.56094]},"properties":{"probability":0.279,"inBuffer":false,"facType":"unknown"}},{"type":"Feature","geometry":{"type":"Point","coordinates":[-81.90614,26.56094]},"properties":{"probability":0.345,"inBuffer":false,"facType":"unknown"}},{"type":"Feature","geometry":{"type":"Point","coordinates":[-81.90165,26.56094]},"properties":{"probability":0.466,"inBuffer":false,"facType":"unknown"}},{"type":"Feature","geometry":{"type":"Point","coordinates":[-81.89716,26.56094]},"properties":{"probability":0.391,"inBuffer":false,"facType":"unknown"}},{"type":"Feature","geometry":{"type":"Point","coordinates":[-81.89267,26.56094]},"properties":{"probability":0.076,"inBuffer":false,"facType":"unknown"}},{"type":"Feature","geometry":{"type":"Point","coordinates":[-81.88818,26.56094]},"properties":{"probability":0.095,"inBuffer":false,"facType":"unknown"}},{"type":"Feature","geometry":{"type":"Point","coordinates":[-81.88368,26.56094]},"properties":{"probability":0.265,"inBuffer":false,"facType":"unknown"}},{"type":"Feature","geometry":{"type":"Point","coordinates":[-81.87919,26.56094]},"properties":{"probability":0.28,"inBuffer":false,"facType":"unknown"}},{"type":"Feature","geometry":{"type":"Point","coordinates":[-81.8747,26.56094]},"properties":{"probability":0.95,"inBuffer":false,"facType":"unknown"}},{"type":"Feature","geometry":{"type":"Point","coordinates":[-81.87021,26.56094]},"properties":{"probability":0.926,"inBuffer":false,"facType":"unknown"}},{"type":"Feature","geometry":{"type":"Point","coordinates":[-81.86572,26.56094]},"properties":{"probability":0.877,"inBuffer":false,"facType":"unknown"}},{"type":"Feature","geometry":{"type":"Point","coordinates":[-81.86123,26.56094]},"properties":{"probability":0.194,"inBuffer":false,"facType":"unknown"}},{"type":"Feature","geometry":{"type":"Point","coordinates":[-81.85673,26.56094]},"properties":{"probability":0.194,"inBuffer":false,"facType":"unknown"}},{"type":"Feature","geometry":{"type":"Point","coordinates":[-81.85224,26.56094]},"properties":{"probability":0.066,"inBuffer":false,"facType":"unknown"}},{"type":"Feature","geometry":{"type":"Point","coordinates":[-81.84775,26.56094]},"properties":{"probability":0.063,"inBuffer":false,"facType":"unknown"}},{"type":"Feature","geometry":{"type":"Point","coordinates":[-81.82979,26.56094]},"properties":{"probability":0.13,"inBuffer":false,"facType":"unknown"}},{"type":"Feature","geometry":{"type":"Point","coordinates":[-81.82529,26.56094]},"properties":{"probability":0.128,"inBuffer":false,"facType":"unknown"}},{"type":"Feature","geometry":{"type":"Point","coordinates":[-81.8208,26.56094]},"properties":{"probability":0.135,"inBuffer":false,"facType":"unknown"}},{"type":"Feature","geometry":{"type":"Point","coordinates":[-81.81631,26.56094]},"properties":{"probability":0.133,"inBuffer":false,"facType":"unknown"}},{"type":"Feature","geometry":{"type":"Point","coordinates":[-81.81182,26.56094]},"properties":{"probability":0.133,"inBuffer":false,"facType":"unknown"}},{"type":"Feature","geometry":{"type":"Point","coordinates":[-81.77139,26.56094]},"properties":{"probability":0.131,"inBuffer":false,"facType":"unknown"}},{"type":"Feature","geometry":{"type":"Point","coordinates":[-81.7669,26.56094]},"properties":{"probability":0.15,"inBuffer":false,"facType":"unknown"}},{"type":"Feature","geometry":{"type":"Point","coordinates":[-81.76241,26.56094]},"properties":{"probability":0.209,"inBuffer":false,"facType":"unknown"}},{"type":"Feature","geometry":{"type":"Point","coordinates":[-81.75792,26.56094]},"properties":{"probability":0.921,"inBuffer":false,"facType":"unknown"}},{"type":"Feature","geometry":{"type":"Point","coordinates":[-81.75343,26.56094]},"properties":{"probability":0.48,"inBuffer":false,"facType":"unknown"}},{"type":"Feature","geometry":{"type":"Point","coordinates":[-81.74894,26.56094]},"properties":{"probability":0.421,"inBuffer":false,"facType":"unknown"}},{"type":"Feature","geometry":{"type":"Point","coordinates":[-81.74445,26.56094]},"properties":{"probability":0.191,"inBuffer":false,"facType":"unknown"}},{"type":"Feature","geometry":{"type":"Point","coordinates":[-82.01843,26.55645]},"properties":{"probability":0.141,"inBuffer":false,"facType":"unknown"}},{"type":"Feature","geometry":{"type":"Point","coordinates":[-82.01394,26.55645]},"properties":{"probability":0.155,"inBuffer":false,"facType":"unknown"}},{"type":"Feature","geometry":{"type":"Point","coordinates":[-82.00945,26.55645]},"properties":{"probability":0.188,"inBuffer":false,"facType":"unknown"}},{"type":"Feature","geometry":{"type":"Point","coordinates":[-82.00496,26.55645]},"properties":{"probability":0.186,"inBuffer":false,"facType":"unknown"}},{"type":"Feature","geometry":{"type":"Point","coordinates":[-82.00046,26.55645]},"properties":{"probability":0.171,"inBuffer":false,"facType":"unknown"}},{"type":"Feature","geometry":{"type":"Point","coordinates":[-81.99597,26.55645]},"properties":{"probability":0.155,"inBuffer":false,"facType":"unknown"}},{"type":"Feature","geometry":{"type":"Point","coordinates":[-81.99148,26.55645]},"properties":{"probability":0.146,"inBuffer":false,"facType":"unknown"}},{"type":"Feature","geometry":{"type":"Point","coordinates":[-81.98699,26.55645]},"properties":{"probability":0.144,"inBuffer":false,"facType":"unknown"}},{"type":"Feature","geometry":{"type":"Point","coordinates":[-81.9825,26.55645]},"properties":{"probability":0.144,"inBuffer":false,"facType":"unknown"}},{"type":"Feature","geometry":{"type":"Point","coordinates":[-81.97801,26.55645]},"properties":{"probability":0.141,"inBuffer":false,"facType":"unknown"}},{"type":"Feature","geometry":{"type":"Point","coordinates":[-81.97352,26.55645]},"properties":{"probability":0.149,"inBuffer":false,"facType":"unknown"}},{"type":"Feature","geometry":{"type":"Point","coordinates":[-81.96902,26.55645]},"properties":{"probability":0.153,"inBuffer":false,"facType":"unknown"}},{"type":"Feature","geometry":{"type":"Point","coordinates":[-81.96453,26.55645]},"properties":{"probability":0.192,"inBuffer":false,"facType":"unknown"}},{"type":"Feature","geometry":{"type":"Point","coordinates":[-81.96004,26.55645]},"properties":{"probability":0.886,"inBuffer":false,"facType":"unknown"}},{"type":"Feature","geometry":{"type":"Point","coordinates":[-81.95555,26.55645]},"properties":{"probability":0.889,"inBuffer":false,"facType":"unknown"}},{"type":"Feature","geometry":{"type":"Point","coordinates":[-81.95106,26.55645]},"properties":{"probability":0.063,"inBuffer":false,"facType":"unknown"}},{"type":"Feature","geometry":{"type":"Point","coordinates":[-81.94657,26.55645]},"properties":{"probability":0.189,"inBuffer":false,"facType":"unknown"}},{"type":"Feature","geometry":{"type":"Point","coordinates":[-81.92411,26.55645]},"properties":{"probability":0.188,"inBuffer":false,"facType":"unknown"}},{"type":"Feature","geometry":{"type":"Point","coordinates":[-81.91962,26.55645]},"properties":{"probability":0.232,"inBuffer":false,"facType":"unknown"}},{"type":"Feature","geometry":{"type":"Point","coordinates":[-81.91512,26.55645]},"properties":{"probability":0.281,"inBuffer":false,"facType":"unknown"}},{"type":"Feature","geometry":{"type":"Point","coordinates":[-81.91063,26.55645]},"properties":{"probability":0.946,"inBuffer":false,"facType":"unknown"}},{"type":"Feature","geometry":{"type":"Point","coordinates":[-81.90614,26.55645]},"properties":{"probability":0.949,"inBuffer":false,"facType":"unknown"}},{"type":"Feature","geometry":{"type":"Point","coordinates":[-81.90165,26.55645]},"properties":{"probability":0.551,"inBuffer":false,"facType":"unknown"}},{"type":"Feature","geometry":{"type":"Point","coordinates":[-81.89716,26.55645]},"properties":{"probability":0.543,"inBuffer":false,"facType":"unknown"}},{"type":"Feature","geometry":{"type":"Point","coordinates":[-81.89267,26.55645]},"properties":{"probability":0.119,"inBuffer":false,"facType":"unknown"}},{"type":"Feature","geometry":{"type":"Point","coordinates":[-81.88818,26.55645]},"properties":{"probability":0.124,"inBuffer":false,"facType":"unknown"}},{"type":"Feature","geometry":{"type":"Point","coordinates":[-81.88368,26.55645]},"properties":{"probability":0.268,"inBuffer":false,"facType":"unknown"}},{"type":"Feature","geometry":{"type":"Point","coordinates":[-81.87919,26.55645]},"properties":{"probability":0.3,"inBuffer":false,"facType":"unknown"}},{"type":"Feature","geometry":{"type":"Point","coordinates":[-81.8747,26.55645]},"properties":{"probability":0.947,"inBuffer":false,"facType":"unknown"}},{"type":"Feature","geometry":{"type":"Point","coordinates":[-81.87021,26.55645]},"properties":{"probability":0.94,"inBuffer":false,"facType":"unknown"}},{"type":"Feature","geometry":{"type":"Point","coordinates":[-81.86572,26.55645]},"properties":{"probability":0.894,"inBuffer":false,"facType":"unknown"}},{"type":"Feature","geometry":{"type":"Point","coordinates":[-81.86123,26.55645]},"properties":{"probability":0.208,"inBuffer":false,"facType":"unknown"}},{"type":"Feature","geometry":{"type":"Point","coordinates":[-81.85673,26.55645]},"properties":{"probability":0.208,"inBuffer":false,"facType":"unknown"}},{"type":"Feature","geometry":{"type":"Point","coordinates":[-81.85224,26.55645]},"properties":{"probability":0.312,"inBuffer":false,"facType":"unknown"}},{"type":"Feature","geometry":{"type":"Point","coordinates":[-81.84775,26.55645]},"properties":{"probability":0.288,"inBuffer":false,"facType":"unknown"}},{"type":"Feature","geometry":{"type":"Point","coordinates":[-81.84326,26.55645]},"properties":{"probability":0.257,"inBuffer":false,"facType":"unknown"}},{"type":"Feature","geometry":{"type":"Point","coordinates":[-81.83877,26.55645]},"properties":{"probability":0.248,"inBuffer":false,"facType":"unknown"}},{"type":"Feature","geometry":{"type":"Point","coordinates":[-81.83428,26.55645]},"properties":{"probability":0.137,"inBuffer":false,"facType":"unknown"}},{"type":"Feature","geometry":{"type":"Point","coordinates":[-81.82979,26.55645]},"properties":{"probability":0.132,"inBuffer":false,"facType":"unknown"}},{"type":"Feature","geometry":{"type":"Point","coordinates":[-81.82529,26.55645]},"properties":{"probability":0.137,"inBuffer":false,"facType":"unknown"}},{"type":"Feature","geometry":{"type":"Point","coordinates":[-81.8208,26.55645]},"properties":{"probability":0.156,"inBuffer":false,"facType":"unknown"}},{"type":"Feature","geometry":{"type":"Point","coordinates":[-81.81631,26.55645]},"properties":{"probability":0.155,"inBuffer":false,"facType":"unknown"}},{"type":"Feature","geometry":{"type":"Point","coordinates":[-81.81182,26.55645]},"properties":{"probability":0.167,"inBuffer":false,"facType":"unknown"}},{"type":"Feature","geometry":{"type":"Point","coordinates":[-81.80733,26.55645]},"properties":{"probability":0.19,"inBuffer":false,"facType":"unknown"}},{"type":"Feature","geometry":{"type":"Point","coordinates":[-81.80284,26.55645]},"properties":{"probability":0.051,"inBuffer":false,"facType":"unknown"}},{"type":"Feature","geometry":{"type":"Point","coordinates":[-81.79834,26.55645]},"properties":{"probability":0.184,"inBuffer":false,"facType":"unknown"}},{"type":"Feature","geometry":{"type":"Point","coordinates":[-81.79385,26.55645]},"properties":{"probability":0.317,"inBuffer":false,"facType":"unknown"}},{"type":"Feature","geometry":{"type":"Point","coordinates":[-81.78936,26.55645]},"properties":{"probability":0.248,"inBuffer":false,"facType":"unknown"}},{"type":"Feature","geometry":{"type":"Point","coordinates":[-81.77139,26.55645]},"properties":{"probability":0.134,"inBuffer":false,"facType":"unknown"}},{"type":"Feature","geometry":{"type":"Point","coordinates":[-81.7669,26.55645]},"properties":{"probability":0.198,"inBuffer":false,"facType":"unknown"}},{"type":"Feature","geometry":{"type":"Point","coordinates":[-81.76241,26.55645]},"properties":{"probability":0.913,"inBuffer":false,"facType":"unknown"}},{"type":"Feature","geometry":{"type":"Point","coordinates":[-81.75792,26.55645]},"properties":{"probability":0.922,"inBuffer":false,"facType":"unknown"}},{"type":"Feature","geometry":{"type":"Point","coordinates":[-81.75343,26.55645]},"properties":{"probability":0.944,"inBuffer":false,"facType":"unknown"}},{"type":"Feature","geometry":{"type":"Point","coordinates":[-81.74894,26.55645]},"properties":{"probability":0.247,"inBuffer":false,"facType":"unknown"}},{"type":"Feature","geometry":{"type":"Point","coordinates":[-82.01843,26.55195]},"properties":{"probability":0.207,"inBuffer":false,"facType":"unknown"}},{"type":"Feature","geometry":{"type":"Point","coordinates":[-82.01394,26.55195]},"properties":{"probability":0.148,"inBuffer":false,"facType":"unknown"}},{"type":"Feature","geometry":{"type":"Point","coordinates":[-82.00945,26.55195]},"properties":{"probability":0.157,"inBuffer":false,"facType":"unknown"}},{"type":"Feature","geometry":{"type":"Point","coordinates":[-82.00496,26.55195]},"properties":{"probability":0.172,"inBuffer":false,"facType":"unknown"}},{"type":"Feature","geometry":{"type":"Point","coordinates":[-82.00046,26.55195]},"properties":{"probability":0.161,"inBuffer":false,"facType":"unknown"}},{"type":"Feature","geometry":{"type":"Point","coordinates":[-81.99597,26.55195]},"properties":{"probability":0.155,"inBuffer":false,"facType":"unknown"}},{"type":"Feature","geometry":{"type":"Point","coordinates":[-81.99148,26.55195]},"properties":{"probability":0.137,"inBuffer":false,"facType":"unknown"}},{"type":"Feature","geometry":{"type":"Point","coordinates":[-81.98699,26.55195]},"properties":{"probability":0.136,"inBuffer":false,"facType":"unknown"}},{"type":"Feature","geometry":{"type":"Point","coordinates":[-81.9825,26.55195]},"properties":{"probability":0.138,"inBuffer":false,"facType":"unknown"}},{"type":"Feature","geometry":{"type":"Point","coordinates":[-81.97801,26.55195]},"properties":{"probability":0.138,"inBuffer":false,"facType":"unknown"}},{"type":"Feature","geometry":{"type":"Point","coordinates":[-81.97352,26.55195]},"properties":{"probability":0.136,"inBuffer":false,"facType":"unknown"}},{"type":"Feature","geometry":{"type":"Point","coordinates":[-81.96902,26.55195]},"properties":{"probability":0.135,"inBuffer":false,"facType":"unknown"}},{"type":"Feature","geometry":{"type":"Point","coordinates":[-81.96453,26.55195]},"properties":{"probability":0.14,"inBuffer":false,"facType":"unknown"}},{"type":"Feature","geometry":{"type":"Point","coordinates":[-81.96004,26.55195]},"properties":{"probability":0.196,"inBuffer":false,"facType":"unknown"}},{"type":"Feature","geometry":{"type":"Point","coordinates":[-81.95555,26.55195]},"properties":{"probability":0.194,"inBuffer":false,"facType":"unknown"}},{"type":"Feature","geometry":{"type":"Point","coordinates":[-81.95106,26.55195]},"properties":{"probability":0.154,"inBuffer":false,"facType":"unknown"}},{"type":"Feature","geometry":{"type":"Point","coordinates":[-81.92411,26.55195]},"properties":{"probability":0.174,"inBuffer":false,"facType":"unknown"}},{"type":"Feature","geometry":{"type":"Point","coordinates":[-81.91962,26.55195]},"properties":{"probability":0.227,"inBuffer":false,"facType":"unknown"}},{"type":"Feature","geometry":{"type":"Point","coordinates":[-81.91512,26.55195]},"properties":{"probability":0.277,"inBuffer":false,"facType":"unknown"}},{"type":"Feature","geometry":{"type":"Point","coordinates":[-81.91063,26.55195]},"properties":{"probability":0.946,"inBuffer":false,"facType":"unknown"}},{"type":"Feature","geometry":{"type":"Point","coordinates":[-81.90614,26.55195]},"properties":{"probability":0.944,"inBuffer":false,"facType":"unknown"}},{"type":"Feature","geometry":{"type":"Point","coordinates":[-81.90165,26.55195]},"properties":{"probability":0.922,"inBuffer":false,"facType":"unknown"}},{"type":"Feature","geometry":{"type":"Point","coordinates":[-81.89716,26.55195]},"properties":{"probability":0.234,"inBuffer":false,"facType":"unknown"}},{"type":"Feature","geometry":{"type":"Point","coordinates":[-81.89267,26.55195]},"properties":{"probability":0.098,"inBuffer":false,"facType":"unknown"}},{"type":"Feature","geometry":{"type":"Point","coordinates":[-81.88818,26.55195]},"properties":{"probability":0.117,"inBuffer":false,"facType":"unknown"}},{"type":"Feature","geometry":{"type":"Point","coordinates":[-81.88368,26.55195]},"properties":{"probability":0.271,"inBuffer":false,"facType":"unknown"}},{"type":"Feature","geometry":{"type":"Point","coordinates":[-81.87919,26.55195]},"properties":{"probability":0.294,"inBuffer":false,"facType":"unknown"}},{"type":"Feature","geometry":{"type":"Point","coordinates":[-81.8747,26.55195]},"properties":{"probability":0.949,"inBuffer":false,"facType":"unknown"}},{"type":"Feature","geometry":{"type":"Point","coordinates":[-81.87021,26.55195]},"properties":{"probability":0.948,"inBuffer":false,"facType":"unknown"}},{"type":"Feature","geometry":{"type":"Point","coordinates":[-81.86572,26.55195]},"properties":{"probability":0.916,"inBuffer":false,"facType":"unknown"}},{"type":"Feature","geometry":{"type":"Point","coordinates":[-81.86123,26.55195]},"properties":{"probability":0.231,"inBuffer":false,"facType":"unknown"}},{"type":"Feature","geometry":{"type":"Point","coordinates":[-81.85673,26.55195]},"properties":{"probability":0.402,"inBuffer":false,"facType":"unknown"}},{"type":"Feature","geometry":{"type":"Point","coordinates":[-81.85224,26.55195]},"properties":{"probability":0.414,"inBuffer":false,"facType":"unknown"}},{"type":"Feature","geometry":{"type":"Point","coordinates":[-81.84775,26.55195]},"properties":{"probability":0.417,"inBuffer":false,"facType":"unknown"}},{"type":"Feature","geometry":{"type":"Point","coordinates":[-81.84326,26.55195]},"properties":{"probability":0.413,"inBuffer":false,"facType":"unknown"}},{"type":"Feature","geometry":{"type":"Point","coordinates":[-81.83877,26.55195]},"properties":{"probability":0.279,"inBuffer":false,"facType":"unknown"}},{"type":"Feature","geometry":{"type":"Point","coordinates":[-81.83428,26.55195]},"properties":{"probability":0.155,"inBuffer":false,"facType":"unknown"}},{"type":"Feature","geometry":{"type":"Point","coordinates":[-81.82979,26.55195]},"properties":{"probability":0.136,"inBuffer":false,"facType":"unknown"}},{"type":"Feature","geometry":{"type":"Point","coordinates":[-81.82529,26.55195]},"properties":{"probability":0.172,"inBuffer":false,"facType":"unknown"}},{"type":"Feature","geometry":{"type":"Point","coordinates":[-81.8208,26.55195]},"properties":{"probability":0.838,"inBuffer":false,"facType":"unknown"}},{"type":"Feature","geometry":{"type":"Point","coordinates":[-81.81631,26.55195]},"properties":{"probability":0.841,"inBuffer":false,"facType":"unknown"}},{"type":"Feature","geometry":{"type":"Point","coordinates":[-81.81182,26.55195]},"properties":{"probability":0.252,"inBuffer":false,"facType":"unknown"}},{"type":"Feature","geometry":{"type":"Point","coordinates":[-81.80733,26.55195]},"properties":{"probability":0.257,"inBuffer":false,"facType":"unknown"}},{"type":"Feature","geometry":{"type":"Point","coordinates":[-81.80284,26.55195]},"properties":{"probability":0.075,"inBuffer":false,"facType":"unknown"}},{"type":"Feature","geometry":{"type":"Point","coordinates":[-81.79834,26.55195]},"properties":{"probability":0.301,"inBuffer":false,"facType":"unknown"}},{"type":"Feature","geometry":{"type":"Point","coordinates":[-81.79385,26.55195]},"properties":{"probability":0.401,"inBuffer":false,"facType":"unknown"}},{"type":"Feature","geometry":{"type":"Point","coordinates":[-81.78936,26.55195]},"properties":{"probability":0.379,"inBuffer":false,"facType":"unknown"}},{"type":"Feature","geometry":{"type":"Point","coordinates":[-81.78487,26.55195]},"properties":{"probability":0.211,"inBuffer":false,"facType":"unknown"}},{"type":"Feature","geometry":{"type":"Point","coordinates":[-81.78038,26.55195]},"properties":{"probability":0.065,"inBuffer":false,"facType":"unknown"}},{"type":"Feature","geometry":{"type":"Point","coordinates":[-81.77589,26.55195]},"properties":{"probability":0.062,"inBuffer":false,"facType":"unknown"}},{"type":"Feature","geometry":{"type":"Point","coordinates":[-81.77139,26.55195]},"properties":{"probability":0.177,"inBuffer":false,"facType":"unknown"}},{"type":"Feature","geometry":{"type":"Point","coordinates":[-81.7669,26.55195]},"properties":{"probability":0.219,"inBuffer":false,"facType":"unknown"}},{"type":"Feature","geometry":{"type":"Point","coordinates":[-81.76241,26.55195]},"properties":{"probability":0.917,"inBuffer":false,"facType":"unknown"}},{"type":"Feature","geometry":{"type":"Point","coordinates":[-81.75792,26.55195]},"properties":{"probability":0.923,"inBuffer":false,"facType":"unknown"}},{"type":"Feature","geometry":{"type":"Point","coordinates":[-81.75343,26.55195]},"properties":{"probability":0.933,"inBuffer":false,"facType":"unknown"}},{"type":"Feature","geometry":{"type":"Point","coordinates":[-81.74894,26.55195]},"properties":{"probability":0.204,"inBuffer":false,"facType":"unknown"}},{"type":"Feature","geometry":{"type":"Point","coordinates":[-82.01843,26.54746]},"properties":{"probability":0.206,"inBuffer":false,"facType":"unknown"}},{"type":"Feature","geometry":{"type":"Point","coordinates":[-82.01394,26.54746]},"properties":{"probability":0.245,"inBuffer":false,"facType":"unknown"}},{"type":"Feature","geometry":{"type":"Point","coordinates":[-82.00945,26.54746]},"properties":{"probability":0.264,"inBuffer":false,"facType":"unknown"}},{"type":"Feature","geometry":{"type":"Point","coordinates":[-82.00496,26.54746]},"properties":{"probability":0.28,"inBuffer":false,"facType":"unknown"}},{"type":"Feature","geometry":{"type":"Point","coordinates":[-82.00046,26.54746]},"properties":{"probability":0.263,"inBuffer":false,"facType":"unknown"}},{"type":"Feature","geometry":{"type":"Point","coordinates":[-81.99597,26.54746]},"properties":{"probability":0.246,"inBuffer":false,"facType":"unknown"}},{"type":"Feature","geometry":{"type":"Point","coordinates":[-81.99148,26.54746]},"properties":{"probability":0.137,"inBuffer":false,"facType":"unknown"}},{"type":"Feature","geometry":{"type":"Point","coordinates":[-81.98699,26.54746]},"properties":{"probability":0.132,"inBuffer":false,"facType":"unknown"}},{"type":"Feature","geometry":{"type":"Point","coordinates":[-81.9825,26.54746]},"properties":{"probability":0.131,"inBuffer":false,"facType":"unknown"}},{"type":"Feature","geometry":{"type":"Point","coordinates":[-81.97801,26.54746]},"properties":{"probability":0.135,"inBuffer":false,"facType":"unknown"}},{"type":"Feature","geometry":{"type":"Point","coordinates":[-81.97352,26.54746]},"properties":{"probability":0.137,"inBuffer":false,"facType":"unknown"}},{"type":"Feature","geometry":{"type":"Point","coordinates":[-81.96902,26.54746]},"properties":{"probability":0.133,"inBuffer":false,"facType":"unknown"}},{"type":"Feature","geometry":{"type":"Point","coordinates":[-81.96453,26.54746]},"properties":{"probability":0.136,"inBuffer":false,"facType":"unknown"}},{"type":"Feature","geometry":{"type":"Point","coordinates":[-81.96004,26.54746]},"properties":{"probability":0.138,"inBuffer":false,"facType":"unknown"}},{"type":"Feature","geometry":{"type":"Point","coordinates":[-81.95555,26.54746]},"properties":{"probability":0.153,"inBuffer":false,"facType":"unknown"}},{"type":"Feature","geometry":{"type":"Point","coordinates":[-81.95106,26.54746]},"properties":{"probability":0.156,"inBuffer":false,"facType":"unknown"}},{"type":"Feature","geometry":{"type":"Point","coordinates":[-81.92411,26.54746]},"properties":{"probability":0.178,"inBuffer":false,"facType":"unknown"}},{"type":"Feature","geometry":{"type":"Point","coordinates":[-81.91962,26.54746]},"properties":{"probability":0.193,"inBuffer":false,"facType":"unknown"}},{"type":"Feature","geometry":{"type":"Point","coordinates":[-81.91512,26.54746]},"properties":{"probability":0.251,"inBuffer":false,"facType":"unknown"}},{"type":"Feature","geometry":{"type":"Point","coordinates":[-81.91063,26.54746]},"properties":{"probability":0.272,"inBuffer":false,"facType":"unknown"}},{"type":"Feature","geometry":{"type":"Point","coordinates":[-81.90614,26.54746]},"properties":{"probability":0.232,"inBuffer":false,"facType":"unknown"}},{"type":"Feature","geometry":{"type":"Point","coordinates":[-81.90165,26.54746]},"properties":{"probability":0.209,"inBuffer":false,"facType":"unknown"}},{"type":"Feature","geometry":{"type":"Point","coordinates":[-81.89716,26.54746]},"properties":{"probability":0.245,"inBuffer":false,"facType":"unknown"}},{"type":"Feature","geometry":{"type":"Point","coordinates":[-81.89267,26.54746]},"properties":{"probability":0.089,"inBuffer":false,"facType":"unknown"}},{"type":"Feature","geometry":{"type":"Point","coordinates":[-81.88818,26.54746]},"properties":{"probability":0.121,"inBuffer":false,"facType":"unknown"}},{"type":"Feature","geometry":{"type":"Point","coordinates":[-81.88368,26.54746]},"properties":{"probability":0.276,"inBuffer":false,"facType":"unknown"}},{"type":"Feature","geometry":{"type":"Point","coordinates":[-81.87919,26.54746]},"properties":{"probability":0.293,"inBuffer":false,"facType":"unknown"}},{"type":"Feature","geometry":{"type":"Point","coordinates":[-81.8747,26.54746]},"properties":{"probability":0.947,"inBuffer":false,"facType":"unknown"}},{"type":"Feature","geometry":{"type":"Point","coordinates":[-81.87021,26.54746]},"properties":{"probability":0.948,"inBuffer":false,"facType":"unknown"}},{"type":"Feature","geometry":{"type":"Point","coordinates":[-81.86572,26.54746]},"properties":{"probability":0.938,"inBuffer":false,"facType":"unknown"}},{"type":"Feature","geometry":{"type":"Point","coordinates":[-81.86123,26.54746]},"properties":{"probability":0.284,"inBuffer":false,"facType":"unknown"}},{"type":"Feature","geometry":{"type":"Point","coordinates":[-81.85673,26.54746]},"properties":{"probability":0.421,"inBuffer":false,"facType":"unknown"}},{"type":"Feature","geometry":{"type":"Point","coordinates":[-81.85224,26.54746]},"properties":{"probability":0.945,"inBuffer":false,"facType":"unknown"}},{"type":"Feature","geometry":{"type":"Point","coordinates":[-81.84775,26.54746]},"properties":{"probability":0.948,"inBuffer":false,"facType":"unknown"}},{"type":"Feature","geometry":{"type":"Point","coordinates":[-81.84326,26.54746]},"properties":{"probability":0.407,"inBuffer":false,"facType":"unknown"}},{"type":"Feature","geometry":{"type":"Point","coordinates":[-81.83877,26.54746]},"properties":{"probability":0.401,"inBuffer":false,"facType":"unknown"}},{"type":"Feature","geometry":{"type":"Point","coordinates":[-81.83428,26.54746]},"properties":{"probability":0.268,"inBuffer":false,"facType":"unknown"}},{"type":"Feature","geometry":{"type":"Point","coordinates":[-81.82979,26.54746]},"properties":{"probability":0.174,"inBuffer":false,"facType":"unknown"}},{"type":"Feature","geometry":{"type":"Point","coordinates":[-81.82529,26.54746]},"properties":{"probability":0.193,"inBuffer":false,"facType":"unknown"}},{"type":"Feature","geometry":{"type":"Point","coordinates":[-81.8208,26.54746]},"properties":{"probability":0.839,"inBuffer":false,"facType":"unknown"}},{"type":"Feature","geometry":{"type":"Point","coordinates":[-81.81631,26.54746]},"properties":{"probability":0.888,"inBuffer":false,"facType":"unknown"}},{"type":"Feature","geometry":{"type":"Point","coordinates":[-81.81182,26.54746]},"properties":{"probability":0.935,"inBuffer":false,"facType":"unknown"}},{"type":"Feature","geometry":{"type":"Point","coordinates":[-81.80733,26.54746]},"properties":{"probability":0.284,"inBuffer":false,"facType":"unknown"}},{"type":"Feature","geometry":{"type":"Point","coordinates":[-81.80284,26.54746]},"properties":{"probability":0.104,"inBuffer":false,"facType":"unknown"}},{"type":"Feature","geometry":{"type":"Point","coordinates":[-81.79834,26.54746]},"properties":{"probability":0.103,"inBuffer":false,"facType":"unknown"}},{"type":"Feature","geometry":{"type":"Point","coordinates":[-81.79385,26.54746]},"properties":{"probability":0.419,"inBuffer":false,"facType":"unknown"}},{"type":"Feature","geometry":{"type":"Point","coordinates":[-81.78936,26.54746]},"properties":{"probability":0.376,"inBuffer":false,"facType":"unknown"}},{"type":"Feature","geometry":{"type":"Point","coordinates":[-81.78487,26.54746]},"properties":{"probability":0.095,"inBuffer":false,"facType":"unknown"}},{"type":"Feature","geometry":{"type":"Point","coordinates":[-81.78038,26.54746]},"properties":{"probability":0.074,"inBuffer":false,"facType":"unknown"}},{"type":"Feature","geometry":{"type":"Point","coordinates":[-81.77589,26.54746]},"properties":{"probability":0.079,"inBuffer":false,"facType":"unknown"}},{"type":"Feature","geometry":{"type":"Point","coordinates":[-81.77139,26.54746]},"properties":{"probability":0.191,"inBuffer":false,"facType":"unknown"}},{"type":"Feature","geometry":{"type":"Point","coordinates":[-81.7669,26.54746]},"properties":{"probability":0.186,"inBuffer":false,"facType":"unknown"}},{"type":"Feature","geometry":{"type":"Point","coordinates":[-81.76241,26.54746]},"properties":{"probability":0.232,"inBuffer":false,"facType":"unknown"}},{"type":"Feature","geometry":{"type":"Point","coordinates":[-81.75792,26.54746]},"properties":{"probability":0.272,"inBuffer":false,"facType":"unknown"}},{"type":"Feature","geometry":{"type":"Point","coordinates":[-81.75343,26.54746]},"properties":{"probability":0.26,"inBuffer":false,"facType":"unknown"}},{"type":"Feature","geometry":{"type":"Point","coordinates":[-81.74894,26.54746]},"properties":{"probability":0.194,"inBuffer":false,"facType":"unknown"}},{"type":"Feature","geometry":{"type":"Point","coordinates":[-81.74445,26.54746]},"properties":{"probability":0.135,"inBuffer":false,"facType":"unknown"}},{"type":"Feature","geometry":{"type":"Point","coordinates":[-81.73995,26.54746]},"properties":{"probability":0.132,"inBuffer":false,"facType":"unknown"}},{"type":"Feature","geometry":{"type":"Point","coordinates":[-82.01843,26.54297]},"properties":{"probability":0.21,"inBuffer":false,"facType":"unknown"}},{"type":"Feature","geometry":{"type":"Point","coordinates":[-82.01394,26.54297]},"properties":{"probability":0.204,"inBuffer":false,"facType":"unknown"}},{"type":"Feature","geometry":{"type":"Point","coordinates":[-82.00945,26.54297]},"properties":{"probability":0.247,"inBuffer":false,"facType":"unknown"}},{"type":"Feature","geometry":{"type":"Point","coordinates":[-82.00496,26.54297]},"properties":{"probability":0.288,"inBuffer":false,"facType":"unknown"}},{"type":"Feature","geometry":{"type":"Point","coordinates":[-82.00046,26.54297]},"properties":{"probability":0.31,"inBuffer":false,"facType":"unknown"}},{"type":"Feature","geometry":{"type":"Point","coordinates":[-81.99597,26.54297]},"properties":{"probability":0.277,"inBuffer":false,"facType":"unknown"}},{"type":"Feature","geometry":{"type":"Point","coordinates":[-81.99148,26.54297]},"properties":{"probability":0.191,"inBuffer":false,"facType":"unknown"}},{"type":"Feature","geometry":{"type":"Point","coordinates":[-81.98699,26.54297]},"properties":{"probability":0.191,"inBuffer":false,"facType":"unknown"}},{"type":"Feature","geometry":{"type":"Point","coordinates":[-81.9825,26.54297]},"properties":{"probability":0.194,"inBuffer":false,"facType":"unknown"}},{"type":"Feature","geometry":{"type":"Point","coordinates":[-81.97801,26.54297]},"properties":{"probability":0.131,"inBuffer":false,"facType":"unknown"}},{"type":"Feature","geometry":{"type":"Point","coordinates":[-81.97352,26.54297]},"properties":{"probability":0.13,"inBuffer":false,"facType":"unknown"}},{"type":"Feature","geometry":{"type":"Point","coordinates":[-81.96004,26.54297]},"properties":{"probability":0.134,"inBuffer":false,"facType":"unknown"}},{"type":"Feature","geometry":{"type":"Point","coordinates":[-81.95555,26.54297]},"properties":{"probability":0.147,"inBuffer":false,"facType":"unknown"}},{"type":"Feature","geometry":{"type":"Point","coordinates":[-81.95106,26.54297]},"properties":{"probability":0.188,"inBuffer":false,"facType":"unknown"}},{"type":"Feature","geometry":{"type":"Point","coordinates":[-81.9286,26.54297]},"properties":{"probability":0.136,"inBuffer":false,"facType":"unknown"}},{"type":"Feature","geometry":{"type":"Point","coordinates":[-81.92411,26.54297]},"properties":{"probability":0.183,"inBuffer":false,"facType":"unknown"}},{"type":"Feature","geometry":{"type":"Point","coordinates":[-81.91962,26.54297]},"properties":{"probability":0.198,"inBuffer":false,"facType":"unknown"}},{"type":"Feature","geometry":{"type":"Point","coordinates":[-81.91512,26.54297]},"properties":{"probability":0.245,"inBuffer":false,"facType":"unknown"}},{"type":"Feature","geometry":{"type":"Point","coordinates":[-81.91063,26.54297]},"properties":{"probability":0.247,"inBuffer":false,"facType":"unknown"}},{"type":"Feature","geometry":{"type":"Point","coordinates":[-81.90614,26.54297]},"properties":{"probability":0.246,"inBuffer":false,"facType":"unknown"}},{"type":"Feature","geometry":{"type":"Point","coordinates":[-81.90165,26.54297]},"properties":{"probability":0.245,"inBuffer":false,"facType":"unknown"}},{"type":"Feature","geometry":{"type":"Point","coordinates":[-81.89716,26.54297]},"properties":{"probability":0.233,"inBuffer":false,"facType":"unknown"}},{"type":"Feature","geometry":{"type":"Point","coordinates":[-81.89267,26.54297]},"properties":{"probability":0.241,"inBuffer":false,"facType":"unknown"}},{"type":"Feature","geometry":{"type":"Point","coordinates":[-81.88818,26.54297]},"properties":{"probability":0.086,"inBuffer":false,"facType":"unknown"}},{"type":"Feature","geometry":{"type":"Point","coordinates":[-81.88368,26.54297]},"properties":{"probability":0.264,"inBuffer":false,"facType":"unknown"}},{"type":"Feature","geometry":{"type":"Point","coordinates":[-81.87919,26.54297]},"properties":{"probability":0.255,"inBuffer":false,"facType":"unknown"}},{"type":"Feature","geometry":{"type":"Point","coordinates":[-81.8747,26.54297]},"properties":{"probability":0.3,"inBuffer":false,"facType":"unknown"}},{"type":"Feature","geometry":{"type":"Point","coordinates":[-81.87021,26.54297]},"properties":{"probability":0.298,"inBuffer":false,"facType":"unknown"}},{"type":"Feature","geometry":{"type":"Point","coordinates":[-81.86572,26.54297]},"properties":{"probability":0.278,"inBuffer":false,"facType":"unknown"}},{"type":"Feature","geometry":{"type":"Point","coordinates":[-81.86123,26.54297]},"properties":{"probability":0.413,"inBuffer":false,"facType":"unknown"}},{"type":"Feature","geometry":{"type":"Point","coordinates":[-81.85673,26.54297]},"properties":{"probability":0.929,"inBuffer":false,"facType":"unknown"}},{"type":"Feature","geometry":{"type":"Point","coordinates":[-81.85224,26.54297]},"properties":{"probability":0.947,"inBuffer":false,"facType":"unknown"}},{"type":"Feature","geometry":{"type":"Point","coordinates":[-81.84775,26.54297]},"properties":{"probability":0.947,"inBuffer":false,"facType":"unknown"}},{"type":"Feature","geometry":{"type":"Point","coordinates":[-81.84326,26.54297]},"properties":{"probability":0.946,"inBuffer":false,"facType":"unknown"}},{"type":"Feature","geometry":{"type":"Point","coordinates":[-81.83877,26.54297]},"properties":{"probability":0.426,"inBuffer":false,"facType":"unknown"}},{"type":"Feature","geometry":{"type":"Point","coordinates":[-81.83428,26.54297]},"properties":{"probability":0.264,"inBuffer":false,"facType":"unknown"}},{"type":"Feature","geometry":{"type":"Point","coordinates":[-81.82979,26.54297]},"properties":{"probability":0.189,"inBuffer":false,"facType":"unknown"}},{"type":"Feature","geometry":{"type":"Point","coordinates":[-81.82529,26.54297]},"properties":{"probability":0.199,"inBuffer":false,"facType":"unknown"}},{"type":"Feature","geometry":{"type":"Point","coordinates":[-81.8208,26.54297]},"properties":{"probability":0.841,"inBuffer":false,"facType":"unknown"}},{"type":"Feature","geometry":{"type":"Point","coordinates":[-81.81631,26.54297]},"properties":{"probability":0.871,"inBuffer":false,"facType":"unknown"}},{"type":"Feature","geometry":{"type":"Point","coordinates":[-81.81182,26.54297]},"properties":{"probability":0.926,"inBuffer":false,"facType":"unknown"}},{"type":"Feature","geometry":{"type":"Point","coordinates":[-81.80733,26.54297]},"properties":{"probability":0.274,"inBuffer":false,"facType":"unknown"}},{"type":"Feature","geometry":{"type":"Point","coordinates":[-81.80284,26.54297]},"properties":{"probability":0.248,"inBuffer":false,"facType":"unknown"}},{"type":"Feature","geometry":{"type":"Point","coordinates":[-81.79834,26.54297]},"properties":{"probability":0.086,"inBuffer":false,"facType":"unknown"}},{"type":"Feature","geometry":{"type":"Point","coordinates":[-81.79385,26.54297]},"properties":{"probability":0.127,"inBuffer":false,"facType":"unknown"}},{"type":"Feature","geometry":{"type":"Point","coordinates":[-81.78936,26.54297]},"properties":{"probability":0.124,"inBuffer":false,"facType":"unknown"}},{"type":"Feature","geometry":{"type":"Point","coordinates":[-81.78487,26.54297]},"properties":{"probability":0.065,"inBuffer":false,"facType":"unknown"}},{"type":"Feature","geometry":{"type":"Point","coordinates":[-81.77589,26.54297]},"properties":{"probability":0.054,"inBuffer":false,"facType":"unknown"}},{"type":"Feature","geometry":{"type":"Point","coordinates":[-81.77139,26.54297]},"properties":{"probability":0.202,"inBuffer":false,"facType":"unknown"}},{"type":"Feature","geometry":{"type":"Point","coordinates":[-81.7669,26.54297]},"properties":{"probability":0.202,"inBuffer":false,"facType":"unknown"}},{"type":"Feature","geometry":{"type":"Point","coordinates":[-81.76241,26.54297]},"properties":{"probability":0.342,"inBuffer":false,"facType":"unknown"}},{"type":"Feature","geometry":{"type":"Point","coordinates":[-81.75792,26.54297]},"properties":{"probability":0.404,"inBuffer":false,"facType":"unknown"}},{"type":"Feature","geometry":{"type":"Point","coordinates":[-81.75343,26.54297]},"properties":{"probability":0.372,"inBuffer":false,"facType":"unknown"}},{"type":"Feature","geometry":{"type":"Point","coordinates":[-81.74894,26.54297]},"properties":{"probability":0.167,"inBuffer":false,"facType":"unknown"}},{"type":"Feature","geometry":{"type":"Point","coordinates":[-81.74445,26.54297]},"properties":{"probability":0.147,"inBuffer":false,"facType":"unknown"}},{"type":"Feature","geometry":{"type":"Point","coordinates":[-82.01394,26.53848]},"properties":{"probability":0.219,"inBuffer":false,"facType":"unknown"}},{"type":"Feature","geometry":{"type":"Point","coordinates":[-82.00945,26.53848]},"properties":{"probability":0.215,"inBuffer":false,"facType":"unknown"}},{"type":"Feature","geometry":{"type":"Point","coordinates":[-82.00496,26.53848]},"properties":{"probability":0.286,"inBuffer":false,"facType":"unknown"}},{"type":"Feature","geometry":{"type":"Point","coordinates":[-82.00046,26.53848]},"properties":{"probability":0.313,"inBuffer":false,"facType":"unknown"}},{"type":"Feature","geometry":{"type":"Point","coordinates":[-81.99597,26.53848]},"properties":{"probability":0.313,"inBuffer":false,"facType":"unknown"}},{"type":"Feature","geometry":{"type":"Point","coordinates":[-81.95106,26.53848]},"properties":{"probability":0.157,"inBuffer":false,"facType":"unknown"}},{"type":"Feature","geometry":{"type":"Point","coordinates":[-81.93758,26.53848]},"properties":{"probability":0.13,"inBuffer":false,"facType":"unknown"}},{"type":"Feature","geometry":{"type":"Point","coordinates":[-81.93309,26.53848]},"properties":{"probability":0.132,"inBuffer":false,"facType":"unknown"}},{"type":"Feature","geometry":{"type":"Point","coordinates":[-81.9286,26.53848]},"properties":{"probability":0.146,"inBuffer":false,"facType":"unknown"}},{"type":"Feature","geometry":{"type":"Point","coordinates":[-81.92411,26.53848]},"properties":{"probability":0.191,"inBuffer":false,"facType":"unknown"}},{"type":"Feature","geometry":{"type":"Point","coordinates":[-81.91962,26.53848]},"properties":{"probability":0.188,"inBuffer":false,"facType":"unknown"}},{"type":"Feature","geometry":{"type":"Point","coordinates":[-81.91512,26.53848]},"properties":{"probability":0.191,"inBuffer":false,"facType":"unknown"}},{"type":"Feature","geometry":{"type":"Point","coordinates":[-81.91063,26.53848]},"properties":{"probability":0.197,"inBuffer":false,"facType":"unknown"}},{"type":"Feature","geometry":{"type":"Point","coordinates":[-81.90614,26.53848]},"properties":{"probability":0.25,"inBuffer":false,"facType":"unknown"}},{"type":"Feature","geometry":{"type":"Point","coordinates":[-81.90165,26.53848]},"properties":{"probability":0.231,"inBuffer":false,"facType":"unknown"}},{"type":"Feature","geometry":{"type":"Point","coordinates":[-81.89716,26.53848]},"properties":{"probability":0.174,"inBuffer":false,"facType":"unknown"}},{"type":"Feature","geometry":{"type":"Point","coordinates":[-81.89267,26.53848]},"properties":{"probability":0.14,"inBuffer":false,"facType":"unknown"}},{"type":"Feature","geometry":{"type":"Point","coordinates":[-81.88818,26.53848]},"properties":{"probability":0.187,"inBuffer":false,"facType":"unknown"}},{"type":"Feature","geometry":{"type":"Point","coordinates":[-81.88368,26.53848]},"properties":{"probability":0.194,"inBuffer":false,"facType":"unknown"}},{"type":"Feature","geometry":{"type":"Point","coordinates":[-81.87919,26.53848]},"properties":{"probability":0.185,"inBuffer":false,"facType":"unknown"}},{"type":"Feature","geometry":{"type":"Point","coordinates":[-81.8747,26.53848]},"properties":{"probability":0.264,"inBuffer":false,"facType":"unknown"}},{"type":"Feature","geometry":{"type":"Point","coordinates":[-81.87021,26.53848]},"properties":{"probability":0.281,"inBuffer":false,"facType":"unknown"}},{"type":"Feature","geometry":{"type":"Point","coordinates":[-81.86572,26.53848]},"properties":{"probability":0.207,"inBuffer":false,"facType":"unknown"}},{"type":"Feature","geometry":{"type":"Point","coordinates":[-81.86123,26.53848]},"properties":{"probability":0.209,"inBuffer":false,"facType":"unknown"}},{"type":"Feature","geometry":{"type":"Point","coordinates":[-81.85673,26.53848]},"properties":{"probability":0.38,"inBuffer":false,"facType":"unknown"}},{"type":"Feature","geometry":{"type":"Point","coordinates":[-81.85224,26.53848]},"properties":{"probability":0.937,"inBuffer":false,"facType":"unknown"}},{"type":"Feature","geometry":{"type":"Point","coordinates":[-81.84775,26.53848]},"properties":{"probability":0.945,"inBuffer":false,"facType":"unknown"}},{"type":"Feature","geometry":{"type":"Point","coordinates":[-81.84326,26.53848]},"properties":{"probability":0.935,"inBuffer":false,"facType":"unknown"}},{"type":"Feature","geometry":{"type":"Point","coordinates":[-81.83877,26.53848]},"properties":{"probability":0.388,"inBuffer":false,"facType":"unknown"}},{"type":"Feature","geometry":{"type":"Point","coordinates":[-81.83428,26.53848]},"properties":{"probability":0.217,"inBuffer":false,"facType":"unknown"}},{"type":"Feature","geometry":{"type":"Point","coordinates":[-81.82979,26.53848]},"properties":{"probability":0.175,"inBuffer":false,"facType":"unknown"}},{"type":"Feature","geometry":{"type":"Point","coordinates":[-81.82529,26.53848]},"properties":{"probability":0.167,"inBuffer":false,"facType":"unknown"}},{"type":"Feature","geometry":{"type":"Point","coordinates":[-81.8208,26.53848]},"properties":{"probability":0.152,"inBuffer":false,"facType":"unknown"}},{"type":"Feature","geometry":{"type":"Point","coordinates":[-81.81631,26.53848]},"properties":{"probability":0.151,"inBuffer":false,"facType":"unknown"}},{"type":"Feature","geometry":{"type":"Point","coordinates":[-81.81182,26.53848]},"properties":{"probability":0.15,"inBuffer":false,"facType":"unknown"}},{"type":"Feature","geometry":{"type":"Point","coordinates":[-81.80733,26.53848]},"properties":{"probability":0.14,"inBuffer":false,"facType":"unknown"}},{"type":"Feature","geometry":{"type":"Point","coordinates":[-81.80284,26.53848]},"properties":{"probability":0.153,"inBuffer":false,"facType":"unknown"}},{"type":"Feature","geometry":{"type":"Point","coordinates":[-81.79834,26.53848]},"properties":{"probability":0.065,"inBuffer":false,"facType":"unknown"}},{"type":"Feature","geometry":{"type":"Point","coordinates":[-81.79385,26.53848]},"properties":{"probability":0.079,"inBuffer":false,"facType":"unknown"}},{"type":"Feature","geometry":{"type":"Point","coordinates":[-81.78936,26.53848]},"properties":{"probability":0.07,"inBuffer":false,"facType":"unknown"}},{"type":"Feature","geometry":{"type":"Point","coordinates":[-81.78487,26.53848]},"properties":{"probability":0.058,"inBuffer":false,"facType":"unknown"}},{"type":"Feature","geometry":{"type":"Point","coordinates":[-81.77589,26.53848]},"properties":{"probability":0.201,"inBuffer":false,"facType":"unknown"}},{"type":"Feature","geometry":{"type":"Point","coordinates":[-81.77139,26.53848]},"properties":{"probability":0.194,"inBuffer":false,"facType":"unknown"}},{"type":"Feature","geometry":{"type":"Point","coordinates":[-81.7669,26.53848]},"properties":{"probability":0.389,"inBuffer":false,"facType":"unknown"}},{"type":"Feature","geometry":{"type":"Point","coordinates":[-81.76241,26.53848]},"properties":{"probability":0.423,"inBuffer":false,"facType":"unknown"}},{"type":"Feature","geometry":{"type":"Point","coordinates":[-81.75792,26.53848]},"properties":{"probability":0.903,"inBuffer":false,"facType":"unknown"}},{"type":"Feature","geometry":{"type":"Point","coordinates":[-81.75343,26.53848]},"properties":{"probability":0.848,"inBuffer":false,"facType":"unknown"}},{"type":"Feature","geometry":{"type":"Point","coordinates":[-81.74894,26.53848]},"properties":{"probability":0.832,"inBuffer":false,"facType":"unknown"}},{"type":"Feature","geometry":{"type":"Point","coordinates":[-82.00046,26.53399]},"properties":{"probability":0.194,"inBuffer":false,"facType":"unknown"}},{"type":"Feature","geometry":{"type":"Point","coordinates":[-81.99597,26.53399]},"properties":{"probability":0.192,"inBuffer":false,"facType":"unknown"}},{"type":"Feature","geometry":{"type":"Point","coordinates":[-81.94207,26.53399]},"properties":{"probability":0.153,"inBuffer":false,"facType":"unknown"}},{"type":"Feature","geometry":{"type":"Point","coordinates":[-81.93758,26.53399]},"properties":{"probability":0.147,"inBuffer":false,"facType":"unknown"}},{"type":"Feature","geometry":{"type":"Point","coordinates":[-81.93309,26.53399]},"properties":{"probability":0.132,"inBuffer":false,"facType":"unknown"}},{"type":"Feature","geometry":{"type":"Point","coordinates":[-81.9286,26.53399]},"properties":{"probability":0.138,"inBuffer":false,"facType":"unknown"}},{"type":"Feature","geometry":{"type":"Point","coordinates":[-81.92411,26.53399]},"properties":{"probability":0.174,"inBuffer":false,"facType":"unknown"}},{"type":"Feature","geometry":{"type":"Point","coordinates":[-81.91962,26.53399]},"properties":{"probability":0.172,"inBuffer":false,"facType":"unknown"}},{"type":"Feature","geometry":{"type":"Point","coordinates":[-81.91512,26.53399]},"properties":{"probability":0.171,"inBuffer":false,"facType":"unknown"}},{"type":"Feature","geometry":{"type":"Point","coordinates":[-81.91063,26.53399]},"properties":{"probability":0.174,"inBuffer":false,"facType":"unknown"}},{"type":"Feature","geometry":{"type":"Point","coordinates":[-81.90614,26.53399]},"properties":{"probability":0.189,"inBuffer":false,"facType":"unknown"}},{"type":"Feature","geometry":{"type":"Point","coordinates":[-81.90165,26.53399]},"properties":{"probability":0.189,"inBuffer":false,"facType":"unknown"}},{"type":"Feature","geometry":{"type":"Point","coordinates":[-81.89716,26.53399]},"properties":{"probability":0.185,"inBuffer":false,"facType":"unknown"}},{"type":"Feature","geometry":{"type":"Point","coordinates":[-81.89267,26.53399]},"properties":{"probability":0.139,"inBuffer":false,"facType":"unknown"}},{"type":"Feature","geometry":{"type":"Point","coordinates":[-81.88818,26.53399]},"properties":{"probability":0.139,"inBuffer":false,"facType":"unknown"}},{"type":"Feature","geometry":{"type":"Point","coordinates":[-81.88368,26.53399]},"properties":{"probability":0.137,"inBuffer":false,"facType":"unknown"}},{"type":"Feature","geometry":{"type":"Point","coordinates":[-81.87919,26.53399]},"properties":{"probability":0.136,"inBuffer":false,"facType":"unknown"}},{"type":"Feature","geometry":{"type":"Point","coordinates":[-81.8747,26.53399]},"properties":{"probability":0.262,"inBuffer":false,"facType":"unknown"}},{"type":"Feature","geometry":{"type":"Point","coordinates":[-81.87021,26.53399]},"properties":{"probability":0.286,"inBuffer":false,"facType":"unknown"}},{"type":"Feature","geometry":{"type":"Point","coordinates":[-81.86572,26.53399]},"properties":{"probability":0.927,"inBuffer":false,"facType":"unknown"}},{"type":"Feature","geometry":{"type":"Point","coordinates":[-81.86123,26.53399]},"properties":{"probability":0.919,"inBuffer":false,"facType":"unknown"}},{"type":"Feature","geometry":{"type":"Point","coordinates":[-81.85673,26.53399]},"properties":{"probability":0.92,"inBuffer":false,"facType":"unknown"}},{"type":"Feature","geometry":{"type":"Point","coordinates":[-81.85224,26.53399]},"properties":{"probability":0.418,"inBuffer":false,"facType":"unknown"}},{"type":"Feature","geometry":{"type":"Point","coordinates":[-81.84775,26.53399]},"properties":{"probability":0.939,"inBuffer":false,"facType":"unknown"}},{"type":"Feature","geometry":{"type":"Point","coordinates":[-81.84326,26.53399]},"properties":{"probability":0.411,"inBuffer":false,"facType":"unknown"}},{"type":"Feature","geometry":{"type":"Point","coordinates":[-81.83877,26.53399]},"properties":{"probability":0.395,"inBuffer":false,"facType":"unknown"}},{"type":"Feature","geometry":{"type":"Point","coordinates":[-81.83428,26.53399]},"properties":{"probability":0.206,"inBuffer":false,"facType":"unknown"}},{"type":"Feature","geometry":{"type":"Point","coordinates":[-81.82979,26.53399]},"properties":{"probability":0.154,"inBuffer":false,"facType":"unknown"}},{"type":"Feature","geometry":{"type":"Point","coordinates":[-81.82529,26.53399]},"properties":{"probability":0.138,"inBuffer":false,"facType":"unknown"}},{"type":"Feature","geometry":{"type":"Point","coordinates":[-81.8208,26.53399]},"properties":{"probability":0.13,"inBuffer":false,"facType":"unknown"}},{"type":"Feature","geometry":{"type":"Point","coordinates":[-81.81631,26.53399]},"properties":{"probability":0.131,"inBuffer":false,"facType":"unknown"}},{"type":"Feature","geometry":{"type":"Point","coordinates":[-81.81182,26.53399]},"properties":{"probability":0.129,"inBuffer":false,"facType":"unknown"}},{"type":"Feature","geometry":{"type":"Point","coordinates":[-81.80733,26.53399]},"properties":{"probability":0.135,"inBuffer":false,"facType":"unknown"}},{"type":"Feature","geometry":{"type":"Point","coordinates":[-81.80284,26.53399]},"properties":{"probability":0.14,"inBuffer":false,"facType":"unknown"}},{"type":"Feature","geometry":{"type":"Point","coordinates":[-81.79834,26.53399]},"properties":{"probability":0.056,"inBuffer":false,"facType":"unknown"}},{"type":"Feature","geometry":{"type":"Point","coordinates":[-81.79385,26.53399]},"properties":{"probability":0.065,"inBuffer":false,"facType":"unknown"}},{"type":"Feature","geometry":{"type":"Point","coordinates":[-81.78936,26.53399]},"properties":{"probability":0.07,"inBuffer":false,"facType":"unknown"}},{"type":"Feature","geometry":{"type":"Point","coordinates":[-81.78487,26.53399]},"properties":{"probability":0.059,"inBuffer":false,"facType":"unknown"}},{"type":"Feature","geometry":{"type":"Point","coordinates":[-81.78038,26.53399]},"properties":{"probability":0.19,"inBuffer":false,"facType":"unknown"}},{"type":"Feature","geometry":{"type":"Point","coordinates":[-81.77589,26.53399]},"properties":{"probability":0.209,"inBuffer":false,"facType":"unknown"}},{"type":"Feature","geometry":{"type":"Point","coordinates":[-81.77139,26.53399]},"properties":{"probability":0.266,"inBuffer":false,"facType":"unknown"}},{"type":"Feature","geometry":{"type":"Point","coordinates":[-81.7669,26.53399]},"properties":{"probability":0.417,"inBuffer":false,"facType":"unknown"}},{"type":"Feature","geometry":{"type":"Point","coordinates":[-81.76241,26.53399]},"properties":{"probability":0.917,"inBuffer":false,"facType":"unknown"}},{"type":"Feature","geometry":{"type":"Point","coordinates":[-81.75792,26.53399]},"properties":{"probability":0.897,"inBuffer":false,"facType":"unknown"}},{"type":"Feature","geometry":{"type":"Point","coordinates":[-81.75343,26.53399]},"properties":{"probability":0.859,"inBuffer":false,"facType":"unknown"}},{"type":"Feature","geometry":{"type":"Point","coordinates":[-81.74894,26.53399]},"properties":{"probability":0.851,"inBuffer":false,"facType":"unknown"}},{"type":"Feature","geometry":{"type":"Point","coordinates":[-81.95555,26.5295]},"properties":{"probability":0.133,"inBuffer":false,"facType":"unknown"}},{"type":"Feature","geometry":{"type":"Point","coordinates":[-81.95106,26.5295]},"properties":{"probability":0.137,"inBuffer":false,"facType":"unknown"}},{"type":"Feature","geometry":{"type":"Point","coordinates":[-81.94657,26.5295]},"properties":{"probability":0.133,"inBuffer":false,"facType":"unknown"}},{"type":"Feature","geometry":{"type":"Point","coordinates":[-81.94207,26.5295]},"properties":{"probability":0.132,"inBuffer":false,"facType":"unknown"}},{"type":"Feature","geometry":{"type":"Point","coordinates":[-81.93758,26.5295]},"properties":{"probability":0.187,"inBuffer":false,"facType":"unknown"}},{"type":"Feature","geometry":{"type":"Point","coordinates":[-81.93309,26.5295]},"properties":{"probability":0.134,"inBuffer":false,"facType":"unknown"}},{"type":"Feature","geometry":{"type":"Point","coordinates":[-81.9286,26.5295]},"properties":{"probability":0.135,"inBuffer":false,"facType":"unknown"}},{"type":"Feature","geometry":{"type":"Point","coordinates":[-81.92411,26.5295]},"properties":{"probability":0.154,"inBuffer":false,"facType":"unknown"}},{"type":"Feature","geometry":{"type":"Point","coordinates":[-81.91962,26.5295]},"properties":{"probability":0.226,"inBuffer":false,"facType":"unknown"}},{"type":"Feature","geometry":{"type":"Point","coordinates":[-81.91512,26.5295]},"properties":{"probability":0.206,"inBuffer":false,"facType":"unknown"}},{"type":"Feature","geometry":{"type":"Point","coordinates":[-81.91063,26.5295]},"properties":{"probability":0.214,"inBuffer":false,"facType":"unknown"}},{"type":"Feature","geometry":{"type":"Point","coordinates":[-81.90614,26.5295]},"properties":{"probability":0.223,"inBuffer":false,"facType":"unknown"}},{"type":"Feature","geometry":{"type":"Point","coordinates":[-81.90165,26.5295]},"properties":{"probability":0.05,"inBuffer":false,"facType":"unknown"}},{"type":"Feature","geometry":{"type":"Point","coordinates":[-81.89716,26.5295]},"properties":{"probability":0.182,"inBuffer":false,"facType":"unknown"}},{"type":"Feature","geometry":{"type":"Point","coordinates":[-81.89267,26.5295]},"properties":{"probability":0.188,"inBuffer":false,"facType":"unknown"}},{"type":"Feature","geometry":{"type":"Point","coordinates":[-81.88818,26.5295]},"properties":{"probability":0.174,"inBuffer":false,"facType":"unknown"}},{"type":"Feature","geometry":{"type":"Point","coordinates":[-81.88368,26.5295]},"properties":{"probability":0.146,"inBuffer":false,"facType":"unknown"}},{"type":"Feature","geometry":{"type":"Point","coordinates":[-81.87919,26.5295]},"properties":{"probability":0.143,"inBuffer":false,"facType":"unknown"}},{"type":"Feature","geometry":{"type":"Point","coordinates":[-81.8747,26.5295]},"properties":{"probability":0.281,"inBuffer":false,"facType":"unknown"}},{"type":"Feature","geometry":{"type":"Point","coordinates":[-81.87021,26.5295]},"properties":{"probability":0.301,"inBuffer":false,"facType":"unknown"}},{"type":"Feature","geometry":{"type":"Point","coordinates":[-81.86572,26.5295]},"properties":{"probability":0.939,"inBuffer":false,"facType":"unknown"}},{"type":"Feature","geometry":{"type":"Point","coordinates":[-81.86123,26.5295]},"properties":{"probability":0.926,"inBuffer":false,"facType":"unknown"}},{"type":"Feature","geometry":{"type":"Point","coordinates":[-81.85673,26.5295]},"properties":{"probability":0.921,"inBuffer":false,"facType":"unknown"}},{"type":"Feature","geometry":{"type":"Point","coordinates":[-81.85224,26.5295]},"properties":{"probability":0.267,"inBuffer":false,"facType":"unknown"}},{"type":"Feature","geometry":{"type":"Point","coordinates":[-81.84775,26.5295]},"properties":{"probability":0.413,"inBuffer":false,"facType":"unknown"}},{"type":"Feature","geometry":{"type":"Point","coordinates":[-81.84326,26.5295]},"properties":{"probability":0.346,"inBuffer":false,"facType":"unknown"}},{"type":"Feature","geometry":{"type":"Point","coordinates":[-81.83877,26.5295]},"properties":{"probability":0.199,"inBuffer":false,"facType":"unknown"}},{"type":"Feature","geometry":{"type":"Point","coordinates":[-81.83428,26.5295]},"properties":{"probability":0.203,"inBuffer":false,"facType":"unknown"}},{"type":"Feature","geometry":{"type":"Point","coordinates":[-81.82979,26.5295]},"properties":{"probability":0.216,"inBuffer":false,"facType":"unknown"}},{"type":"Feature","geometry":{"type":"Point","coordinates":[-81.82529,26.5295]},"properties":{"probability":0.138,"inBuffer":false,"facType":"unknown"}},{"type":"Feature","geometry":{"type":"Point","coordinates":[-81.8208,26.5295]},"properties":{"probability":0.132,"inBuffer":false,"facType":"unknown"}},{"type":"Feature","geometry":{"type":"Point","coordinates":[-81.81631,26.5295]},"properties":{"probability":0.132,"inBuffer":false,"facType":"unknown"}},{"type":"Feature","geometry":{"type":"Point","coordinates":[-81.81182,26.5295]},"properties":{"probability":0.133,"inBuffer":false,"facType":"unknown"}},{"type":"Feature","geometry":{"type":"Point","coordinates":[-81.80733,26.5295]},"properties":{"probability":0.134,"inBuffer":false,"facType":"unknown"}},{"type":"Feature","geometry":{"type":"Point","coordinates":[-81.80284,26.5295]},"properties":{"probability":0.138,"inBuffer":false,"facType":"unknown"}},{"type":"Feature","geometry":{"type":"Point","coordinates":[-81.79834,26.5295]},"properties":{"probability":0.187,"inBuffer":false,"facType":"unknown"}},{"type":"Feature","geometry":{"type":"Point","coordinates":[-81.79385,26.5295]},"properties":{"probability":0.082,"inBuffer":false,"facType":"unknown"}},{"type":"Feature","geometry":{"type":"Point","coordinates":[-81.78936,26.5295]},"properties":{"probability":0.108,"inBuffer":false,"facType":"unknown"}},{"type":"Feature","geometry":{"type":"Point","coordinates":[-81.78487,26.5295]},"properties":{"probability":0.059,"inBuffer":false,"facType":"unknown"}},{"type":"Feature","geometry":{"type":"Point","coordinates":[-81.78038,26.5295]},"properties":{"probability":0.145,"inBuffer":false,"facType":"unknown"}},{"type":"Feature","geometry":{"type":"Point","coordinates":[-81.77589,26.5295]},"properties":{"probability":0.144,"inBuffer":false,"facType":"unknown"}},{"type":"Feature","geometry":{"type":"Point","coordinates":[-81.77139,26.5295]},"properties":{"probability":0.241,"inBuffer":false,"facType":"unknown"}},{"type":"Feature","geometry":{"type":"Point","coordinates":[-81.7669,26.5295]},"properties":{"probability":0.288,"inBuffer":false,"facType":"unknown"}},{"type":"Feature","geometry":{"type":"Point","coordinates":[-81.76241,26.5295]},"properties":{"probability":0.95,"inBuffer":false,"facType":"unknown"}},{"type":"Feature","geometry":{"type":"Point","coordinates":[-81.75792,26.5295]},"properties":{"probability":0.947,"inBuffer":false,"facType":"unknown"}},{"type":"Feature","geometry":{"type":"Point","coordinates":[-81.75343,26.5295]},"properties":{"probability":0.943,"inBuffer":false,"facType":"unknown"}},{"type":"Feature","geometry":{"type":"Point","coordinates":[-81.74894,26.5295]},"properties":{"probability":0.923,"inBuffer":false,"facType":"unknown"}},{"type":"Feature","geometry":{"type":"Point","coordinates":[-81.74445,26.5295]},"properties":{"probability":0.836,"inBuffer":false,"facType":"unknown"}},{"type":"Feature","geometry":{"type":"Point","coordinates":[-81.95555,26.525]},"properties":{"probability":0.135,"inBuffer":false,"facType":"unknown"}},{"type":"Feature","geometry":{"type":"Point","coordinates":[-81.95106,26.525]},"properties":{"probability":0.159,"inBuffer":false,"facType":"unknown"}},{"type":"Feature","geometry":{"type":"Point","coordinates":[-81.94657,26.525]},"properties":{"probability":0.152,"inBuffer":false,"facType":"unknown"}},{"type":"Feature","geometry":{"type":"Point","coordinates":[-81.94207,26.525]},"properties":{"probability":0.175,"inBuffer":false,"facType":"unknown"}},{"type":"Feature","geometry":{"type":"Point","coordinates":[-81.93758,26.525]},"properties":{"probability":0.201,"inBuffer":false,"facType":"unknown"}},{"type":"Feature","geometry":{"type":"Point","coordinates":[-81.93309,26.525]},"properties":{"probability":0.137,"inBuffer":false,"facType":"unknown"}},{"type":"Feature","geometry":{"type":"Point","coordinates":[-81.9286,26.525]},"properties":{"probability":0.135,"inBuffer":false,"facType":"unknown"}},{"type":"Feature","geometry":{"type":"Point","coordinates":[-81.92411,26.525]},"properties":{"probability":0.137,"inBuffer":false,"facType":"unknown"}},{"type":"Feature","geometry":{"type":"Point","coordinates":[-81.91962,26.525]},"properties":{"probability":0.2,"inBuffer":false,"facType":"unknown"}},{"type":"Feature","geometry":{"type":"Point","coordinates":[-81.91512,26.525]},"properties":{"probability":0.214,"inBuffer":false,"facType":"unknown"}},{"type":"Feature","geometry":{"type":"Point","coordinates":[-81.91063,26.525]},"properties":{"probability":0.229,"inBuffer":false,"facType":"unknown"}},{"type":"Feature","geometry":{"type":"Point","coordinates":[-81.90614,26.525]},"properties":{"probability":0.231,"inBuffer":false,"facType":"unknown"}},{"type":"Feature","geometry":{"type":"Point","coordinates":[-81.89716,26.525]},"properties":{"probability":0.189,"inBuffer":false,"facType":"unknown"}},{"type":"Feature","geometry":{"type":"Point","coordinates":[-81.89267,26.525]},"properties":{"probability":0.19,"inBuffer":false,"facType":"unknown"}},{"type":"Feature","geometry":{"type":"Point","coordinates":[-81.88818,26.525]},"properties":{"probability":0.189,"inBuffer":false,"facType":"unknown"}},{"type":"Feature","geometry":{"type":"Point","coordinates":[-81.88368,26.525]},"properties":{"probability":0.194,"inBuffer":false,"facType":"unknown"}},{"type":"Feature","geometry":{"type":"Point","coordinates":[-81.87919,26.525]},"properties":{"probability":0.205,"inBuffer":false,"facType":"unknown"}},{"type":"Feature","geometry":{"type":"Point","coordinates":[-81.8747,26.525]},"properties":{"probability":0.272,"inBuffer":false,"facType":"unknown"}},{"type":"Feature","geometry":{"type":"Point","coordinates":[-81.87021,26.525]},"properties":{"probability":0.297,"inBuffer":false,"facType":"unknown"}},{"type":"Feature","geometry":{"type":"Point","coordinates":[-81.86572,26.525]},"properties":{"probability":0.933,"inBuffer":false,"facType":"unknown"}},{"type":"Feature","geometry":{"type":"Point","coordinates":[-81.86123,26.525]},"properties":{"probability":0.932,"inBuffer":false,"facType":"unknown"}},{"type":"Feature","geometry":{"type":"Point","coordinates":[-81.85673,26.525]},"properties":{"probability":0.933,"inBuffer":false,"facType":"unknown"}},{"type":"Feature","geometry":{"type":"Point","coordinates":[-81.85224,26.525]},"properties":{"probability":0.273,"inBuffer":false,"facType":"unknown"}},{"type":"Feature","geometry":{"type":"Point","coordinates":[-81.84775,26.525]},"properties":{"probability":0.17,"inBuffer":false,"facType":"unknown"}},{"type":"Feature","geometry":{"type":"Point","coordinates":[-81.84326,26.525]},"properties":{"probability":0.192,"inBuffer":false,"facType":"unknown"}},{"type":"Feature","geometry":{"type":"Point","coordinates":[-81.83877,26.525]},"properties":{"probability":0.2,"inBuffer":false,"facType":"unknown"}},{"type":"Feature","geometry":{"type":"Point","coordinates":[-81.83428,26.525]},"properties":{"probability":0.198,"inBuffer":false,"facType":"unknown"}},{"type":"Feature","geometry":{"type":"Point","coordinates":[-81.82979,26.525]},"properties":{"probability":0.202,"inBuffer":false,"facType":"unknown"}},{"type":"Feature","geometry":{"type":"Point","coordinates":[-81.82529,26.525]},"properties":{"probability":0.14,"inBuffer":false,"facType":"unknown"}},{"type":"Feature","geometry":{"type":"Point","coordinates":[-81.8208,26.525]},"properties":{"probability":0.13,"inBuffer":false,"facType":"unknown"}},{"type":"Feature","geometry":{"type":"Point","coordinates":[-81.81631,26.525]},"properties":{"probability":0.133,"inBuffer":false,"facType":"unknown"}},{"type":"Feature","geometry":{"type":"Point","coordinates":[-81.81182,26.525]},"properties":{"probability":0.138,"inBuffer":false,"facType":"unknown"}},{"type":"Feature","geometry":{"type":"Point","coordinates":[-81.80733,26.525]},"properties":{"probability":0.14,"inBuffer":false,"facType":"unknown"}},{"type":"Feature","geometry":{"type":"Point","coordinates":[-81.80284,26.525]},"properties":{"probability":0.131,"inBuffer":false,"facType":"unknown"}},{"type":"Feature","geometry":{"type":"Point","coordinates":[-81.79834,26.525]},"properties":{"probability":0.183,"inBuffer":false,"facType":"unknown"}},{"type":"Feature","geometry":{"type":"Point","coordinates":[-81.79385,26.525]},"properties":{"probability":0.064,"inBuffer":false,"facType":"unknown"}},{"type":"Feature","geometry":{"type":"Point","coordinates":[-81.78936,26.525]},"properties":{"probability":0.064,"inBuffer":false,"facType":"unknown"}},{"type":"Feature","geometry":{"type":"Point","coordinates":[-81.78487,26.525]},"properties":{"probability":0.184,"inBuffer":false,"facType":"unknown"}},{"type":"Feature","geometry":{"type":"Point","coordinates":[-81.78038,26.525]},"properties":{"probability":0.144,"inBuffer":false,"facType":"unknown"}},{"type":"Feature","geometry":{"type":"Point","coordinates":[-81.77589,26.525]},"properties":{"probability":0.153,"inBuffer":false,"facType":"unknown"}},{"type":"Feature","geometry":{"type":"Point","coordinates":[-81.77139,26.525]},"properties":{"probability":0.155,"inBuffer":false,"facType":"unknown"}},{"type":"Feature","geometry":{"type":"Point","coordinates":[-81.7669,26.525]},"properties":{"probability":0.19,"inBuffer":false,"facType":"unknown"}},{"type":"Feature","geometry":{"type":"Point","coordinates":[-81.76241,26.525]},"properties":{"probability":0.95,"inBuffer":false,"facType":"unknown"}},{"type":"Feature","geometry":{"type":"Point","coordinates":[-81.75792,26.525]},"properties":{"probability":0.951,"inBuffer":false,"facType":"unknown"}},{"type":"Feature","geometry":{"type":"Point","coordinates":[-81.75343,26.525]},"properties":{"probability":0.948,"inBuffer":false,"facType":"unknown"}},{"type":"Feature","geometry":{"type":"Point","coordinates":[-81.74894,26.525]},"properties":{"probability":0.275,"inBuffer":false,"facType":"unknown"}},{"type":"Feature","geometry":{"type":"Point","coordinates":[-81.74445,26.525]},"properties":{"probability":0.165,"inBuffer":false,"facType":"unknown"}},{"type":"Feature","geometry":{"type":"Point","coordinates":[-82.00046,26.52051]},"properties":{"probability":0.879,"inBuffer":false,"facType":"unknown"}},{"type":"Feature","geometry":{"type":"Point","coordinates":[-81.99597,26.52051]},"properties":{"probability":0.885,"inBuffer":false,"facType":"unknown"}},{"type":"Feature","geometry":{"type":"Point","coordinates":[-81.96902,26.52051]},"properties":{"probability":0.133,"inBuffer":false,"facType":"unknown"}},{"type":"Feature","geometry":{"type":"Point","coordinates":[-81.96453,26.52051]},"properties":{"probability":0.137,"inBuffer":false,"facType":"unknown"}},{"type":"Feature","geometry":{"type":"Point","coordinates":[-81.96004,26.52051]},"properties":{"probability":0.17,"inBuffer":false,"facType":"unknown"}},{"type":"Feature","geometry":{"type":"Point","coordinates":[-81.95555,26.52051]},"properties":{"probability":0.188,"inBuffer":false,"facType":"unknown"}},{"type":"Feature","geometry":{"type":"Point","coordinates":[-81.95106,26.52051]},"properties":{"probability":0.191,"inBuffer":false,"facType":"unknown"}},{"type":"Feature","geometry":{"type":"Point","coordinates":[-81.94657,26.52051]},"properties":{"probability":0.24,"inBuffer":false,"facType":"unknown"}},{"type":"Feature","geometry":{"type":"Point","coordinates":[-81.94207,26.52051]},"properties":{"probability":0.278,"inBuffer":false,"facType":"unknown"}},{"type":"Feature","geometry":{"type":"Point","coordinates":[-81.93758,26.52051]},"properties":{"probability":0.938,"inBuffer":false,"facType":"unknown"}},{"type":"Feature","geometry":{"type":"Point","coordinates":[-81.93309,26.52051]},"properties":{"probability":0.208,"inBuffer":false,"facType":"unknown"}},{"type":"Feature","geometry":{"type":"Point","coordinates":[-81.9286,26.52051]},"properties":{"probability":0.203,"inBuffer":false,"facType":"unknown"}},{"type":"Feature","geometry":{"type":"Point","coordinates":[-81.92411,26.52051]},"properties":{"probability":0.183,"inBuffer":false,"facType":"unknown"}},{"type":"Feature","geometry":{"type":"Point","coordinates":[-81.91962,26.52051]},"properties":{"probability":0.289,"inBuffer":false,"facType":"unknown"}},{"type":"Feature","geometry":{"type":"Point","coordinates":[-81.91512,26.52051]},"properties":{"probability":0.309,"inBuffer":false,"facType":"unknown"}},{"type":"Feature","geometry":{"type":"Point","coordinates":[-81.91063,26.52051]},"properties":{"probability":0.414,"inBuffer":false,"facType":"unknown"}},{"type":"Feature","geometry":{"type":"Point","coordinates":[-81.90614,26.52051]},"properties":{"probability":0.413,"inBuffer":false,"facType":"unknown"}},{"type":"Feature","geometry":{"type":"Point","coordinates":[-81.90165,26.52051]},"properties":{"probability":0.078,"inBuffer":false,"facType":"unknown"}},{"type":"Feature","geometry":{"type":"Point","coordinates":[-81.89716,26.52051]},"properties":{"probability":0.277,"inBuffer":false,"facType":"unknown"}},{"type":"Feature","geometry":{"type":"Point","coordinates":[-81.89267,26.52051]},"properties":{"probability":0.25,"inBuffer":false,"facType":"unknown"}},{"type":"Feature","geometry":{"type":"Point","coordinates":[-81.88818,26.52051]},"properties":{"probability":0.228,"inBuffer":false,"facType":"unknown"}},{"type":"Feature","geometry":{"type":"Point","coordinates":[-81.88368,26.52051]},"properties":{"probability":0.19,"inBuffer":false,"facType":"unknown"}},{"type":"Feature","geometry":{"type":"Point","coordinates":[-81.87919,26.52051]},"properties":{"probability":0.186,"inBuffer":false,"facType":"unknown"}},{"type":"Feature","geometry":{"type":"Point","coordinates":[-81.8747,26.52051]},"properties":{"probability":0.241,"inBuffer":false,"facType":"unknown"}},{"type":"Feature","geometry":{"type":"Point","coordinates":[-81.87021,26.52051]},"properties":{"probability":0.284,"inBuffer":false,"facType":"unknown"}},{"type":"Feature","geometry":{"type":"Point","coordinates":[-81.86572,26.52051]},"properties":{"probability":0.273,"inBuffer":false,"facType":"unknown"}},{"type":"Feature","geometry":{"type":"Point","coordinates":[-81.86123,26.52051]},"properties":{"probability":0.23,"inBuffer":false,"facType":"unknown"}},{"type":"Feature","geometry":{"type":"Point","coordinates":[-81.85673,26.52051]},"properties":{"probability":0.227,"inBuffer":false,"facType":"unknown"}},{"type":"Feature","geometry":{"type":"Point","coordinates":[-81.85224,26.52051]},"properties":{"probability":0.172,"inBuffer":false,"facType":"unknown"}},{"type":"Feature","geometry":{"type":"Point","coordinates":[-81.84775,26.52051]},"properties":{"probability":0.144,"inBuffer":false,"facType":"unknown"}},{"type":"Feature","geometry":{"type":"Point","coordinates":[-81.84326,26.52051]},"properties":{"probability":0.142,"inBuffer":false,"facType":"unknown"}},{"type":"Feature","geometry":{"type":"Point","coordinates":[-81.83877,26.52051]},"properties":{"probability":0.189,"inBuffer":false,"facType":"unknown"}},{"type":"Feature","geometry":{"type":"Point","coordinates":[-81.83428,26.52051]},"properties":{"probability":0.188,"inBuffer":false,"facType":"unknown"}},{"type":"Feature","geometry":{"type":"Point","coordinates":[-81.82979,26.52051]},"properties":{"probability":0.189,"inBuffer":false,"facType":"unknown"}},{"type":"Feature","geometry":{"type":"Point","coordinates":[-81.8208,26.52051]},"properties":{"probability":0.132,"inBuffer":false,"facType":"unknown"}},{"type":"Feature","geometry":{"type":"Point","coordinates":[-81.81631,26.52051]},"properties":{"probability":0.133,"inBuffer":false,"facType":"unknown"}},{"type":"Feature","geometry":{"type":"Point","coordinates":[-81.81182,26.52051]},"properties":{"probability":0.13,"inBuffer":false,"facType":"unknown"}},{"type":"Feature","geometry":{"type":"Point","coordinates":[-81.80733,26.52051]},"properties":{"probability":0.132,"inBuffer":false,"facType":"unknown"}},{"type":"Feature","geometry":{"type":"Point","coordinates":[-81.79834,26.52051]},"properties":{"probability":0.13,"inBuffer":false,"facType":"unknown"}},{"type":"Feature","geometry":{"type":"Point","coordinates":[-81.78936,26.52051]},"properties":{"probability":0.143,"inBuffer":false,"facType":"unknown"}},{"type":"Feature","geometry":{"type":"Point","coordinates":[-81.78487,26.52051]},"properties":{"probability":0.142,"inBuffer":false,"facType":"unknown"}},{"type":"Feature","geometry":{"type":"Point","coordinates":[-81.78038,26.52051]},"properties":{"probability":0.143,"inBuffer":false,"facType":"unknown"}},{"type":"Feature","geometry":{"type":"Point","coordinates":[-81.77589,26.52051]},"properties":{"probability":0.143,"inBuffer":false,"facType":"unknown"}},{"type":"Feature","geometry":{"type":"Point","coordinates":[-81.77139,26.52051]},"properties":{"probability":0.142,"inBuffer":false,"facType":"unknown"}},{"type":"Feature","geometry":{"type":"Point","coordinates":[-81.7669,26.52051]},"properties":{"probability":0.203,"inBuffer":false,"facType":"unknown"}},{"type":"Feature","geometry":{"type":"Point","coordinates":[-81.76241,26.52051]},"properties":{"probability":0.319,"inBuffer":false,"facType":"unknown"}},{"type":"Feature","geometry":{"type":"Point","coordinates":[-81.75792,26.52051]},"properties":{"probability":0.307,"inBuffer":false,"facType":"unknown"}},{"type":"Feature","geometry":{"type":"Point","coordinates":[-81.75343,26.52051]},"properties":{"probability":0.234,"inBuffer":false,"facType":"unknown"}},{"type":"Feature","geometry":{"type":"Point","coordinates":[-81.74894,26.52051]},"properties":{"probability":0.173,"inBuffer":false,"facType":"unknown"}},{"type":"Feature","geometry":{"type":"Point","coordinates":[-82.00046,26.51602]},"properties":{"probability":0.852,"inBuffer":false,"facType":"unknown"}},{"type":"Feature","geometry":{"type":"Point","coordinates":[-81.99597,26.51602]},"properties":{"probability":0.835,"inBuffer":false,"facType":"unknown"}},{"type":"Feature","geometry":{"type":"Point","coordinates":[-81.97801,26.51602]},"properties":{"probability":0.189,"inBuffer":false,"facType":"unknown"}},{"type":"Feature","geometry":{"type":"Point","coordinates":[-81.97352,26.51602]},"properties":{"probability":0.128,"inBuffer":false,"facType":"unknown"}},{"type":"Feature","geometry":{"type":"Point","coordinates":[-81.96902,26.51602]},"properties":{"probability":0.129,"inBuffer":false,"facType":"unknown"}},{"type":"Feature","geometry":{"type":"Point","coordinates":[-81.96453,26.51602]},"properties":{"probability":0.131,"inBuffer":false,"facType":"unknown"}},{"type":"Feature","geometry":{"type":"Point","coordinates":[-81.96004,26.51602]},"properties":{"probability":0.134,"inBuffer":false,"facType":"unknown"}},{"type":"Feature","geometry":{"type":"Point","coordinates":[-81.95555,26.51602]},"properties":{"probability":0.166,"inBuffer":false,"facType":"unknown"}},{"type":"Feature","geometry":{"type":"Point","coordinates":[-81.95106,26.51602]},"properties":{"probability":0.217,"inBuffer":false,"facType":"unknown"}},{"type":"Feature","geometry":{"type":"Point","coordinates":[-81.94657,26.51602]},"properties":{"probability":0.287,"inBuffer":false,"facType":"unknown"}},{"type":"Feature","geometry":{"type":"Point","coordinates":[-81.94207,26.51602]},"properties":{"probability":0.94,"inBuffer":false,"facType":"unknown"}},{"type":"Feature","geometry":{"type":"Point","coordinates":[-81.93758,26.51602]},"properties":{"probability":0.929,"inBuffer":false,"facType":"unknown"}},{"type":"Feature","geometry":{"type":"Point","coordinates":[-81.93309,26.51602]},"properties":{"probability":0.89,"inBuffer":false,"facType":"unknown"}},{"type":"Feature","geometry":{"type":"Point","coordinates":[-81.9286,26.51602]},"properties":{"probability":0.186,"inBuffer":false,"facType":"unknown"}},{"type":"Feature","geometry":{"type":"Point","coordinates":[-81.91962,26.51602]},"properties":{"probability":0.373,"inBuffer":false,"facType":"unknown"}},{"type":"Feature","geometry":{"type":"Point","coordinates":[-81.91512,26.51602]},"properties":{"probability":0.414,"inBuffer":false,"facType":"unknown"}},{"type":"Feature","geometry":{"type":"Point","coordinates":[-81.91063,26.51602]},"properties":{"probability":0.911,"inBuffer":false,"facType":"unknown"}},{"type":"Feature","geometry":{"type":"Point","coordinates":[-81.90614,26.51602]},"properties":{"probability":0.912,"inBuffer":false,"facType":"unknown"}},{"type":"Feature","geometry":{"type":"Point","coordinates":[-81.90165,26.51602]},"properties":{"probability":0.368,"inBuffer":false,"facType":"unknown"}},{"type":"Feature","geometry":{"type":"Point","coordinates":[-81.89716,26.51602]},"properties":{"probability":0.931,"inBuffer":false,"facType":"unknown"}},{"type":"Feature","geometry":{"type":"Point","coordinates":[-81.89267,26.51602]},"properties":{"probability":0.205,"inBuffer":false,"facType":"unknown"}},{"type":"Feature","geometry":{"type":"Point","coordinates":[-81.88818,26.51602]},"properties":{"probability":0.196,"inBuffer":false,"facType":"unknown"}},{"type":"Feature","geometry":{"type":"Point","coordinates":[-81.88368,26.51602]},"properties":{"probability":0.134,"inBuffer":false,"facType":"unknown"}},{"type":"Feature","geometry":{"type":"Point","coordinates":[-81.87919,26.51602]},"properties":{"probability":0.135,"inBuffer":false,"facType":"unknown"}},{"type":"Feature","geometry":{"type":"Point","coordinates":[-81.8747,26.51602]},"properties":{"probability":0.149,"inBuffer":false,"facType":"unknown"}},{"type":"Feature","geometry":{"type":"Point","coordinates":[-81.87021,26.51602]},"properties":{"probability":0.253,"inBuffer":false,"facType":"unknown"}},{"type":"Feature","geometry":{"type":"Point","coordinates":[-81.86572,26.51602]},"properties":{"probability":0.271,"inBuffer":false,"facType":"unknown"}},{"type":"Feature","geometry":{"type":"Point","coordinates":[-81.86123,26.51602]},"properties":{"probability":0.263,"inBuffer":false,"facType":"unknown"}},{"type":"Feature","geometry":{"type":"Point","coordinates":[-81.85673,26.51602]},"properties":{"probability":0.239,"inBuffer":false,"facType":"unknown"}},{"type":"Feature","geometry":{"type":"Point","coordinates":[-81.85224,26.51602]},"properties":{"probability":0.193,"inBuffer":false,"facType":"unknown"}},{"type":"Feature","geometry":{"type":"Point","coordinates":[-81.84775,26.51602]},"properties":{"probability":0.143,"inBuffer":false,"facType":"unknown"}},{"type":"Feature","geometry":{"type":"Point","coordinates":[-81.84326,26.51602]},"properties":{"probability":0.143,"inBuffer":false,"facType":"unknown"}},{"type":"Feature","geometry":{"type":"Point","coordinates":[-81.76241,26.51602]},"properties":{"probability":0.058,"inBuffer":false,"facType":"unknown"}},{"type":"Feature","geometry":{"type":"Point","coordinates":[-81.75792,26.51602]},"properties":{"probability":0.186,"inBuffer":false,"facType":"unknown"}},{"type":"Feature","geometry":{"type":"Point","coordinates":[-81.75343,26.51602]},"properties":{"probability":0.096,"inBuffer":false,"facType":"unknown"}},{"type":"Feature","geometry":{"type":"Point","coordinates":[-81.72648,26.51602]},"properties":{"probability":0.224,"inBuffer":false,"facType":"unknown"}},{"type":"Feature","geometry":{"type":"Point","coordinates":[-81.72199,26.51602]},"properties":{"probability":0.229,"inBuffer":false,"facType":"unknown"}},{"type":"Feature","geometry":{"type":"Point","coordinates":[-81.99597,26.51153]},"properties":{"probability":0.836,"inBuffer":false,"facType":"unknown"}},{"type":"Feature","geometry":{"type":"Point","coordinates":[-81.99148,26.51153]},"properties":{"probability":0.351,"inBuffer":false,"facType":"unknown"}},{"type":"Feature","geometry":{"type":"Point","coordinates":[-81.98699,26.51153]},"properties":{"probability":0.314,"inBuffer":false,"facType":"unknown"}},{"type":"Feature","geometry":{"type":"Point","coordinates":[-81.9825,26.51153]},"properties":{"probability":0.199,"inBuffer":false,"facType":"unknown"}},{"type":"Feature","geometry":{"type":"Point","coordinates":[-81.97801,26.51153]},"properties":{"probability":0.138,"inBuffer":false,"facType":"unknown"}},{"type":"Feature","geometry":{"type":"Point","coordinates":[-81.97352,26.51153]},"properties":{"probability":0.141,"inBuffer":false,"facType":"unknown"}},{"type":"Feature","geometry":{"type":"Point","coordinates":[-81.96902,26.51153]},"properties":{"probability":0.15,"inBuffer":false,"facType":"unknown"}},{"type":"Feature","geometry":{"type":"Point","coordinates":[-81.96453,26.51153]},"properties":{"probability":0.148,"inBuffer":false,"facType":"unknown"}},{"type":"Feature","geometry":{"type":"Point","coordinates":[-81.96004,26.51153]},"properties":{"probability":0.15,"inBuffer":false,"facType":"unknown"}},{"type":"Feature","geometry":{"type":"Point","coordinates":[-81.95555,26.51153]},"properties":{"probability":0.187,"inBuffer":false,"facType":"unknown"}},{"type":"Feature","geometry":{"type":"Point","coordinates":[-81.95106,26.51153]},"properties":{"probability":0.239,"inBuffer":false,"facType":"unknown"}},{"type":"Feature","geometry":{"type":"Point","coordinates":[-81.94657,26.51153]},"properties":{"probability":0.291,"inBuffer":false,"facType":"unknown"}},{"type":"Feature","geometry":{"type":"Point","coordinates":[-81.94207,26.51153]},"properties":{"probability":0.932,"inBuffer":false,"facType":"unknown"}},{"type":"Feature","geometry":{"type":"Point","coordinates":[-81.93758,26.51153]},"properties":{"probability":0.366,"inBuffer":false,"facType":"unknown"}},{"type":"Feature","geometry":{"type":"Point","coordinates":[-81.93309,26.51153]},"properties":{"probability":0.225,"inBuffer":false,"facType":"unknown"}},{"type":"Feature","geometry":{"type":"Point","coordinates":[-81.92411,26.51153]},"properties":{"probability":0.328,"inBuffer":false,"facType":"unknown"}},{"type":"Feature","geometry":{"type":"Point","coordinates":[-81.91962,26.51153]},"properties":{"probability":0.383,"inBuffer":false,"facType":"unknown"}},{"type":"Feature","geometry":{"type":"Point","coordinates":[-81.91512,26.51153]},"properties":{"probability":0.942,"inBuffer":false,"facType":"unknown"}},{"type":"Feature","geometry":{"type":"Point","coordinates":[-81.91063,26.51153]},"properties":{"probability":0.939,"inBuffer":false,"facType":"unknown"}},{"type":"Feature","geometry":{"type":"Point","coordinates":[-81.90614,26.51153]},"properties":{"probability":0.912,"inBuffer":false,"facType":"unknown"}},{"type":"Feature","geometry":{"type":"Point","coordinates":[-81.90165,26.51153]},"properties":{"probability":0.397,"inBuffer":false,"facType":"unknown"}},{"type":"Feature","geometry":{"type":"Point","coordinates":[-81.89716,26.51153]},"properties":{"probability":0.912,"inBuffer":false,"facType":"unknown"}},{"type":"Feature","geometry":{"type":"Point","coordinates":[-81.89267,26.51153]},"properties":{"probability":0.847,"inBuffer":false,"facType":"unknown"}},{"type":"Feature","geometry":{"type":"Point","coordinates":[-81.88818,26.51153]},"properties":{"probability":0.154,"inBuffer":false,"facType":"unknown"}},{"type":"Feature","geometry":{"type":"Point","coordinates":[-81.8747,26.51153]},"properties":{"probability":0.13,"inBuffer":false,"facType":"unknown"}},{"type":"Feature","geometry":{"type":"Point","coordinates":[-81.87021,26.51153]},"properties":{"probability":0.191,"inBuffer":false,"facType":"unknown"}},{"type":"Feature","geometry":{"type":"Point","coordinates":[-81.86572,26.51153]},"properties":{"probability":0.261,"inBuffer":false,"facType":"unknown"}},{"type":"Feature","geometry":{"type":"Point","coordinates":[-81.86123,26.51153]},"properties":{"probability":0.264,"inBuffer":false,"facType":"unknown"}},{"type":"Feature","geometry":{"type":"Point","coordinates":[-81.85673,26.51153]},"properties":{"probability":0.251,"inBuffer":false,"facType":"unknown"}},{"type":"Feature","geometry":{"type":"Point","coordinates":[-81.85224,26.51153]},"properties":{"probability":0.184,"inBuffer":false,"facType":"unknown"}},{"type":"Feature","geometry":{"type":"Point","coordinates":[-81.84775,26.51153]},"properties":{"probability":0.13,"inBuffer":false,"facType":"unknown"}},{"type":"Feature","geometry":{"type":"Point","coordinates":[-81.84326,26.51153]},"properties":{"probability":0.129,"inBuffer":false,"facType":"unknown"}},{"type":"Feature","geometry":{"type":"Point","coordinates":[-81.78487,26.51153]},"properties":{"probability":0.053,"inBuffer":false,"facType":"unknown"}},{"type":"Feature","geometry":{"type":"Point","coordinates":[-81.76241,26.51153]},"properties":{"probability":0.197,"inBuffer":false,"facType":"unknown"}},{"type":"Feature","geometry":{"type":"Point","coordinates":[-81.75792,26.51153]},"properties":{"probability":0.195,"inBuffer":false,"facType":"unknown"}},{"type":"Feature","geometry":{"type":"Point","coordinates":[-81.72648,26.51153]},"properties":{"probability":0.227,"inBuffer":false,"facType":"unknown"}},{"type":"Feature","geometry":{"type":"Point","coordinates":[-81.72199,26.51153]},"properties":{"probability":0.235,"inBuffer":false,"facType":"unknown"}},{"type":"Feature","geometry":{"type":"Point","coordinates":[-81.99148,26.50704]},"properties":{"probability":0.209,"inBuffer":false,"facType":"unknown"}},{"type":"Feature","geometry":{"type":"Point","coordinates":[-81.98699,26.50704]},"properties":{"probability":0.264,"inBuffer":false,"facType":"unknown"}},{"type":"Feature","geometry":{"type":"Point","coordinates":[-81.9825,26.50704]},"properties":{"probability":0.22,"inBuffer":false,"facType":"unknown"}},{"type":"Feature","geometry":{"type":"Point","coordinates":[-81.97801,26.50704]},"properties":{"probability":0.153,"inBuffer":false,"facType":"unknown"}},{"type":"Feature","geometry":{"type":"Point","coordinates":[-81.97352,26.50704]},"properties":{"probability":0.169,"inBuffer":false,"facType":"unknown"}},{"type":"Feature","geometry":{"type":"Point","coordinates":[-81.96902,26.50704]},"properties":{"probability":0.185,"inBuffer":false,"facType":"unknown"}},{"type":"Feature","geometry":{"type":"Point","coordinates":[-81.96453,26.50704]},"properties":{"probability":0.847,"inBuffer":false,"facType":"unknown"}},{"type":"Feature","geometry":{"type":"Point","coordinates":[-81.96004,26.50704]},"properties":{"probability":0.841,"inBuffer":false,"facType":"unknown"}},{"type":"Feature","geometry":{"type":"Point","coordinates":[-81.95555,26.50704]},"properties":{"probability":0.198,"inBuffer":false,"facType":"unknown"}},{"type":"Feature","geometry":{"type":"Point","coordinates":[-81.95106,26.50704]},"properties":{"probability":0.191,"inBuffer":false,"facType":"unknown"}},{"type":"Feature","geometry":{"type":"Point","coordinates":[-81.94657,26.50704]},"properties":{"probability":0.079,"inBuffer":false,"facType":"unknown"}},{"type":"Feature","geometry":{"type":"Point","coordinates":[-81.94207,26.50704]},"properties":{"probability":0.091,"inBuffer":false,"facType":"unknown"}},{"type":"Feature","geometry":{"type":"Point","coordinates":[-81.93758,26.50704]},"properties":{"probability":0.229,"inBuffer":false,"facType":"unknown"}},{"type":"Feature","geometry":{"type":"Point","coordinates":[-81.93309,26.50704]},"properties":{"probability":0.096,"inBuffer":false,"facType":"unknown"}},{"type":"Feature","geometry":{"type":"Point","coordinates":[-81.92411,26.50704]},"properties":{"probability":0.327,"inBuffer":false,"facType":"unknown"}},{"type":"Feature","geometry":{"type":"Point","coordinates":[-81.91962,26.50704]},"properties":{"probability":0.929,"inBuffer":false,"facType":"unknown"}},{"type":"Feature","geometry":{"type":"Point","coordinates":[-81.91512,26.50704]},"properties":{"probability":0.947,"inBuffer":false,"facType":"unknown"}},{"type":"Feature","geometry":{"type":"Point","coordinates":[-81.91063,26.50704]},"properties":{"probability":0.94,"inBuffer":false,"facType":"unknown"}},{"type":"Feature","geometry":{"type":"Point","coordinates":[-81.90614,26.50704]},"properties":{"probability":0.897,"inBuffer":false,"facType":"unknown"}},{"type":"Feature","geometry":{"type":"Point","coordinates":[-81.90165,26.50704]},"properties":{"probability":0.323,"inBuffer":false,"facType":"unknown"}},{"type":"Feature","geometry":{"type":"Point","coordinates":[-81.89716,26.50704]},"properties":{"probability":0.882,"inBuffer":false,"facType":"unknown"}},{"type":"Feature","geometry":{"type":"Point","coordinates":[-81.89267,26.50704]},"properties":{"probability":0.838,"inBuffer":false,"facType":"unknown"}},{"type":"Feature","geometry":{"type":"Point","coordinates":[-81.88818,26.50704]},"properties":{"probability":0.152,"inBuffer":false,"facType":"unknown"}},{"type":"Feature","geometry":{"type":"Point","coordinates":[-81.8747,26.50704]},"properties":{"probability":0.13,"inBuffer":false,"facType":"unknown"}},{"type":"Feature","geometry":{"type":"Point","coordinates":[-81.87021,26.50704]},"properties":{"probability":0.153,"inBuffer":false,"facType":"unknown"}},{"type":"Feature","geometry":{"type":"Point","coordinates":[-81.86572,26.50704]},"properties":{"probability":0.248,"inBuffer":false,"facType":"unknown"}},{"type":"Feature","geometry":{"type":"Point","coordinates":[-81.86123,26.50704]},"properties":{"probability":0.282,"inBuffer":false,"facType":"unknown"}},{"type":"Feature","geometry":{"type":"Point","coordinates":[-81.85673,26.50704]},"properties":{"probability":0.28,"inBuffer":false,"facType":"unknown"}},{"type":"Feature","geometry":{"type":"Point","coordinates":[-81.85224,26.50704]},"properties":{"probability":0.255,"inBuffer":false,"facType":"unknown"}},{"type":"Feature","geometry":{"type":"Point","coordinates":[-81.84775,26.50704]},"properties":{"probability":0.147,"inBuffer":false,"facType":"unknown"}},{"type":"Feature","geometry":{"type":"Point","coordinates":[-81.84326,26.50704]},"properties":{"probability":0.128,"inBuffer":false,"facType":"unknown"}},{"type":"Feature","geometry":{"type":"Point","coordinates":[-81.8208,26.50704]},"properties":{"probability":0.109,"inBuffer":false,"facType":"unknown"}},{"type":"Feature","geometry":{"type":"Point","coordinates":[-81.81631,26.50704]},"properties":{"probability":0.109,"inBuffer":false,"facType":"unknown"}},{"type":"Feature","geometry":{"type":"Point","coordinates":[-81.81182,26.50704]},"properties":{"probability":0.071,"inBuffer":false,"facType":"unknown"}},{"type":"Feature","geometry":{"type":"Point","coordinates":[-81.79834,26.50704]},"properties":{"probability":0.059,"inBuffer":false,"facType":"unknown"}},{"type":"Feature","geometry":{"type":"Point","coordinates":[-81.79385,26.50704]},"properties":{"probability":0.069,"inBuffer":false,"facType":"unknown"}},{"type":"Feature","geometry":{"type":"Point","coordinates":[-81.78487,26.50704]},"properties":{"probability":0.054,"inBuffer":false,"facType":"unknown"}},{"type":"Feature","geometry":{"type":"Point","coordinates":[-81.76241,26.50704]},"properties":{"probability":0.288,"inBuffer":false,"facType":"unknown"}},{"type":"Feature","geometry":{"type":"Point","coordinates":[-81.75792,26.50704]},"properties":{"probability":0.223,"inBuffer":false,"facType":"unknown"}},{"type":"Feature","geometry":{"type":"Point","coordinates":[-81.72648,26.50704]},"properties":{"probability":0.103,"inBuffer":false,"facType":"unknown"}},{"type":"Feature","geometry":{"type":"Point","coordinates":[-81.99148,26.50255]},"properties":{"probability":0.234,"inBuffer":false,"facType":"unknown"}},{"type":"Feature","geometry":{"type":"Point","coordinates":[-81.98699,26.50255]},"properties":{"probability":0.222,"inBuffer":false,"facType":"unknown"}},{"type":"Feature","geometry":{"type":"Point","coordinates":[-81.9825,26.50255]},"properties":{"probability":0.147,"inBuffer":false,"facType":"unknown"}},{"type":"Feature","geometry":{"type":"Point","coordinates":[-81.97801,26.50255]},"properties":{"probability":0.144,"inBuffer":false,"facType":"unknown"}},{"type":"Feature","geometry":{"type":"Point","coordinates":[-81.97352,26.50255]},"properties":{"probability":0.213,"inBuffer":false,"facType":"unknown"}},{"type":"Feature","geometry":{"type":"Point","coordinates":[-81.96902,26.50255]},"properties":{"probability":0.891,"inBuffer":false,"facType":"unknown"}},{"type":"Feature","geometry":{"type":"Point","coordinates":[-81.96453,26.50255]},"properties":{"probability":0.875,"inBuffer":false,"facType":"unknown"}},{"type":"Feature","geometry":{"type":"Point","coordinates":[-81.96004,26.50255]},"properties":{"probability":0.855,"inBuffer":false,"facType":"unknown"}},{"type":"Feature","geometry":{"type":"Point","coordinates":[-81.95555,26.50255]},"properties":{"probability":0.185,"inBuffer":false,"facType":"unknown"}},{"type":"Feature","geometry":{"type":"Point","coordinates":[-81.95106,26.50255]},"properties":{"probability":0.204,"inBuffer":false,"facType":"unknown"}},{"type":"Feature","geometry":{"type":"Point","coordinates":[-81.94657,26.50255]},"properties":{"probability":0.067,"inBuffer":false,"facType":"unknown"}},{"type":"Feature","geometry":{"type":"Point","coordinates":[-81.94207,26.50255]},"properties":{"probability":0.065,"inBuffer":false,"facType":"unknown"}},{"type":"Feature","geometry":{"type":"Point","coordinates":[-81.93758,26.50255]},"properties":{"probability":0.056,"inBuffer":false,"facType":"unknown"}},{"type":"Feature","geometry":{"type":"Point","coordinates":[-81.92411,26.50255]},"properties":{"probability":0.318,"inBuffer":false,"facType":"unknown"}},{"type":"Feature","geometry":{"type":"Point","coordinates":[-81.91962,26.50255]},"properties":{"probability":0.416,"inBuffer":false,"facType":"unknown"}},{"type":"Feature","geometry":{"type":"Point","coordinates":[-81.91512,26.50255]},"properties":{"probability":0.93,"inBuffer":false,"facType":"unknown"}},{"type":"Feature","geometry":{"type":"Point","coordinates":[-81.91063,26.50255]},"properties":{"probability":0.897,"inBuffer":false,"facType":"unknown"}},{"type":"Feature","geometry":{"type":"Point","coordinates":[-81.90614,26.50255]},"properties":{"probability":0.323,"inBuffer":false,"facType":"unknown"}},{"type":"Feature","geometry":{"type":"Point","coordinates":[-81.89716,26.50255]},"properties":{"probability":0.159,"inBuffer":false,"facType":"unknown"}},{"type":"Feature","geometry":{"type":"Point","coordinates":[-81.89267,26.50255]},"properties":{"probability":0.149,"inBuffer":false,"facType":"unknown"}},{"type":"Feature","geometry":{"type":"Point","coordinates":[-81.88818,26.50255]},"properties":{"probability":0.129,"inBuffer":false,"facType":"unknown"}},{"type":"Feature","geometry":{"type":"Point","coordinates":[-81.8747,26.50255]},"properties":{"probability":0.132,"inBuffer":false,"facType":"unknown"}},{"type":"Feature","geometry":{"type":"Point","coordinates":[-81.87021,26.50255]},"properties":{"probability":0.136,"inBuffer":false,"facType":"unknown"}},{"type":"Feature","geometry":{"type":"Point","coordinates":[-81.86572,26.50255]},"properties":{"probability":0.207,"inBuffer":false,"facType":"unknown"}},{"type":"Feature","geometry":{"type":"Point","coordinates":[-81.86123,26.50255]},"properties":{"probability":0.937,"inBuffer":false,"facType":"unknown"}},{"type":"Feature","geometry":{"type":"Point","coordinates":[-81.85673,26.50255]},"properties":{"probability":0.936,"inBuffer":false,"facType":"unknown"}},{"type":"Feature","geometry":{"type":"Point","coordinates":[-81.85224,26.50255]},"properties":{"probability":0.258,"inBuffer":false,"facType":"unknown"}},{"type":"Feature","geometry":{"type":"Point","coordinates":[-81.84775,26.50255]},"properties":{"probability":0.202,"inBuffer":false,"facType":"unknown"}},{"type":"Feature","geometry":{"type":"Point","coordinates":[-81.84326,26.50255]},"properties":{"probability":0.153,"inBuffer":false,"facType":"unknown"}},{"type":"Feature","geometry":{"type":"Point","coordinates":[-81.82529,26.50255]},"properties":{"probability":0.051,"inBuffer":false,"facType":"unknown"}},{"type":"Feature","geometry":{"type":"Point","coordinates":[-81.8208,26.50255]},"properties":{"probability":0.136,"inBuffer":false,"facType":"unknown"}},{"type":"Feature","geometry":{"type":"Point","coordinates":[-81.81631,26.50255]},"properties":{"probability":0.128,"inBuffer":false,"facType":"unknown"}},{"type":"Feature","geometry":{"type":"Point","coordinates":[-81.81182,26.50255]},"properties":{"probability":0.07,"inBuffer":false,"facType":"unknown"}},{"type":"Feature","geometry":{"type":"Point","coordinates":[-81.80284,26.50255]},"properties":{"probability":0.058,"inBuffer":false,"facType":"unknown"}},{"type":"Feature","geometry":{"type":"Point","coordinates":[-81.79834,26.50255]},"properties":{"probability":0.072,"inBuffer":false,"facType":"unknown"}},{"type":"Feature","geometry":{"type":"Point","coordinates":[-81.79385,26.50255]},"properties":{"probability":0.069,"inBuffer":false,"facType":"unknown"}},{"type":"Feature","geometry":{"type":"Point","coordinates":[-81.78487,26.50255]},"properties":{"probability":0.056,"inBuffer":false,"facType":"unknown"}},{"type":"Feature","geometry":{"type":"Point","coordinates":[-81.78038,26.50255]},"properties":{"probability":0.054,"inBuffer":false,"facType":"unknown"}},{"type":"Feature","geometry":{"type":"Point","coordinates":[-81.76241,26.50255]},"properties":{"probability":0.058,"inBuffer":false,"facType":"unknown"}},{"type":"Feature","geometry":{"type":"Point","coordinates":[-81.99148,26.49806]},"properties":{"probability":0.218,"inBuffer":false,"facType":"unknown"}},{"type":"Feature","geometry":{"type":"Point","coordinates":[-81.98699,26.49806]},"properties":{"probability":0.198,"inBuffer":false,"facType":"unknown"}},{"type":"Feature","geometry":{"type":"Point","coordinates":[-81.9825,26.49806]},"properties":{"probability":0.183,"inBuffer":false,"facType":"unknown"}},{"type":"Feature","geometry":{"type":"Point","coordinates":[-81.97801,26.49806]},"properties":{"probability":0.193,"inBuffer":false,"facType":"unknown"}},{"type":"Feature","geometry":{"type":"Point","coordinates":[-81.97352,26.49806]},"properties":{"probability":0.213,"inBuffer":false,"facType":"unknown"}},{"type":"Feature","geometry":{"type":"Point","coordinates":[-81.96902,26.49806]},"properties":{"probability":0.239,"inBuffer":false,"facType":"unknown"}},{"type":"Feature","geometry":{"type":"Point","coordinates":[-81.96453,26.49806]},"properties":{"probability":0.89,"inBuffer":false,"facType":"unknown"}},{"type":"Feature","geometry":{"type":"Point","coordinates":[-81.96004,26.49806]},"properties":{"probability":0.858,"inBuffer":false,"facType":"unknown"}},{"type":"Feature","geometry":{"type":"Point","coordinates":[-81.95555,26.49806]},"properties":{"probability":0.215,"inBuffer":false,"facType":"unknown"}},{"type":"Feature","geometry":{"type":"Point","coordinates":[-81.95106,26.49806]},"properties":{"probability":0.196,"inBuffer":false,"facType":"unknown"}},{"type":"Feature","geometry":{"type":"Point","coordinates":[-81.94657,26.49806]},"properties":{"probability":0.074,"inBuffer":false,"facType":"unknown"}},{"type":"Feature","geometry":{"type":"Point","coordinates":[-81.94207,26.49806]},"properties":{"probability":0.067,"inBuffer":false,"facType":"unknown"}},{"type":"Feature","geometry":{"type":"Point","coordinates":[-81.93758,26.49806]},"properties":{"probability":0.054,"inBuffer":false,"facType":"unknown"}},{"type":"Feature","geometry":{"type":"Point","coordinates":[-81.91962,26.49806]},"properties":{"probability":0.325,"inBuffer":false,"facType":"unknown"}},{"type":"Feature","geometry":{"type":"Point","coordinates":[-81.91512,26.49806]},"properties":{"probability":0.328,"inBuffer":false,"facType":"unknown"}},{"type":"Feature","geometry":{"type":"Point","coordinates":[-81.91063,26.49806]},"properties":{"probability":0.324,"inBuffer":false,"facType":"unknown"}},{"type":"Feature","geometry":{"type":"Point","coordinates":[-81.90614,26.49806]},"properties":{"probability":0.315,"inBuffer":false,"facType":"unknown"}},{"type":"Feature","geometry":{"type":"Point","coordinates":[-81.89716,26.49806]},"properties":{"probability":0.138,"inBuffer":false,"facType":"unknown"}},{"type":"Feature","geometry":{"type":"Point","coordinates":[-81.89267,26.49806]},"properties":{"probability":0.133,"inBuffer":false,"facType":"unknown"}},{"type":"Feature","geometry":{"type":"Point","coordinates":[-81.88818,26.49806]},"properties":{"probability":0.132,"inBuffer":false,"facType":"unknown"}},{"type":"Feature","geometry":{"type":"Point","coordinates":[-81.8747,26.49806]},"properties":{"probability":0.132,"inBuffer":false,"facType":"unknown"}},{"type":"Feature","geometry":{"type":"Point","coordinates":[-81.87021,26.49806]},"properties":{"probability":0.152,"inBuffer":false,"facType":"unknown"}},{"type":"Feature","geometry":{"type":"Point","coordinates":[-81.86572,26.49806]},"properties":{"probability":0.16,"inBuffer":false,"facType":"unknown"}},{"type":"Feature","geometry":{"type":"Point","coordinates":[-81.86123,26.49806]},"properties":{"probability":0.904,"inBuffer":false,"facType":"unknown"}},{"type":"Feature","geometry":{"type":"Point","coordinates":[-81.85673,26.49806]},"properties":{"probability":0.907,"inBuffer":false,"facType":"unknown"}},{"type":"Feature","geometry":{"type":"Point","coordinates":[-81.85224,26.49806]},"properties":{"probability":0.914,"inBuffer":false,"facType":"unknown"}},{"type":"Feature","geometry":{"type":"Point","coordinates":[-81.84775,26.49806]},"properties":{"probability":0.259,"inBuffer":false,"facType":"unknown"}},{"type":"Feature","geometry":{"type":"Point","coordinates":[-81.84326,26.49806]},"properties":{"probability":0.061,"inBuffer":false,"facType":"unknown"}},{"type":"Feature","geometry":{"type":"Point","coordinates":[-81.83428,26.49806]},"properties":{"probability":0.331,"inBuffer":false,"facType":"unknown"}},{"type":"Feature","geometry":{"type":"Point","coordinates":[-81.82979,26.49806]},"properties":{"probability":0.458,"inBuffer":false,"facType":"unknown"}},{"type":"Feature","geometry":{"type":"Point","coordinates":[-81.82529,26.49806]},"properties":{"probability":0.495,"inBuffer":false,"facType":"unknown"}},{"type":"Feature","geometry":{"type":"Point","coordinates":[-81.8208,26.49806]},"properties":{"probability":0.17,"inBuffer":false,"facType":"unknown"}},{"type":"Feature","geometry":{"type":"Point","coordinates":[-81.81631,26.49806]},"properties":{"probability":0.139,"inBuffer":false,"facType":"unknown"}},{"type":"Feature","geometry":{"type":"Point","coordinates":[-81.81182,26.49806]},"properties":{"probability":0.071,"inBuffer":false,"facType":"unknown"}},{"type":"Feature","geometry":{"type":"Point","coordinates":[-81.80284,26.49806]},"properties":{"probability":0.06,"inBuffer":false,"facType":"unknown"}},{"type":"Feature","geometry":{"type":"Point","coordinates":[-81.79834,26.49806]},"properties":{"probability":0.072,"inBuffer":false,"facType":"unknown"}},{"type":"Feature","geometry":{"type":"Point","coordinates":[-81.79385,26.49806]},"properties":{"probability":0.07,"inBuffer":false,"facType":"unknown"}},{"type":"Feature","geometry":{"type":"Point","coordinates":[-81.78936,26.49806]},"properties":{"probability":0.066,"inBuffer":false,"facType":"unknown"}},{"type":"Feature","geometry":{"type":"Point","coordinates":[-81.78487,26.49806]},"properties":{"probability":0.066,"inBuffer":false,"facType":"unknown"}},{"type":"Feature","geometry":{"type":"Point","coordinates":[-81.74894,26.49806]},"properties":{"probability":0.051,"inBuffer":false,"facType":"unknown"}}]}